ISO-10303-21;
HEADER;
/* Generated by software containing ST-Developer
 * from STEP Tools, Inc. (www.steptools.com) 
 */

FILE_DESCRIPTION(
/* description */ ('STEP AP214'),
/* implementation_level */ '2;1');

FILE_NAME(
/* name */ '0100.2130_02.step',
/* time_stamp */ '2026-06-03T13:22:05+02:00',
/* author */ (''),
/* organization */ (''),
/* preprocessor_version */ 'ST-DEVELOPER v20.1',
/* originating_system */ 'Autodesk Translation Framework v15.8.0.0',
/* authorisation */ '');

FILE_SCHEMA (('AUTOMOTIVE_DESIGN { 1 0 10303 214 3 1 1 }'));
ENDSEC;

DATA;
#10=MECHANICAL_DESIGN_GEOMETRIC_PRESENTATION_REPRESENTATION('',(#13,#14,
#15,#16,#17,#18,#19,#20,#21,#22,#23,#24,#25,#26,#27,#28,#29,#30,#31,#32,
#33,#34,#35,#36,#37,#38,#39,#40),#13332);
#11=SHAPE_REPRESENTATION_RELATIONSHIP('SRR','None',#13339,#12);
#12=ADVANCED_BREP_SHAPE_REPRESENTATION('',(#5572),#13331);
#13=STYLED_ITEM('',(#13348),#5543);
#14=STYLED_ITEM('',(#13348),#5544);
#15=STYLED_ITEM('',(#13348),#5545);
#16=STYLED_ITEM('',(#13348),#5546);
#17=STYLED_ITEM('',(#13348),#5547);
#18=STYLED_ITEM('',(#13348),#5548);
#19=STYLED_ITEM('',(#13348),#5549);
#20=STYLED_ITEM('',(#13348),#5550);
#21=STYLED_ITEM('',(#13348),#5551);
#22=STYLED_ITEM('',(#13348),#5552);
#23=STYLED_ITEM('',(#13348),#5553);
#24=STYLED_ITEM('',(#13348),#5554);
#25=STYLED_ITEM('',(#13348),#5555);
#26=STYLED_ITEM('',(#13348),#5556);
#27=STYLED_ITEM('',(#13348),#5557);
#28=STYLED_ITEM('',(#13348),#5558);
#29=STYLED_ITEM('',(#13348),#5559);
#30=STYLED_ITEM('',(#13348),#5560);
#31=STYLED_ITEM('',(#13348),#5561);
#32=STYLED_ITEM('',(#13348),#5562);
#33=STYLED_ITEM('',(#13348),#5563);
#34=STYLED_ITEM('',(#13348),#5564);
#35=STYLED_ITEM('',(#13348),#5565);
#36=STYLED_ITEM('',(#13348),#5566);
#37=STYLED_ITEM('',(#13348),#5567);
#38=STYLED_ITEM('',(#13348),#5568);
#39=STYLED_ITEM('',(#13348),#5569);
#40=STYLED_ITEM('',(#13349),#5572);
#41=(
BOUNDED_SURFACE()
B_SPLINE_SURFACE(2,2,((#10620,#10621,#10622),(#10623,#10624,#10625),(#10626,
#10627,#10628)),.UNSPECIFIED.,.F.,.F.,.F.)
B_SPLINE_SURFACE_WITH_KNOTS((3,3),(3,3),(0.0174532925199391,1.5707963267949),
(1.57079632679453,2.61799387799134),.UNSPECIFIED.)
GEOMETRIC_REPRESENTATION_ITEM()
RATIONAL_B_SPLINE_SURFACE(((1.,0.866025403784385,1.),(0.713250449154178,
0.617693008228141,0.713250449154178),(1.,0.866025403784385,1.)))
REPRESENTATION_ITEM('')
SURFACE()
);
#42=(
BOUNDED_SURFACE()
B_SPLINE_SURFACE(2,2,((#10650,#10651,#10652),(#10653,#10654,#10655),(#10656,
#10657,#10658)),.UNSPECIFIED.,.F.,.F.,.F.)
B_SPLINE_SURFACE_WITH_KNOTS((3,3),(3,3),(0.0174532925199436,1.5707963267949),
(0.523598775598288,1.57079632679491),.UNSPECIFIED.)
GEOMETRIC_REPRESENTATION_ITEM()
RATIONAL_B_SPLINE_SURFACE(((1.,0.866025403784433,1.),(0.713250449154182,
0.617693008228179,0.713250449154182),(1.,0.866025403784433,1.)))
REPRESENTATION_ITEM('')
SURFACE()
);
#43=(
BOUNDED_SURFACE()
B_SPLINE_SURFACE(2,2,((#10660,#10661,#10662),(#10663,#10664,#10665),(#10666,
#10667,#10668)),.UNSPECIFIED.,.F.,.F.,.F.)
B_SPLINE_SURFACE_WITH_KNOTS((3,3),(3,3),(0.0174532925199436,1.5707963267949),
(-2.6179938779915,-1.57079632679489),.UNSPECIFIED.)
GEOMETRIC_REPRESENTATION_ITEM()
RATIONAL_B_SPLINE_SURFACE(((1.,0.866025403784434,1.),(0.713250449154169,
0.617693008228168,0.713250449154169),(1.,0.866025403784434,1.)))
REPRESENTATION_ITEM('')
SURFACE()
);
#44=(
BOUNDED_SURFACE()
B_SPLINE_SURFACE(2,2,((#10678,#10679,#10680),(#10681,#10682,#10683),(#10684,
#10685,#10686)),.UNSPECIFIED.,.F.,.F.,.F.)
B_SPLINE_SURFACE_WITH_KNOTS((3,3),(3,3),(0.0174532925199436,1.5707963267949),
(-1.5707963267949,-0.523598775598291),.UNSPECIFIED.)
GEOMETRIC_REPRESENTATION_ITEM()
RATIONAL_B_SPLINE_SURFACE(((1.,0.866025403784435,1.),(0.713250449154181,
0.61769300822818,0.713250449154181),(1.,0.866025403784435,1.)))
REPRESENTATION_ITEM('')
SURFACE()
);
#45=CONICAL_SURFACE('',#5839,0.999999999999883,0.0174532925199433);
#46=CONICAL_SURFACE('',#5841,3.99999999999978,0.0174532925199433);
#47=CONICAL_SURFACE('',#5849,1.,0.0174532925199433);
#48=CONICAL_SURFACE('',#5852,1.,0.0174532925199433);
#49=CONICAL_SURFACE('',#5855,3.9999999999998,0.0174532925199433);
#50=CONICAL_SURFACE('',#5858,1.,0.0174532925199433);
#51=CONICAL_SURFACE('',#5968,4.5,0.0174532925199433);
#52=CONICAL_SURFACE('',#5972,4.5,0.0174532925199433);
#53=CONICAL_SURFACE('',#5976,4.5,0.0174532925199433);
#54=CONICAL_SURFACE('',#5979,4.5,0.0174532925199433);
#55=CONICAL_SURFACE('',#5984,3.15,0.785398163397449);
#56=CONICAL_SURFACE('',#5985,3.15,0.785398163397449);
#57=SPHERICAL_SURFACE('',#5737,0.2);
#58=SPHERICAL_SURFACE('',#5875,0.2);
#59=B_SPLINE_CURVE_WITH_KNOTS('',3,(#8808,#8809,#8810,#8811,#8812,#8813,
#8814,#8815,#8816,#8817,#8818,#8819,#8820,#8821,#8822,#8823,#8824,#8825,
#8826,#8827,#8828,#8829),.UNSPECIFIED.,.F.,.F.,(4,3,3,3,3,3,3,4),(0.717441478707715,
0.78700626694601,0.925352414802042,1.06621704771298,1.17759494130628,1.31852599480687,
1.45688518635772,1.57079632679488),.UNSPECIFIED.);
#60=B_SPLINE_CURVE_WITH_KNOTS('',3,(#8831,#8832,#8833,#8834,#8835,#8836,
#8837,#8838,#8839,#8840,#8841,#8842,#8843,#8844,#8845,#8846,#8847,#8848,
#8849),.UNSPECIFIED.,.F.,.F.,(4,3,3,3,3,3,4),(0.,0.1383576113523,0.2791696994532,
0.360850925667984,0.501690728372067,0.640532904774825,0.717432198102231),
 .UNSPECIFIED.);
#61=B_SPLINE_CURVE_WITH_KNOTS('',3,(#8906,#8907,#8908,#8909,#8910,#8911,
#8912,#8913,#8914,#8915,#8916,#8917,#8918,#8919,#8920,#8921,#8922,#8923,
#8924),.UNSPECIFIED.,.F.,.F.,(4,3,3,3,3,3,4),(2.42416045548747,2.56255267392319,
2.7033695818781,2.78074172792094,2.92157579112896,3.06041090799184,3.14159265358977),
 .UNSPECIFIED.);
#62=B_SPLINE_CURVE_WITH_KNOTS('',3,(#8926,#8927,#8928,#8929,#8930,#8931,
#8932,#8933,#8934,#8935,#8936,#8937,#8938,#8939,#8940,#8941,#8942,#8943,
#8944,#8945,#8946,#8947),.UNSPECIFIED.,.F.,.F.,(4,3,3,3,3,3,3,4),(1.57079632679488,
1.70843443886314,1.84922010325681,1.9639977122835,2.10483055141357,2.2438385876553,
2.3545863866438,2.42415117488204),.UNSPECIFIED.);
#63=B_SPLINE_CURVE_WITH_KNOTS('',3,(#8984,#8985,#8986,#8987,#8988,#8989,
#8990,#8991,#8992,#8993,#8994,#8995,#8996,#8997),.UNSPECIFIED.,.F.,.F.,
(4,2,2,2,2,2,4),(-0.0349242502549372,-0.0329104169172005,-0.0301267743877438,
-0.0235573536591134,-0.0138748241948837,-0.00686793121328289,0.),
 .UNSPECIFIED.);
#64=B_SPLINE_CURVE_WITH_KNOTS('',3,(#9000,#9001,#9002,#9003,#9004,#9005,
#9006,#9007,#9008,#9009,#9010,#9011,#9012,#9013),.UNSPECIFIED.,.F.,.F.,
(4,2,2,2,2,2,4),(-0.0100419649465886,-0.00807157497838166,-0.00606131776424164,
-0.00327652526746964,-0.00138218901229256,-0.000580105287663566,-5.42591187060321E-7),
 .UNSPECIFIED.);
#65=B_SPLINE_CURVE_WITH_KNOTS('',3,(#9272,#9273,#9274,#9275,#9276,#9277,
#9278,#9279,#9280,#9281),.UNSPECIFIED.,.F.,.F.,(4,2,2,2,4),(0.,0.00588942517713016,
0.0131384584104029,0.0182907902407121,0.0240726847153565),.UNSPECIFIED.);
#66=B_SPLINE_CURVE_WITH_KNOTS('',3,(#9283,#9284,#9285,#9286,#9287,#9288,
#9289,#9290,#9291,#9292,#9293,#9294,#9295),.UNSPECIFIED.,.F.,.F.,(4,3,3,
3,4),(4.71238898038471,5.10508806208343,5.49778714378215,5.89048622548088,
6.2831853071796),.UNSPECIFIED.);
#67=B_SPLINE_CURVE_WITH_KNOTS('',3,(#9632,#9633,#9634,#9635,#9636,#9637,
#9638,#9639),.UNSPECIFIED.,.F.,.F.,(4,2,2,4),(4.21757425117681E-9,0.0137932145706075,
0.0221867623298585,0.0290028342490829),.UNSPECIFIED.);
#68=B_SPLINE_CURVE_WITH_KNOTS('',3,(#9642,#9643,#9644,#9645,#9646,#9647,
#9648,#9649,#9650,#9651,#9652,#9653,#9654),.UNSPECIFIED.,.F.,.F.,(4,3,3,
3,4),(3.14159265358981,3.53429173528852,3.92699081698725,4.31968989868598,
4.71238898038471),.UNSPECIFIED.);
#69=B_SPLINE_CURVE_WITH_KNOTS('',3,(#12562,#12563,#12564,#12565,#12566,
#12567),.UNSPECIFIED.,.F.,.F.,(4,2,4),(-0.0571455153369588,-0.0285727585848498,
0.),.UNSPECIFIED.);
#70=B_SPLINE_CURVE_WITH_KNOTS('',3,(#12618,#12619,#12620,#12621,#12622,
#12623),.UNSPECIFIED.,.F.,.F.,(4,2,4),(-0.0571455074287953,-0.0285727527980344,
0.),.UNSPECIFIED.);
#71=B_SPLINE_CURVE_WITH_KNOTS('',3,(#12723,#12724,#12725,#12726,#12727,
#12728),.UNSPECIFIED.,.F.,.F.,(4,2,4),(-0.151436246787964,-0.075718201987199,
0.),.UNSPECIFIED.);
#72=B_SPLINE_CURVE_WITH_KNOTS('',3,(#12821,#12822,#12823,#12824,#12825,
#12826),.UNSPECIFIED.,.F.,.F.,(4,2,4),(-0.151436322830337,-0.0757180828219126,
0.),.UNSPECIFIED.);
#73=B_SPLINE_CURVE_WITH_KNOTS('',3,(#12986,#12987,#12988,#12989,#12990,
#12991),.UNSPECIFIED.,.F.,.F.,(4,2,4),(-0.151436322830343,-0.0757180828219113,
0.),.UNSPECIFIED.);
#74=B_SPLINE_CURVE_WITH_KNOTS('',3,(#13083,#13084,#13085,#13086,#13087,
#13088),.UNSPECIFIED.,.F.,.F.,(4,2,4),(-0.151436246787974,-0.0757182019872011,
0.),.UNSPECIFIED.);
#75=B_SPLINE_CURVE_WITH_KNOTS('',3,(#13142,#13143,#13144,#13145,#13146,
#13147),.UNSPECIFIED.,.F.,.F.,(4,2,4),(-0.0571455153369734,-0.0285727585848518,
0.),.UNSPECIFIED.);
#76=B_SPLINE_CURVE_WITH_KNOTS('',3,(#13197,#13198,#13199,#13200,#13201,
#13202),.UNSPECIFIED.,.F.,.F.,(4,2,4),(-0.0571455074288494,-0.0285727527980431,
0.),.UNSPECIFIED.);
#77=TOROIDAL_SURFACE('',#5688,2.8,0.2);
#78=TOROIDAL_SURFACE('',#5701,1.2,0.2);
#79=TOROIDAL_SURFACE('',#5807,3.2,0.2);
#80=TOROIDAL_SURFACE('',#5820,0.799999999999999,0.2);
#81=TOROIDAL_SURFACE('',#5831,1.2,0.2);
#82=TOROIDAL_SURFACE('',#5901,2.8,0.2);
#83=TOROIDAL_SURFACE('',#5904,0.799999999999999,0.2);
#84=TOROIDAL_SURFACE('',#5916,3.46501370612139,0.5);
#85=TOROIDAL_SURFACE('',#5931,3.4650137061214,0.5);
#86=TOROIDAL_SURFACE('',#5939,3.2,0.2);
#87=TOROIDAL_SURFACE('',#5991,3.96501370612161,0.5);
#88=TOROIDAL_SURFACE('',#5995,3.96501370612161,0.5);
#89=TOROIDAL_SURFACE('',#6003,3.96501370612161,0.5);
#90=TOROIDAL_SURFACE('',#6008,3.96501370612161,0.5);
#91=ELLIPSE('',#5673,0.282842712474618,0.199999999999999);
#92=ELLIPSE('',#5694,0.200004873101394,0.199999999999999);
#93=ELLIPSE('',#5705,0.200004873101394,0.199999999999999);
#94=ELLIPSE('',#5750,0.282842712474617,0.199999999999999);
#95=ELLIPSE('',#5812,0.284838002000371,0.199999999999963);
#96=ELLIPSE('',#5816,0.28483800200034,0.199999999999933);
#97=ELLIPSE('',#6087,1.23828546432295,1.07059163943679);
#98=ELLIPSE('',#6088,1.23831006309108,1.07063524547814);
#99=ELLIPSE('',#6104,1.2383100630842,1.07063524546611);
#100=ELLIPSE('',#6107,1.23828546431277,1.07059163941895);
#101=B_SPLINE_SURFACE_WITH_KNOTS('',3,3,((#8002,#8003,#8004,#8005,#8006,
#8007,#8008,#8009,#8010,#8011,#8012,#8013,#8014),(#8015,#8016,#8017,#8018,
#8019,#8020,#8021,#8022,#8023,#8024,#8025,#8026,#8027),(#8028,#8029,#8030,
#8031,#8032,#8033,#8034,#8035,#8036,#8037,#8038,#8039,#8040),(#8041,#8042,
#8043,#8044,#8045,#8046,#8047,#8048,#8049,#8050,#8051,#8052,#8053),(#8054,
#8055,#8056,#8057,#8058,#8059,#8060,#8061,#8062,#8063,#8064,#8065,#8066),
(#8067,#8068,#8069,#8070,#8071,#8072,#8073,#8074,#8075,#8076,#8077,#8078,
#8079),(#8080,#8081,#8082,#8083,#8084,#8085,#8086,#8087,#8088,#8089,#8090,
#8091,#8092),(#8093,#8094,#8095,#8096,#8097,#8098,#8099,#8100,#8101,#8102,
#8103,#8104,#8105),(#8106,#8107,#8108,#8109,#8110,#8111,#8112,#8113,#8114,
#8115,#8116,#8117,#8118),(#8119,#8120,#8121,#8122,#8123,#8124,#8125,#8126,
#8127,#8128,#8129,#8130,#8131),(#8132,#8133,#8134,#8135,#8136,#8137,#8138,
#8139,#8140,#8141,#8142,#8143,#8144),(#8145,#8146,#8147,#8148,#8149,#8150,
#8151,#8152,#8153,#8154,#8155,#8156,#8157),(#8158,#8159,#8160,#8161,#8162,
#8163,#8164,#8165,#8166,#8167,#8168,#8169,#8170),(#8171,#8172,#8173,#8174,
#8175,#8176,#8177,#8178,#8179,#8180,#8181,#8182,#8183),(#8184,#8185,#8186,
#8187,#8188,#8189,#8190,#8191,#8192,#8193,#8194,#8195,#8196),(#8197,#8198,
#8199,#8200,#8201,#8202,#8203,#8204,#8205,#8206,#8207,#8208,#8209),(#8210,
#8211,#8212,#8213,#8214,#8215,#8216,#8217,#8218,#8219,#8220,#8221,#8222),
(#8223,#8224,#8225,#8226,#8227,#8228,#8229,#8230,#8231,#8232,#8233,#8234,
#8235),(#8236,#8237,#8238,#8239,#8240,#8241,#8242,#8243,#8244,#8245,#8246,
#8247,#8248),(#8249,#8250,#8251,#8252,#8253,#8254,#8255,#8256,#8257,#8258,
#8259,#8260,#8261),(#8262,#8263,#8264,#8265,#8266,#8267,#8268,#8269,#8270,
#8271,#8272,#8273,#8274),(#8275,#8276,#8277,#8278,#8279,#8280,#8281,#8282,
#8283,#8284,#8285,#8286,#8287),(#8288,#8289,#8290,#8291,#8292,#8293,#8294,
#8295,#8296,#8297,#8298,#8299,#8300),(#8301,#8302,#8303,#8304,#8305,#8306,
#8307,#8308,#8309,#8310,#8311,#8312,#8313),(#8314,#8315,#8316,#8317,#8318,
#8319,#8320,#8321,#8322,#8323,#8324,#8325,#8326)),.UNSPECIFIED.,.F.,.F.,
 .F.,(4,3,3,3,3,3,3,3,4),(4,3,3,3,4),(2.35559931949604,2.55256230450408,
2.74890575419932,2.94524920389456,3.14159265358979,3.33793610328503,3.53427955298027,
3.73062300267551,3.92758598768355),(-0.00061953531280505,0.25,0.5,0.75,
1.),.UNSPECIFIED.);
#102=B_SPLINE_SURFACE_WITH_KNOTS('',3,3,((#8338,#8339,#8340,#8341,#8342,
#8343,#8344,#8345,#8346,#8347,#8348,#8349,#8350),(#8351,#8352,#8353,#8354,
#8355,#8356,#8357,#8358,#8359,#8360,#8361,#8362,#8363),(#8364,#8365,#8366,
#8367,#8368,#8369,#8370,#8371,#8372,#8373,#8374,#8375,#8376),(#8377,#8378,
#8379,#8380,#8381,#8382,#8383,#8384,#8385,#8386,#8387,#8388,#8389),(#8390,
#8391,#8392,#8393,#8394,#8395,#8396,#8397,#8398,#8399,#8400,#8401,#8402),
(#8403,#8404,#8405,#8406,#8407,#8408,#8409,#8410,#8411,#8412,#8413,#8414,
#8415),(#8416,#8417,#8418,#8419,#8420,#8421,#8422,#8423,#8424,#8425,#8426,
#8427,#8428),(#8429,#8430,#8431,#8432,#8433,#8434,#8435,#8436,#8437,#8438,
#8439,#8440,#8441),(#8442,#8443,#8444,#8445,#8446,#8447,#8448,#8449,#8450,
#8451,#8452,#8453,#8454),(#8455,#8456,#8457,#8458,#8459,#8460,#8461,#8462,
#8463,#8464,#8465,#8466,#8467),(#8468,#8469,#8470,#8471,#8472,#8473,#8474,
#8475,#8476,#8477,#8478,#8479,#8480),(#8481,#8482,#8483,#8484,#8485,#8486,
#8487,#8488,#8489,#8490,#8491,#8492,#8493),(#8494,#8495,#8496,#8497,#8498,
#8499,#8500,#8501,#8502,#8503,#8504,#8505,#8506),(#8507,#8508,#8509,#8510,
#8511,#8512,#8513,#8514,#8515,#8516,#8517,#8518,#8519),(#8520,#8521,#8522,
#8523,#8524,#8525,#8526,#8527,#8528,#8529,#8530,#8531,#8532),(#8533,#8534,
#8535,#8536,#8537,#8538,#8539,#8540,#8541,#8542,#8543,#8544,#8545),(#8546,
#8547,#8548,#8549,#8550,#8551,#8552,#8553,#8554,#8555,#8556,#8557,#8558),
(#8559,#8560,#8561,#8562,#8563,#8564,#8565,#8566,#8567,#8568,#8569,#8570,
#8571),(#8572,#8573,#8574,#8575,#8576,#8577,#8578,#8579,#8580,#8581,#8582,
#8583,#8584),(#8585,#8586,#8587,#8588,#8589,#8590,#8591,#8592,#8593,#8594,
#8595,#8596,#8597),(#8598,#8599,#8600,#8601,#8602,#8603,#8604,#8605,#8606,
#8607,#8608,#8609,#8610),(#8611,#8612,#8613,#8614,#8615,#8616,#8617,#8618,
#8619,#8620,#8621,#8622,#8623),(#8624,#8625,#8626,#8627,#8628,#8629,#8630,
#8631,#8632,#8633,#8634,#8635,#8636),(#8637,#8638,#8639,#8640,#8641,#8642,
#8643,#8644,#8645,#8646,#8647,#8648,#8649),(#8650,#8651,#8652,#8653,#8654,
#8655,#8656,#8657,#8658,#8659,#8660,#8661,#8662)),.UNSPECIFIED.,.F.,.F.,
 .F.,(4,3,3,3,3,3,3,3,4),(4,3,3,3,4),(2.35559931949602,2.55256230450408,
2.74890575419932,2.94524920389456,3.14159265358979,3.33793610328503,3.53427955298027,
3.73062300267551,3.92758598768357),(-0.000619535312819114,0.25,0.5,0.75,
1.),.UNSPECIFIED.);
#103=B_SPLINE_SURFACE_WITH_KNOTS('',3,3,((#9100,#9101,#9102,#9103,#9104,
#9105,#9106,#9107,#9108,#9109,#9110,#9111,#9112),(#9113,#9114,#9115,#9116,
#9117,#9118,#9119,#9120,#9121,#9122,#9123,#9124,#9125),(#9126,#9127,#9128,
#9129,#9130,#9131,#9132,#9133,#9134,#9135,#9136,#9137,#9138),(#9139,#9140,
#9141,#9142,#9143,#9144,#9145,#9146,#9147,#9148,#9149,#9150,#9151),(#9152,
#9153,#9154,#9155,#9156,#9157,#9158,#9159,#9160,#9161,#9162,#9163,#9164),
(#9165,#9166,#9167,#9168,#9169,#9170,#9171,#9172,#9173,#9174,#9175,#9176,
#9177),(#9178,#9179,#9180,#9181,#9182,#9183,#9184,#9185,#9186,#9187,#9188,
#9189,#9190),(#9191,#9192,#9193,#9194,#9195,#9196,#9197,#9198,#9199,#9200,
#9201,#9202,#9203),(#9204,#9205,#9206,#9207,#9208,#9209,#9210,#9211,#9212,
#9213,#9214,#9215,#9216),(#9217,#9218,#9219,#9220,#9221,#9222,#9223,#9224,
#9225,#9226,#9227,#9228,#9229),(#9230,#9231,#9232,#9233,#9234,#9235,#9236,
#9237,#9238,#9239,#9240,#9241,#9242),(#9243,#9244,#9245,#9246,#9247,#9248,
#9249,#9250,#9251,#9252,#9253,#9254,#9255),(#9256,#9257,#9258,#9259,#9260,
#9261,#9262,#9263,#9264,#9265,#9266,#9267,#9268)),.UNSPECIFIED.,.F.,.F.,
 .F.,(4,3,3,3,4),(4,3,3,3,4),(-8.88178419700125E-16,0.392699081698723,0.785398163397447,
1.17809724509617,1.5707963267949),(0.,0.25,0.5,0.75,1.),.UNSPECIFIED.);
#104=B_SPLINE_SURFACE_WITH_KNOTS('',3,3,((#9299,#9300,#9301,#9302),(#9303,
#9304,#9305,#9306),(#9307,#9308,#9309,#9310),(#9311,#9312,#9313,#9314),
(#9315,#9316,#9317,#9318),(#9319,#9320,#9321,#9322),(#9323,#9324,#9325,
#9326)),.UNSPECIFIED.,.F.,.F.,.F.,(4,3,4),(4,4),(-8.88178419700125E-16,
0.36087306379052,0.721746127581041),(0.,0.0706420517339844),
 .UNSPECIFIED.);
#105=B_SPLINE_SURFACE_WITH_KNOTS('',3,3,((#9428,#9429,#9430,#9431),(#9432,
#9433,#9434,#9435),(#9436,#9437,#9438,#9439),(#9440,#9441,#9442,#9443),
(#9444,#9445,#9446,#9447),(#9448,#9449,#9450,#9451),(#9452,#9453,#9454,
#9455)),.UNSPECIFIED.,.F.,.F.,.F.,(4,3,4),(4,4),(2.41984652600703,2.78071958979841,
3.14159265358979),(0.,0.0706420517339146),.UNSPECIFIED.);
#106=B_SPLINE_SURFACE_WITH_KNOTS('',3,3,((#9462,#9463,#9464,#9465,#9466,
#9467,#9468,#9469,#9470,#9471,#9472,#9473,#9474),(#9475,#9476,#9477,#9478,
#9479,#9480,#9481,#9482,#9483,#9484,#9485,#9486,#9487),(#9488,#9489,#9490,
#9491,#9492,#9493,#9494,#9495,#9496,#9497,#9498,#9499,#9500),(#9501,#9502,
#9503,#9504,#9505,#9506,#9507,#9508,#9509,#9510,#9511,#9512,#9513),(#9514,
#9515,#9516,#9517,#9518,#9519,#9520,#9521,#9522,#9523,#9524,#9525,#9526),
(#9527,#9528,#9529,#9530,#9531,#9532,#9533,#9534,#9535,#9536,#9537,#9538,
#9539),(#9540,#9541,#9542,#9543,#9544,#9545,#9546,#9547,#9548,#9549,#9550,
#9551,#9552),(#9553,#9554,#9555,#9556,#9557,#9558,#9559,#9560,#9561,#9562,
#9563,#9564,#9565),(#9566,#9567,#9568,#9569,#9570,#9571,#9572,#9573,#9574,
#9575,#9576,#9577,#9578),(#9579,#9580,#9581,#9582,#9583,#9584,#9585,#9586,
#9587,#9588,#9589,#9590,#9591),(#9592,#9593,#9594,#9595,#9596,#9597,#9598,
#9599,#9600,#9601,#9602,#9603,#9604),(#9605,#9606,#9607,#9608,#9609,#9610,
#9611,#9612,#9613,#9614,#9615,#9616,#9617),(#9618,#9619,#9620,#9621,#9622,
#9623,#9624,#9625,#9626,#9627,#9628,#9629,#9630)),.UNSPECIFIED.,.F.,.F.,
 .F.,(4,3,3,3,4),(4,3,3,3,4),(1.5707963267949,1.96349540849362,2.35619449019234,
2.74889357189107,3.14159265358979),(0.,0.25,0.5,0.75,1.),.UNSPECIFIED.);
#107=B_SPLINE_SURFACE_WITH_KNOTS('',3,3,((#9655,#9656,#9657,#9658,#9659,
#9660,#9661,#9662,#9663,#9664,#9665,#9666,#9667),(#9668,#9669,#9670,#9671,
#9672,#9673,#9674,#9675,#9676,#9677,#9678,#9679,#9680),(#9681,#9682,#9683,
#9684,#9685,#9686,#9687,#9688,#9689,#9690,#9691,#9692,#9693),(#9694,#9695,
#9696,#9697,#9698,#9699,#9700,#9701,#9702,#9703,#9704,#9705,#9706),(#9707,
#9708,#9709,#9710,#9711,#9712,#9713,#9714,#9715,#9716,#9717,#9718,#9719),
(#9720,#9721,#9722,#9723,#9724,#9725,#9726,#9727,#9728,#9729,#9730,#9731,
#9732),(#9733,#9734,#9735,#9736,#9737,#9738,#9739,#9740,#9741,#9742,#9743,
#9744,#9745),(#9746,#9747,#9748,#9749,#9750,#9751,#9752,#9753,#9754,#9755,
#9756,#9757,#9758),(#9759,#9760,#9761,#9762,#9763,#9764,#9765,#9766,#9767,
#9768,#9769,#9770,#9771),(#9772,#9773,#9774,#9775,#9776,#9777,#9778,#9779,
#9780,#9781,#9782,#9783,#9784),(#9785,#9786,#9787,#9788,#9789,#9790,#9791,
#9792,#9793,#9794,#9795,#9796,#9797),(#9798,#9799,#9800,#9801,#9802,#9803,
#9804,#9805,#9806,#9807,#9808,#9809,#9810),(#9811,#9812,#9813,#9814,#9815,
#9816,#9817,#9818,#9819,#9820,#9821,#9822,#9823),(#9824,#9825,#9826,#9827,
#9828,#9829,#9830,#9831,#9832,#9833,#9834,#9835,#9836),(#9837,#9838,#9839,
#9840,#9841,#9842,#9843,#9844,#9845,#9846,#9847,#9848,#9849),(#9850,#9851,
#9852,#9853,#9854,#9855,#9856,#9857,#9858,#9859,#9860,#9861,#9862),(#9863,
#9864,#9865,#9866,#9867,#9868,#9869,#9870,#9871,#9872,#9873,#9874,#9875),
(#9876,#9877,#9878,#9879,#9880,#9881,#9882,#9883,#9884,#9885,#9886,#9887,
#9888),(#9889,#9890,#9891,#9892,#9893,#9894,#9895,#9896,#9897,#9898,#9899,
#9900,#9901),(#9902,#9903,#9904,#9905,#9906,#9907,#9908,#9909,#9910,#9911,
#9912,#9913,#9914),(#9915,#9916,#9917,#9918,#9919,#9920,#9921,#9922,#9923,
#9924,#9925,#9926,#9927),(#9928,#9929,#9930,#9931,#9932,#9933,#9934,#9935,
#9936,#9937,#9938,#9939,#9940),(#9941,#9942,#9943,#9944,#9945,#9946,#9947,
#9948,#9949,#9950,#9951,#9952,#9953),(#9954,#9955,#9956,#9957,#9958,#9959,
#9960,#9961,#9962,#9963,#9964,#9965,#9966),(#9967,#9968,#9969,#9970,#9971,
#9972,#9973,#9974,#9975,#9976,#9977,#9978,#9979)),.UNSPECIFIED.,.F.,.F.,
 .F.,(4,3,3,3,3,3,3,3,4),(4,3,3,3,4),(2.35559931949598,2.55256230450407,
2.74890575419931,2.94524920389455,3.14159265358979,3.33793610328503,3.53427955298026,
3.7306230026755,3.9275859876836),(-0.000619535312853736,0.25,0.5,0.75,1.),
 .UNSPECIFIED.);
#108=B_SPLINE_SURFACE_WITH_KNOTS('',3,3,((#9999,#10000,#10001,#10002,#10003,
#10004,#10005,#10006,#10007,#10008,#10009,#10010,#10011),(#10012,#10013,
#10014,#10015,#10016,#10017,#10018,#10019,#10020,#10021,#10022,#10023,#10024),
(#10025,#10026,#10027,#10028,#10029,#10030,#10031,#10032,#10033,#10034,
#10035,#10036,#10037),(#10038,#10039,#10040,#10041,#10042,#10043,#10044,
#10045,#10046,#10047,#10048,#10049,#10050),(#10051,#10052,#10053,#10054,
#10055,#10056,#10057,#10058,#10059,#10060,#10061,#10062,#10063),(#10064,
#10065,#10066,#10067,#10068,#10069,#10070,#10071,#10072,#10073,#10074,#10075,
#10076),(#10077,#10078,#10079,#10080,#10081,#10082,#10083,#10084,#10085,
#10086,#10087,#10088,#10089),(#10090,#10091,#10092,#10093,#10094,#10095,
#10096,#10097,#10098,#10099,#10100,#10101,#10102),(#10103,#10104,#10105,
#10106,#10107,#10108,#10109,#10110,#10111,#10112,#10113,#10114,#10115),
(#10116,#10117,#10118,#10119,#10120,#10121,#10122,#10123,#10124,#10125,
#10126,#10127,#10128),(#10129,#10130,#10131,#10132,#10133,#10134,#10135,
#10136,#10137,#10138,#10139,#10140,#10141),(#10142,#10143,#10144,#10145,
#10146,#10147,#10148,#10149,#10150,#10151,#10152,#10153,#10154),(#10155,
#10156,#10157,#10158,#10159,#10160,#10161,#10162,#10163,#10164,#10165,#10166,
#10167),(#10168,#10169,#10170,#10171,#10172,#10173,#10174,#10175,#10176,
#10177,#10178,#10179,#10180),(#10181,#10182,#10183,#10184,#10185,#10186,
#10187,#10188,#10189,#10190,#10191,#10192,#10193),(#10194,#10195,#10196,
#10197,#10198,#10199,#10200,#10201,#10202,#10203,#10204,#10205,#10206),
(#10207,#10208,#10209,#10210,#10211,#10212,#10213,#10214,#10215,#10216,
#10217,#10218,#10219),(#10220,#10221,#10222,#10223,#10224,#10225,#10226,
#10227,#10228,#10229,#10230,#10231,#10232),(#10233,#10234,#10235,#10236,
#10237,#10238,#10239,#10240,#10241,#10242,#10243,#10244,#10245),(#10246,
#10247,#10248,#10249,#10250,#10251,#10252,#10253,#10254,#10255,#10256,#10257,
#10258),(#10259,#10260,#10261,#10262,#10263,#10264,#10265,#10266,#10267,
#10268,#10269,#10270,#10271),(#10272,#10273,#10274,#10275,#10276,#10277,
#10278,#10279,#10280,#10281,#10282,#10283,#10284),(#10285,#10286,#10287,
#10288,#10289,#10290,#10291,#10292,#10293,#10294,#10295,#10296,#10297),
(#10298,#10299,#10300,#10301,#10302,#10303,#10304,#10305,#10306,#10307,
#10308,#10309,#10310),(#10311,#10312,#10313,#10314,#10315,#10316,#10317,
#10318,#10319,#10320,#10321,#10322,#10323)),.UNSPECIFIED.,.F.,.F.,.F.,(4,
3,3,3,3,3,3,3,4),(4,3,3,3,4),(2.35559931949599,2.55256230450408,2.74890575419932,
2.94524920389456,3.1415926535898,3.33793610328504,3.53427955298027,3.73062300267551,
3.92758598768361),(-0.000619535312856586,0.25,0.5,0.75,1.),
 .UNSPECIFIED.);
#109=B_SPLINE_SURFACE_WITH_KNOTS('',3,3,((#10909,#10910,#10911,#10912,#10913,
#10914,#10915,#10916,#10917,#10918,#10919,#10920,#10921),(#10922,#10923,
#10924,#10925,#10926,#10927,#10928,#10929,#10930,#10931,#10932,#10933,#10934),
(#10935,#10936,#10937,#10938,#10939,#10940,#10941,#10942,#10943,#10944,
#10945,#10946,#10947),(#10948,#10949,#10950,#10951,#10952,#10953,#10954,
#10955,#10956,#10957,#10958,#10959,#10960),(#10961,#10962,#10963,#10964,
#10965,#10966,#10967,#10968,#10969,#10970,#10971,#10972,#10973),(#10974,
#10975,#10976,#10977,#10978,#10979,#10980,#10981,#10982,#10983,#10984,#10985,
#10986),(#10987,#10988,#10989,#10990,#10991,#10992,#10993,#10994,#10995,
#10996,#10997,#10998,#10999)),.UNSPECIFIED.,.F.,.F.,.F.,(4,3,4),(4,3,3,
3,4),(3.61400724161835E-16,0.191977970873723,0.383955941747446),(0.,0.25,
0.5,0.75,1.),.UNSPECIFIED.);
#110=B_SPLINE_SURFACE_WITH_KNOTS('',3,3,((#11017,#11018,#11019,#11020,#11021,
#11022,#11023,#11024,#11025,#11026,#11027,#11028,#11029),(#11030,#11031,
#11032,#11033,#11034,#11035,#11036,#11037,#11038,#11039,#11040,#11041,#11042),
(#11043,#11044,#11045,#11046,#11047,#11048,#11049,#11050,#11051,#11052,
#11053,#11054,#11055),(#11056,#11057,#11058,#11059,#11060,#11061,#11062,
#11063,#11064,#11065,#11066,#11067,#11068),(#11069,#11070,#11071,#11072,
#11073,#11074,#11075,#11076,#11077,#11078,#11079,#11080,#11081),(#11082,
#11083,#11084,#11085,#11086,#11087,#11088,#11089,#11090,#11091,#11092,#11093,
#11094),(#11095,#11096,#11097,#11098,#11099,#11100,#11101,#11102,#11103,
#11104,#11105,#11106,#11107)),.UNSPECIFIED.,.F.,.F.,.F.,(4,3,4),(4,3,3,
3,4),(5.8817769076855,6.08248110743254,6.28318530717959),(0.,0.25,0.5,0.75,
1.),.UNSPECIFIED.);
#111=B_SPLINE_SURFACE_WITH_KNOTS('',3,3,((#11119,#11120,#11121,#11122,#11123,
#11124,#11125,#11126,#11127,#11128,#11129,#11130,#11131),(#11132,#11133,
#11134,#11135,#11136,#11137,#11138,#11139,#11140,#11141,#11142,#11143,#11144),
(#11145,#11146,#11147,#11148,#11149,#11150,#11151,#11152,#11153,#11154,
#11155,#11156,#11157),(#11158,#11159,#11160,#11161,#11162,#11163,#11164,
#11165,#11166,#11167,#11168,#11169,#11170),(#11171,#11172,#11173,#11174,
#11175,#11176,#11177,#11178,#11179,#11180,#11181,#11182,#11183),(#11184,
#11185,#11186,#11187,#11188,#11189,#11190,#11191,#11192,#11193,#11194,#11195,
#11196),(#11197,#11198,#11199,#11200,#11201,#11202,#11203,#11204,#11205,
#11206,#11207,#11208,#11209),(#11210,#11211,#11212,#11213,#11214,#11215,
#11216,#11217,#11218,#11219,#11220,#11221,#11222),(#11223,#11224,#11225,
#11226,#11227,#11228,#11229,#11230,#11231,#11232,#11233,#11234,#11235),
(#11236,#11237,#11238,#11239,#11240,#11241,#11242,#11243,#11244,#11245,
#11246,#11247,#11248),(#11249,#11250,#11251,#11252,#11253,#11254,#11255,
#11256,#11257,#11258,#11259,#11260,#11261),(#11262,#11263,#11264,#11265,
#11266,#11267,#11268,#11269,#11270,#11271,#11272,#11273,#11274),(#11275,
#11276,#11277,#11278,#11279,#11280,#11281,#11282,#11283,#11284,#11285,#11286,
#11287)),.UNSPECIFIED.,.F.,.F.,.F.,(4,3,3,3,4),(4,3,3,3,4),(0.,0.196339335194057,
0.392678670388114,0.589018005582171,0.785357340776227),(0.,0.25,0.5,0.75,
1.),.UNSPECIFIED.);
#112=B_SPLINE_SURFACE_WITH_KNOTS('',3,3,((#11291,#11292,#11293,#11294,#11295,
#11296,#11297,#11298,#11299,#11300,#11301,#11302,#11303),(#11304,#11305,
#11306,#11307,#11308,#11309,#11310,#11311,#11312,#11313,#11314,#11315,#11316),
(#11317,#11318,#11319,#11320,#11321,#11322,#11323,#11324,#11325,#11326,
#11327,#11328,#11329),(#11330,#11331,#11332,#11333,#11334,#11335,#11336,
#11337,#11338,#11339,#11340,#11341,#11342),(#11343,#11344,#11345,#11346,
#11347,#11348,#11349,#11350,#11351,#11352,#11353,#11354,#11355),(#11356,
#11357,#11358,#11359,#11360,#11361,#11362,#11363,#11364,#11365,#11366,#11367,
#11368),(#11369,#11370,#11371,#11372,#11373,#11374,#11375,#11376,#11377,
#11378,#11379,#11380,#11381)),.UNSPECIFIED.,.F.,.F.,.F.,(4,3,4),(4,3,3,
3,4),(5.89922936543211,6.09120733630585,6.28318530717959),(0.,0.25,0.5,
0.75,1.),.UNSPECIFIED.);
#113=B_SPLINE_SURFACE_WITH_KNOTS('',3,3,((#11393,#11394,#11395,#11396,#11397,
#11398,#11399,#11400,#11401,#11402,#11403,#11404,#11405),(#11406,#11407,
#11408,#11409,#11410,#11411,#11412,#11413,#11414,#11415,#11416,#11417,#11418),
(#11419,#11420,#11421,#11422,#11423,#11424,#11425,#11426,#11427,#11428,
#11429,#11430,#11431),(#11432,#11433,#11434,#11435,#11436,#11437,#11438,
#11439,#11440,#11441,#11442,#11443,#11444),(#11445,#11446,#11447,#11448,
#11449,#11450,#11451,#11452,#11453,#11454,#11455,#11456,#11457),(#11458,
#11459,#11460,#11461,#11462,#11463,#11464,#11465,#11466,#11467,#11468,#11469,
#11470),(#11471,#11472,#11473,#11474,#11475,#11476,#11477,#11478,#11479,
#11480,#11481,#11482,#11483),(#11484,#11485,#11486,#11487,#11488,#11489,
#11490,#11491,#11492,#11493,#11494,#11495,#11496),(#11497,#11498,#11499,
#11500,#11501,#11502,#11503,#11504,#11505,#11506,#11507,#11508,#11509),
(#11510,#11511,#11512,#11513,#11514,#11515,#11516,#11517,#11518,#11519,
#11520,#11521,#11522),(#11523,#11524,#11525,#11526,#11527,#11528,#11529,
#11530,#11531,#11532,#11533,#11534,#11535),(#11536,#11537,#11538,#11539,
#11540,#11541,#11542,#11543,#11544,#11545,#11546,#11547,#11548),(#11549,
#11550,#11551,#11552,#11553,#11554,#11555,#11556,#11557,#11558,#11559,#11560,
#11561)),.UNSPECIFIED.,.F.,.F.,.F.,(4,3,3,3,4),(4,3,3,3,4),(5.49782796640336,
5.69416730159742,5.89050663679147,6.08684597198553,6.28318530717959),(0.,
0.25,0.5,0.75,1.),.UNSPECIFIED.);
#114=B_SPLINE_SURFACE_WITH_KNOTS('',3,3,((#11567,#11568,#11569,#11570,#11571,
#11572,#11573,#11574,#11575,#11576,#11577,#11578,#11579),(#11580,#11581,
#11582,#11583,#11584,#11585,#11586,#11587,#11588,#11589,#11590,#11591,#11592),
(#11593,#11594,#11595,#11596,#11597,#11598,#11599,#11600,#11601,#11602,
#11603,#11604,#11605),(#11606,#11607,#11608,#11609,#11610,#11611,#11612,
#11613,#11614,#11615,#11616,#11617,#11618),(#11619,#11620,#11621,#11622,
#11623,#11624,#11625,#11626,#11627,#11628,#11629,#11630,#11631),(#11632,
#11633,#11634,#11635,#11636,#11637,#11638,#11639,#11640,#11641,#11642,#11643,
#11644),(#11645,#11646,#11647,#11648,#11649,#11650,#11651,#11652,#11653,
#11654,#11655,#11656,#11657),(#11658,#11659,#11660,#11661,#11662,#11663,
#11664,#11665,#11666,#11667,#11668,#11669,#11670),(#11671,#11672,#11673,
#11674,#11675,#11676,#11677,#11678,#11679,#11680,#11681,#11682,#11683),
(#11684,#11685,#11686,#11687,#11688,#11689,#11690,#11691,#11692,#11693,
#11694,#11695,#11696),(#11697,#11698,#11699,#11700,#11701,#11702,#11703,
#11704,#11705,#11706,#11707,#11708,#11709),(#11710,#11711,#11712,#11713,
#11714,#11715,#11716,#11717,#11718,#11719,#11720,#11721,#11722),(#11723,
#11724,#11725,#11726,#11727,#11728,#11729,#11730,#11731,#11732,#11733,#11734,
#11735)),.UNSPECIFIED.,.F.,.F.,.F.,(4,3,3,3,4),(4,3,3,3,4),(0.,0.196339335194057,
0.392678670388114,0.589018005582171,0.785357340776228),(0.,0.25,0.5,0.75,
1.),.UNSPECIFIED.);
#115=B_SPLINE_SURFACE_WITH_KNOTS('',3,3,((#11737,#11738,#11739,#11740,#11741,
#11742,#11743,#11744,#11745,#11746,#11747,#11748,#11749),(#11750,#11751,
#11752,#11753,#11754,#11755,#11756,#11757,#11758,#11759,#11760,#11761,#11762),
(#11763,#11764,#11765,#11766,#11767,#11768,#11769,#11770,#11771,#11772,
#11773,#11774,#11775),(#11776,#11777,#11778,#11779,#11780,#11781,#11782,
#11783,#11784,#11785,#11786,#11787,#11788),(#11789,#11790,#11791,#11792,
#11793,#11794,#11795,#11796,#11797,#11798,#11799,#11800,#11801),(#11802,
#11803,#11804,#11805,#11806,#11807,#11808,#11809,#11810,#11811,#11812,#11813,
#11814),(#11815,#11816,#11817,#11818,#11819,#11820,#11821,#11822,#11823,
#11824,#11825,#11826,#11827)),.UNSPECIFIED.,.F.,.F.,.F.,(4,3,4),(4,3,3,
3,4),(5.88177690768551,6.08248110743255,6.28318530717959),(0.,0.25,0.5,
0.75,1.),.UNSPECIFIED.);
#116=B_SPLINE_SURFACE_WITH_KNOTS('',3,3,((#11831,#11832,#11833,#11834,#11835,
#11836,#11837,#11838,#11839,#11840,#11841,#11842,#11843),(#11844,#11845,
#11846,#11847,#11848,#11849,#11850,#11851,#11852,#11853,#11854,#11855,#11856),
(#11857,#11858,#11859,#11860,#11861,#11862,#11863,#11864,#11865,#11866,
#11867,#11868,#11869),(#11870,#11871,#11872,#11873,#11874,#11875,#11876,
#11877,#11878,#11879,#11880,#11881,#11882),(#11883,#11884,#11885,#11886,
#11887,#11888,#11889,#11890,#11891,#11892,#11893,#11894,#11895),(#11896,
#11897,#11898,#11899,#11900,#11901,#11902,#11903,#11904,#11905,#11906,#11907,
#11908),(#11909,#11910,#11911,#11912,#11913,#11914,#11915,#11916,#11917,
#11918,#11919,#11920,#11921)),.UNSPECIFIED.,.F.,.F.,.F.,(4,3,4),(4,3,3,
3,4),(1.20466908053945E-16,0.191977970873741,0.383955941747482),(0.,0.25,
0.5,0.75,1.),.UNSPECIFIED.);
#117=B_SPLINE_SURFACE_WITH_KNOTS('',3,3,((#11925,#11926,#11927,#11928,#11929,
#11930,#11931,#11932,#11933,#11934,#11935,#11936,#11937),(#11938,#11939,
#11940,#11941,#11942,#11943,#11944,#11945,#11946,#11947,#11948,#11949,#11950),
(#11951,#11952,#11953,#11954,#11955,#11956,#11957,#11958,#11959,#11960,
#11961,#11962,#11963),(#11964,#11965,#11966,#11967,#11968,#11969,#11970,
#11971,#11972,#11973,#11974,#11975,#11976),(#11977,#11978,#11979,#11980,
#11981,#11982,#11983,#11984,#11985,#11986,#11987,#11988,#11989),(#11990,
#11991,#11992,#11993,#11994,#11995,#11996,#11997,#11998,#11999,#12000,#12001,
#12002),(#12003,#12004,#12005,#12006,#12007,#12008,#12009,#12010,#12011,
#12012,#12013,#12014,#12015)),.UNSPECIFIED.,.F.,.F.,.F.,(4,3,4),(4,3,3,
3,4),(5.89922936543207,6.09120733630583,6.28318530717959),(0.,0.25,0.5,
0.75,1.),.UNSPECIFIED.);
#118=B_SPLINE_SURFACE_WITH_KNOTS('',3,3,((#12019,#12020,#12021,#12022,#12023,
#12024,#12025,#12026,#12027,#12028,#12029,#12030,#12031),(#12032,#12033,
#12034,#12035,#12036,#12037,#12038,#12039,#12040,#12041,#12042,#12043,#12044),
(#12045,#12046,#12047,#12048,#12049,#12050,#12051,#12052,#12053,#12054,
#12055,#12056,#12057),(#12058,#12059,#12060,#12061,#12062,#12063,#12064,
#12065,#12066,#12067,#12068,#12069,#12070),(#12071,#12072,#12073,#12074,
#12075,#12076,#12077,#12078,#12079,#12080,#12081,#12082,#12083),(#12084,
#12085,#12086,#12087,#12088,#12089,#12090,#12091,#12092,#12093,#12094,#12095,
#12096),(#12097,#12098,#12099,#12100,#12101,#12102,#12103,#12104,#12105,
#12106,#12107,#12108,#12109)),.UNSPECIFIED.,.F.,.F.,.F.,(4,3,4),(4,3,3,
3,4),(6.02334540269725E-17,0.20070419974706,0.401408399494119),(0.,0.25,
0.5,0.75,1.),.UNSPECIFIED.);
#119=B_SPLINE_SURFACE_WITH_KNOTS('',3,3,((#12111,#12112,#12113,#12114,#12115,
#12116,#12117,#12118,#12119,#12120,#12121,#12122,#12123),(#12124,#12125,
#12126,#12127,#12128,#12129,#12130,#12131,#12132,#12133,#12134,#12135,#12136),
(#12137,#12138,#12139,#12140,#12141,#12142,#12143,#12144,#12145,#12146,
#12147,#12148,#12149),(#12150,#12151,#12152,#12153,#12154,#12155,#12156,
#12157,#12158,#12159,#12160,#12161,#12162),(#12163,#12164,#12165,#12166,
#12167,#12168,#12169,#12170,#12171,#12172,#12173,#12174,#12175),(#12176,
#12177,#12178,#12179,#12180,#12181,#12182,#12183,#12184,#12185,#12186,#12187,
#12188),(#12189,#12190,#12191,#12192,#12193,#12194,#12195,#12196,#12197,
#12198,#12199,#12200,#12201)),.UNSPECIFIED.,.F.,.F.,.F.,(4,3,4),(4,3,3,
3,4),(6.02334540269725E-17,0.200704199747057,0.401408399494113),(0.,0.25,
0.5,0.75,1.),.UNSPECIFIED.);
#120=B_SPLINE_SURFACE_WITH_KNOTS('',3,3,((#12203,#12204,#12205,#12206,#12207,
#12208,#12209,#12210,#12211,#12212,#12213,#12214,#12215),(#12216,#12217,
#12218,#12219,#12220,#12221,#12222,#12223,#12224,#12225,#12226,#12227,#12228),
(#12229,#12230,#12231,#12232,#12233,#12234,#12235,#12236,#12237,#12238,
#12239,#12240,#12241),(#12242,#12243,#12244,#12245,#12246,#12247,#12248,
#12249,#12250,#12251,#12252,#12253,#12254),(#12255,#12256,#12257,#12258,
#12259,#12260,#12261,#12262,#12263,#12264,#12265,#12266,#12267),(#12268,
#12269,#12270,#12271,#12272,#12273,#12274,#12275,#12276,#12277,#12278,#12279,
#12280),(#12281,#12282,#12283,#12284,#12285,#12286,#12287,#12288,#12289,
#12290,#12291,#12292,#12293),(#12294,#12295,#12296,#12297,#12298,#12299,
#12300,#12301,#12302,#12303,#12304,#12305,#12306),(#12307,#12308,#12309,
#12310,#12311,#12312,#12313,#12314,#12315,#12316,#12317,#12318,#12319),
(#12320,#12321,#12322,#12323,#12324,#12325,#12326,#12327,#12328,#12329,
#12330,#12331,#12332),(#12333,#12334,#12335,#12336,#12337,#12338,#12339,
#12340,#12341,#12342,#12343,#12344,#12345),(#12346,#12347,#12348,#12349,
#12350,#12351,#12352,#12353,#12354,#12355,#12356,#12357,#12358),(#12359,
#12360,#12361,#12362,#12363,#12364,#12365,#12366,#12367,#12368,#12369,#12370,
#12371)),.UNSPECIFIED.,.F.,.F.,.F.,(4,3,3,3,4),(4,3,3,3,4),(5.49782796640336,
5.69416730159742,5.89050663679147,6.08684597198553,6.28318530717959),(0.,
0.25,0.5,0.75,1.),.UNSPECIFIED.);
#121=B_SPLINE_SURFACE_WITH_KNOTS('',3,3,((#12433,#12434,#12435,#12436,#12437,
#12438,#12439),(#12440,#12441,#12442,#12443,#12444,#12445,#12446),(#12447,
#12448,#12449,#12450,#12451,#12452,#12453),(#12454,#12455,#12456,#12457,
#12458,#12459,#12460)),.UNSPECIFIED.,.F.,.F.,.F.,(4,4),(4,3,4),(5.89922936543214,
6.28318530717959),(0.,0.232114956640037,0.464229913280075),
 .UNSPECIFIED.);
#122=B_SPLINE_SURFACE_WITH_KNOTS('',3,3,((#12466,#12467,#12468,#12469,#12470,
#12471,#12472),(#12473,#12474,#12475,#12476,#12477,#12478,#12479),(#12480,
#12481,#12482,#12483,#12484,#12485,#12486),(#12487,#12488,#12489,#12490,
#12491,#12492,#12493)),.UNSPECIFIED.,.F.,.F.,.F.,(4,4),(4,3,4),(0.,0.383955941747516),
(0.,0.232114956640034,0.464229913280069),.UNSPECIFIED.);
#123=B_SPLINE_SURFACE_WITH_KNOTS('',3,3,((#12509,#12510,#12511,#12512,#12513,
#12514,#12515),(#12516,#12517,#12518,#12519,#12520,#12521,#12522),(#12523,
#12524,#12525,#12526,#12527,#12528,#12529),(#12530,#12531,#12532,#12533,
#12534,#12535,#12536),(#12537,#12538,#12539,#12540,#12541,#12542,#12543),
(#12544,#12545,#12546,#12547,#12548,#12549,#12550),(#12551,#12552,#12553,
#12554,#12555,#12556,#12557)),.UNSPECIFIED.,.F.,.F.,.F.,(4,3,4),(4,3,4),
(5.88177690768547,6.08248110743253,6.28318530717959),(0.,0.232114956640039,
0.464229913280079),.UNSPECIFIED.);
#124=B_SPLINE_SURFACE_WITH_KNOTS('',3,3,((#12568,#12569,#12570,#12571,#12572,
#12573,#12574),(#12575,#12576,#12577,#12578,#12579,#12580,#12581),(#12582,
#12583,#12584,#12585,#12586,#12587,#12588),(#12589,#12590,#12591,#12592,
#12593,#12594,#12595),(#12596,#12597,#12598,#12599,#12600,#12601,#12602),
(#12603,#12604,#12605,#12606,#12607,#12608,#12609),(#12610,#12611,#12612,
#12613,#12614,#12615,#12616)),.UNSPECIFIED.,.F.,.F.,.F.,(4,3,4),(4,3,4),
(0.,0.200704199747041,0.401408399494083),(0.,0.23211495664004,0.464229913280079),
 .UNSPECIFIED.);
#125=B_SPLINE_SURFACE_WITH_KNOTS('',3,3,((#12629,#12630,#12631,#12632,#12633,
#12634,#12635),(#12636,#12637,#12638,#12639,#12640,#12641,#12642),(#12643,
#12644,#12645,#12646,#12647,#12648,#12649),(#12650,#12651,#12652,#12653,
#12654,#12655,#12656),(#12657,#12658,#12659,#12660,#12661,#12662,#12663),
(#12664,#12665,#12666,#12667,#12668,#12669,#12670),(#12671,#12672,#12673,
#12674,#12675,#12676,#12677),(#12678,#12679,#12680,#12681,#12682,#12683,
#12684),(#12685,#12686,#12687,#12688,#12689,#12690,#12691),(#12692,#12693,
#12694,#12695,#12696,#12697,#12698),(#12699,#12700,#12701,#12702,#12703,
#12704,#12705),(#12706,#12707,#12708,#12709,#12710,#12711,#12712),(#12713,
#12714,#12715,#12716,#12717,#12718,#12719)),.UNSPECIFIED.,.F.,.F.,.F.,(4,
3,3,3,4),(4,3,4),(1.91329795144501E-16,0.196339335194057,0.392678670388114,
0.589018005582171,0.785357340776228),(0.,0.232114956640039,0.464229913280079),
 .UNSPECIFIED.);
#126=B_SPLINE_SURFACE_WITH_KNOTS('',3,3,((#12730,#12731,#12732,#12733,#12734,
#12735,#12736),(#12737,#12738,#12739,#12740,#12741,#12742,#12743),(#12744,
#12745,#12746,#12747,#12748,#12749,#12750),(#12751,#12752,#12753,#12754,
#12755,#12756,#12757),(#12758,#12759,#12760,#12761,#12762,#12763,#12764),
(#12765,#12766,#12767,#12768,#12769,#12770,#12771),(#12772,#12773,#12774,
#12775,#12776,#12777,#12778),(#12779,#12780,#12781,#12782,#12783,#12784,
#12785),(#12786,#12787,#12788,#12789,#12790,#12791,#12792),(#12793,#12794,
#12795,#12796,#12797,#12798,#12799),(#12800,#12801,#12802,#12803,#12804,
#12805,#12806),(#12807,#12808,#12809,#12810,#12811,#12812,#12813),(#12814,
#12815,#12816,#12817,#12818,#12819,#12820)),.UNSPECIFIED.,.F.,.F.,.F.,(4,
3,3,3,4),(4,3,4),(5.49782796640336,5.69416730159741,5.89050663679147,6.08684597198553,
6.28318530717959),(0.,0.232114956640039,0.464229913280079),
 .UNSPECIFIED.);
#127=B_SPLINE_SURFACE_WITH_KNOTS('',3,3,((#12827,#12828,#12829,#12830,#12831,
#12832,#12833),(#12834,#12835,#12836,#12837,#12838,#12839,#12840),(#12841,
#12842,#12843,#12844,#12845,#12846,#12847),(#12848,#12849,#12850,#12851,
#12852,#12853,#12854)),.UNSPECIFIED.,.F.,.F.,.F.,(4,4),(4,3,4),(4.51750905202293E-16,
0.383955941747481),(0.,0.232114956640039,0.464229913280079),
 .UNSPECIFIED.);
#128=B_SPLINE_SURFACE_WITH_KNOTS('',3,3,((#12860,#12861,#12862,#12863,#12864,
#12865,#12866),(#12867,#12868,#12869,#12870,#12871,#12872,#12873),(#12874,
#12875,#12876,#12877,#12878,#12879,#12880),(#12881,#12882,#12883,#12884,
#12885,#12886,#12887)),.UNSPECIFIED.,.F.,.F.,.F.,(4,4),(4,3,4),(5.89922936543211,
6.28318530717959),(0.,0.23211495664004,0.464229913280079),.UNSPECIFIED.);
#129=B_SPLINE_SURFACE_WITH_KNOTS('',3,3,((#12893,#12894,#12895,#12896,#12897,
#12898,#12899),(#12900,#12901,#12902,#12903,#12904,#12905,#12906),(#12907,
#12908,#12909,#12910,#12911,#12912,#12913),(#12914,#12915,#12916,#12917,
#12918,#12919,#12920),(#12921,#12922,#12923,#12924,#12925,#12926,#12927),
(#12928,#12929,#12930,#12931,#12932,#12933,#12934),(#12935,#12936,#12937,
#12938,#12939,#12940,#12941),(#12942,#12943,#12944,#12945,#12946,#12947,
#12948),(#12949,#12950,#12951,#12952,#12953,#12954,#12955),(#12956,#12957,
#12958,#12959,#12960,#12961,#12962),(#12963,#12964,#12965,#12966,#12967,
#12968,#12969),(#12970,#12971,#12972,#12973,#12974,#12975,#12976),(#12977,
#12978,#12979,#12980,#12981,#12982,#12983)),.UNSPECIFIED.,.F.,.F.,.F.,(4,
3,3,3,4),(4,3,4),(5.49782796640336,5.69416730159742,5.89050663679147,6.08684597198553,
6.28318530717959),(0.,0.232114956640043,0.464229913280087),
 .UNSPECIFIED.);
#130=B_SPLINE_SURFACE_WITH_KNOTS('',3,3,((#12992,#12993,#12994,#12995,#12996,
#12997,#12998),(#12999,#13000,#13001,#13002,#13003,#13004,#13005),(#13006,
#13007,#13008,#13009,#13010,#13011,#13012),(#13013,#13014,#13015,#13016,
#13017,#13018,#13019),(#13020,#13021,#13022,#13023,#13024,#13025,#13026),
(#13027,#13028,#13029,#13030,#13031,#13032,#13033),(#13034,#13035,#13036,
#13037,#13038,#13039,#13040),(#13041,#13042,#13043,#13044,#13045,#13046,
#13047),(#13048,#13049,#13050,#13051,#13052,#13053,#13054),(#13055,#13056,
#13057,#13058,#13059,#13060,#13061),(#13062,#13063,#13064,#13065,#13066,
#13067,#13068),(#13069,#13070,#13071,#13072,#13073,#13074,#13075),(#13076,
#13077,#13078,#13079,#13080,#13081,#13082)),.UNSPECIFIED.,.F.,.F.,.F.,(4,
3,3,3,4),(4,3,4),(0.,0.196339335194057,0.392678670388114,0.589018005582172,
0.785357340776229),(0.,0.232114956640039,0.464229913280078),
 .UNSPECIFIED.);
#131=B_SPLINE_SURFACE_WITH_KNOTS('',3,3,((#13091,#13092,#13093,#13094,#13095,
#13096,#13097),(#13098,#13099,#13100,#13101,#13102,#13103,#13104),(#13105,
#13106,#13107,#13108,#13109,#13110,#13111),(#13112,#13113,#13114,#13115,
#13116,#13117,#13118),(#13119,#13120,#13121,#13122,#13123,#13124,#13125),
(#13126,#13127,#13128,#13129,#13130,#13131,#13132),(#13133,#13134,#13135,
#13136,#13137,#13138,#13139)),.UNSPECIFIED.,.F.,.F.,.F.,(4,3,4),(4,3,4),
(5.88177690768547,6.08248110743253,6.28318530717959),(0.,0.232114956640039,
0.464229913280079),.UNSPECIFIED.);
#132=B_SPLINE_SURFACE_WITH_KNOTS('',3,3,((#13148,#13149,#13150,#13151,#13152,
#13153,#13154),(#13155,#13156,#13157,#13158,#13159,#13160,#13161),(#13162,
#13163,#13164,#13165,#13166,#13167,#13168),(#13169,#13170,#13171,#13172,
#13173,#13174,#13175),(#13176,#13177,#13178,#13179,#13180,#13181,#13182),
(#13183,#13184,#13185,#13186,#13187,#13188,#13189),(#13190,#13191,#13192,
#13193,#13194,#13195,#13196)),.UNSPECIFIED.,.F.,.F.,.F.,(4,3,4),(4,3,4),
(4.51750905202294E-17,0.200704199747039,0.401408399494079),(0.,0.232114956640041,
0.464229913280081),.UNSPECIFIED.);
#133=ORIENTED_CLOSED_SHELL('',*,#5570,.F.);
#134=CYLINDRICAL_SURFACE('',#5604,2.2);
#135=CYLINDRICAL_SURFACE('',#5608,2.);
#136=CYLINDRICAL_SURFACE('',#5610,2.);
#137=CYLINDRICAL_SURFACE('',#5613,2.2);
#138=CYLINDRICAL_SURFACE('',#5621,2.2);
#139=CYLINDRICAL_SURFACE('',#5625,2.2);
#140=CYLINDRICAL_SURFACE('',#5628,2.);
#141=CYLINDRICAL_SURFACE('',#5630,2.);
#142=CYLINDRICAL_SURFACE('',#5640,2.3);
#143=CYLINDRICAL_SURFACE('',#5645,2.3);
#144=CYLINDRICAL_SURFACE('',#5651,2.3);
#145=CYLINDRICAL_SURFACE('',#5653,2.3);
#146=CYLINDRICAL_SURFACE('',#5659,0.199999999999999);
#147=CYLINDRICAL_SURFACE('',#5672,0.199999999999999);
#148=CYLINDRICAL_SURFACE('',#5674,2.2);
#149=CYLINDRICAL_SURFACE('',#5676,2.2);
#150=CYLINDRICAL_SURFACE('',#5685,0.200000000000001);
#151=CYLINDRICAL_SURFACE('',#5692,0.199999999999999);
#152=CYLINDRICAL_SURFACE('',#5697,0.200000000000001);
#153=CYLINDRICAL_SURFACE('',#5699,0.199999999999999);
#154=CYLINDRICAL_SURFACE('',#5712,2.25);
#155=CYLINDRICAL_SURFACE('',#5718,2.25);
#156=CYLINDRICAL_SURFACE('',#5720,2.25);
#157=CYLINDRICAL_SURFACE('',#5722,2.2);
#158=CYLINDRICAL_SURFACE('',#5725,2.2);
#159=CYLINDRICAL_SURFACE('',#5735,2.25);
#160=CYLINDRICAL_SURFACE('',#5740,3.);
#161=CYLINDRICAL_SURFACE('',#5745,0.999999999999999);
#162=CYLINDRICAL_SURFACE('',#5748,0.199999999999999);
#163=CYLINDRICAL_SURFACE('',#5754,0.199999999999999);
#164=CYLINDRICAL_SURFACE('',#5758,0.199999999999999);
#165=CYLINDRICAL_SURFACE('',#5759,0.200000000000001);
#166=CYLINDRICAL_SURFACE('',#5761,0.550000000000002);
#167=CYLINDRICAL_SURFACE('',#5771,0.300000000000002);
#168=CYLINDRICAL_SURFACE('',#5780,0.200000000000001);
#169=CYLINDRICAL_SURFACE('',#5782,0.199999999999999);
#170=CYLINDRICAL_SURFACE('',#5785,0.200000000000001);
#171=CYLINDRICAL_SURFACE('',#5798,0.200000000000001);
#172=CYLINDRICAL_SURFACE('',#5811,0.199999999999999);
#173=CYLINDRICAL_SURFACE('',#5817,0.200000000000001);
#174=CYLINDRICAL_SURFACE('',#5819,0.199999999999999);
#175=CYLINDRICAL_SURFACE('',#5826,0.199999999999999);
#176=CYLINDRICAL_SURFACE('',#5828,0.999999999999999);
#177=CYLINDRICAL_SURFACE('',#5833,0.200000000000001);
#178=CYLINDRICAL_SURFACE('',#5845,4.);
#179=CYLINDRICAL_SURFACE('',#5848,4.);
#180=CYLINDRICAL_SURFACE('',#5873,2.);
#181=CYLINDRICAL_SURFACE('',#5878,0.200000000000001);
#182=CYLINDRICAL_SURFACE('',#5880,0.199999999999999);
#183=CYLINDRICAL_SURFACE('',#5882,2.);
#184=CYLINDRICAL_SURFACE('',#5888,0.200000000000001);
#185=CYLINDRICAL_SURFACE('',#5889,0.9);
#186=CYLINDRICAL_SURFACE('',#5897,0.199999999999999);
#187=CYLINDRICAL_SURFACE('',#5899,0.2);
#188=CYLINDRICAL_SURFACE('',#5908,0.500000000000001);
#189=CYLINDRICAL_SURFACE('',#5911,0.5);
#190=CYLINDRICAL_SURFACE('',#5918,0.499999999999999);
#191=CYLINDRICAL_SURFACE('',#5921,0.5);
#192=CYLINDRICAL_SURFACE('',#5923,0.499999999999999);
#193=CYLINDRICAL_SURFACE('',#5929,0.5);
#194=CYLINDRICAL_SURFACE('',#5936,0.899999999999998);
#195=CYLINDRICAL_SURFACE('',#5942,0.2);
#196=CYLINDRICAL_SURFACE('',#5945,3.);
#197=CYLINDRICAL_SURFACE('',#5958,1.6);
#198=CYLINDRICAL_SURFACE('',#5960,1.6);
#199=CYLINDRICAL_SURFACE('',#5970,3.15);
#200=CYLINDRICAL_SURFACE('',#5982,3.15);
#201=CYLINDRICAL_SURFACE('',#5987,0.9);
#202=CYLINDRICAL_SURFACE('',#5999,0.5);
#203=CYLINDRICAL_SURFACE('',#6001,0.5);
#204=CYLINDRICAL_SURFACE('',#6006,0.5);
#205=CYLINDRICAL_SURFACE('',#6010,0.5);
#206=CYLINDRICAL_SURFACE('',#6028,0.3);
#207=CYLINDRICAL_SURFACE('',#6031,0.3);
#208=CYLINDRICAL_SURFACE('',#6037,0.3);
#209=CYLINDRICAL_SURFACE('',#6045,0.3);
#210=CYLINDRICAL_SURFACE('',#6050,0.3);
#211=CYLINDRICAL_SURFACE('',#6057,0.3);
#212=CYLINDRICAL_SURFACE('',#6061,1.5);
#213=CYLINDRICAL_SURFACE('',#6066,1.5);
#214=CYLINDRICAL_SURFACE('',#6070,2.);
#215=CYLINDRICAL_SURFACE('',#6073,1.5);
#216=CYLINDRICAL_SURFACE('',#6077,2.);
#217=CYLINDRICAL_SURFACE('',#6081,1.5);
#218=CYLINDRICAL_SURFACE('',#6090,0.300000000000002);
#219=CYLINDRICAL_SURFACE('',#6093,0.3);
#220=CYLINDRICAL_SURFACE('',#6099,0.3);
#221=CYLINDRICAL_SURFACE('',#6108,0.3);
#222=CYLINDRICAL_SURFACE('',#6110,0.300000000000002);
#223=CYLINDRICAL_SURFACE('',#6112,0.300000000000001);
#224=FACE_BOUND('',#832,.T.);
#225=FACE_BOUND('',#877,.T.);
#226=FACE_BOUND('',#882,.T.);
#227=FACE_BOUND('',#915,.T.);
#228=FACE_BOUND('',#933,.T.);
#229=FACE_BOUND('',#936,.T.);
#230=FACE_BOUND('',#942,.T.);
#231=FACE_BOUND('',#952,.T.);
#232=FACE_BOUND('',#958,.T.);
#233=FACE_BOUND('',#960,.T.);
#234=FACE_BOUND('',#972,.T.);
#235=FACE_BOUND('',#998,.T.);
#236=FACE_BOUND('',#1003,.T.);
#237=FACE_BOUND('',#1049,.T.);
#238=FACE_BOUND('',#1052,.T.);
#239=FACE_BOUND('',#1055,.T.);
#240=FACE_BOUND('',#1057,.T.);
#241=FACE_BOUND('',#1058,.T.);
#242=FACE_BOUND('',#1059,.T.);
#243=FACE_BOUND('',#1065,.T.);
#244=FACE_BOUND('',#1067,.T.);
#245=FACE_BOUND('',#1096,.T.);
#246=FACE_BOUND('',#1146,.T.);
#247=FACE_BOUND('',#1147,.T.);
#248=FACE_BOUND('',#1148,.T.);
#249=CIRCLE('',#5588,2.);
#250=CIRCLE('',#5589,2.);
#251=CIRCLE('',#5590,2.);
#252=CIRCLE('',#5591,2.);
#253=CIRCLE('',#5592,2.1999241958686);
#254=CIRCLE('',#5593,2.1999241958686);
#255=CIRCLE('',#5594,2.1999241958686);
#256=CIRCLE('',#5595,2.1999241958686);
#257=CIRCLE('',#5605,2.19992105138859);
#258=CIRCLE('',#5606,2.20003672261748);
#259=CIRCLE('',#5609,2.);
#260=CIRCLE('',#5611,2.);
#261=CIRCLE('',#5614,2.20003672261669);
#262=CIRCLE('',#5615,2.19992105138859);
#263=CIRCLE('',#5622,2.1999210513886);
#264=CIRCLE('',#5623,2.20003672261736);
#265=CIRCLE('',#5626,2.20003672261663);
#266=CIRCLE('',#5627,2.19992105138859);
#267=CIRCLE('',#5629,2.);
#268=CIRCLE('',#5631,2.);
#269=CIRCLE('',#5635,2.3);
#270=CIRCLE('',#5636,2.3);
#271=CIRCLE('',#5638,2.3);
#272=CIRCLE('',#5639,2.3);
#273=CIRCLE('',#5641,2.3);
#274=CIRCLE('',#5642,2.3);
#275=CIRCLE('',#5644,2.3);
#276=CIRCLE('',#5646,2.3);
#277=CIRCLE('',#5648,2.3);
#278=CIRCLE('',#5650,2.3);
#279=CIRCLE('',#5652,2.3);
#280=CIRCLE('',#5654,2.3);
#281=CIRCLE('',#5660,0.199999999999999);
#282=CIRCLE('',#5661,0.199999999999999);
#283=CIRCLE('',#5662,0.199999999999999);
#284=CIRCLE('',#5663,1.99993108715327);
#285=CIRCLE('',#5664,2.19993735105308);
#286=CIRCLE('',#5666,1.99993108715327);
#287=CIRCLE('',#5667,0.199999999999999);
#288=CIRCLE('',#5668,2.19993735105308);
#289=CIRCLE('',#5670,1.2);
#290=CIRCLE('',#5671,2.8);
#291=CIRCLE('',#5675,2.19992419586861);
#292=CIRCLE('',#5677,2.1999241958686);
#293=CIRCLE('',#5679,2.25);
#294=CIRCLE('',#5680,2.25);
#295=CIRCLE('',#5681,2.25);
#296=CIRCLE('',#5682,2.25);
#297=CIRCLE('',#5683,2.1999241958686);
#298=CIRCLE('',#5684,2.1999241958686);
#299=CIRCLE('',#5686,0.199999999999999);
#300=CIRCLE('',#5689,0.2);
#301=CIRCLE('',#5690,3.);
#302=CIRCLE('',#5691,0.199999999999999);
#303=CIRCLE('',#5693,0.199999999999999);
#304=CIRCLE('',#5698,0.2);
#305=CIRCLE('',#5700,0.2);
#306=CIRCLE('',#5702,0.999999999999999);
#307=CIRCLE('',#5710,0.300000000000002);
#308=CIRCLE('',#5711,0.550000000000002);
#309=CIRCLE('',#5713,2.25);
#310=CIRCLE('',#5716,0.199999999999999);
#311=CIRCLE('',#5719,2.25);
#312=CIRCLE('',#5721,2.25);
#313=CIRCLE('',#5723,2.19993735105308);
#314=CIRCLE('',#5726,2.19993735105308);
#315=CIRCLE('',#5730,0.199999999999999);
#316=CIRCLE('',#5733,0.550000000000002);
#317=CIRCLE('',#5734,0.300000000000002);
#318=CIRCLE('',#5736,2.25);
#319=CIRCLE('',#5738,0.199999999999999);
#320=CIRCLE('',#5741,3.);
#321=CIRCLE('',#5746,0.999999999999999);
#322=CIRCLE('',#5749,0.199999999999999);
#323=CIRCLE('',#5755,0.199999999999999);
#324=CIRCLE('',#5756,0.199999999999999);
#325=CIRCLE('',#5757,0.199999999999999);
#326=CIRCLE('',#5760,0.199999999999999);
#327=CIRCLE('',#5763,3.99999999999978);
#328=CIRCLE('',#5764,0.999999999999883);
#329=CIRCLE('',#5765,1.);
#330=CIRCLE('',#5766,3.9999999999998);
#331=CIRCLE('',#5767,1.);
#332=CIRCLE('',#5768,1.);
#333=CIRCLE('',#5769,4.);
#334=CIRCLE('',#5770,4.);
#335=CIRCLE('',#5778,4.);
#336=CIRCLE('',#5779,2.);
#337=CIRCLE('',#5781,0.199999999999999);
#338=CIRCLE('',#5783,0.199999999999999);
#339=CIRCLE('',#5784,0.199999999999999);
#340=CIRCLE('',#5786,0.199999999999999);
#341=CIRCLE('',#5787,0.199999999999999);
#342=CIRCLE('',#5788,0.199999999999999);
#343=CIRCLE('',#5789,0.199999999999999);
#344=CIRCLE('',#5790,1.99993108715328);
#345=CIRCLE('',#5794,4.);
#346=CIRCLE('',#5795,2.);
#347=CIRCLE('',#5796,0.199999999999999);
#348=CIRCLE('',#5797,1.99993108715327);
#349=CIRCLE('',#5802,0.9);
#350=CIRCLE('',#5804,0.9);
#351=CIRCLE('',#5808,0.2);
#352=CIRCLE('',#5809,3.2);
#353=CIRCLE('',#5810,0.199999999999999);
#354=CIRCLE('',#5813,0.199999999999999);
#355=CIRCLE('',#5818,0.2);
#356=CIRCLE('',#5821,0.8);
#357=CIRCLE('',#5824,2.8);
#358=CIRCLE('',#5825,1.2);
#359=CIRCLE('',#5827,0.199999999999999);
#360=CIRCLE('',#5829,0.999999999999999);
#361=CIRCLE('',#5830,0.999999999999999);
#362=CIRCLE('',#5832,0.2);
#363=CIRCLE('',#5834,0.200000000000001);
#364=CIRCLE('',#5835,0.199999999999999);
#365=CIRCLE('',#5840,0.964937553699689);
#366=CIRCLE('',#5842,3.96493755369958);
#367=CIRCLE('',#5850,0.964937553699807);
#368=CIRCLE('',#5853,0.964937553699807);
#369=CIRCLE('',#5856,3.9649375536996);
#370=CIRCLE('',#5859,0.964937553699807);
#371=CIRCLE('',#5862,0.200000000000001);
#372=CIRCLE('',#5864,0.899999999999998);
#373=CIRCLE('',#5869,0.899999999999998);
#374=CIRCLE('',#5871,0.799999999999999);
#375=CIRCLE('',#5872,3.2);
#376=CIRCLE('',#5874,2.);
#377=CIRCLE('',#5876,0.199999999999999);
#378=CIRCLE('',#5879,0.199999999999999);
#379=CIRCLE('',#5881,0.199999999999999);
#380=CIRCLE('',#5883,2.);
#381=CIRCLE('',#5885,0.199999999999999);
#382=CIRCLE('',#5887,0.199999999999999);
#383=CIRCLE('',#5898,0.199999999999999);
#384=CIRCLE('',#5900,0.2);
#385=CIRCLE('',#5902,3.);
#386=CIRCLE('',#5905,0.2);
#387=CIRCLE('',#5909,0.5);
#388=CIRCLE('',#5910,0.500000000000001);
#389=CIRCLE('',#5912,0.499999999999999);
#390=CIRCLE('',#5913,0.5);
#391=CIRCLE('',#5914,0.465013706121495);
#392=CIRCLE('',#5915,0.5);
#393=CIRCLE('',#5917,3.46501370612139);
#394=CIRCLE('',#5919,0.500000000000001);
#395=CIRCLE('',#5920,0.5);
#396=CIRCLE('',#5922,0.5);
#397=CIRCLE('',#5924,0.500000000000001);
#398=CIRCLE('',#5925,0.5);
#399=CIRCLE('',#5926,0.465013706121609);
#400=CIRCLE('',#5927,0.5);
#401=CIRCLE('',#5928,0.465013706121609);
#402=CIRCLE('',#5930,0.5);
#403=CIRCLE('',#5932,3.4650137061214);
#404=CIRCLE('',#5933,0.465013706121609);
#405=CIRCLE('',#5940,0.2);
#406=CIRCLE('',#5941,3.);
#407=CIRCLE('',#5944,1.6);
#408=CIRCLE('',#5947,1.6);
#409=CIRCLE('',#5951,3.15);
#410=CIRCLE('',#5952,3.15);
#411=CIRCLE('',#5953,4.5);
#412=CIRCLE('',#5954,4.5);
#413=CIRCLE('',#5955,4.5);
#414=CIRCLE('',#5956,4.5);
#415=CIRCLE('',#5959,1.6);
#416=CIRCLE('',#5961,1.6);
#417=CIRCLE('',#5964,0.9);
#418=CIRCLE('',#5966,0.9);
#419=CIRCLE('',#5969,4.46493755369981);
#420=CIRCLE('',#5971,3.15);
#421=CIRCLE('',#5973,4.46493755369981);
#422=CIRCLE('',#5977,4.46493755369981);
#423=CIRCLE('',#5980,4.46493755369981);
#424=CIRCLE('',#5983,3.15);
#425=CIRCLE('',#5992,0.5);
#426=CIRCLE('',#5993,3.96501370612161);
#427=CIRCLE('',#5994,0.5);
#428=CIRCLE('',#5996,0.5);
#429=CIRCLE('',#5997,0.5);
#430=CIRCLE('',#5998,3.96501370612161);
#431=CIRCLE('',#6000,0.5);
#432=CIRCLE('',#6002,0.5);
#433=CIRCLE('',#6004,0.5);
#434=CIRCLE('',#6005,3.96501370612161);
#435=CIRCLE('',#6007,0.5);
#436=CIRCLE('',#6009,3.96501370612161);
#437=CIRCLE('',#6013,2.29990482345408);
#438=CIRCLE('',#6014,2.29990482345411);
#439=CIRCLE('',#6015,2.2999048234541);
#440=CIRCLE('',#6016,2.29990482345411);
#441=CIRCLE('',#6017,1.79992522150563);
#442=CIRCLE('',#6018,1.79992522150561);
#443=CIRCLE('',#6019,1.79992531513571);
#444=CIRCLE('',#6020,1.79992531513565);
#445=CIRCLE('',#6021,1.79992531513567);
#446=CIRCLE('',#6022,1.79992531513574);
#447=CIRCLE('',#6023,1.79992522150566);
#448=CIRCLE('',#6024,1.79992522150556);
#449=CIRCLE('',#6025,0.300000000000001);
#450=CIRCLE('',#6026,0.3);
#451=CIRCLE('',#6027,1.49991038110702);
#452=CIRCLE('',#6029,0.3);
#453=CIRCLE('',#6030,0.3);
#454=CIRCLE('',#6032,0.3);
#455=CIRCLE('',#6033,0.3);
#456=CIRCLE('',#6034,0.3);
#457=CIRCLE('',#6035,1.49991026881198);
#458=CIRCLE('',#6036,0.3);
#459=CIRCLE('',#6038,0.3);
#460=CIRCLE('',#6039,0.3);
#461=CIRCLE('',#6040,0.3);
#462=CIRCLE('',#6041,1.99989055271607);
#463=CIRCLE('',#6042,0.299999999999999);
#464=CIRCLE('',#6043,1.49991038110692);
#465=CIRCLE('',#6044,0.3);
#466=CIRCLE('',#6046,0.3);
#467=CIRCLE('',#6047,0.3);
#468=CIRCLE('',#6048,0.3);
#469=CIRCLE('',#6049,1.9998905527161);
#470=CIRCLE('',#6051,1.9998905527161);
#471=CIRCLE('',#6052,0.299999999999999);
#472=CIRCLE('',#6053,1.4999102688121);
#473=CIRCLE('',#6054,0.3);
#474=CIRCLE('',#6055,1.49991038110687);
#475=CIRCLE('',#6056,1.49991038110707);
#476=CIRCLE('',#6058,1.49991026881225);
#477=CIRCLE('',#6059,1.49991026881193);
#478=CIRCLE('',#6060,1.99989055271607);
#479=CIRCLE('',#6062,1.4999609555331);
#480=CIRCLE('',#6063,1.49996095553311);
#481=CIRCLE('',#6067,1.49996098627802);
#482=CIRCLE('',#6068,1.49996098627812);
#483=CIRCLE('',#6071,1.99994020160018);
#484=CIRCLE('',#6072,1.9999402016002);
#485=CIRCLE('',#6074,1.49996095553312);
#486=CIRCLE('',#6075,1.49996095553311);
#487=CIRCLE('',#6078,1.99994020160018);
#488=CIRCLE('',#6079,1.99994020160017);
#489=CIRCLE('',#6082,1.49996098627802);
#490=CIRCLE('',#6083,1.49996098627801);
#491=CIRCLE('',#6085,0.3);
#492=CIRCLE('',#6086,0.300000000000002);
#493=CIRCLE('',#6089,0.3);
#494=CIRCLE('',#6091,0.300000000000002);
#495=CIRCLE('',#6092,0.300000000000002);
#496=CIRCLE('',#6094,0.300000000000002);
#497=CIRCLE('',#6095,0.300000000000002);
#498=CIRCLE('',#6096,0.3);
#499=CIRCLE('',#6097,0.300000000000002);
#500=CIRCLE('',#6098,0.3);
#501=CIRCLE('',#6100,0.3);
#502=CIRCLE('',#6101,0.3);
#503=CIRCLE('',#6102,0.300000000000002);
#504=CIRCLE('',#6103,0.3);
#505=CIRCLE('',#6105,0.300000000000002);
#506=CIRCLE('',#6106,0.3);
#507=CIRCLE('',#6109,0.3);
#508=CIRCLE('',#6111,0.299999999999999);
#509=FACE_OUTER_BOUND('',#830,.T.);
#510=FACE_OUTER_BOUND('',#831,.T.);
#511=FACE_OUTER_BOUND('',#833,.T.);
#512=FACE_OUTER_BOUND('',#834,.T.);
#513=FACE_OUTER_BOUND('',#835,.T.);
#514=FACE_OUTER_BOUND('',#836,.T.);
#515=FACE_OUTER_BOUND('',#837,.T.);
#516=FACE_OUTER_BOUND('',#838,.T.);
#517=FACE_OUTER_BOUND('',#839,.T.);
#518=FACE_OUTER_BOUND('',#840,.T.);
#519=FACE_OUTER_BOUND('',#841,.T.);
#520=FACE_OUTER_BOUND('',#842,.T.);
#521=FACE_OUTER_BOUND('',#843,.T.);
#522=FACE_OUTER_BOUND('',#844,.T.);
#523=FACE_OUTER_BOUND('',#845,.T.);
#524=FACE_OUTER_BOUND('',#846,.T.);
#525=FACE_OUTER_BOUND('',#847,.T.);
#526=FACE_OUTER_BOUND('',#848,.T.);
#527=FACE_OUTER_BOUND('',#849,.T.);
#528=FACE_OUTER_BOUND('',#850,.T.);
#529=FACE_OUTER_BOUND('',#851,.T.);
#530=FACE_OUTER_BOUND('',#852,.T.);
#531=FACE_OUTER_BOUND('',#853,.T.);
#532=FACE_OUTER_BOUND('',#854,.T.);
#533=FACE_OUTER_BOUND('',#855,.T.);
#534=FACE_OUTER_BOUND('',#856,.T.);
#535=FACE_OUTER_BOUND('',#857,.T.);
#536=FACE_OUTER_BOUND('',#858,.T.);
#537=FACE_OUTER_BOUND('',#859,.T.);
#538=FACE_OUTER_BOUND('',#860,.T.);
#539=FACE_OUTER_BOUND('',#861,.T.);
#540=FACE_OUTER_BOUND('',#862,.T.);
#541=FACE_OUTER_BOUND('',#863,.T.);
#542=FACE_OUTER_BOUND('',#864,.T.);
#543=FACE_OUTER_BOUND('',#865,.T.);
#544=FACE_OUTER_BOUND('',#866,.T.);
#545=FACE_OUTER_BOUND('',#867,.T.);
#546=FACE_OUTER_BOUND('',#868,.T.);
#547=FACE_OUTER_BOUND('',#869,.T.);
#548=FACE_OUTER_BOUND('',#870,.T.);
#549=FACE_OUTER_BOUND('',#871,.T.);
#550=FACE_OUTER_BOUND('',#872,.T.);
#551=FACE_OUTER_BOUND('',#873,.T.);
#552=FACE_OUTER_BOUND('',#874,.T.);
#553=FACE_OUTER_BOUND('',#875,.T.);
#554=FACE_OUTER_BOUND('',#876,.T.);
#555=FACE_OUTER_BOUND('',#878,.T.);
#556=FACE_OUTER_BOUND('',#879,.T.);
#557=FACE_OUTER_BOUND('',#880,.T.);
#558=FACE_OUTER_BOUND('',#881,.T.);
#559=FACE_OUTER_BOUND('',#883,.T.);
#560=FACE_OUTER_BOUND('',#884,.T.);
#561=FACE_OUTER_BOUND('',#885,.T.);
#562=FACE_OUTER_BOUND('',#886,.T.);
#563=FACE_OUTER_BOUND('',#887,.T.);
#564=FACE_OUTER_BOUND('',#888,.T.);
#565=FACE_OUTER_BOUND('',#889,.T.);
#566=FACE_OUTER_BOUND('',#890,.T.);
#567=FACE_OUTER_BOUND('',#891,.T.);
#568=FACE_OUTER_BOUND('',#892,.T.);
#569=FACE_OUTER_BOUND('',#893,.T.);
#570=FACE_OUTER_BOUND('',#894,.T.);
#571=FACE_OUTER_BOUND('',#895,.T.);
#572=FACE_OUTER_BOUND('',#896,.T.);
#573=FACE_OUTER_BOUND('',#897,.T.);
#574=FACE_OUTER_BOUND('',#898,.T.);
#575=FACE_OUTER_BOUND('',#899,.T.);
#576=FACE_OUTER_BOUND('',#900,.T.);
#577=FACE_OUTER_BOUND('',#901,.T.);
#578=FACE_OUTER_BOUND('',#902,.T.);
#579=FACE_OUTER_BOUND('',#903,.T.);
#580=FACE_OUTER_BOUND('',#904,.T.);
#581=FACE_OUTER_BOUND('',#905,.T.);
#582=FACE_OUTER_BOUND('',#906,.T.);
#583=FACE_OUTER_BOUND('',#907,.T.);
#584=FACE_OUTER_BOUND('',#908,.T.);
#585=FACE_OUTER_BOUND('',#909,.T.);
#586=FACE_OUTER_BOUND('',#910,.T.);
#587=FACE_OUTER_BOUND('',#911,.T.);
#588=FACE_OUTER_BOUND('',#912,.T.);
#589=FACE_OUTER_BOUND('',#913,.T.);
#590=FACE_OUTER_BOUND('',#914,.T.);
#591=FACE_OUTER_BOUND('',#916,.T.);
#592=FACE_OUTER_BOUND('',#917,.T.);
#593=FACE_OUTER_BOUND('',#918,.T.);
#594=FACE_OUTER_BOUND('',#919,.T.);
#595=FACE_OUTER_BOUND('',#920,.T.);
#596=FACE_OUTER_BOUND('',#921,.T.);
#597=FACE_OUTER_BOUND('',#922,.T.);
#598=FACE_OUTER_BOUND('',#923,.T.);
#599=FACE_OUTER_BOUND('',#924,.T.);
#600=FACE_OUTER_BOUND('',#925,.T.);
#601=FACE_OUTER_BOUND('',#926,.T.);
#602=FACE_OUTER_BOUND('',#927,.T.);
#603=FACE_OUTER_BOUND('',#928,.T.);
#604=FACE_OUTER_BOUND('',#929,.T.);
#605=FACE_OUTER_BOUND('',#930,.T.);
#606=FACE_OUTER_BOUND('',#931,.T.);
#607=FACE_OUTER_BOUND('',#932,.T.);
#608=FACE_OUTER_BOUND('',#934,.T.);
#609=FACE_OUTER_BOUND('',#935,.T.);
#610=FACE_OUTER_BOUND('',#937,.T.);
#611=FACE_OUTER_BOUND('',#938,.T.);
#612=FACE_OUTER_BOUND('',#939,.T.);
#613=FACE_OUTER_BOUND('',#940,.T.);
#614=FACE_OUTER_BOUND('',#941,.T.);
#615=FACE_OUTER_BOUND('',#943,.T.);
#616=FACE_OUTER_BOUND('',#944,.T.);
#617=FACE_OUTER_BOUND('',#945,.T.);
#618=FACE_OUTER_BOUND('',#946,.T.);
#619=FACE_OUTER_BOUND('',#947,.T.);
#620=FACE_OUTER_BOUND('',#948,.T.);
#621=FACE_OUTER_BOUND('',#949,.T.);
#622=FACE_OUTER_BOUND('',#950,.T.);
#623=FACE_OUTER_BOUND('',#951,.T.);
#624=FACE_OUTER_BOUND('',#953,.T.);
#625=FACE_OUTER_BOUND('',#954,.T.);
#626=FACE_OUTER_BOUND('',#955,.T.);
#627=FACE_OUTER_BOUND('',#956,.T.);
#628=FACE_OUTER_BOUND('',#957,.T.);
#629=FACE_OUTER_BOUND('',#959,.T.);
#630=FACE_OUTER_BOUND('',#961,.T.);
#631=FACE_OUTER_BOUND('',#962,.T.);
#632=FACE_OUTER_BOUND('',#963,.T.);
#633=FACE_OUTER_BOUND('',#964,.T.);
#634=FACE_OUTER_BOUND('',#965,.T.);
#635=FACE_OUTER_BOUND('',#966,.T.);
#636=FACE_OUTER_BOUND('',#967,.T.);
#637=FACE_OUTER_BOUND('',#968,.T.);
#638=FACE_OUTER_BOUND('',#969,.T.);
#639=FACE_OUTER_BOUND('',#970,.T.);
#640=FACE_OUTER_BOUND('',#971,.T.);
#641=FACE_OUTER_BOUND('',#973,.T.);
#642=FACE_OUTER_BOUND('',#974,.T.);
#643=FACE_OUTER_BOUND('',#975,.T.);
#644=FACE_OUTER_BOUND('',#976,.T.);
#645=FACE_OUTER_BOUND('',#977,.T.);
#646=FACE_OUTER_BOUND('',#978,.T.);
#647=FACE_OUTER_BOUND('',#979,.T.);
#648=FACE_OUTER_BOUND('',#980,.T.);
#649=FACE_OUTER_BOUND('',#981,.T.);
#650=FACE_OUTER_BOUND('',#982,.T.);
#651=FACE_OUTER_BOUND('',#983,.T.);
#652=FACE_OUTER_BOUND('',#984,.T.);
#653=FACE_OUTER_BOUND('',#985,.T.);
#654=FACE_OUTER_BOUND('',#986,.T.);
#655=FACE_OUTER_BOUND('',#987,.T.);
#656=FACE_OUTER_BOUND('',#988,.T.);
#657=FACE_OUTER_BOUND('',#989,.T.);
#658=FACE_OUTER_BOUND('',#990,.T.);
#659=FACE_OUTER_BOUND('',#991,.T.);
#660=FACE_OUTER_BOUND('',#992,.T.);
#661=FACE_OUTER_BOUND('',#993,.T.);
#662=FACE_OUTER_BOUND('',#994,.T.);
#663=FACE_OUTER_BOUND('',#995,.T.);
#664=FACE_OUTER_BOUND('',#996,.T.);
#665=FACE_OUTER_BOUND('',#997,.T.);
#666=FACE_OUTER_BOUND('',#999,.T.);
#667=FACE_OUTER_BOUND('',#1000,.T.);
#668=FACE_OUTER_BOUND('',#1001,.T.);
#669=FACE_OUTER_BOUND('',#1002,.T.);
#670=FACE_OUTER_BOUND('',#1004,.T.);
#671=FACE_OUTER_BOUND('',#1005,.T.);
#672=FACE_OUTER_BOUND('',#1006,.T.);
#673=FACE_OUTER_BOUND('',#1007,.T.);
#674=FACE_OUTER_BOUND('',#1008,.T.);
#675=FACE_OUTER_BOUND('',#1009,.T.);
#676=FACE_OUTER_BOUND('',#1010,.T.);
#677=FACE_OUTER_BOUND('',#1011,.T.);
#678=FACE_OUTER_BOUND('',#1012,.T.);
#679=FACE_OUTER_BOUND('',#1013,.T.);
#680=FACE_OUTER_BOUND('',#1014,.T.);
#681=FACE_OUTER_BOUND('',#1015,.T.);
#682=FACE_OUTER_BOUND('',#1016,.T.);
#683=FACE_OUTER_BOUND('',#1017,.T.);
#684=FACE_OUTER_BOUND('',#1018,.T.);
#685=FACE_OUTER_BOUND('',#1019,.T.);
#686=FACE_OUTER_BOUND('',#1020,.T.);
#687=FACE_OUTER_BOUND('',#1021,.T.);
#688=FACE_OUTER_BOUND('',#1022,.T.);
#689=FACE_OUTER_BOUND('',#1023,.T.);
#690=FACE_OUTER_BOUND('',#1024,.T.);
#691=FACE_OUTER_BOUND('',#1025,.T.);
#692=FACE_OUTER_BOUND('',#1026,.T.);
#693=FACE_OUTER_BOUND('',#1027,.T.);
#694=FACE_OUTER_BOUND('',#1028,.T.);
#695=FACE_OUTER_BOUND('',#1029,.T.);
#696=FACE_OUTER_BOUND('',#1030,.T.);
#697=FACE_OUTER_BOUND('',#1031,.T.);
#698=FACE_OUTER_BOUND('',#1032,.T.);
#699=FACE_OUTER_BOUND('',#1033,.T.);
#700=FACE_OUTER_BOUND('',#1034,.T.);
#701=FACE_OUTER_BOUND('',#1035,.T.);
#702=FACE_OUTER_BOUND('',#1036,.T.);
#703=FACE_OUTER_BOUND('',#1037,.T.);
#704=FACE_OUTER_BOUND('',#1038,.T.);
#705=FACE_OUTER_BOUND('',#1039,.T.);
#706=FACE_OUTER_BOUND('',#1040,.T.);
#707=FACE_OUTER_BOUND('',#1041,.T.);
#708=FACE_OUTER_BOUND('',#1042,.T.);
#709=FACE_OUTER_BOUND('',#1043,.T.);
#710=FACE_OUTER_BOUND('',#1044,.T.);
#711=FACE_OUTER_BOUND('',#1045,.T.);
#712=FACE_OUTER_BOUND('',#1046,.T.);
#713=FACE_OUTER_BOUND('',#1047,.T.);
#714=FACE_OUTER_BOUND('',#1048,.T.);
#715=FACE_OUTER_BOUND('',#1050,.T.);
#716=FACE_OUTER_BOUND('',#1051,.T.);
#717=FACE_OUTER_BOUND('',#1053,.T.);
#718=FACE_OUTER_BOUND('',#1054,.T.);
#719=FACE_OUTER_BOUND('',#1056,.T.);
#720=FACE_OUTER_BOUND('',#1060,.T.);
#721=FACE_OUTER_BOUND('',#1061,.T.);
#722=FACE_OUTER_BOUND('',#1062,.T.);
#723=FACE_OUTER_BOUND('',#1063,.T.);
#724=FACE_OUTER_BOUND('',#1064,.T.);
#725=FACE_OUTER_BOUND('',#1066,.T.);
#726=FACE_OUTER_BOUND('',#1068,.T.);
#727=FACE_OUTER_BOUND('',#1069,.T.);
#728=FACE_OUTER_BOUND('',#1070,.T.);
#729=FACE_OUTER_BOUND('',#1071,.T.);
#730=FACE_OUTER_BOUND('',#1072,.T.);
#731=FACE_OUTER_BOUND('',#1073,.T.);
#732=FACE_OUTER_BOUND('',#1074,.T.);
#733=FACE_OUTER_BOUND('',#1075,.T.);
#734=FACE_OUTER_BOUND('',#1076,.T.);
#735=FACE_OUTER_BOUND('',#1077,.T.);
#736=FACE_OUTER_BOUND('',#1078,.T.);
#737=FACE_OUTER_BOUND('',#1079,.T.);
#738=FACE_OUTER_BOUND('',#1080,.T.);
#739=FACE_OUTER_BOUND('',#1081,.T.);
#740=FACE_OUTER_BOUND('',#1082,.T.);
#741=FACE_OUTER_BOUND('',#1083,.T.);
#742=FACE_OUTER_BOUND('',#1084,.T.);
#743=FACE_OUTER_BOUND('',#1085,.T.);
#744=FACE_OUTER_BOUND('',#1086,.T.);
#745=FACE_OUTER_BOUND('',#1087,.T.);
#746=FACE_OUTER_BOUND('',#1088,.T.);
#747=FACE_OUTER_BOUND('',#1089,.T.);
#748=FACE_OUTER_BOUND('',#1090,.T.);
#749=FACE_OUTER_BOUND('',#1091,.T.);
#750=FACE_OUTER_BOUND('',#1092,.T.);
#751=FACE_OUTER_BOUND('',#1093,.T.);
#752=FACE_OUTER_BOUND('',#1094,.T.);
#753=FACE_OUTER_BOUND('',#1095,.T.);
#754=FACE_OUTER_BOUND('',#1097,.T.);
#755=FACE_OUTER_BOUND('',#1098,.T.);
#756=FACE_OUTER_BOUND('',#1099,.T.);
#757=FACE_OUTER_BOUND('',#1100,.T.);
#758=FACE_OUTER_BOUND('',#1101,.T.);
#759=FACE_OUTER_BOUND('',#1102,.T.);
#760=FACE_OUTER_BOUND('',#1103,.T.);
#761=FACE_OUTER_BOUND('',#1104,.T.);
#762=FACE_OUTER_BOUND('',#1105,.T.);
#763=FACE_OUTER_BOUND('',#1106,.T.);
#764=FACE_OUTER_BOUND('',#1107,.T.);
#765=FACE_OUTER_BOUND('',#1108,.T.);
#766=FACE_OUTER_BOUND('',#1109,.T.);
#767=FACE_OUTER_BOUND('',#1110,.T.);
#768=FACE_OUTER_BOUND('',#1111,.T.);
#769=FACE_OUTER_BOUND('',#1112,.T.);
#770=FACE_OUTER_BOUND('',#1113,.T.);
#771=FACE_OUTER_BOUND('',#1114,.T.);
#772=FACE_OUTER_BOUND('',#1115,.T.);
#773=FACE_OUTER_BOUND('',#1116,.T.);
#774=FACE_OUTER_BOUND('',#1117,.T.);
#775=FACE_OUTER_BOUND('',#1118,.T.);
#776=FACE_OUTER_BOUND('',#1119,.T.);
#777=FACE_OUTER_BOUND('',#1120,.T.);
#778=FACE_OUTER_BOUND('',#1121,.T.);
#779=FACE_OUTER_BOUND('',#1122,.T.);
#780=FACE_OUTER_BOUND('',#1123,.T.);
#781=FACE_OUTER_BOUND('',#1124,.T.);
#782=FACE_OUTER_BOUND('',#1125,.T.);
#783=FACE_OUTER_BOUND('',#1126,.T.);
#784=FACE_OUTER_BOUND('',#1127,.T.);
#785=FACE_OUTER_BOUND('',#1128,.T.);
#786=FACE_OUTER_BOUND('',#1129,.T.);
#787=FACE_OUTER_BOUND('',#1130,.T.);
#788=FACE_OUTER_BOUND('',#1131,.T.);
#789=FACE_OUTER_BOUND('',#1132,.T.);
#790=FACE_OUTER_BOUND('',#1133,.T.);
#791=FACE_OUTER_BOUND('',#1134,.T.);
#792=FACE_OUTER_BOUND('',#1135,.T.);
#793=FACE_OUTER_BOUND('',#1136,.T.);
#794=FACE_OUTER_BOUND('',#1137,.T.);
#795=FACE_OUTER_BOUND('',#1138,.T.);
#796=FACE_OUTER_BOUND('',#1139,.T.);
#797=FACE_OUTER_BOUND('',#1140,.T.);
#798=FACE_OUTER_BOUND('',#1141,.T.);
#799=FACE_OUTER_BOUND('',#1142,.T.);
#800=FACE_OUTER_BOUND('',#1143,.T.);
#801=FACE_OUTER_BOUND('',#1144,.T.);
#802=FACE_OUTER_BOUND('',#1145,.T.);
#803=FACE_OUTER_BOUND('',#1149,.T.);
#804=FACE_OUTER_BOUND('',#1150,.T.);
#805=FACE_OUTER_BOUND('',#1151,.T.);
#806=FACE_OUTER_BOUND('',#1152,.T.);
#807=FACE_OUTER_BOUND('',#1153,.T.);
#808=FACE_OUTER_BOUND('',#1154,.T.);
#809=FACE_OUTER_BOUND('',#1155,.T.);
#810=FACE_OUTER_BOUND('',#1156,.T.);
#811=FACE_OUTER_BOUND('',#1157,.T.);
#812=FACE_OUTER_BOUND('',#1158,.T.);
#813=FACE_OUTER_BOUND('',#1159,.T.);
#814=FACE_OUTER_BOUND('',#1160,.T.);
#815=FACE_OUTER_BOUND('',#1161,.T.);
#816=FACE_OUTER_BOUND('',#1162,.T.);
#817=FACE_OUTER_BOUND('',#1163,.T.);
#818=FACE_OUTER_BOUND('',#1164,.T.);
#819=FACE_OUTER_BOUND('',#1165,.T.);
#820=FACE_OUTER_BOUND('',#1166,.T.);
#821=FACE_OUTER_BOUND('',#1167,.T.);
#822=FACE_OUTER_BOUND('',#1168,.T.);
#823=FACE_OUTER_BOUND('',#1169,.T.);
#824=FACE_OUTER_BOUND('',#1170,.T.);
#825=FACE_OUTER_BOUND('',#1171,.T.);
#826=FACE_OUTER_BOUND('',#1172,.T.);
#827=FACE_OUTER_BOUND('',#1173,.T.);
#828=FACE_OUTER_BOUND('',#1174,.T.);
#829=FACE_OUTER_BOUND('',#1175,.T.);
#830=EDGE_LOOP('',(#3486,#3487,#3488,#3489));
#831=EDGE_LOOP('',(#3490,#3491,#3492,#3493,#3494,#3495,#3496,#3497));
#832=EDGE_LOOP('',(#3498,#3499,#3500,#3501,#3502,#3503,#3504,#3505,#3506,
#3507,#3508,#3509,#3510,#3511,#3512,#3513));
#833=EDGE_LOOP('',(#3514,#3515,#3516,#3517,#3518));
#834=EDGE_LOOP('',(#3519,#3520,#3521,#3522,#3523,#3524));
#835=EDGE_LOOP('',(#3525,#3526,#3527,#3528,#3529));
#836=EDGE_LOOP('',(#3530,#3531,#3532,#3533,#3534,#3535,#3536,#3537));
#837=EDGE_LOOP('',(#3538,#3539,#3540,#3541));
#838=EDGE_LOOP('',(#3542,#3543,#3544,#3545,#3546,#3547,#3548,#3549,#3550,
#3551,#3552,#3553));
#839=EDGE_LOOP('',(#3554,#3555,#3556,#3557));
#840=EDGE_LOOP('',(#3558,#3559,#3560,#3561));
#841=EDGE_LOOP('',(#3562,#3563,#3564,#3565,#3566));
#842=EDGE_LOOP('',(#3567,#3568,#3569,#3570));
#843=EDGE_LOOP('',(#3571,#3572,#3573,#3574));
#844=EDGE_LOOP('',(#3575,#3576,#3577,#3578));
#845=EDGE_LOOP('',(#3579,#3580,#3581,#3582));
#846=EDGE_LOOP('',(#3583,#3584,#3585,#3586,#3587));
#847=EDGE_LOOP('',(#3588,#3589,#3590,#3591));
#848=EDGE_LOOP('',(#3592,#3593,#3594,#3595));
#849=EDGE_LOOP('',(#3596,#3597,#3598,#3599));
#850=EDGE_LOOP('',(#3600,#3601,#3602,#3603));
#851=EDGE_LOOP('',(#3604,#3605,#3606,#3607));
#852=EDGE_LOOP('',(#3608,#3609,#3610,#3611,#3612));
#853=EDGE_LOOP('',(#3613,#3614,#3615,#3616));
#854=EDGE_LOOP('',(#3617,#3618,#3619,#3620,#3621));
#855=EDGE_LOOP('',(#3622,#3623,#3624,#3625));
#856=EDGE_LOOP('',(#3626,#3627,#3628,#3629));
#857=EDGE_LOOP('',(#3630,#3631,#3632,#3633));
#858=EDGE_LOOP('',(#3634,#3635,#3636,#3637));
#859=EDGE_LOOP('',(#3638,#3639,#3640,#3641,#3642,#3643,#3644,#3645));
#860=EDGE_LOOP('',(#3646,#3647,#3648,#3649,#3650,#3651,#3652,#3653,#3654,
#3655));
#861=EDGE_LOOP('',(#3656,#3657,#3658,#3659,#3660));
#862=EDGE_LOOP('',(#3661,#3662,#3663,#3664,#3665,#3666,#3667,#3668));
#863=EDGE_LOOP('',(#3669,#3670,#3671,#3672,#3673));
#864=EDGE_LOOP('',(#3674,#3675,#3676,#3677,#3678));
#865=EDGE_LOOP('',(#3679,#3680,#3681,#3682,#3683));
#866=EDGE_LOOP('',(#3684,#3685,#3686,#3687,#3688));
#867=EDGE_LOOP('',(#3689,#3690,#3691,#3692,#3693));
#868=EDGE_LOOP('',(#3694,#3695,#3696,#3697,#3698,#3699));
#869=EDGE_LOOP('',(#3700,#3701,#3702,#3703,#3704,#3705));
#870=EDGE_LOOP('',(#3706,#3707,#3708,#3709));
#871=EDGE_LOOP('',(#3710,#3711,#3712,#3713));
#872=EDGE_LOOP('',(#3714,#3715,#3716,#3717));
#873=EDGE_LOOP('',(#3718,#3719,#3720,#3721));
#874=EDGE_LOOP('',(#3722,#3723,#3724,#3725));
#875=EDGE_LOOP('',(#3726,#3727,#3728,#3729));
#876=EDGE_LOOP('',(#3730,#3731,#3732,#3733,#3734,#3735,#3736,#3737,#3738,
#3739));
#877=EDGE_LOOP('',(#3740,#3741,#3742,#3743));
#878=EDGE_LOOP('',(#3744,#3745,#3746,#3747));
#879=EDGE_LOOP('',(#3748,#3749,#3750,#3751));
#880=EDGE_LOOP('',(#3752,#3753,#3754,#3755));
#881=EDGE_LOOP('',(#3756,#3757,#3758,#3759,#3760,#3761,#3762,#3763,#3764,
#3765,#3766,#3767));
#882=EDGE_LOOP('',(#3768,#3769,#3770,#3771,#3772,#3773,#3774,#3775,#3776,
#3777,#3778,#3779));
#883=EDGE_LOOP('',(#3780,#3781,#3782,#3783));
#884=EDGE_LOOP('',(#3784,#3785,#3786,#3787));
#885=EDGE_LOOP('',(#3788,#3789,#3790,#3791));
#886=EDGE_LOOP('',(#3792,#3793,#3794,#3795,#3796));
#887=EDGE_LOOP('',(#3797,#3798,#3799,#3800));
#888=EDGE_LOOP('',(#3801,#3802,#3803,#3804));
#889=EDGE_LOOP('',(#3805,#3806,#3807,#3808));
#890=EDGE_LOOP('',(#3809,#3810,#3811,#3812));
#891=EDGE_LOOP('',(#3813,#3814,#3815,#3816));
#892=EDGE_LOOP('',(#3817,#3818,#3819,#3820));
#893=EDGE_LOOP('',(#3821,#3822,#3823,#3824,#3825,#3826,#3827,#3828,#3829,
#3830,#3831,#3832));
#894=EDGE_LOOP('',(#3833,#3834,#3835,#3836,#3837,#3838,#3839,#3840));
#895=EDGE_LOOP('',(#3841,#3842,#3843,#3844,#3845,#3846,#3847,#3848));
#896=EDGE_LOOP('',(#3849,#3850,#3851,#3852));
#897=EDGE_LOOP('',(#3853,#3854,#3855,#3856,#3857,#3858,#3859,#3860));
#898=EDGE_LOOP('',(#3861,#3862,#3863,#3864));
#899=EDGE_LOOP('',(#3865,#3866,#3867,#3868,#3869,#3870,#3871,#3872));
#900=EDGE_LOOP('',(#3873,#3874,#3875,#3876));
#901=EDGE_LOOP('',(#3877,#3878,#3879,#3880,#3881,#3882,#3883,#3884));
#902=EDGE_LOOP('',(#3885,#3886,#3887,#3888));
#903=EDGE_LOOP('',(#3889,#3890,#3891,#3892));
#904=EDGE_LOOP('',(#3893,#3894,#3895,#3896));
#905=EDGE_LOOP('',(#3897,#3898,#3899,#3900,#3901,#3902,#3903,#3904));
#906=EDGE_LOOP('',(#3905,#3906,#3907,#3908));
#907=EDGE_LOOP('',(#3909,#3910,#3911,#3912));
#908=EDGE_LOOP('',(#3913,#3914,#3915,#3916,#3917,#3918,#3919,#3920));
#909=EDGE_LOOP('',(#3921,#3922,#3923,#3924));
#910=EDGE_LOOP('',(#3925,#3926,#3927,#3928));
#911=EDGE_LOOP('',(#3929,#3930,#3931,#3932,#3933,#3934,#3935,#3936));
#912=EDGE_LOOP('',(#3937,#3938,#3939,#3940));
#913=EDGE_LOOP('',(#3941,#3942,#3943));
#914=EDGE_LOOP('',(#3944,#3945,#3946,#3947));
#915=EDGE_LOOP('',(#3948,#3949,#3950,#3951));
#916=EDGE_LOOP('',(#3952,#3953,#3954,#3955));
#917=EDGE_LOOP('',(#3956,#3957,#3958,#3959,#3960,#3961));
#918=EDGE_LOOP('',(#3962,#3963,#3964,#3965));
#919=EDGE_LOOP('',(#3966,#3967,#3968,#3969));
#920=EDGE_LOOP('',(#3970,#3971,#3972,#3973));
#921=EDGE_LOOP('',(#3974,#3975,#3976));
#922=EDGE_LOOP('',(#3977,#3978,#3979,#3980));
#923=EDGE_LOOP('',(#3981,#3982,#3983));
#924=EDGE_LOOP('',(#3984,#3985,#3986,#3987));
#925=EDGE_LOOP('',(#3988,#3989,#3990,#3991,#3992,#3993));
#926=EDGE_LOOP('',(#3994,#3995,#3996,#3997,#3998));
#927=EDGE_LOOP('',(#3999,#4000,#4001,#4002,#4003));
#928=EDGE_LOOP('',(#4004,#4005,#4006,#4007));
#929=EDGE_LOOP('',(#4008,#4009,#4010,#4011));
#930=EDGE_LOOP('',(#4012,#4013,#4014));
#931=EDGE_LOOP('',(#4015,#4016,#4017,#4018));
#932=EDGE_LOOP('',(#4019,#4020,#4021,#4022,#4023,#4024,#4025,#4026,#4027,
#4028,#4029,#4030));
#933=EDGE_LOOP('',(#4031,#4032,#4033,#4034,#4035,#4036,#4037,#4038,#4039,
#4040,#4041,#4042,#4043,#4044,#4045,#4046,#4047,#4048,#4049,#4050));
#934=EDGE_LOOP('',(#4051,#4052,#4053,#4054));
#935=EDGE_LOOP('',(#4055,#4056,#4057,#4058,#4059,#4060,#4061,#4062));
#936=EDGE_LOOP('',(#4063,#4064,#4065,#4066));
#937=EDGE_LOOP('',(#4067,#4068,#4069,#4070,#4071,#4072,#4073,#4074));
#938=EDGE_LOOP('',(#4075,#4076,#4077,#4078));
#939=EDGE_LOOP('',(#4079,#4080,#4081,#4082));
#940=EDGE_LOOP('',(#4083,#4084,#4085,#4086));
#941=EDGE_LOOP('',(#4087,#4088,#4089,#4090,#4091,#4092));
#942=EDGE_LOOP('',(#4093));
#943=EDGE_LOOP('',(#4094,#4095,#4096,#4097));
#944=EDGE_LOOP('',(#4098,#4099,#4100,#4101));
#945=EDGE_LOOP('',(#4102,#4103,#4104));
#946=EDGE_LOOP('',(#4105,#4106,#4107,#4108));
#947=EDGE_LOOP('',(#4109,#4110,#4111,#4112,#4113));
#948=EDGE_LOOP('',(#4114,#4115,#4116,#4117));
#949=EDGE_LOOP('',(#4118,#4119,#4120,#4121));
#950=EDGE_LOOP('',(#4122,#4123,#4124,#4125));
#951=EDGE_LOOP('',(#4126,#4127,#4128,#4129,#4130,#4131));
#952=EDGE_LOOP('',(#4132));
#953=EDGE_LOOP('',(#4133,#4134,#4135,#4136));
#954=EDGE_LOOP('',(#4137,#4138,#4139,#4140));
#955=EDGE_LOOP('',(#4141,#4142,#4143,#4144,#4145,#4146,#4147,#4148));
#956=EDGE_LOOP('',(#4149,#4150,#4151,#4152));
#957=EDGE_LOOP('',(#4153,#4154,#4155,#4156));
#958=EDGE_LOOP('',(#4157));
#959=EDGE_LOOP('',(#4158,#4159,#4160,#4161));
#960=EDGE_LOOP('',(#4162));
#961=EDGE_LOOP('',(#4163,#4164,#4165,#4166));
#962=EDGE_LOOP('',(#4167,#4168,#4169,#4170));
#963=EDGE_LOOP('',(#4171,#4172,#4173,#4174));
#964=EDGE_LOOP('',(#4175,#4176,#4177,#4178));
#965=EDGE_LOOP('',(#4179,#4180,#4181,#4182));
#966=EDGE_LOOP('',(#4183,#4184,#4185,#4186,#4187,#4188));
#967=EDGE_LOOP('',(#4189,#4190,#4191,#4192));
#968=EDGE_LOOP('',(#4193,#4194,#4195,#4196));
#969=EDGE_LOOP('',(#4197,#4198,#4199,#4200));
#970=EDGE_LOOP('',(#4201,#4202,#4203,#4204));
#971=EDGE_LOOP('',(#4205,#4206,#4207,#4208,#4209,#4210,#4211,#4212,#4213,
#4214));
#972=EDGE_LOOP('',(#4215,#4216,#4217,#4218));
#973=EDGE_LOOP('',(#4219,#4220,#4221,#4222));
#974=EDGE_LOOP('',(#4223,#4224,#4225,#4226));
#975=EDGE_LOOP('',(#4227,#4228,#4229,#4230));
#976=EDGE_LOOP('',(#4231,#4232,#4233,#4234,#4235,#4236));
#977=EDGE_LOOP('',(#4237,#4238,#4239,#4240));
#978=EDGE_LOOP('',(#4241,#4242,#4243,#4244));
#979=EDGE_LOOP('',(#4245,#4246,#4247,#4248));
#980=EDGE_LOOP('',(#4249,#4250,#4251,#4252));
#981=EDGE_LOOP('',(#4253,#4254,#4255,#4256));
#982=EDGE_LOOP('',(#4257,#4258,#4259,#4260));
#983=EDGE_LOOP('',(#4261,#4262,#4263,#4264));
#984=EDGE_LOOP('',(#4265,#4266,#4267,#4268));
#985=EDGE_LOOP('',(#4269,#4270,#4271,#4272));
#986=EDGE_LOOP('',(#4273,#4274,#4275,#4276));
#987=EDGE_LOOP('',(#4277,#4278,#4279,#4280));
#988=EDGE_LOOP('',(#4281,#4282,#4283,#4284));
#989=EDGE_LOOP('',(#4285,#4286,#4287,#4288));
#990=EDGE_LOOP('',(#4289,#4290,#4291,#4292));
#991=EDGE_LOOP('',(#4293,#4294,#4295,#4296));
#992=EDGE_LOOP('',(#4297,#4298,#4299,#4300));
#993=EDGE_LOOP('',(#4301,#4302,#4303,#4304));
#994=EDGE_LOOP('',(#4305,#4306,#4307,#4308));
#995=EDGE_LOOP('',(#4309,#4310,#4311,#4312));
#996=EDGE_LOOP('',(#4313,#4314,#4315,#4316,#4317,#4318,#4319));
#997=EDGE_LOOP('',(#4320,#4321,#4322,#4323));
#998=EDGE_LOOP('',(#4324));
#999=EDGE_LOOP('',(#4325,#4326,#4327,#4328,#4329,#4330,#4331));
#1000=EDGE_LOOP('',(#4332,#4333,#4334,#4335));
#1001=EDGE_LOOP('',(#4336,#4337,#4338,#4339));
#1002=EDGE_LOOP('',(#4340,#4341,#4342,#4343));
#1003=EDGE_LOOP('',(#4344));
#1004=EDGE_LOOP('',(#4345,#4346,#4347,#4348,#4349,#4350,#4351,#4352,#4353,
#4354,#4355,#4356,#4357,#4358,#4359,#4360));
#1005=EDGE_LOOP('',(#4361,#4362,#4363,#4364));
#1006=EDGE_LOOP('',(#4365,#4366,#4367));
#1007=EDGE_LOOP('',(#4368,#4369,#4370,#4371));
#1008=EDGE_LOOP('',(#4372,#4373,#4374,#4375,#4376,#4377));
#1009=EDGE_LOOP('',(#4378,#4379,#4380,#4381));
#1010=EDGE_LOOP('',(#4382,#4383,#4384,#4385));
#1011=EDGE_LOOP('',(#4386,#4387,#4388,#4389));
#1012=EDGE_LOOP('',(#4390,#4391,#4392,#4393));
#1013=EDGE_LOOP('',(#4394,#4395,#4396,#4397));
#1014=EDGE_LOOP('',(#4398,#4399,#4400,#4401));
#1015=EDGE_LOOP('',(#4402,#4403,#4404,#4405));
#1016=EDGE_LOOP('',(#4406,#4407,#4408,#4409));
#1017=EDGE_LOOP('',(#4410,#4411,#4412,#4413));
#1018=EDGE_LOOP('',(#4414,#4415,#4416,#4417));
#1019=EDGE_LOOP('',(#4418,#4419,#4420,#4421));
#1020=EDGE_LOOP('',(#4422,#4423,#4424,#4425));
#1021=EDGE_LOOP('',(#4426,#4427,#4428,#4429));
#1022=EDGE_LOOP('',(#4430,#4431,#4432,#4433));
#1023=EDGE_LOOP('',(#4434,#4435,#4436,#4437));
#1024=EDGE_LOOP('',(#4438,#4439,#4440,#4441));
#1025=EDGE_LOOP('',(#4442,#4443,#4444,#4445));
#1026=EDGE_LOOP('',(#4446,#4447,#4448,#4449));
#1027=EDGE_LOOP('',(#4450,#4451,#4452,#4453));
#1028=EDGE_LOOP('',(#4454,#4455,#4456,#4457,#4458,#4459,#4460,#4461));
#1029=EDGE_LOOP('',(#4462,#4463,#4464,#4465));
#1030=EDGE_LOOP('',(#4466,#4467,#4468,#4469));
#1031=EDGE_LOOP('',(#4470,#4471,#4472,#4473));
#1032=EDGE_LOOP('',(#4474,#4475,#4476,#4477));
#1033=EDGE_LOOP('',(#4478,#4479,#4480,#4481));
#1034=EDGE_LOOP('',(#4482,#4483,#4484,#4485));
#1035=EDGE_LOOP('',(#4486,#4487,#4488,#4489));
#1036=EDGE_LOOP('',(#4490,#4491,#4492,#4493));
#1037=EDGE_LOOP('',(#4494,#4495,#4496,#4497));
#1038=EDGE_LOOP('',(#4498,#4499,#4500,#4501));
#1039=EDGE_LOOP('',(#4502,#4503,#4504,#4505));
#1040=EDGE_LOOP('',(#4506,#4507,#4508,#4509));
#1041=EDGE_LOOP('',(#4510,#4511,#4512,#4513));
#1042=EDGE_LOOP('',(#4514,#4515,#4516,#4517));
#1043=EDGE_LOOP('',(#4518,#4519,#4520,#4521));
#1044=EDGE_LOOP('',(#4522,#4523,#4524,#4525));
#1045=EDGE_LOOP('',(#4526,#4527,#4528,#4529));
#1046=EDGE_LOOP('',(#4530,#4531,#4532,#4533));
#1047=EDGE_LOOP('',(#4534,#4535,#4536,#4537));
#1048=EDGE_LOOP('',(#4538));
#1049=EDGE_LOOP('',(#4539));
#1050=EDGE_LOOP('',(#4540,#4541,#4542,#4543));
#1051=EDGE_LOOP('',(#4544));
#1052=EDGE_LOOP('',(#4545));
#1053=EDGE_LOOP('',(#4546,#4547,#4548,#4549));
#1054=EDGE_LOOP('',(#4550,#4551,#4552,#4553));
#1055=EDGE_LOOP('',(#4554,#4555,#4556,#4557));
#1056=EDGE_LOOP('',(#4558,#4559,#4560,#4561,#4562,#4563,#4564,#4565,#4566,
#4567,#4568,#4569));
#1057=EDGE_LOOP('',(#4570));
#1058=EDGE_LOOP('',(#4571));
#1059=EDGE_LOOP('',(#4572,#4573,#4574,#4575,#4576,#4577,#4578,#4579));
#1060=EDGE_LOOP('',(#4580,#4581,#4582,#4583));
#1061=EDGE_LOOP('',(#4584,#4585,#4586,#4587));
#1062=EDGE_LOOP('',(#4588,#4589,#4590,#4591));
#1063=EDGE_LOOP('',(#4592,#4593,#4594,#4595));
#1064=EDGE_LOOP('',(#4596,#4597,#4598,#4599));
#1065=EDGE_LOOP('',(#4600));
#1066=EDGE_LOOP('',(#4601,#4602,#4603,#4604));
#1067=EDGE_LOOP('',(#4605));
#1068=EDGE_LOOP('',(#4606,#4607,#4608,#4609));
#1069=EDGE_LOOP('',(#4610,#4611,#4612,#4613));
#1070=EDGE_LOOP('',(#4614,#4615,#4616,#4617));
#1071=EDGE_LOOP('',(#4618,#4619,#4620,#4621));
#1072=EDGE_LOOP('',(#4622,#4623,#4624,#4625));
#1073=EDGE_LOOP('',(#4626,#4627,#4628,#4629));
#1074=EDGE_LOOP('',(#4630,#4631,#4632,#4633));
#1075=EDGE_LOOP('',(#4634,#4635,#4636,#4637));
#1076=EDGE_LOOP('',(#4638,#4639,#4640,#4641));
#1077=EDGE_LOOP('',(#4642,#4643,#4644,#4645));
#1078=EDGE_LOOP('',(#4646,#4647,#4648,#4649));
#1079=EDGE_LOOP('',(#4650,#4651,#4652,#4653));
#1080=EDGE_LOOP('',(#4654,#4655,#4656,#4657));
#1081=EDGE_LOOP('',(#4658,#4659,#4660,#4661));
#1082=EDGE_LOOP('',(#4662,#4663,#4664,#4665));
#1083=EDGE_LOOP('',(#4666,#4667,#4668,#4669));
#1084=EDGE_LOOP('',(#4670,#4671,#4672,#4673));
#1085=EDGE_LOOP('',(#4674,#4675,#4676,#4677));
#1086=EDGE_LOOP('',(#4678,#4679,#4680,#4681));
#1087=EDGE_LOOP('',(#4682,#4683,#4684,#4685));
#1088=EDGE_LOOP('',(#4686,#4687,#4688,#4689));
#1089=EDGE_LOOP('',(#4690,#4691,#4692,#4693));
#1090=EDGE_LOOP('',(#4694,#4695,#4696,#4697));
#1091=EDGE_LOOP('',(#4698,#4699,#4700,#4701));
#1092=EDGE_LOOP('',(#4702,#4703,#4704,#4705));
#1093=EDGE_LOOP('',(#4706,#4707,#4708,#4709));
#1094=EDGE_LOOP('',(#4710,#4711,#4712,#4713));
#1095=EDGE_LOOP('',(#4714,#4715,#4716,#4717,#4718,#4719,#4720,#4721));
#1096=EDGE_LOOP('',(#4722,#4723,#4724,#4725,#4726,#4727,#4728,#4729,#4730,
#4731,#4732,#4733,#4734,#4735,#4736,#4737,#4738,#4739));
#1097=EDGE_LOOP('',(#4740,#4741,#4742,#4743));
#1098=EDGE_LOOP('',(#4744,#4745,#4746,#4747));
#1099=EDGE_LOOP('',(#4748,#4749,#4750,#4751));
#1100=EDGE_LOOP('',(#4752,#4753,#4754,#4755));
#1101=EDGE_LOOP('',(#4756,#4757,#4758,#4759));
#1102=EDGE_LOOP('',(#4760,#4761,#4762,#4763));
#1103=EDGE_LOOP('',(#4764,#4765,#4766,#4767));
#1104=EDGE_LOOP('',(#4768,#4769,#4770,#4771));
#1105=EDGE_LOOP('',(#4772,#4773,#4774,#4775));
#1106=EDGE_LOOP('',(#4776,#4777,#4778,#4779));
#1107=EDGE_LOOP('',(#4780,#4781,#4782,#4783));
#1108=EDGE_LOOP('',(#4784,#4785,#4786,#4787));
#1109=EDGE_LOOP('',(#4788,#4789,#4790,#4791));
#1110=EDGE_LOOP('',(#4792,#4793,#4794,#4795));
#1111=EDGE_LOOP('',(#4796,#4797,#4798,#4799));
#1112=EDGE_LOOP('',(#4800,#4801,#4802,#4803));
#1113=EDGE_LOOP('',(#4804,#4805,#4806,#4807));
#1114=EDGE_LOOP('',(#4808,#4809,#4810,#4811));
#1115=EDGE_LOOP('',(#4812,#4813,#4814,#4815,#4816,#4817));
#1116=EDGE_LOOP('',(#4818,#4819,#4820,#4821));
#1117=EDGE_LOOP('',(#4822,#4823,#4824,#4825));
#1118=EDGE_LOOP('',(#4826,#4827,#4828,#4829,#4830,#4831));
#1119=EDGE_LOOP('',(#4832,#4833,#4834,#4835));
#1120=EDGE_LOOP('',(#4836,#4837,#4838,#4839,#4840,#4841));
#1121=EDGE_LOOP('',(#4842,#4843,#4844,#4845,#4846,#4847));
#1122=EDGE_LOOP('',(#4848,#4849,#4850,#4851));
#1123=EDGE_LOOP('',(#4852,#4853,#4854,#4855,#4856,#4857));
#1124=EDGE_LOOP('',(#4858,#4859,#4860,#4861));
#1125=EDGE_LOOP('',(#4862,#4863,#4864,#4865,#4866,#4867));
#1126=EDGE_LOOP('',(#4868,#4869,#4870,#4871));
#1127=EDGE_LOOP('',(#4872,#4873,#4874,#4875));
#1128=EDGE_LOOP('',(#4876,#4877,#4878,#4879));
#1129=EDGE_LOOP('',(#4880,#4881,#4882,#4883));
#1130=EDGE_LOOP('',(#4884,#4885,#4886,#4887));
#1131=EDGE_LOOP('',(#4888,#4889,#4890,#4891));
#1132=EDGE_LOOP('',(#4892,#4893,#4894,#4895));
#1133=EDGE_LOOP('',(#4896,#4897,#4898,#4899));
#1134=EDGE_LOOP('',(#4900,#4901,#4902,#4903));
#1135=EDGE_LOOP('',(#4904,#4905,#4906,#4907));
#1136=EDGE_LOOP('',(#4908,#4909,#4910,#4911));
#1137=EDGE_LOOP('',(#4912,#4913,#4914,#4915));
#1138=EDGE_LOOP('',(#4916,#4917,#4918,#4919));
#1139=EDGE_LOOP('',(#4920,#4921,#4922,#4923));
#1140=EDGE_LOOP('',(#4924,#4925,#4926,#4927));
#1141=EDGE_LOOP('',(#4928,#4929,#4930,#4931));
#1142=EDGE_LOOP('',(#4932,#4933,#4934,#4935));
#1143=EDGE_LOOP('',(#4936,#4937,#4938,#4939));
#1144=EDGE_LOOP('',(#4940,#4941,#4942,#4943));
#1145=EDGE_LOOP('',(#4944,#4945,#4946,#4947,#4948,#4949,#4950,#4951,#4952,
#4953,#4954,#4955,#4956,#4957,#4958,#4959,#4960,#4961));
#1146=EDGE_LOOP('',(#4962,#4963,#4964,#4965));
#1147=EDGE_LOOP('',(#4966,#4967,#4968,#4969));
#1148=EDGE_LOOP('',(#4970,#4971,#4972,#4973));
#1149=EDGE_LOOP('',(#4974,#4975,#4976,#4977));
#1150=EDGE_LOOP('',(#4978,#4979,#4980,#4981));
#1151=EDGE_LOOP('',(#4982,#4983,#4984,#4985));
#1152=EDGE_LOOP('',(#4986,#4987,#4988,#4989));
#1153=EDGE_LOOP('',(#4990,#4991,#4992,#4993));
#1154=EDGE_LOOP('',(#4994,#4995,#4996,#4997));
#1155=EDGE_LOOP('',(#4998,#4999,#5000,#5001));
#1156=EDGE_LOOP('',(#5002,#5003,#5004,#5005));
#1157=EDGE_LOOP('',(#5006,#5007,#5008,#5009));
#1158=EDGE_LOOP('',(#5010,#5011,#5012,#5013));
#1159=EDGE_LOOP('',(#5014,#5015,#5016,#5017));
#1160=EDGE_LOOP('',(#5018,#5019,#5020,#5021));
#1161=EDGE_LOOP('',(#5022,#5023,#5024,#5025));
#1162=EDGE_LOOP('',(#5026,#5027,#5028,#5029));
#1163=EDGE_LOOP('',(#5030,#5031,#5032,#5033));
#1164=EDGE_LOOP('',(#5034,#5035,#5036,#5037));
#1165=EDGE_LOOP('',(#5038,#5039,#5040,#5041));
#1166=EDGE_LOOP('',(#5042,#5043,#5044,#5045));
#1167=EDGE_LOOP('',(#5046,#5047,#5048,#5049));
#1168=EDGE_LOOP('',(#5050,#5051,#5052,#5053));
#1169=EDGE_LOOP('',(#5054,#5055,#5056,#5057));
#1170=EDGE_LOOP('',(#5058,#5059,#5060,#5061));
#1171=EDGE_LOOP('',(#5062,#5063,#5064,#5065));
#1172=EDGE_LOOP('',(#5066,#5067,#5068,#5069));
#1173=EDGE_LOOP('',(#5070,#5071,#5072,#5073));
#1174=EDGE_LOOP('',(#5074,#5075,#5076,#5077));
#1175=EDGE_LOOP('',(#5078,#5079,#5080,#5081));
#1176=LINE('',#7767,#1686);
#1177=LINE('',#7769,#1687);
#1178=LINE('',#7771,#1688);
#1179=LINE('',#7772,#1689);
#1180=LINE('',#7778,#1690);
#1181=LINE('',#7782,#1691);
#1182=LINE('',#7786,#1692);
#1183=LINE('',#7789,#1693);
#1184=LINE('',#7791,#1694);
#1185=LINE('',#7793,#1695);
#1186=LINE('',#7797,#1696);
#1187=LINE('',#7801,#1697);
#1188=LINE('',#7803,#1698);
#1189=LINE('',#7805,#1699);
#1190=LINE('',#7807,#1700);
#1191=LINE('',#7809,#1701);
#1192=LINE('',#7813,#1702);
#1193=LINE('',#7817,#1703);
#1194=LINE('',#7818,#1704);
#1195=LINE('',#7821,#1705);
#1196=LINE('',#7823,#1706);
#1197=LINE('',#7824,#1707);
#1198=LINE('',#7827,#1708);
#1199=LINE('',#7829,#1709);
#1200=LINE('',#7831,#1710);
#1201=LINE('',#7832,#1711);
#1202=LINE('',#7835,#1712);
#1203=LINE('',#7836,#1713);
#1204=LINE('',#7840,#1714);
#1205=LINE('',#7842,#1715);
#1206=LINE('',#7844,#1716);
#1207=LINE('',#7846,#1717);
#1208=LINE('',#7847,#1718);
#1209=LINE('',#7849,#1719);
#1210=LINE('',#7850,#1720);
#1211=LINE('',#7853,#1721);
#1212=LINE('',#7854,#1722);
#1213=LINE('',#7858,#1723);
#1214=LINE('',#7859,#1724);
#1215=LINE('',#7861,#1725);
#1216=LINE('',#7863,#1726);
#1217=LINE('',#7865,#1727);
#1218=LINE('',#7867,#1728);
#1219=LINE('',#7868,#1729);
#1220=LINE('',#7870,#1730);
#1221=LINE('',#7872,#1731);
#1222=LINE('',#7873,#1732);
#1223=LINE('',#7876,#1733);
#1224=LINE('',#7878,#1734);
#1225=LINE('',#7879,#1735);
#1226=LINE('',#7882,#1736);
#1227=LINE('',#7883,#1737);
#1228=LINE('',#7886,#1738);
#1229=LINE('',#7891,#1739);
#1230=LINE('',#7894,#1740);
#1231=LINE('',#7896,#1741);
#1232=LINE('',#7897,#1742);
#1233=LINE('',#7901,#1743);
#1234=LINE('',#7905,#1744);
#1235=LINE('',#7907,#1745);
#1236=LINE('',#7913,#1746);
#1237=LINE('',#7915,#1747);
#1238=LINE('',#7917,#1748);
#1239=LINE('',#7920,#1749);
#1240=LINE('',#7922,#1750);
#1241=LINE('',#7923,#1751);
#1242=LINE('',#7926,#1752);
#1243=LINE('',#7927,#1753);
#1244=LINE('',#7931,#1754);
#1245=LINE('',#7932,#1755);
#1246=LINE('',#7933,#1756);
#1247=LINE('',#7939,#1757);
#1248=LINE('',#7949,#1758);
#1249=LINE('',#7951,#1759);
#1250=LINE('',#7957,#1760);
#1251=LINE('',#7965,#1761);
#1252=LINE('',#7970,#1762);
#1253=LINE('',#7974,#1763);
#1254=LINE('',#7981,#1764);
#1255=LINE('',#7986,#1765);
#1256=LINE('',#7988,#1766);
#1257=LINE('',#7990,#1767);
#1258=LINE('',#7998,#1768);
#1259=LINE('',#8001,#1769);
#1260=LINE('',#8334,#1770);
#1261=LINE('',#8336,#1771);
#1262=LINE('',#8337,#1772);
#1263=LINE('',#8670,#1773);
#1264=LINE('',#8672,#1774);
#1265=LINE('',#8676,#1775);
#1266=LINE('',#8680,#1776);
#1267=LINE('',#8681,#1777);
#1268=LINE('',#8684,#1778);
#1269=LINE('',#8686,#1779);
#1270=LINE('',#8688,#1780);
#1271=LINE('',#8689,#1781);
#1272=LINE('',#8693,#1782);
#1273=LINE('',#8697,#1783);
#1274=LINE('',#8700,#1784);
#1275=LINE('',#8705,#1785);
#1276=LINE('',#8707,#1786);
#1277=LINE('',#8709,#1787);
#1278=LINE('',#8711,#1788);
#1279=LINE('',#8713,#1789);
#1280=LINE('',#8717,#1790);
#1281=LINE('',#8721,#1791);
#1282=LINE('',#8725,#1792);
#1283=LINE('',#8728,#1793);
#1284=LINE('',#8730,#1794);
#1285=LINE('',#8732,#1795);
#1286=LINE('',#8734,#1796);
#1287=LINE('',#8736,#1797);
#1288=LINE('',#8738,#1798);
#1289=LINE('',#8742,#1799);
#1290=LINE('',#8747,#1800);
#1291=LINE('',#8750,#1801);
#1292=LINE('',#8752,#1802);
#1293=LINE('',#8753,#1803);
#1294=LINE('',#8765,#1804);
#1295=LINE('',#8768,#1805);
#1296=LINE('',#8769,#1806);
#1297=LINE('',#8772,#1807);
#1298=LINE('',#8773,#1808);
#1299=LINE('',#8777,#1809);
#1300=LINE('',#8780,#1810);
#1301=LINE('',#8785,#1811);
#1302=LINE('',#8788,#1812);
#1303=LINE('',#8790,#1813);
#1304=LINE('',#8794,#1814);
#1305=LINE('',#8796,#1815);
#1306=LINE('',#8798,#1816);
#1307=LINE('',#8800,#1817);
#1308=LINE('',#8801,#1818);
#1309=LINE('',#8804,#1819);
#1310=LINE('',#8806,#1820);
#1311=LINE('',#8850,#1821);
#1312=LINE('',#8854,#1822);
#1313=LINE('',#8855,#1823);
#1314=LINE('',#8857,#1824);
#1315=LINE('',#8859,#1825);
#1316=LINE('',#8860,#1826);
#1317=LINE('',#8861,#1827);
#1318=LINE('',#8864,#1828);
#1319=LINE('',#8866,#1829);
#1320=LINE('',#8867,#1830);
#1321=LINE('',#8871,#1831);
#1322=LINE('',#8873,#1832);
#1323=LINE('',#8877,#1833);
#1324=LINE('',#8881,#1834);
#1325=LINE('',#8885,#1835);
#1326=LINE('',#8887,#1836);
#1327=LINE('',#8889,#1837);
#1328=LINE('',#8890,#1838);
#1329=LINE('',#8892,#1839);
#1330=LINE('',#8893,#1840);
#1331=LINE('',#8897,#1841);
#1332=LINE('',#8900,#1842);
#1333=LINE('',#8902,#1843);
#1334=LINE('',#8904,#1844);
#1335=LINE('',#8949,#1845);
#1336=LINE('',#8950,#1846);
#1337=LINE('',#8954,#1847);
#1338=LINE('',#8958,#1848);
#1339=LINE('',#8961,#1849);
#1340=LINE('',#8966,#1850);
#1341=LINE('',#8968,#1851);
#1342=LINE('',#8969,#1852);
#1343=LINE('',#8971,#1853);
#1344=LINE('',#8973,#1854);
#1345=LINE('',#8974,#1855);
#1346=LINE('',#8977,#1856);
#1347=LINE('',#8980,#1857);
#1348=LINE('',#8983,#1858);
#1349=LINE('',#8998,#1859);
#1350=LINE('',#9015,#1860);
#1351=LINE('',#9016,#1861);
#1352=LINE('',#9021,#1862);
#1353=LINE('',#9022,#1863);
#1354=LINE('',#9026,#1864);
#1355=LINE('',#9028,#1865);
#1356=LINE('',#9030,#1866);
#1357=LINE('',#9040,#1867);
#1358=LINE('',#9042,#1868);
#1359=LINE('',#9044,#1869);
#1360=LINE('',#9045,#1870);
#1361=LINE('',#9048,#1871);
#1362=LINE('',#9051,#1872);
#1363=LINE('',#9054,#1873);
#1364=LINE('',#9056,#1874);
#1365=LINE('',#9058,#1875);
#1366=LINE('',#9059,#1876);
#1367=LINE('',#9062,#1877);
#1368=LINE('',#9063,#1878);
#1369=LINE('',#9066,#1879);
#1370=LINE('',#9067,#1880);
#1371=LINE('',#9072,#1881);
#1372=LINE('',#9073,#1882);
#1373=LINE('',#9078,#1883);
#1374=LINE('',#9082,#1884);
#1375=LINE('',#9083,#1885);
#1376=LINE('',#9085,#1886);
#1377=LINE('',#9088,#1887);
#1378=LINE('',#9090,#1888);
#1379=LINE('',#9092,#1889);
#1380=LINE('',#9094,#1890);
#1381=LINE('',#9095,#1891);
#1382=LINE('',#9098,#1892);
#1383=LINE('',#9328,#1893);
#1384=LINE('',#9334,#1894);
#1385=LINE('',#9338,#1895);
#1386=LINE('',#9342,#1896);
#1387=LINE('',#9346,#1897);
#1388=LINE('',#9350,#1898);
#1389=LINE('',#9353,#1899);
#1390=LINE('',#9355,#1900);
#1391=LINE('',#9357,#1901);
#1392=LINE('',#9361,#1902);
#1393=LINE('',#9362,#1903);
#1394=LINE('',#9364,#1904);
#1395=LINE('',#9366,#1905);
#1396=LINE('',#9370,#1906);
#1397=LINE('',#9371,#1907);
#1398=LINE('',#9373,#1908);
#1399=LINE('',#9377,#1909);
#1400=LINE('',#9378,#1910);
#1401=LINE('',#9380,#1911);
#1402=LINE('',#9382,#1912);
#1403=LINE('',#9383,#1913);
#1404=LINE('',#9386,#1914);
#1405=LINE('',#9388,#1915);
#1406=LINE('',#9390,#1916);
#1407=LINE('',#9391,#1917);
#1408=LINE('',#9395,#1918);
#1409=LINE('',#9397,#1919);
#1410=LINE('',#9399,#1920);
#1411=LINE('',#9400,#1921);
#1412=LINE('',#9401,#1922);
#1413=LINE('',#9403,#1923);
#1414=LINE('',#9406,#1924);
#1415=LINE('',#9407,#1925);
#1416=LINE('',#9410,#1926);
#1417=LINE('',#9411,#1927);
#1418=LINE('',#9414,#1928);
#1419=LINE('',#9417,#1929);
#1420=LINE('',#9427,#1930);
#1421=LINE('',#9461,#1931);
#1422=LINE('',#9985,#1932);
#1423=LINE('',#9986,#1933);
#1424=LINE('',#9989,#1934);
#1425=LINE('',#9990,#1935);
#1426=LINE('',#9995,#1936);
#1427=LINE('',#9996,#1937);
#1428=LINE('',#10328,#1938);
#1429=LINE('',#10331,#1939);
#1430=LINE('',#10333,#1940);
#1431=LINE('',#10335,#1941);
#1432=LINE('',#10337,#1942);
#1433=LINE('',#10338,#1943);
#1434=LINE('',#10340,#1944);
#1435=LINE('',#10343,#1945);
#1436=LINE('',#10345,#1946);
#1437=LINE('',#10346,#1947);
#1438=LINE('',#10351,#1948);
#1439=LINE('',#10353,#1949);
#1440=LINE('',#10354,#1950);
#1441=LINE('',#10358,#1951);
#1442=LINE('',#10360,#1952);
#1443=LINE('',#10371,#1953);
#1444=LINE('',#10374,#1954);
#1445=LINE('',#10375,#1955);
#1446=LINE('',#10379,#1956);
#1447=LINE('',#10383,#1957);
#1448=LINE('',#10385,#1958);
#1449=LINE('',#10391,#1959);
#1450=LINE('',#10395,#1960);
#1451=LINE('',#10399,#1961);
#1452=LINE('',#10401,#1962);
#1453=LINE('',#10403,#1963);
#1454=LINE('',#10404,#1964);
#1455=LINE('',#10408,#1965);
#1456=LINE('',#10412,#1966);
#1457=LINE('',#10422,#1967);
#1458=LINE('',#10424,#1968);
#1459=LINE('',#10427,#1969);
#1460=LINE('',#10429,#1970);
#1461=LINE('',#10430,#1971);
#1462=LINE('',#10433,#1972);
#1463=LINE('',#10435,#1973);
#1464=LINE('',#10436,#1974);
#1465=LINE('',#10438,#1975);
#1466=LINE('',#10442,#1976);
#1467=LINE('',#10446,#1977);
#1468=LINE('',#10449,#1978);
#1469=LINE('',#10451,#1979);
#1470=LINE('',#10452,#1980);
#1471=LINE('',#10456,#1981);
#1472=LINE('',#10457,#1982);
#1473=LINE('',#10460,#1983);
#1474=LINE('',#10462,#1984);
#1475=LINE('',#10463,#1985);
#1476=LINE('',#10465,#1986);
#1477=LINE('',#10466,#1987);
#1478=LINE('',#10472,#1988);
#1479=LINE('',#10476,#1989);
#1480=LINE('',#10477,#1990);
#1481=LINE('',#10485,#1991);
#1482=LINE('',#10487,#1992);
#1483=LINE('',#10488,#1993);
#1484=LINE('',#10494,#1994);
#1485=LINE('',#10495,#1995);
#1486=LINE('',#10496,#1996);
#1487=LINE('',#10499,#1997);
#1488=LINE('',#10500,#1998);
#1489=LINE('',#10504,#1999);
#1490=LINE('',#10506,#2000);
#1491=LINE('',#10507,#2001);
#1492=LINE('',#10510,#2002);
#1493=LINE('',#10511,#2003);
#1494=LINE('',#10513,#2004);
#1495=LINE('',#10515,#2005);
#1496=LINE('',#10522,#2006);
#1497=LINE('',#10525,#2007);
#1498=LINE('',#10526,#2008);
#1499=LINE('',#10529,#2009);
#1500=LINE('',#10536,#2010);
#1501=LINE('',#10537,#2011);
#1502=LINE('',#10538,#2012);
#1503=LINE('',#10542,#2013);
#1504=LINE('',#10547,#2014);
#1505=LINE('',#10551,#2015);
#1506=LINE('',#10555,#2016);
#1507=LINE('',#10558,#2017);
#1508=LINE('',#10560,#2018);
#1509=LINE('',#10564,#2019);
#1510=LINE('',#10565,#2020);
#1511=LINE('',#10566,#2021);
#1512=LINE('',#10569,#2022);
#1513=LINE('',#10571,#2023);
#1514=LINE('',#10572,#2024);
#1515=LINE('',#10574,#2025);
#1516=LINE('',#10576,#2026);
#1517=LINE('',#10579,#2027);
#1518=LINE('',#10581,#2028);
#1519=LINE('',#10582,#2029);
#1520=LINE('',#10585,#2030);
#1521=LINE('',#10586,#2031);
#1522=LINE('',#10589,#2032);
#1523=LINE('',#10590,#2033);
#1524=LINE('',#10596,#2034);
#1525=LINE('',#10600,#2035);
#1526=LINE('',#10605,#2036);
#1527=LINE('',#10606,#2037);
#1528=LINE('',#10612,#2038);
#1529=LINE('',#10618,#2039);
#1530=LINE('',#10639,#2040);
#1531=LINE('',#10642,#2041);
#1532=LINE('',#10649,#2042);
#1533=LINE('',#10675,#2043);
#1534=LINE('',#10690,#2044);
#1535=LINE('',#10692,#2045);
#1536=LINE('',#10693,#2046);
#1537=LINE('',#10696,#2047);
#1538=LINE('',#10697,#2048);
#1539=LINE('',#10699,#2049);
#1540=LINE('',#10702,#2050);
#1541=LINE('',#10703,#2051);
#1542=LINE('',#10705,#2052);
#1543=LINE('',#10721,#2053);
#1544=LINE('',#10723,#2054);
#1545=LINE('',#10725,#2055);
#1546=LINE('',#10726,#2056);
#1547=LINE('',#10734,#2057);
#1548=LINE('',#10738,#2058);
#1549=LINE('',#10742,#2059);
#1550=LINE('',#10746,#2060);
#1551=LINE('',#10751,#2061);
#1552=LINE('',#10755,#2062);
#1553=LINE('',#10759,#2063);
#1554=LINE('',#10761,#2064);
#1555=LINE('',#10762,#2065);
#1556=LINE('',#10765,#2066);
#1557=LINE('',#10766,#2067);
#1558=LINE('',#10771,#2068);
#1559=LINE('',#10772,#2069);
#1560=LINE('',#10776,#2070);
#1561=LINE('',#10779,#2071);
#1562=LINE('',#10782,#2072);
#1563=LINE('',#10786,#2073);
#1564=LINE('',#10789,#2074);
#1565=LINE('',#10792,#2075);
#1566=LINE('',#10795,#2076);
#1567=LINE('',#10796,#2077);
#1568=LINE('',#10799,#2078);
#1569=LINE('',#10800,#2079);
#1570=LINE('',#10803,#2080);
#1571=LINE('',#10807,#2081);
#1572=LINE('',#10808,#2082);
#1573=LINE('',#10812,#2083);
#1574=LINE('',#10816,#2084);
#1575=LINE('',#10818,#2085);
#1576=LINE('',#10820,#2086);
#1577=LINE('',#10824,#2087);
#1578=LINE('',#10825,#2088);
#1579=LINE('',#10826,#2089);
#1580=LINE('',#10828,#2090);
#1581=LINE('',#10831,#2091);
#1582=LINE('',#10832,#2092);
#1583=LINE('',#10835,#2093);
#1584=LINE('',#10836,#2094);
#1585=LINE('',#10838,#2095);
#1586=LINE('',#10853,#2096);
#1587=LINE('',#10858,#2097);
#1588=LINE('',#10866,#2098);
#1589=LINE('',#10870,#2099);
#1590=LINE('',#10875,#2100);
#1591=LINE('',#10881,#2101);
#1592=LINE('',#10887,#2102);
#1593=LINE('',#10893,#2103);
#1594=LINE('',#10899,#2104);
#1595=LINE('',#10905,#2105);
#1596=LINE('',#11010,#2106);
#1597=LINE('',#11015,#2107);
#1598=LINE('',#11117,#2108);
#1599=LINE('',#11392,#2109);
#1600=LINE('',#11566,#2110);
#1601=LINE('',#12018,#2111);
#1602=LINE('',#12375,#2112);
#1603=LINE('',#12377,#2113);
#1604=LINE('',#12383,#2114);
#1605=LINE('',#12385,#2115);
#1606=LINE('',#12386,#2116);
#1607=LINE('',#12389,#2117);
#1608=LINE('',#12391,#2118);
#1609=LINE('',#12392,#2119);
#1610=LINE('',#12395,#2120);
#1611=LINE('',#12397,#2121);
#1612=LINE('',#12403,#2122);
#1613=LINE('',#12404,#2123);
#1614=LINE('',#12407,#2124);
#1615=LINE('',#12413,#2125);
#1616=LINE('',#12415,#2126);
#1617=LINE('',#12420,#2127);
#1618=LINE('',#12426,#2128);
#1619=LINE('',#12432,#2129);
#1620=LINE('',#12500,#2130);
#1621=LINE('',#12506,#2131);
#1622=LINE('',#12627,#2132);
#1623=LINE('',#12892,#2133);
#1624=LINE('',#13090,#2134);
#1625=LINE('',#13204,#2135);
#1626=LINE('',#13208,#2136);
#1627=LINE('',#13210,#2137);
#1628=LINE('',#13212,#2138);
#1629=LINE('',#13213,#2139);
#1630=LINE('',#13216,#2140);
#1631=LINE('',#13218,#2141);
#1632=LINE('',#13220,#2142);
#1633=LINE('',#13221,#2143);
#1634=LINE('',#13224,#2144);
#1635=LINE('',#13226,#2145);
#1636=LINE('',#13228,#2146);
#1637=LINE('',#13229,#2147);
#1638=LINE('',#13232,#2148);
#1639=LINE('',#13234,#2149);
#1640=LINE('',#13235,#2150);
#1641=LINE('',#13238,#2151);
#1642=LINE('',#13239,#2152);
#1643=LINE('',#13242,#2153);
#1644=LINE('',#13244,#2154);
#1645=LINE('',#13245,#2155);
#1646=LINE('',#13248,#2156);
#1647=LINE('',#13249,#2157);
#1648=LINE('',#13252,#2158);
#1649=LINE('',#13253,#2159);
#1650=LINE('',#13256,#2160);
#1651=LINE('',#13257,#2161);
#1652=LINE('',#13259,#2162);
#1653=LINE('',#13262,#2163);
#1654=LINE('',#13264,#2164);
#1655=LINE('',#13265,#2165);
#1656=LINE('',#13268,#2166);
#1657=LINE('',#13270,#2167);
#1658=LINE('',#13271,#2168);
#1659=LINE('',#13273,#2169);
#1660=LINE('',#13275,#2170);
#1661=LINE('',#13277,#2171);
#1662=LINE('',#13281,#2172);
#1663=LINE('',#13282,#2173);
#1664=LINE('',#13283,#2174);
#1665=LINE('',#13286,#2175);
#1666=LINE('',#13287,#2176);
#1667=LINE('',#13291,#2177);
#1668=LINE('',#13292,#2178);
#1669=LINE('',#13293,#2179);
#1670=LINE('',#13296,#2180);
#1671=LINE('',#13297,#2181);
#1672=LINE('',#13300,#2182);
#1673=LINE('',#13301,#2183);
#1674=LINE('',#13304,#2184);
#1675=LINE('',#13305,#2185);
#1676=LINE('',#13307,#2186);
#1677=LINE('',#13311,#2187);
#1678=LINE('',#13312,#2188);
#1679=LINE('',#13313,#2189);
#1680=LINE('',#13316,#2190);
#1681=LINE('',#13318,#2191);
#1682=LINE('',#13319,#2192);
#1683=LINE('',#13321,#2193);
#1684=LINE('',#13323,#2194);
#1685=LINE('',#13325,#2195);
#1686=VECTOR('',#6145,1000.);
#1687=VECTOR('',#6146,1000.);
#1688=VECTOR('',#6147,1000.);
#1689=VECTOR('',#6148,1000.);
#1690=VECTOR('',#6153,1000.);
#1691=VECTOR('',#6156,1000.);
#1692=VECTOR('',#6159,1000.);
#1693=VECTOR('',#6162,1000.);
#1694=VECTOR('',#6163,1000.);
#1695=VECTOR('',#6164,1000.);
#1696=VECTOR('',#6167,1000.);
#1697=VECTOR('',#6170,1000.);
#1698=VECTOR('',#6171,1000.);
#1699=VECTOR('',#6172,1000.);
#1700=VECTOR('',#6173,1000.);
#1701=VECTOR('',#6174,1000.);
#1702=VECTOR('',#6177,1000.);
#1703=VECTOR('',#6180,1000.);
#1704=VECTOR('',#6181,1000.);
#1705=VECTOR('',#6184,1000.);
#1706=VECTOR('',#6185,1000.);
#1707=VECTOR('',#6186,1000.);
#1708=VECTOR('',#6189,1000.);
#1709=VECTOR('',#6190,1000.);
#1710=VECTOR('',#6191,1000.);
#1711=VECTOR('',#6192,1000.);
#1712=VECTOR('',#6195,1000.);
#1713=VECTOR('',#6196,1000.);
#1714=VECTOR('',#6199,1000.);
#1715=VECTOR('',#6200,1000.);
#1716=VECTOR('',#6201,1000.);
#1717=VECTOR('',#6202,1000.);
#1718=VECTOR('',#6203,1000.);
#1719=VECTOR('',#6204,1000.);
#1720=VECTOR('',#6205,1000.);
#1721=VECTOR('',#6208,1000.);
#1722=VECTOR('',#6209,1000.);
#1723=VECTOR('',#6212,1000.);
#1724=VECTOR('',#6213,1000.);
#1725=VECTOR('',#6214,1000.);
#1726=VECTOR('',#6215,1000.);
#1727=VECTOR('',#6216,1000.);
#1728=VECTOR('',#6217,1000.);
#1729=VECTOR('',#6218,1000.);
#1730=VECTOR('',#6219,1000.);
#1731=VECTOR('',#6220,1000.);
#1732=VECTOR('',#6221,1000.);
#1733=VECTOR('',#6224,1000.);
#1734=VECTOR('',#6225,1000.);
#1735=VECTOR('',#6226,1000.);
#1736=VECTOR('',#6229,1000.);
#1737=VECTOR('',#6230,1000.);
#1738=VECTOR('',#6233,1000.);
#1739=VECTOR('',#6238,1000.);
#1740=VECTOR('',#6241,1000.);
#1741=VECTOR('',#6242,1000.);
#1742=VECTOR('',#6243,1000.);
#1743=VECTOR('',#6248,1000.);
#1744=VECTOR('',#6253,1000.);
#1745=VECTOR('',#6256,1000.);
#1746=VECTOR('',#6263,1000.);
#1747=VECTOR('',#6266,1000.);
#1748=VECTOR('',#6269,1000.);
#1749=VECTOR('',#6272,1000.);
#1750=VECTOR('',#6273,1000.);
#1751=VECTOR('',#6274,1000.);
#1752=VECTOR('',#6277,1000.);
#1753=VECTOR('',#6278,1000.);
#1754=VECTOR('',#6281,1000.);
#1755=VECTOR('',#6282,1000.);
#1756=VECTOR('',#6283,1000.);
#1757=VECTOR('',#6292,1000.);
#1758=VECTOR('',#6309,1000.);
#1759=VECTOR('',#6312,1000.);
#1760=VECTOR('',#6319,1000.);
#1761=VECTOR('',#6330,1000.);
#1762=VECTOR('',#6337,1000.);
#1763=VECTOR('',#6342,1000.);
#1764=VECTOR('',#6353,1000.);
#1765=VECTOR('',#6360,1000.);
#1766=VECTOR('',#6363,1000.);
#1767=VECTOR('',#6366,1000.);
#1768=VECTOR('',#6375,1000.);
#1769=VECTOR('',#6378,1000.);
#1770=VECTOR('',#6387,1000.);
#1771=VECTOR('',#6388,1000.);
#1772=VECTOR('',#6389,1000.);
#1773=VECTOR('',#6398,1000.);
#1774=VECTOR('',#6399,1000.);
#1775=VECTOR('',#6402,1000.);
#1776=VECTOR('',#6405,1000.);
#1777=VECTOR('',#6406,1000.);
#1778=VECTOR('',#6407,1000.);
#1779=VECTOR('',#6408,1000.);
#1780=VECTOR('',#6409,1000.);
#1781=VECTOR('',#6410,1000.);
#1782=VECTOR('',#6415,1000.);
#1783=VECTOR('',#6420,1000.);
#1784=VECTOR('',#6423,1000.);
#1785=VECTOR('',#6428,1000.);
#1786=VECTOR('',#6429,1000.);
#1787=VECTOR('',#6430,1000.);
#1788=VECTOR('',#6431,1000.);
#1789=VECTOR('',#6432,1000.);
#1790=VECTOR('',#6435,1000.);
#1791=VECTOR('',#6438,1000.);
#1792=VECTOR('',#6441,1000.);
#1793=VECTOR('',#6444,1000.);
#1794=VECTOR('',#6445,1000.);
#1795=VECTOR('',#6446,1000.);
#1796=VECTOR('',#6447,1000.);
#1797=VECTOR('',#6448,1000.);
#1798=VECTOR('',#6449,1000.);
#1799=VECTOR('',#6452,1000.);
#1800=VECTOR('',#6459,1000.);
#1801=VECTOR('',#6462,1000.);
#1802=VECTOR('',#6463,1000.);
#1803=VECTOR('',#6464,1000.);
#1804=VECTOR('',#6479,1000.);
#1805=VECTOR('',#6482,1000.);
#1806=VECTOR('',#6483,1000.);
#1807=VECTOR('',#6486,1000.);
#1808=VECTOR('',#6487,1000.);
#1809=VECTOR('',#6492,1000.);
#1810=VECTOR('',#6495,1000.);
#1811=VECTOR('',#6504,1000.);
#1812=VECTOR('',#6507,1000.);
#1813=VECTOR('',#6508,1000.);
#1814=VECTOR('',#6511,1000.);
#1815=VECTOR('',#6512,1000.);
#1816=VECTOR('',#6513,1000.);
#1817=VECTOR('',#6514,1000.);
#1818=VECTOR('',#6515,1000.);
#1819=VECTOR('',#6518,1000.);
#1820=VECTOR('',#6519,1000.);
#1821=VECTOR('',#6520,1000.);
#1822=VECTOR('',#6523,1000.);
#1823=VECTOR('',#6524,1000.);
#1824=VECTOR('',#6525,1000.);
#1825=VECTOR('',#6526,1000.);
#1826=VECTOR('',#6527,1000.);
#1827=VECTOR('',#6528,1000.);
#1828=VECTOR('',#6531,1000.);
#1829=VECTOR('',#6532,1000.);
#1830=VECTOR('',#6533,1000.);
#1831=VECTOR('',#6536,1000.);
#1832=VECTOR('',#6537,1000.);
#1833=VECTOR('',#6542,1000.);
#1834=VECTOR('',#6547,1000.);
#1835=VECTOR('',#6550,1000.);
#1836=VECTOR('',#6551,1000.);
#1837=VECTOR('',#6552,1000.);
#1838=VECTOR('',#6553,1000.);
#1839=VECTOR('',#6554,1000.);
#1840=VECTOR('',#6555,1000.);
#1841=VECTOR('',#6560,1000.);
#1842=VECTOR('',#6563,1000.);
#1843=VECTOR('',#6564,1000.);
#1844=VECTOR('',#6565,1000.);
#1845=VECTOR('',#6566,1000.);
#1846=VECTOR('',#6567,1000.);
#1847=VECTOR('',#6572,1000.);
#1848=VECTOR('',#6577,1000.);
#1849=VECTOR('',#6580,1000.);
#1850=VECTOR('',#6585,1000.);
#1851=VECTOR('',#6586,1000.);
#1852=VECTOR('',#6587,1000.);
#1853=VECTOR('',#6588,1000.);
#1854=VECTOR('',#6589,1000.);
#1855=VECTOR('',#6590,1000.);
#1856=VECTOR('',#6593,1000.);
#1857=VECTOR('',#6598,1000.);
#1858=VECTOR('',#6601,1000.);
#1859=VECTOR('',#6602,1000.);
#1860=VECTOR('',#6603,1000.);
#1861=VECTOR('',#6604,1000.);
#1862=VECTOR('',#6611,1000.);
#1863=VECTOR('',#6612,1000.);
#1864=VECTOR('',#6615,1000.);
#1865=VECTOR('',#6616,1000.);
#1866=VECTOR('',#6617,1000.);
#1867=VECTOR('',#6632,1000.);
#1868=VECTOR('',#6633,1000.);
#1869=VECTOR('',#6634,1000.);
#1870=VECTOR('',#6635,1000.);
#1871=VECTOR('',#6638,1000.);
#1872=VECTOR('',#6641,1000.);
#1873=VECTOR('',#6644,1000.);
#1874=VECTOR('',#6645,1000.);
#1875=VECTOR('',#6646,1000.);
#1876=VECTOR('',#6647,1000.);
#1877=VECTOR('',#6650,1000.);
#1878=VECTOR('',#6651,1000.);
#1879=VECTOR('',#6654,1000.);
#1880=VECTOR('',#6655,1000.);
#1881=VECTOR('',#6662,1000.);
#1882=VECTOR('',#6663,1000.);
#1883=VECTOR('',#6668,1000.);
#1884=VECTOR('',#6673,1000.);
#1885=VECTOR('',#6674,1000.);
#1886=VECTOR('',#6677,1000.);
#1887=VECTOR('',#6680,1000.);
#1888=VECTOR('',#6681,1000.);
#1889=VECTOR('',#6682,1000.);
#1890=VECTOR('',#6683,1000.);
#1891=VECTOR('',#6684,1000.);
#1892=VECTOR('',#6687,1000.);
#1893=VECTOR('',#6702,1000.);
#1894=VECTOR('',#6707,1000.);
#1895=VECTOR('',#6710,1000.);
#1896=VECTOR('',#6713,1000.);
#1897=VECTOR('',#6716,1000.);
#1898=VECTOR('',#6719,1000.);
#1899=VECTOR('',#6722,1000.);
#1900=VECTOR('',#6723,1000.);
#1901=VECTOR('',#6724,1000.);
#1902=VECTOR('',#6727,1000.);
#1903=VECTOR('',#6728,1000.);
#1904=VECTOR('',#6729,1000.);
#1905=VECTOR('',#6730,1000.);
#1906=VECTOR('',#6733,1000.);
#1907=VECTOR('',#6734,1000.);
#1908=VECTOR('',#6737,1000.);
#1909=VECTOR('',#6740,1000.);
#1910=VECTOR('',#6741,1000.);
#1911=VECTOR('',#6742,1000.);
#1912=VECTOR('',#6743,1000.);
#1913=VECTOR('',#6744,1000.);
#1914=VECTOR('',#6745,1000.);
#1915=VECTOR('',#6746,1000.);
#1916=VECTOR('',#6747,1000.);
#1917=VECTOR('',#6748,1000.);
#1918=VECTOR('',#6751,1000.);
#1919=VECTOR('',#6752,1000.);
#1920=VECTOR('',#6753,1000.);
#1921=VECTOR('',#6754,1000.);
#1922=VECTOR('',#6755,1000.);
#1923=VECTOR('',#6758,1000.);
#1924=VECTOR('',#6761,1000.);
#1925=VECTOR('',#6762,1000.);
#1926=VECTOR('',#6765,1000.);
#1927=VECTOR('',#6766,1000.);
#1928=VECTOR('',#6769,1000.);
#1929=VECTOR('',#6772,1000.);
#1930=VECTOR('',#6785,1000.);
#1931=VECTOR('',#6792,1000.);
#1932=VECTOR('',#6801,1000.);
#1933=VECTOR('',#6802,1000.);
#1934=VECTOR('',#6805,1000.);
#1935=VECTOR('',#6806,1000.);
#1936=VECTOR('',#6811,1000.);
#1937=VECTOR('',#6812,1000.);
#1938=VECTOR('',#6821,1000.);
#1939=VECTOR('',#6824,1000.);
#1940=VECTOR('',#6825,1000.);
#1941=VECTOR('',#6826,1000.);
#1942=VECTOR('',#6827,1000.);
#1943=VECTOR('',#6828,1000.);
#1944=VECTOR('',#6831,1000.);
#1945=VECTOR('',#6834,1000.);
#1946=VECTOR('',#6835,1000.);
#1947=VECTOR('',#6836,1000.);
#1948=VECTOR('',#6841,1000.);
#1949=VECTOR('',#6842,1000.);
#1950=VECTOR('',#6843,1000.);
#1951=VECTOR('',#6848,1000.);
#1952=VECTOR('',#6851,1000.);
#1953=VECTOR('',#6864,1000.);
#1954=VECTOR('',#6869,1000.);
#1955=VECTOR('',#6870,1000.);
#1956=VECTOR('',#6875,1000.);
#1957=VECTOR('',#6880,1000.);
#1958=VECTOR('',#6883,1000.);
#1959=VECTOR('',#6892,1000.);
#1960=VECTOR('',#6895,1000.);
#1961=VECTOR('',#6898,1000.);
#1962=VECTOR('',#6899,1000.);
#1963=VECTOR('',#6900,1000.);
#1964=VECTOR('',#6901,1000.);
#1965=VECTOR('',#6906,1000.);
#1966=VECTOR('',#6909,1000.);
#1967=VECTOR('',#6922,1000.);
#1968=VECTOR('',#6925,1000.);
#1969=VECTOR('',#6928,1000.);
#1970=VECTOR('',#6929,1000.);
#1971=VECTOR('',#6930,1000.);
#1972=VECTOR('',#6933,1000.);
#1973=VECTOR('',#6934,1000.);
#1974=VECTOR('',#6935,1000.);
#1975=VECTOR('',#6938,1000.);
#1976=VECTOR('',#6943,1000.);
#1977=VECTOR('',#6950,1000.);
#1978=VECTOR('',#6953,1000.);
#1979=VECTOR('',#6954,1000.);
#1980=VECTOR('',#6955,1000.);
#1981=VECTOR('',#6960,1000.);
#1982=VECTOR('',#6961,1000.);
#1983=VECTOR('',#6964,1000.);
#1984=VECTOR('',#6965,1000.);
#1985=VECTOR('',#6966,1000.);
#1986=VECTOR('',#6969,1000.);
#1987=VECTOR('',#6970,1000.);
#1988=VECTOR('',#6979,1000.);
#1989=VECTOR('',#6984,1000.);
#1990=VECTOR('',#6985,1000.);
#1991=VECTOR('',#6998,1000.);
#1992=VECTOR('',#6999,1000.);
#1993=VECTOR('',#7000,1000.);
#1994=VECTOR('',#7005,1000.);
#1995=VECTOR('',#7006,1000.);
#1996=VECTOR('',#7007,1000.);
#1997=VECTOR('',#7010,1000.);
#1998=VECTOR('',#7011,1000.);
#1999=VECTOR('',#7016,1000.);
#2000=VECTOR('',#7017,1000.);
#2001=VECTOR('',#7018,1000.);
#2002=VECTOR('',#7021,1000.);
#2003=VECTOR('',#7022,1000.);
#2004=VECTOR('',#7025,1000.);
#2005=VECTOR('',#7028,1000.);
#2006=VECTOR('',#7035,1000.);
#2007=VECTOR('',#7038,1000.);
#2008=VECTOR('',#7039,1000.);
#2009=VECTOR('',#7042,2.);
#2010=VECTOR('',#7051,1000.);
#2011=VECTOR('',#7052,1000.);
#2012=VECTOR('',#7053,1000.);
#2013=VECTOR('',#7058,1000.);
#2014=VECTOR('',#7065,2.);
#2015=VECTOR('',#7070,1000.);
#2016=VECTOR('',#7075,1000.);
#2017=VECTOR('',#7080,1000.);
#2018=VECTOR('',#7083,0.9);
#2019=VECTOR('',#7086,1000.);
#2020=VECTOR('',#7087,1000.);
#2021=VECTOR('',#7088,1000.);
#2022=VECTOR('',#7091,1000.);
#2023=VECTOR('',#7092,1000.);
#2024=VECTOR('',#7093,1000.);
#2025=VECTOR('',#7096,1000.);
#2026=VECTOR('',#7099,1000.);
#2027=VECTOR('',#7102,1000.);
#2028=VECTOR('',#7103,1000.);
#2029=VECTOR('',#7104,1000.);
#2030=VECTOR('',#7107,1000.);
#2031=VECTOR('',#7108,1000.);
#2032=VECTOR('',#7111,1000.);
#2033=VECTOR('',#7112,1000.);
#2034=VECTOR('',#7121,1000.);
#2035=VECTOR('',#7128,1000.);
#2036=VECTOR('',#7135,1000.);
#2037=VECTOR('',#7136,1000.);
#2038=VECTOR('',#7143,1000.);
#2039=VECTOR('',#7150,1000.);
#2040=VECTOR('',#7167,1000.);
#2041=VECTOR('',#7170,1000.);
#2042=VECTOR('',#7179,1000.);
#2043=VECTOR('',#7190,1000.);
#2044=VECTOR('',#7199,1000.);
#2045=VECTOR('',#7200,1000.);
#2046=VECTOR('',#7201,1000.);
#2047=VECTOR('',#7204,1000.);
#2048=VECTOR('',#7205,1000.);
#2049=VECTOR('',#7208,0.899999999999998);
#2050=VECTOR('',#7211,1000.);
#2051=VECTOR('',#7212,1000.);
#2052=VECTOR('',#7215,1000.);
#2053=VECTOR('',#7238,1000.);
#2054=VECTOR('',#7239,1000.);
#2055=VECTOR('',#7240,1000.);
#2056=VECTOR('',#7241,1000.);
#2057=VECTOR('',#7248,1000.);
#2058=VECTOR('',#7251,1000.);
#2059=VECTOR('',#7254,1000.);
#2060=VECTOR('',#7257,1000.);
#2061=VECTOR('',#7264,1.6);
#2062=VECTOR('',#7269,1.6);
#2063=VECTOR('',#7274,1000.);
#2064=VECTOR('',#7275,1000.);
#2065=VECTOR('',#7276,1000.);
#2066=VECTOR('',#7279,1000.);
#2067=VECTOR('',#7280,1000.);
#2068=VECTOR('',#7285,1000.);
#2069=VECTOR('',#7286,1000.);
#2070=VECTOR('',#7291,1000.);
#2071=VECTOR('',#7294,1000.);
#2072=VECTOR('',#7297,1000.);
#2073=VECTOR('',#7302,3.15);
#2074=VECTOR('',#7305,1000.);
#2075=VECTOR('',#7308,1000.);
#2076=VECTOR('',#7311,1000.);
#2077=VECTOR('',#7312,1000.);
#2078=VECTOR('',#7315,1000.);
#2079=VECTOR('',#7316,1000.);
#2080=VECTOR('',#7319,1000.);
#2081=VECTOR('',#7324,1000.);
#2082=VECTOR('',#7325,1000.);
#2083=VECTOR('',#7332,1000.);
#2084=VECTOR('',#7337,3.15);
#2085=VECTOR('',#7340,3.15);
#2086=VECTOR('',#7343,3.15);
#2087=VECTOR('',#7346,1000.);
#2088=VECTOR('',#7347,1000.);
#2089=VECTOR('',#7348,1000.);
#2090=VECTOR('',#7351,0.9);
#2091=VECTOR('',#7354,1000.);
#2092=VECTOR('',#7355,1000.);
#2093=VECTOR('',#7358,1000.);
#2094=VECTOR('',#7359,1000.);
#2095=VECTOR('',#7362,1000.);
#2096=VECTOR('',#7381,1000.);
#2097=VECTOR('',#7388,1000.);
#2098=VECTOR('',#7399,1000.);
#2099=VECTOR('',#7406,1000.);
#2100=VECTOR('',#7411,1000.);
#2101=VECTOR('',#7416,1000.);
#2102=VECTOR('',#7421,1000.);
#2103=VECTOR('',#7426,1000.);
#2104=VECTOR('',#7431,1000.);
#2105=VECTOR('',#7436,1000.);
#2106=VECTOR('',#7453,1000.);
#2107=VECTOR('',#7458,1000.);
#2108=VECTOR('',#7471,1000.);
#2109=VECTOR('',#7490,1000.);
#2110=VECTOR('',#7497,1000.);
#2111=VECTOR('',#7512,1000.);
#2112=VECTOR('',#7521,1000.);
#2113=VECTOR('',#7522,1000.);
#2114=VECTOR('',#7529,1000.);
#2115=VECTOR('',#7530,1000.);
#2116=VECTOR('',#7531,1000.);
#2117=VECTOR('',#7534,1000.);
#2118=VECTOR('',#7535,1000.);
#2119=VECTOR('',#7536,1000.);
#2120=VECTOR('',#7539,1000.);
#2121=VECTOR('',#7540,1000.);
#2122=VECTOR('',#7547,1000.);
#2123=VECTOR('',#7548,1000.);
#2124=VECTOR('',#7551,1000.);
#2125=VECTOR('',#7558,1000.);
#2126=VECTOR('',#7559,1000.);
#2127=VECTOR('',#7566,1000.);
#2128=VECTOR('',#7575,1000.);
#2129=VECTOR('',#7584,1000.);
#2130=VECTOR('',#7597,1000.);
#2131=VECTOR('',#7604,1000.);
#2132=VECTOR('',#7617,1000.);
#2133=VECTOR('',#7636,1000.);
#2134=VECTOR('',#7641,1000.);
#2135=VECTOR('',#7646,1000.);
#2136=VECTOR('',#7649,1000.);
#2137=VECTOR('',#7650,1000.);
#2138=VECTOR('',#7651,1000.);
#2139=VECTOR('',#7652,1000.);
#2140=VECTOR('',#7653,1000.);
#2141=VECTOR('',#7654,1000.);
#2142=VECTOR('',#7655,1000.);
#2143=VECTOR('',#7656,1000.);
#2144=VECTOR('',#7657,1000.);
#2145=VECTOR('',#7658,1000.);
#2146=VECTOR('',#7659,1000.);
#2147=VECTOR('',#7660,1000.);
#2148=VECTOR('',#7663,1000.);
#2149=VECTOR('',#7664,1000.);
#2150=VECTOR('',#7665,1000.);
#2151=VECTOR('',#7668,1000.);
#2152=VECTOR('',#7669,1000.);
#2153=VECTOR('',#7672,1000.);
#2154=VECTOR('',#7673,1000.);
#2155=VECTOR('',#7674,1000.);
#2156=VECTOR('',#7677,1000.);
#2157=VECTOR('',#7678,1000.);
#2158=VECTOR('',#7681,1000.);
#2159=VECTOR('',#7682,1000.);
#2160=VECTOR('',#7685,1000.);
#2161=VECTOR('',#7686,1000.);
#2162=VECTOR('',#7689,1000.);
#2163=VECTOR('',#7692,1000.);
#2164=VECTOR('',#7693,1000.);
#2165=VECTOR('',#7694,1000.);
#2166=VECTOR('',#7697,1000.);
#2167=VECTOR('',#7698,1000.);
#2168=VECTOR('',#7699,1000.);
#2169=VECTOR('',#7702,1000.);
#2170=VECTOR('',#7705,1000.);
#2171=VECTOR('',#7708,1000.);
#2172=VECTOR('',#7711,1000.);
#2173=VECTOR('',#7712,1000.);
#2174=VECTOR('',#7713,1000.);
#2175=VECTOR('',#7716,1000.);
#2176=VECTOR('',#7717,1000.);
#2177=VECTOR('',#7720,1000.);
#2178=VECTOR('',#7721,1000.);
#2179=VECTOR('',#7722,1000.);
#2180=VECTOR('',#7725,1000.);
#2181=VECTOR('',#7726,1000.);
#2182=VECTOR('',#7729,1000.);
#2183=VECTOR('',#7730,1000.);
#2184=VECTOR('',#7733,1000.);
#2185=VECTOR('',#7734,1000.);
#2186=VECTOR('',#7737,1000.);
#2187=VECTOR('',#7740,1000.);
#2188=VECTOR('',#7741,1000.);
#2189=VECTOR('',#7742,1000.);
#2190=VECTOR('',#7745,1000.);
#2191=VECTOR('',#7746,1000.);
#2192=VECTOR('',#7747,1000.);
#2193=VECTOR('',#7750,1000.);
#2194=VECTOR('',#7753,1000.);
#2195=VECTOR('',#7756,1000.);
#2196=VERTEX_POINT('',#7765);
#2197=VERTEX_POINT('',#7766);
#2198=VERTEX_POINT('',#7768);
#2199=VERTEX_POINT('',#7770);
#2200=VERTEX_POINT('',#7774);
#2201=VERTEX_POINT('',#7775);
#2202=VERTEX_POINT('',#7777);
#2203=VERTEX_POINT('',#7779);
#2204=VERTEX_POINT('',#7781);
#2205=VERTEX_POINT('',#7783);
#2206=VERTEX_POINT('',#7785);
#2207=VERTEX_POINT('',#7787);
#2208=VERTEX_POINT('',#7790);
#2209=VERTEX_POINT('',#7792);
#2210=VERTEX_POINT('',#7794);
#2211=VERTEX_POINT('',#7796);
#2212=VERTEX_POINT('',#7798);
#2213=VERTEX_POINT('',#7800);
#2214=VERTEX_POINT('',#7802);
#2215=VERTEX_POINT('',#7804);
#2216=VERTEX_POINT('',#7806);
#2217=VERTEX_POINT('',#7808);
#2218=VERTEX_POINT('',#7810);
#2219=VERTEX_POINT('',#7812);
#2220=VERTEX_POINT('',#7814);
#2221=VERTEX_POINT('',#7816);
#2222=VERTEX_POINT('',#7820);
#2223=VERTEX_POINT('',#7822);
#2224=VERTEX_POINT('',#7826);
#2225=VERTEX_POINT('',#7828);
#2226=VERTEX_POINT('',#7830);
#2227=VERTEX_POINT('',#7834);
#2228=VERTEX_POINT('',#7838);
#2229=VERTEX_POINT('',#7839);
#2230=VERTEX_POINT('',#7841);
#2231=VERTEX_POINT('',#7843);
#2232=VERTEX_POINT('',#7845);
#2233=VERTEX_POINT('',#7848);
#2234=VERTEX_POINT('',#7852);
#2235=VERTEX_POINT('',#7856);
#2236=VERTEX_POINT('',#7857);
#2237=VERTEX_POINT('',#7860);
#2238=VERTEX_POINT('',#7862);
#2239=VERTEX_POINT('',#7864);
#2240=VERTEX_POINT('',#7866);
#2241=VERTEX_POINT('',#7869);
#2242=VERTEX_POINT('',#7871);
#2243=VERTEX_POINT('',#7875);
#2244=VERTEX_POINT('',#7877);
#2245=VERTEX_POINT('',#7881);
#2246=VERTEX_POINT('',#7885);
#2247=VERTEX_POINT('',#7887);
#2248=VERTEX_POINT('',#7889);
#2249=VERTEX_POINT('',#7893);
#2250=VERTEX_POINT('',#7895);
#2251=VERTEX_POINT('',#7899);
#2252=VERTEX_POINT('',#7903);
#2253=VERTEX_POINT('',#7909);
#2254=VERTEX_POINT('',#7911);
#2255=VERTEX_POINT('',#7919);
#2256=VERTEX_POINT('',#7921);
#2257=VERTEX_POINT('',#7925);
#2258=VERTEX_POINT('',#7929);
#2259=VERTEX_POINT('',#7930);
#2260=VERTEX_POINT('',#7935);
#2261=VERTEX_POINT('',#7941);
#2262=VERTEX_POINT('',#7953);
#2263=VERTEX_POINT('',#7955);
#2264=VERTEX_POINT('',#7962);
#2265=VERTEX_POINT('',#7964);
#2266=VERTEX_POINT('',#7968);
#2267=VERTEX_POINT('',#7972);
#2268=VERTEX_POINT('',#7980);
#2269=VERTEX_POINT('',#7984);
#2270=VERTEX_POINT('',#7994);
#2271=VERTEX_POINT('',#7995);
#2272=VERTEX_POINT('',#7997);
#2273=VERTEX_POINT('',#7999);
#2274=VERTEX_POINT('',#8327);
#2275=VERTEX_POINT('',#8328);
#2276=VERTEX_POINT('',#8333);
#2277=VERTEX_POINT('',#8335);
#2278=VERTEX_POINT('',#8663);
#2279=VERTEX_POINT('',#8665);
#2280=VERTEX_POINT('',#8669);
#2281=VERTEX_POINT('',#8671);
#2282=VERTEX_POINT('',#8673);
#2283=VERTEX_POINT('',#8675);
#2284=VERTEX_POINT('',#8677);
#2285=VERTEX_POINT('',#8679);
#2286=VERTEX_POINT('',#8682);
#2287=VERTEX_POINT('',#8683);
#2288=VERTEX_POINT('',#8685);
#2289=VERTEX_POINT('',#8687);
#2290=VERTEX_POINT('',#8691);
#2291=VERTEX_POINT('',#8695);
#2292=VERTEX_POINT('',#8699);
#2293=VERTEX_POINT('',#8703);
#2294=VERTEX_POINT('',#8704);
#2295=VERTEX_POINT('',#8706);
#2296=VERTEX_POINT('',#8708);
#2297=VERTEX_POINT('',#8710);
#2298=VERTEX_POINT('',#8712);
#2299=VERTEX_POINT('',#8714);
#2300=VERTEX_POINT('',#8716);
#2301=VERTEX_POINT('',#8718);
#2302=VERTEX_POINT('',#8720);
#2303=VERTEX_POINT('',#8722);
#2304=VERTEX_POINT('',#8724);
#2305=VERTEX_POINT('',#8727);
#2306=VERTEX_POINT('',#8729);
#2307=VERTEX_POINT('',#8731);
#2308=VERTEX_POINT('',#8733);
#2309=VERTEX_POINT('',#8735);
#2310=VERTEX_POINT('',#8737);
#2311=VERTEX_POINT('',#8739);
#2312=VERTEX_POINT('',#8741);
#2313=VERTEX_POINT('',#8745);
#2314=VERTEX_POINT('',#8749);
#2315=VERTEX_POINT('',#8751);
#2316=VERTEX_POINT('',#8755);
#2317=VERTEX_POINT('',#8757);
#2318=VERTEX_POINT('',#8761);
#2319=VERTEX_POINT('',#8763);
#2320=VERTEX_POINT('',#8767);
#2321=VERTEX_POINT('',#8771);
#2322=VERTEX_POINT('',#8775);
#2323=VERTEX_POINT('',#8779);
#2324=VERTEX_POINT('',#8787);
#2325=VERTEX_POINT('',#8789);
#2326=VERTEX_POINT('',#8791);
#2327=VERTEX_POINT('',#8793);
#2328=VERTEX_POINT('',#8795);
#2329=VERTEX_POINT('',#8797);
#2330=VERTEX_POINT('',#8799);
#2331=VERTEX_POINT('',#8803);
#2332=VERTEX_POINT('',#8805);
#2333=VERTEX_POINT('',#8807);
#2334=VERTEX_POINT('',#8830);
#2335=VERTEX_POINT('',#8852);
#2336=VERTEX_POINT('',#8853);
#2337=VERTEX_POINT('',#8856);
#2338=VERTEX_POINT('',#8858);
#2339=VERTEX_POINT('',#8863);
#2340=VERTEX_POINT('',#8865);
#2341=VERTEX_POINT('',#8869);
#2342=VERTEX_POINT('',#8870);
#2343=VERTEX_POINT('',#8872);
#2344=VERTEX_POINT('',#8875);
#2345=VERTEX_POINT('',#8879);
#2346=VERTEX_POINT('',#8883);
#2347=VERTEX_POINT('',#8884);
#2348=VERTEX_POINT('',#8886);
#2349=VERTEX_POINT('',#8888);
#2350=VERTEX_POINT('',#8891);
#2351=VERTEX_POINT('',#8895);
#2352=VERTEX_POINT('',#8899);
#2353=VERTEX_POINT('',#8901);
#2354=VERTEX_POINT('',#8903);
#2355=VERTEX_POINT('',#8905);
#2356=VERTEX_POINT('',#8925);
#2357=VERTEX_POINT('',#8948);
#2358=VERTEX_POINT('',#8952);
#2359=VERTEX_POINT('',#8956);
#2360=VERTEX_POINT('',#8960);
#2361=VERTEX_POINT('',#8964);
#2362=VERTEX_POINT('',#8965);
#2363=VERTEX_POINT('',#8967);
#2364=VERTEX_POINT('',#8970);
#2365=VERTEX_POINT('',#8972);
#2366=VERTEX_POINT('',#8976);
#2367=VERTEX_POINT('',#8982);
#2368=VERTEX_POINT('',#8999);
#2369=VERTEX_POINT('',#9014);
#2370=VERTEX_POINT('',#9020);
#2371=VERTEX_POINT('',#9024);
#2372=VERTEX_POINT('',#9025);
#2373=VERTEX_POINT('',#9027);
#2374=VERTEX_POINT('',#9029);
#2375=VERTEX_POINT('',#9038);
#2376=VERTEX_POINT('',#9039);
#2377=VERTEX_POINT('',#9041);
#2378=VERTEX_POINT('',#9043);
#2379=VERTEX_POINT('',#9047);
#2380=VERTEX_POINT('',#9049);
#2381=VERTEX_POINT('',#9053);
#2382=VERTEX_POINT('',#9055);
#2383=VERTEX_POINT('',#9057);
#2384=VERTEX_POINT('',#9061);
#2385=VERTEX_POINT('',#9065);
#2386=VERTEX_POINT('',#9071);
#2387=VERTEX_POINT('',#9075);
#2388=VERTEX_POINT('',#9077);
#2389=VERTEX_POINT('',#9081);
#2390=VERTEX_POINT('',#9087);
#2391=VERTEX_POINT('',#9089);
#2392=VERTEX_POINT('',#9091);
#2393=VERTEX_POINT('',#9093);
#2394=VERTEX_POINT('',#9097);
#2395=VERTEX_POINT('',#9269);
#2396=VERTEX_POINT('',#9270);
#2397=VERTEX_POINT('',#9330);
#2398=VERTEX_POINT('',#9331);
#2399=VERTEX_POINT('',#9333);
#2400=VERTEX_POINT('',#9335);
#2401=VERTEX_POINT('',#9337);
#2402=VERTEX_POINT('',#9339);
#2403=VERTEX_POINT('',#9341);
#2404=VERTEX_POINT('',#9343);
#2405=VERTEX_POINT('',#9345);
#2406=VERTEX_POINT('',#9347);
#2407=VERTEX_POINT('',#9349);
#2408=VERTEX_POINT('',#9351);
#2409=VERTEX_POINT('',#9354);
#2410=VERTEX_POINT('',#9356);
#2411=VERTEX_POINT('',#9358);
#2412=VERTEX_POINT('',#9360);
#2413=VERTEX_POINT('',#9363);
#2414=VERTEX_POINT('',#9365);
#2415=VERTEX_POINT('',#9367);
#2416=VERTEX_POINT('',#9369);
#2417=VERTEX_POINT('',#9375);
#2418=VERTEX_POINT('',#9376);
#2419=VERTEX_POINT('',#9379);
#2420=VERTEX_POINT('',#9381);
#2421=VERTEX_POINT('',#9384);
#2422=VERTEX_POINT('',#9385);
#2423=VERTEX_POINT('',#9387);
#2424=VERTEX_POINT('',#9389);
#2425=VERTEX_POINT('',#9393);
#2426=VERTEX_POINT('',#9394);
#2427=VERTEX_POINT('',#9396);
#2428=VERTEX_POINT('',#9398);
#2429=VERTEX_POINT('',#9405);
#2430=VERTEX_POINT('',#9409);
#2431=VERTEX_POINT('',#9413);
#2432=VERTEX_POINT('',#9415);
#2433=VERTEX_POINT('',#9418);
#2434=VERTEX_POINT('',#9423);
#2435=VERTEX_POINT('',#9425);
#2436=VERTEX_POINT('',#9457);
#2437=VERTEX_POINT('',#9459);
#2438=VERTEX_POINT('',#9631);
#2439=VERTEX_POINT('',#9640);
#2440=VERTEX_POINT('',#9980);
#2441=VERTEX_POINT('',#9984);
#2442=VERTEX_POINT('',#9988);
#2443=VERTEX_POINT('',#9992);
#2444=VERTEX_POINT('',#9993);
#2445=VERTEX_POINT('',#9997);
#2446=VERTEX_POINT('',#10324);
#2447=VERTEX_POINT('',#10330);
#2448=VERTEX_POINT('',#10332);
#2449=VERTEX_POINT('',#10334);
#2450=VERTEX_POINT('',#10336);
#2451=VERTEX_POINT('',#10342);
#2452=VERTEX_POINT('',#10344);
#2453=VERTEX_POINT('',#10347);
#2454=VERTEX_POINT('',#10350);
#2455=VERTEX_POINT('',#10352);
#2456=VERTEX_POINT('',#10355);
#2457=VERTEX_POINT('',#10362);
#2458=VERTEX_POINT('',#10364);
#2459=VERTEX_POINT('',#10368);
#2460=VERTEX_POINT('',#10370);
#2461=VERTEX_POINT('',#10377);
#2462=VERTEX_POINT('',#10381);
#2463=VERTEX_POINT('',#10390);
#2464=VERTEX_POINT('',#10392);
#2465=VERTEX_POINT('',#10394);
#2466=VERTEX_POINT('',#10397);
#2467=VERTEX_POINT('',#10398);
#2468=VERTEX_POINT('',#10400);
#2469=VERTEX_POINT('',#10402);
#2470=VERTEX_POINT('',#10406);
#2471=VERTEX_POINT('',#10410);
#2472=VERTEX_POINT('',#10411);
#2473=VERTEX_POINT('',#10418);
#2474=VERTEX_POINT('',#10419);
#2475=VERTEX_POINT('',#10421);
#2476=VERTEX_POINT('',#10426);
#2477=VERTEX_POINT('',#10428);
#2478=VERTEX_POINT('',#10432);
#2479=VERTEX_POINT('',#10434);
#2480=VERTEX_POINT('',#10440);
#2481=VERTEX_POINT('',#10448);
#2482=VERTEX_POINT('',#10450);
#2483=VERTEX_POINT('',#10455);
#2484=VERTEX_POINT('',#10459);
#2485=VERTEX_POINT('',#10461);
#2486=VERTEX_POINT('',#10471);
#2487=VERTEX_POINT('',#10475);
#2488=VERTEX_POINT('',#10484);
#2489=VERTEX_POINT('',#10486);
#2490=VERTEX_POINT('',#10490);
#2491=VERTEX_POINT('',#10491);
#2492=VERTEX_POINT('',#10493);
#2493=VERTEX_POINT('',#10498);
#2494=VERTEX_POINT('',#10501);
#2495=VERTEX_POINT('',#10505);
#2496=VERTEX_POINT('',#10509);
#2497=VERTEX_POINT('',#10516);
#2498=VERTEX_POINT('',#10519);
#2499=VERTEX_POINT('',#10521);
#2500=VERTEX_POINT('',#10523);
#2501=VERTEX_POINT('',#10528);
#2502=VERTEX_POINT('',#10534);
#2503=VERTEX_POINT('',#10535);
#2504=VERTEX_POINT('',#10540);
#2505=VERTEX_POINT('',#10546);
#2506=VERTEX_POINT('',#10550);
#2507=VERTEX_POINT('',#10554);
#2508=VERTEX_POINT('',#10562);
#2509=VERTEX_POINT('',#10563);
#2510=VERTEX_POINT('',#10568);
#2511=VERTEX_POINT('',#10570);
#2512=VERTEX_POINT('',#10578);
#2513=VERTEX_POINT('',#10580);
#2514=VERTEX_POINT('',#10584);
#2515=VERTEX_POINT('',#10588);
#2516=VERTEX_POINT('',#10594);
#2517=VERTEX_POINT('',#10604);
#2518=VERTEX_POINT('',#10609);
#2519=VERTEX_POINT('',#10611);
#2520=VERTEX_POINT('',#10615);
#2521=VERTEX_POINT('',#10617);
#2522=VERTEX_POINT('',#10629);
#2523=VERTEX_POINT('',#10635);
#2524=VERTEX_POINT('',#10637);
#2525=VERTEX_POINT('',#10641);
#2526=VERTEX_POINT('',#10645);
#2527=VERTEX_POINT('',#10647);
#2528=VERTEX_POINT('',#10669);
#2529=VERTEX_POINT('',#10673);
#2530=VERTEX_POINT('',#10689);
#2531=VERTEX_POINT('',#10691);
#2532=VERTEX_POINT('',#10695);
#2533=VERTEX_POINT('',#10701);
#2534=VERTEX_POINT('',#10711);
#2535=VERTEX_POINT('',#10715);
#2536=VERTEX_POINT('',#10719);
#2537=VERTEX_POINT('',#10720);
#2538=VERTEX_POINT('',#10722);
#2539=VERTEX_POINT('',#10724);
#2540=VERTEX_POINT('',#10728);
#2541=VERTEX_POINT('',#10730);
#2542=VERTEX_POINT('',#10732);
#2543=VERTEX_POINT('',#10733);
#2544=VERTEX_POINT('',#10735);
#2545=VERTEX_POINT('',#10737);
#2546=VERTEX_POINT('',#10739);
#2547=VERTEX_POINT('',#10741);
#2548=VERTEX_POINT('',#10743);
#2549=VERTEX_POINT('',#10745);
#2550=VERTEX_POINT('',#10750);
#2551=VERTEX_POINT('',#10754);
#2552=VERTEX_POINT('',#10758);
#2553=VERTEX_POINT('',#10760);
#2554=VERTEX_POINT('',#10764);
#2555=VERTEX_POINT('',#10767);
#2556=VERTEX_POINT('',#10770);
#2557=VERTEX_POINT('',#10773);
#2558=VERTEX_POINT('',#10778);
#2559=VERTEX_POINT('',#10780);
#2560=VERTEX_POINT('',#10784);
#2561=VERTEX_POINT('',#10788);
#2562=VERTEX_POINT('',#10790);
#2563=VERTEX_POINT('',#10794);
#2564=VERTEX_POINT('',#10798);
#2565=VERTEX_POINT('',#10802);
#2566=VERTEX_POINT('',#10806);
#2567=VERTEX_POINT('',#10814);
#2568=VERTEX_POINT('',#10822);
#2569=VERTEX_POINT('',#10823);
#2570=VERTEX_POINT('',#10830);
#2571=VERTEX_POINT('',#10834);
#2572=VERTEX_POINT('',#10840);
#2573=VERTEX_POINT('',#10842);
#2574=VERTEX_POINT('',#10846);
#2575=VERTEX_POINT('',#10848);
#2576=VERTEX_POINT('',#10852);
#2577=VERTEX_POINT('',#10856);
#2578=VERTEX_POINT('',#10860);
#2579=VERTEX_POINT('',#10864);
#2580=VERTEX_POINT('',#10873);
#2581=VERTEX_POINT('',#10874);
#2582=VERTEX_POINT('',#10876);
#2583=VERTEX_POINT('',#10878);
#2584=VERTEX_POINT('',#10880);
#2585=VERTEX_POINT('',#10882);
#2586=VERTEX_POINT('',#10884);
#2587=VERTEX_POINT('',#10886);
#2588=VERTEX_POINT('',#10888);
#2589=VERTEX_POINT('',#10890);
#2590=VERTEX_POINT('',#10892);
#2591=VERTEX_POINT('',#10894);
#2592=VERTEX_POINT('',#10896);
#2593=VERTEX_POINT('',#10898);
#2594=VERTEX_POINT('',#10900);
#2595=VERTEX_POINT('',#10902);
#2596=VERTEX_POINT('',#10904);
#2597=VERTEX_POINT('',#10906);
#2598=VERTEX_POINT('',#11000);
#2599=VERTEX_POINT('',#11002);
#2600=VERTEX_POINT('',#11006);
#2601=VERTEX_POINT('',#11008);
#2602=VERTEX_POINT('',#11012);
#2603=VERTEX_POINT('',#11014);
#2604=VERTEX_POINT('',#11108);
#2605=VERTEX_POINT('',#11110);
#2606=VERTEX_POINT('',#11114);
#2607=VERTEX_POINT('',#11116);
#2608=VERTEX_POINT('',#11288);
#2609=VERTEX_POINT('',#11382);
#2610=VERTEX_POINT('',#11384);
#2611=VERTEX_POINT('',#11388);
#2612=VERTEX_POINT('',#11390);
#2613=VERTEX_POINT('',#11562);
#2614=VERTEX_POINT('',#11828);
#2615=VERTEX_POINT('',#11922);
#2616=VERTEX_POINT('',#12374);
#2617=VERTEX_POINT('',#12376);
#2618=VERTEX_POINT('',#12378);
#2619=VERTEX_POINT('',#12382);
#2620=VERTEX_POINT('',#12384);
#2621=VERTEX_POINT('',#12388);
#2622=VERTEX_POINT('',#12390);
#2623=VERTEX_POINT('',#12394);
#2624=VERTEX_POINT('',#12396);
#2625=VERTEX_POINT('',#12398);
#2626=VERTEX_POINT('',#12402);
#2627=VERTEX_POINT('',#12406);
#2628=VERTEX_POINT('',#12408);
#2629=VERTEX_POINT('',#12412);
#2630=VERTEX_POINT('',#12414);
#2631=VERTEX_POINT('',#12416);
#2632=VERTEX_POINT('',#12422);
#2633=VERTEX_POINT('',#12428);
#2634=VERTEX_POINT('',#12461);
#2635=VERTEX_POINT('',#12463);
#2636=VERTEX_POINT('',#12494);
#2637=VERTEX_POINT('',#12498);
#2638=VERTEX_POINT('',#12499);
#2639=VERTEX_POINT('',#12504);
#2640=VERTEX_POINT('',#12505);
#2641=VERTEX_POINT('',#12558);
#2642=VERTEX_POINT('',#12560);
#2643=VERTEX_POINT('',#12617);
#2644=VERTEX_POINT('',#12626);
#2645=VERTEX_POINT('',#12720);
#2646=VERTEX_POINT('',#12722);
#2647=VERTEX_POINT('',#12855);
#2648=VERTEX_POINT('',#12857);
#2649=VERTEX_POINT('',#12888);
#2650=VERTEX_POINT('',#12984);
#2651=VERTEX_POINT('',#13140);
#2652=VERTEX_POINT('',#13206);
#2653=VERTEX_POINT('',#13207);
#2654=VERTEX_POINT('',#13209);
#2655=VERTEX_POINT('',#13211);
#2656=VERTEX_POINT('',#13214);
#2657=VERTEX_POINT('',#13215);
#2658=VERTEX_POINT('',#13217);
#2659=VERTEX_POINT('',#13219);
#2660=VERTEX_POINT('',#13222);
#2661=VERTEX_POINT('',#13223);
#2662=VERTEX_POINT('',#13225);
#2663=VERTEX_POINT('',#13227);
#2664=VERTEX_POINT('',#13231);
#2665=VERTEX_POINT('',#13233);
#2666=VERTEX_POINT('',#13237);
#2667=VERTEX_POINT('',#13241);
#2668=VERTEX_POINT('',#13243);
#2669=VERTEX_POINT('',#13247);
#2670=VERTEX_POINT('',#13251);
#2671=VERTEX_POINT('',#13255);
#2672=VERTEX_POINT('',#13261);
#2673=VERTEX_POINT('',#13263);
#2674=VERTEX_POINT('',#13267);
#2675=VERTEX_POINT('',#13269);
#2676=VERTEX_POINT('',#13279);
#2677=VERTEX_POINT('',#13280);
#2678=VERTEX_POINT('',#13285);
#2679=VERTEX_POINT('',#13289);
#2680=VERTEX_POINT('',#13290);
#2681=VERTEX_POINT('',#13295);
#2682=VERTEX_POINT('',#13299);
#2683=VERTEX_POINT('',#13303);
#2684=VERTEX_POINT('',#13309);
#2685=VERTEX_POINT('',#13310);
#2686=VERTEX_POINT('',#13315);
#2687=VERTEX_POINT('',#13317);
#2688=EDGE_CURVE('',#2196,#2197,#1176,.T.);
#2689=EDGE_CURVE('',#2196,#2198,#1177,.T.);
#2690=EDGE_CURVE('',#2199,#2198,#1178,.T.);
#2691=EDGE_CURVE('',#2199,#2197,#1179,.T.);
#2692=EDGE_CURVE('',#2200,#2201,#249,.T.);
#2693=EDGE_CURVE('',#2201,#2202,#1180,.T.);
#2694=EDGE_CURVE('',#2202,#2203,#250,.T.);
#2695=EDGE_CURVE('',#2203,#2204,#1181,.T.);
#2696=EDGE_CURVE('',#2204,#2205,#251,.T.);
#2697=EDGE_CURVE('',#2205,#2206,#1182,.T.);
#2698=EDGE_CURVE('',#2206,#2207,#252,.T.);
#2699=EDGE_CURVE('',#2207,#2200,#1183,.T.);
#2700=EDGE_CURVE('',#2199,#2208,#1184,.T.);
#2701=EDGE_CURVE('',#2208,#2209,#1185,.T.);
#2702=EDGE_CURVE('',#2209,#2210,#253,.T.);
#2703=EDGE_CURVE('',#2210,#2211,#1186,.T.);
#2704=EDGE_CURVE('',#2211,#2212,#254,.T.);
#2705=EDGE_CURVE('',#2212,#2213,#1187,.T.);
#2706=EDGE_CURVE('',#2214,#2213,#1188,.T.);
#2707=EDGE_CURVE('',#2215,#2214,#1189,.T.);
#2708=EDGE_CURVE('',#2216,#2215,#1190,.T.);
#2709=EDGE_CURVE('',#2216,#2217,#1191,.T.);
#2710=EDGE_CURVE('',#2217,#2218,#255,.T.);
#2711=EDGE_CURVE('',#2218,#2219,#1192,.T.);
#2712=EDGE_CURVE('',#2219,#2220,#256,.T.);
#2713=EDGE_CURVE('',#2220,#2221,#1193,.T.);
#2714=EDGE_CURVE('',#2221,#2197,#1194,.T.);
#2715=EDGE_CURVE('',#2222,#2198,#1195,.T.);
#2716=EDGE_CURVE('',#2223,#2222,#1196,.T.);
#2717=EDGE_CURVE('',#2208,#2223,#1197,.T.);
#2718=EDGE_CURVE('',#2224,#2222,#1198,.T.);
#2719=EDGE_CURVE('',#2196,#2225,#1199,.T.);
#2720=EDGE_CURVE('',#2225,#2226,#1200,.T.);
#2721=EDGE_CURVE('',#2224,#2226,#1201,.T.);
#2722=EDGE_CURVE('',#2227,#2221,#1202,.T.);
#2723=EDGE_CURVE('',#2227,#2225,#1203,.T.);
#2724=EDGE_CURVE('',#2228,#2229,#1204,.T.);
#2725=EDGE_CURVE('',#2228,#2230,#1205,.T.);
#2726=EDGE_CURVE('',#2231,#2230,#1206,.T.);
#2727=EDGE_CURVE('',#2231,#2232,#1207,.T.);
#2728=EDGE_CURVE('',#2202,#2232,#1208,.T.);
#2729=EDGE_CURVE('',#2201,#2233,#1209,.T.);
#2730=EDGE_CURVE('',#2233,#2229,#1210,.T.);
#2731=EDGE_CURVE('',#2234,#2223,#1211,.T.);
#2732=EDGE_CURVE('',#2234,#2209,#1212,.T.);
#2733=EDGE_CURVE('',#2235,#2236,#1213,.T.);
#2734=EDGE_CURVE('',#2236,#2224,#1214,.T.);
#2735=EDGE_CURVE('',#2226,#2237,#1215,.T.);
#2736=EDGE_CURVE('',#2238,#2237,#1216,.T.);
#2737=EDGE_CURVE('',#2239,#2238,#1217,.T.);
#2738=EDGE_CURVE('',#2239,#2240,#1218,.T.);
#2739=EDGE_CURVE('',#2206,#2240,#1219,.T.);
#2740=EDGE_CURVE('',#2205,#2241,#1220,.T.);
#2741=EDGE_CURVE('',#2241,#2242,#1221,.T.);
#2742=EDGE_CURVE('',#2235,#2242,#1222,.T.);
#2743=EDGE_CURVE('',#2243,#2216,#1223,.T.);
#2744=EDGE_CURVE('',#2244,#2243,#1224,.T.);
#2745=EDGE_CURVE('',#2244,#2217,#1225,.T.);
#2746=EDGE_CURVE('',#2245,#2215,#1226,.T.);
#2747=EDGE_CURVE('',#2245,#2243,#1227,.T.);
#2748=EDGE_CURVE('',#2246,#2219,#1228,.T.);
#2749=EDGE_CURVE('',#2247,#2246,#257,.T.);
#2750=EDGE_CURVE('',#2248,#2247,#258,.T.);
#2751=EDGE_CURVE('',#2220,#2248,#1229,.T.);
#2752=EDGE_CURVE('',#2214,#2249,#1230,.T.);
#2753=EDGE_CURVE('',#2213,#2250,#1231,.T.);
#2754=EDGE_CURVE('',#2250,#2249,#1232,.T.);
#2755=EDGE_CURVE('',#2251,#2233,#259,.T.);
#2756=EDGE_CURVE('',#2200,#2251,#1233,.T.);
#2757=EDGE_CURVE('',#2240,#2252,#260,.T.);
#2758=EDGE_CURVE('',#2207,#2252,#1234,.T.);
#2759=EDGE_CURVE('',#2227,#2248,#1235,.T.);
#2760=EDGE_CURVE('',#2253,#2244,#261,.T.);
#2761=EDGE_CURVE('',#2254,#2253,#262,.T.);
#2762=EDGE_CURVE('',#2218,#2254,#1236,.T.);
#2763=EDGE_CURVE('',#2245,#2249,#1237,.T.);
#2764=EDGE_CURVE('',#2252,#2251,#1238,.T.);
#2765=EDGE_CURVE('',#2210,#2255,#1239,.T.);
#2766=EDGE_CURVE('',#2256,#2255,#1240,.T.);
#2767=EDGE_CURVE('',#2256,#2211,#1241,.T.);
#2768=EDGE_CURVE('',#2212,#2257,#1242,.T.);
#2769=EDGE_CURVE('',#2250,#2257,#1243,.T.);
#2770=EDGE_CURVE('',#2258,#2259,#1244,.T.);
#2771=EDGE_CURVE('',#2204,#2259,#1245,.T.);
#2772=EDGE_CURVE('',#2203,#2258,#1246,.T.);
#2773=EDGE_CURVE('',#2260,#2256,#263,.T.);
#2774=EDGE_CURVE('',#2257,#2260,#264,.T.);
#2775=EDGE_CURVE('',#2246,#2254,#1247,.T.);
#2776=EDGE_CURVE('',#2261,#2234,#265,.T.);
#2777=EDGE_CURVE('',#2255,#2261,#266,.T.);
#2778=EDGE_CURVE('',#2259,#2241,#267,.T.);
#2779=EDGE_CURVE('',#2232,#2258,#268,.T.);
#2780=EDGE_CURVE('',#2223,#2236,#1248,.T.);
#2781=EDGE_CURVE('',#2237,#2227,#1249,.T.);
#2782=EDGE_CURVE('',#2242,#2262,#269,.T.);
#2783=EDGE_CURVE('',#2263,#2231,#270,.T.);
#2784=EDGE_CURVE('',#2262,#2263,#1250,.T.);
#2785=EDGE_CURVE('',#2260,#2230,#271,.T.);
#2786=EDGE_CURVE('',#2228,#2253,#272,.T.);
#2787=EDGE_CURVE('',#2229,#2264,#273,.T.);
#2788=EDGE_CURVE('',#2265,#2264,#1251,.T.);
#2789=EDGE_CURVE('',#2253,#2265,#274,.T.);
#2790=EDGE_CURVE('',#2266,#2239,#275,.T.);
#2791=EDGE_CURVE('',#2264,#2266,#1252,.T.);
#2792=EDGE_CURVE('',#2267,#2260,#276,.T.);
#2793=EDGE_CURVE('',#2267,#2263,#1253,.T.);
#2794=EDGE_CURVE('',#2235,#2261,#277,.T.);
#2795=EDGE_CURVE('',#2247,#2238,#278,.T.);
#2796=EDGE_CURVE('',#2268,#2262,#1254,.T.);
#2797=EDGE_CURVE('',#2261,#2268,#279,.T.);
#2798=EDGE_CURVE('',#2269,#2247,#280,.T.);
#2799=EDGE_CURVE('',#2269,#2266,#1255,.T.);
#2800=EDGE_CURVE('',#2265,#2269,#1256,.T.);
#2801=EDGE_CURVE('',#2268,#2267,#1257,.T.);
#2802=EDGE_CURVE('',#2270,#2271,#281,.T.);
#2803=EDGE_CURVE('',#2272,#2271,#1258,.T.);
#2804=EDGE_CURVE('',#2273,#2272,#282,.T.);
#2805=EDGE_CURVE('',#2270,#2273,#1259,.T.);
#2806=EDGE_CURVE('',#2274,#2275,#283,.T.);
#2807=EDGE_CURVE('',#2271,#2275,#284,.T.);
#2808=EDGE_CURVE('',#2274,#2270,#285,.T.);
#2809=EDGE_CURVE('',#2273,#2276,#1260,.T.);
#2810=EDGE_CURVE('',#2276,#2277,#1261,.T.);
#2811=EDGE_CURVE('',#2277,#2270,#1262,.T.);
#2812=EDGE_CURVE('',#2278,#2272,#286,.T.);
#2813=EDGE_CURVE('',#2279,#2278,#287,.T.);
#2814=EDGE_CURVE('',#2273,#2279,#288,.T.);
#2815=EDGE_CURVE('',#2275,#2280,#1263,.T.);
#2816=EDGE_CURVE('',#2280,#2281,#1264,.T.);
#2817=EDGE_CURVE('',#2281,#2282,#289,.T.);
#2818=EDGE_CURVE('',#2282,#2283,#1265,.T.);
#2819=EDGE_CURVE('',#2283,#2284,#290,.T.);
#2820=EDGE_CURVE('',#2284,#2285,#1266,.T.);
#2821=EDGE_CURVE('',#2285,#2278,#1267,.T.);
#2822=EDGE_CURVE('',#2286,#2287,#1268,.T.);
#2823=EDGE_CURVE('',#2288,#2286,#1269,.T.);
#2824=EDGE_CURVE('',#2289,#2288,#1270,.T.);
#2825=EDGE_CURVE('',#2287,#2289,#1271,.T.);
#2826=EDGE_CURVE('',#2290,#2280,#91,.T.);
#2827=EDGE_CURVE('',#2290,#2274,#1272,.T.);
#2828=EDGE_CURVE('',#2277,#2291,#291,.T.);
#2829=EDGE_CURVE('',#2274,#2291,#1273,.T.);
#2830=EDGE_CURVE('',#2292,#2279,#1274,.T.);
#2831=EDGE_CURVE('',#2292,#2276,#292,.T.);
#2832=EDGE_CURVE('',#2293,#2294,#1275,.T.);
#2833=EDGE_CURVE('',#2293,#2295,#1276,.T.);
#2834=EDGE_CURVE('',#2296,#2295,#1277,.T.);
#2835=EDGE_CURVE('',#2297,#2296,#1278,.T.);
#2836=EDGE_CURVE('',#2298,#2297,#1279,.T.);
#2837=EDGE_CURVE('',#2299,#2298,#293,.T.);
#2838=EDGE_CURVE('',#2300,#2299,#1280,.T.);
#2839=EDGE_CURVE('',#2301,#2300,#294,.T.);
#2840=EDGE_CURVE('',#2302,#2301,#1281,.T.);
#2841=EDGE_CURVE('',#2303,#2302,#295,.T.);
#2842=EDGE_CURVE('',#2304,#2303,#1282,.T.);
#2843=EDGE_CURVE('',#2294,#2304,#296,.T.);
#2844=EDGE_CURVE('',#2291,#2305,#1283,.T.);
#2845=EDGE_CURVE('',#2306,#2292,#1284,.T.);
#2846=EDGE_CURVE('',#2306,#2307,#1285,.T.);
#2847=EDGE_CURVE('',#2307,#2308,#1286,.T.);
#2848=EDGE_CURVE('',#2308,#2309,#1287,.T.);
#2849=EDGE_CURVE('',#2310,#2309,#1288,.T.);
#2850=EDGE_CURVE('',#2311,#2310,#297,.T.);
#2851=EDGE_CURVE('',#2312,#2311,#1289,.T.);
#2852=EDGE_CURVE('',#2305,#2312,#298,.T.);
#2853=EDGE_CURVE('',#2313,#2285,#299,.T.);
#2854=EDGE_CURVE('',#2279,#2313,#1290,.T.);
#2855=EDGE_CURVE('',#2314,#2288,#1291,.T.);
#2856=EDGE_CURVE('',#2315,#2286,#1292,.T.);
#2857=EDGE_CURVE('',#2314,#2315,#1293,.T.);
#2858=EDGE_CURVE('',#2283,#2316,#300,.T.);
#2859=EDGE_CURVE('',#2317,#2316,#301,.T.);
#2860=EDGE_CURVE('',#2284,#2317,#302,.T.);
#2861=EDGE_CURVE('',#2281,#2318,#303,.T.);
#2862=EDGE_CURVE('',#2290,#2319,#92,.T.);
#2863=EDGE_CURVE('',#2318,#2319,#1294,.T.);
#2864=EDGE_CURVE('',#2320,#2314,#1295,.T.);
#2865=EDGE_CURVE('',#2289,#2320,#1296,.T.);
#2866=EDGE_CURVE('',#2287,#2321,#1297,.T.);
#2867=EDGE_CURVE('',#2315,#2321,#1298,.T.);
#2868=EDGE_CURVE('',#2282,#2322,#304,.T.);
#2869=EDGE_CURVE('',#2316,#2322,#1299,.T.);
#2870=EDGE_CURVE('',#2323,#2317,#1300,.T.);
#2871=EDGE_CURVE('',#2285,#2323,#305,.T.);
#2872=EDGE_CURVE('',#2322,#2318,#306,.T.);
#2873=EDGE_CURVE('',#2321,#2320,#1301,.T.);
#2874=EDGE_CURVE('',#2305,#2324,#1302,.T.);
#2875=EDGE_CURVE('',#2324,#2325,#1303,.T.);
#2876=EDGE_CURVE('',#2326,#2325,#93,.T.);
#2877=EDGE_CURVE('',#2327,#2326,#1304,.T.);
#2878=EDGE_CURVE('',#2328,#2327,#1305,.T.);
#2879=EDGE_CURVE('',#2328,#2329,#1306,.T.);
#2880=EDGE_CURVE('',#2330,#2329,#1307,.T.);
#2881=EDGE_CURVE('',#2319,#2330,#1308,.T.);
#2882=EDGE_CURVE('',#2306,#2331,#1309,.T.);
#2883=EDGE_CURVE('',#2313,#2332,#1310,.T.);
#2884=EDGE_CURVE('',#2333,#2332,#59,.T.);
#2885=EDGE_CURVE('',#2334,#2333,#60,.T.);
#2886=EDGE_CURVE('',#2334,#2331,#1311,.T.);
#2887=EDGE_CURVE('',#2335,#2336,#1312,.T.);
#2888=EDGE_CURVE('',#2298,#2335,#1313,.T.);
#2889=EDGE_CURVE('',#2337,#2297,#1314,.T.);
#2890=EDGE_CURVE('',#2337,#2338,#1315,.T.);
#2891=EDGE_CURVE('',#2338,#2293,#1316,.T.);
#2892=EDGE_CURVE('',#2294,#2336,#1317,.T.);
#2893=EDGE_CURVE('',#2295,#2339,#1318,.T.);
#2894=EDGE_CURVE('',#2340,#2339,#1319,.T.);
#2895=EDGE_CURVE('',#2296,#2340,#1320,.T.);
#2896=EDGE_CURVE('',#2341,#2342,#1321,.T.);
#2897=EDGE_CURVE('',#2343,#2341,#1322,.T.);
#2898=EDGE_CURVE('',#2339,#2343,#307,.T.);
#2899=EDGE_CURVE('',#2344,#2338,#308,.T.);
#2900=EDGE_CURVE('',#2342,#2344,#1323,.T.);
#2901=EDGE_CURVE('',#2336,#2345,#309,.T.);
#2902=EDGE_CURVE('',#2304,#2345,#1324,.T.);
#2903=EDGE_CURVE('',#2346,#2347,#1325,.T.);
#2904=EDGE_CURVE('',#2346,#2348,#1326,.T.);
#2905=EDGE_CURVE('',#2348,#2349,#1327,.T.);
#2906=EDGE_CURVE('',#2345,#2349,#1328,.T.);
#2907=EDGE_CURVE('',#2303,#2350,#1329,.T.);
#2908=EDGE_CURVE('',#2347,#2350,#1330,.T.);
#2909=EDGE_CURVE('',#2331,#2351,#310,.T.);
#2910=EDGE_CURVE('',#2307,#2351,#1331,.T.);
#2911=EDGE_CURVE('',#2352,#2310,#1332,.T.);
#2912=EDGE_CURVE('',#2353,#2309,#1333,.T.);
#2913=EDGE_CURVE('',#2353,#2354,#1334,.T.);
#2914=EDGE_CURVE('',#2355,#2354,#61,.T.);
#2915=EDGE_CURVE('',#2356,#2355,#62,.T.);
#2916=EDGE_CURVE('',#2356,#2357,#1335,.T.);
#2917=EDGE_CURVE('',#2357,#2352,#1336,.T.);
#2918=EDGE_CURVE('',#2358,#2335,#311,.T.);
#2919=EDGE_CURVE('',#2299,#2358,#1337,.T.);
#2920=EDGE_CURVE('',#2350,#2359,#312,.T.);
#2921=EDGE_CURVE('',#2302,#2359,#1338,.T.);
#2922=EDGE_CURVE('',#2311,#2360,#1339,.T.);
#2923=EDGE_CURVE('',#2352,#2360,#313,.T.);
#2924=EDGE_CURVE('',#2361,#2362,#1340,.T.);
#2925=EDGE_CURVE('',#2363,#2362,#1341,.T.);
#2926=EDGE_CURVE('',#2300,#2363,#1342,.T.);
#2927=EDGE_CURVE('',#2364,#2358,#1343,.T.);
#2928=EDGE_CURVE('',#2365,#2364,#1344,.T.);
#2929=EDGE_CURVE('',#2365,#2361,#1345,.T.);
#2930=EDGE_CURVE('',#2366,#2312,#1346,.T.);
#2931=EDGE_CURVE('',#2366,#2324,#314,.T.);
#2932=EDGE_CURVE('',#2360,#2366,#1347,.T.);
#2933=EDGE_CURVE('',#2367,#2351,#1348,.T.);
#2934=EDGE_CURVE('',#2333,#2367,#63,.T.);
#2935=EDGE_CURVE('',#2333,#2355,#1349,.T.);
#2936=EDGE_CURVE('',#2368,#2355,#64,.T.);
#2937=EDGE_CURVE('',#2369,#2368,#1350,.T.);
#2938=EDGE_CURVE('',#2369,#2308,#1351,.T.);
#2939=EDGE_CURVE('',#2369,#2353,#315,.T.);
#2940=EDGE_CURVE('',#2359,#2370,#1352,.T.);
#2941=EDGE_CURVE('',#2301,#2370,#1353,.T.);
#2942=EDGE_CURVE('',#2371,#2372,#1354,.T.);
#2943=EDGE_CURVE('',#2372,#2373,#1355,.T.);
#2944=EDGE_CURVE('',#2373,#2374,#1356,.T.);
#2945=EDGE_CURVE('',#2374,#2337,#316,.T.);
#2946=EDGE_CURVE('',#2340,#2371,#317,.T.);
#2947=EDGE_CURVE('',#2370,#2363,#318,.T.);
#2948=EDGE_CURVE('',#2313,#2323,#319,.T.);
#2949=EDGE_CURVE('',#2375,#2376,#1357,.T.);
#2950=EDGE_CURVE('',#2375,#2377,#1358,.T.);
#2951=EDGE_CURVE('',#2377,#2378,#1359,.T.);
#2952=EDGE_CURVE('',#2378,#2376,#1360,.T.);
#2953=EDGE_CURVE('',#2379,#2316,#1361,.T.);
#2954=EDGE_CURVE('',#2379,#2380,#320,.T.);
#2955=EDGE_CURVE('',#2380,#2317,#1362,.T.);
#2956=EDGE_CURVE('',#2381,#2330,#1363,.T.);
#2957=EDGE_CURVE('',#2381,#2382,#1364,.T.);
#2958=EDGE_CURVE('',#2382,#2383,#1365,.T.);
#2959=EDGE_CURVE('',#2383,#2318,#1366,.T.);
#2960=EDGE_CURVE('',#2384,#2322,#1367,.T.);
#2961=EDGE_CURVE('',#2384,#2379,#1368,.T.);
#2962=EDGE_CURVE('',#2380,#2385,#1369,.T.);
#2963=EDGE_CURVE('',#2385,#2323,#1370,.T.);
#2964=EDGE_CURVE('',#2383,#2384,#321,.T.);
#2965=EDGE_CURVE('',#2386,#2327,#1371,.T.);
#2966=EDGE_CURVE('',#2386,#2328,#1372,.T.);
#2967=EDGE_CURVE('',#2387,#2324,#322,.T.);
#2968=EDGE_CURVE('',#2388,#2387,#1373,.T.);
#2969=EDGE_CURVE('',#2325,#2388,#94,.T.);
#2970=EDGE_CURVE('',#2330,#2389,#1374,.T.);
#2971=EDGE_CURVE('',#2329,#2389,#1375,.T.);
#2972=EDGE_CURVE('',#2386,#2389,#1376,.T.);
#2973=EDGE_CURVE('',#2327,#2390,#1377,.T.);
#2974=EDGE_CURVE('',#2326,#2391,#1378,.T.);
#2975=EDGE_CURVE('',#2392,#2391,#1379,.T.);
#2976=EDGE_CURVE('',#2392,#2393,#1380,.T.);
#2977=EDGE_CURVE('',#2393,#2390,#1381,.T.);
#2978=EDGE_CURVE('',#2394,#2388,#1382,.T.);
#2979=EDGE_CURVE('',#2391,#2394,#323,.T.);
#2980=EDGE_CURVE('',#2395,#2396,#324,.T.);
#2981=EDGE_CURVE('',#2396,#2333,#65,.T.);
#2982=EDGE_CURVE('',#2385,#2332,#325,.T.);
#2983=EDGE_CURVE('',#2385,#2395,#66,.T.);
#2984=EDGE_CURVE('',#2367,#2334,#326,.T.);
#2985=EDGE_CURVE('',#2374,#2344,#1383,.T.);
#2986=EDGE_CURVE('',#2397,#2398,#327,.T.);
#2987=EDGE_CURVE('',#2399,#2397,#1384,.T.);
#2988=EDGE_CURVE('',#2400,#2399,#328,.T.);
#2989=EDGE_CURVE('',#2401,#2400,#1385,.T.);
#2990=EDGE_CURVE('',#2402,#2401,#329,.T.);
#2991=EDGE_CURVE('',#2403,#2402,#1386,.T.);
#2992=EDGE_CURVE('',#2404,#2403,#330,.T.);
#2993=EDGE_CURVE('',#2405,#2404,#1387,.T.);
#2994=EDGE_CURVE('',#2406,#2405,#331,.T.);
#2995=EDGE_CURVE('',#2407,#2406,#1388,.T.);
#2996=EDGE_CURVE('',#2408,#2407,#332,.T.);
#2997=EDGE_CURVE('',#2398,#2408,#1389,.T.);
#2998=EDGE_CURVE('',#2349,#2409,#1390,.T.);
#2999=EDGE_CURVE('',#2409,#2410,#1391,.T.);
#3000=EDGE_CURVE('',#2410,#2411,#333,.T.);
#3001=EDGE_CURVE('',#2411,#2412,#1392,.T.);
#3002=EDGE_CURVE('',#2412,#2347,#1393,.T.);
#3003=EDGE_CURVE('',#2362,#2413,#1394,.T.);
#3004=EDGE_CURVE('',#2413,#2414,#1395,.T.);
#3005=EDGE_CURVE('',#2414,#2415,#334,.T.);
#3006=EDGE_CURVE('',#2415,#2416,#1396,.T.);
#3007=EDGE_CURVE('',#2416,#2364,#1397,.T.);
#3008=EDGE_CURVE('',#2371,#2343,#1398,.T.);
#3009=EDGE_CURVE('',#2417,#2418,#1399,.T.);
#3010=EDGE_CURVE('',#2342,#2417,#1400,.T.);
#3011=EDGE_CURVE('',#2419,#2373,#1401,.T.);
#3012=EDGE_CURVE('',#2420,#2419,#1402,.T.);
#3013=EDGE_CURVE('',#2420,#2418,#1403,.T.);
#3014=EDGE_CURVE('',#2421,#2422,#1404,.T.);
#3015=EDGE_CURVE('',#2422,#2423,#1405,.T.);
#3016=EDGE_CURVE('',#2424,#2423,#1406,.T.);
#3017=EDGE_CURVE('',#2421,#2424,#1407,.T.);
#3018=EDGE_CURVE('',#2425,#2426,#1408,.T.);
#3019=EDGE_CURVE('',#2426,#2427,#1409,.T.);
#3020=EDGE_CURVE('',#2427,#2428,#1410,.T.);
#3021=EDGE_CURVE('',#2428,#2372,#1411,.T.);
#3022=EDGE_CURVE('',#2341,#2425,#1412,.T.);
#3023=EDGE_CURVE('',#2425,#2417,#1413,.T.);
#3024=EDGE_CURVE('',#2348,#2429,#1414,.T.);
#3025=EDGE_CURVE('',#2429,#2409,#1415,.T.);
#3026=EDGE_CURVE('',#2430,#2412,#1416,.T.);
#3027=EDGE_CURVE('',#2430,#2346,#1417,.T.);
#3028=EDGE_CURVE('',#2431,#2430,#1418,.T.);
#3029=EDGE_CURVE('',#2432,#2431,#335,.T.);
#3030=EDGE_CURVE('',#2429,#2432,#1419,.T.);
#3031=EDGE_CURVE('',#2433,#2433,#336,.T.);
#3032=EDGE_CURVE('',#2354,#2368,#337,.T.);
#3033=EDGE_CURVE('',#2434,#2357,#338,.T.);
#3034=EDGE_CURVE('',#2356,#2435,#339,.T.);
#3035=EDGE_CURVE('',#2434,#2435,#1420,.T.);
#3036=EDGE_CURVE('',#2436,#2352,#340,.T.);
#3037=EDGE_CURVE('',#2437,#2357,#341,.T.);
#3038=EDGE_CURVE('',#2436,#2437,#1421,.T.);
#3039=EDGE_CURVE('',#2355,#2438,#67,.T.);
#3040=EDGE_CURVE('',#2438,#2439,#342,.T.);
#3041=EDGE_CURVE('',#2439,#2435,#68,.T.);
#3042=EDGE_CURVE('',#2440,#2360,#343,.T.);
#3043=EDGE_CURVE('',#2440,#2436,#344,.T.);
#3044=EDGE_CURVE('',#2441,#2416,#1422,.T.);
#3045=EDGE_CURVE('',#2441,#2365,#1423,.T.);
#3046=EDGE_CURVE('',#2361,#2442,#1424,.T.);
#3047=EDGE_CURVE('',#2442,#2413,#1425,.T.);
#3048=EDGE_CURVE('',#2443,#2444,#345,.T.);
#3049=EDGE_CURVE('',#2442,#2443,#1426,.T.);
#3050=EDGE_CURVE('',#2444,#2441,#1427,.T.);
#3051=EDGE_CURVE('',#2445,#2445,#346,.T.);
#3052=EDGE_CURVE('',#2446,#2366,#347,.T.);
#3053=EDGE_CURVE('',#2387,#2446,#348,.T.);
#3054=EDGE_CURVE('',#2446,#2440,#1428,.T.);
#3055=EDGE_CURVE('',#2447,#2396,#1429,.T.);
#3056=EDGE_CURVE('',#2447,#2448,#1430,.T.);
#3057=EDGE_CURVE('',#2449,#2448,#1431,.T.);
#3058=EDGE_CURVE('',#2449,#2450,#1432,.T.);
#3059=EDGE_CURVE('',#2438,#2450,#1433,.T.);
#3060=EDGE_CURVE('',#2428,#2419,#1434,.T.);
#3061=EDGE_CURVE('',#2451,#2375,#1435,.T.);
#3062=EDGE_CURVE('',#2376,#2452,#1436,.T.);
#3063=EDGE_CURVE('',#2451,#2452,#1437,.T.);
#3064=EDGE_CURVE('',#2453,#2453,#349,.T.);
#3065=EDGE_CURVE('',#2454,#2377,#1438,.T.);
#3066=EDGE_CURVE('',#2454,#2455,#1439,.T.);
#3067=EDGE_CURVE('',#2378,#2455,#1440,.T.);
#3068=EDGE_CURVE('',#2456,#2456,#350,.T.);
#3069=EDGE_CURVE('',#2452,#2455,#1441,.T.);
#3070=EDGE_CURVE('',#2451,#2454,#1442,.T.);
#3071=EDGE_CURVE('',#2379,#2457,#351,.T.);
#3072=EDGE_CURVE('',#2458,#2457,#352,.T.);
#3073=EDGE_CURVE('',#2380,#2458,#353,.T.);
#3074=EDGE_CURVE('',#2459,#2382,#95,.T.);
#3075=EDGE_CURVE('',#2460,#2459,#1443,.T.);
#3076=EDGE_CURVE('',#2383,#2460,#354,.T.);
#3077=EDGE_CURVE('',#2381,#2390,#1444,.T.);
#3078=EDGE_CURVE('',#2327,#2330,#1445,.T.);
#3079=EDGE_CURVE('',#2393,#2461,#96,.T.);
#3080=EDGE_CURVE('',#2459,#2461,#1446,.T.);
#3081=EDGE_CURVE('',#2384,#2462,#355,.T.);
#3082=EDGE_CURVE('',#2457,#2462,#1447,.T.);
#3083=EDGE_CURVE('',#2395,#2458,#1448,.T.);
#3084=EDGE_CURVE('',#2462,#2460,#356,.T.);
#3085=EDGE_CURVE('',#2437,#2463,#1449,.T.);
#3086=EDGE_CURVE('',#2463,#2464,#357,.T.);
#3087=EDGE_CURVE('',#2464,#2465,#1450,.T.);
#3088=EDGE_CURVE('',#2465,#2394,#358,.T.);
#3089=EDGE_CURVE('',#2466,#2467,#1451,.T.);
#3090=EDGE_CURVE('',#2468,#2466,#1452,.T.);
#3091=EDGE_CURVE('',#2469,#2468,#1453,.T.);
#3092=EDGE_CURVE('',#2467,#2469,#1454,.T.);
#3093=EDGE_CURVE('',#2470,#2392,#359,.T.);
#3094=EDGE_CURVE('',#2461,#2470,#1455,.T.);
#3095=EDGE_CURVE('',#2471,#2472,#1456,.T.);
#3096=EDGE_CURVE('',#2471,#2392,#360,.T.);
#3097=EDGE_CURVE('',#2391,#2472,#361,.T.);
#3098=EDGE_CURVE('',#2472,#2465,#362,.T.);
#3099=EDGE_CURVE('',#2473,#2474,#363,.T.);
#3100=EDGE_CURVE('',#2474,#2475,#1457,.T.);
#3101=EDGE_CURVE('',#2447,#2475,#364,.T.);
#3102=EDGE_CURVE('',#2473,#2395,#1458,.T.);
#3103=EDGE_CURVE('',#2476,#2408,#1459,.T.);
#3104=EDGE_CURVE('',#2476,#2477,#1460,.T.);
#3105=EDGE_CURVE('',#2477,#2398,#1461,.T.);
#3106=EDGE_CURVE('',#2478,#2397,#1462,.T.);
#3107=EDGE_CURVE('',#2478,#2479,#1463,.T.);
#3108=EDGE_CURVE('',#2479,#2399,#1464,.T.);
#3109=EDGE_CURVE('',#2431,#2411,#1465,.T.);
#3110=EDGE_CURVE('',#2479,#2480,#365,.T.);
#3111=EDGE_CURVE('',#2480,#2400,#1466,.T.);
#3112=EDGE_CURVE('',#2477,#2478,#366,.T.);
#3113=EDGE_CURVE('',#2432,#2410,#1467,.T.);
#3114=EDGE_CURVE('',#2481,#2402,#1468,.T.);
#3115=EDGE_CURVE('',#2481,#2482,#1469,.T.);
#3116=EDGE_CURVE('',#2482,#2403,#1470,.T.);
#3117=EDGE_CURVE('',#2480,#2483,#1471,.T.);
#3118=EDGE_CURVE('',#2483,#2401,#1472,.T.);
#3119=EDGE_CURVE('',#2484,#2404,#1473,.T.);
#3120=EDGE_CURVE('',#2484,#2485,#1474,.T.);
#3121=EDGE_CURVE('',#2485,#2405,#1475,.T.);
#3122=EDGE_CURVE('',#2444,#2415,#1476,.T.);
#3123=EDGE_CURVE('',#2443,#2414,#1477,.T.);
#3124=EDGE_CURVE('',#2483,#2481,#367,.T.);
#3125=EDGE_CURVE('',#2486,#2407,#1478,.T.);
#3126=EDGE_CURVE('',#2486,#2476,#368,.T.);
#3127=EDGE_CURVE('',#2487,#2406,#1479,.T.);
#3128=EDGE_CURVE('',#2487,#2486,#1480,.T.);
#3129=EDGE_CURVE('',#2482,#2484,#369,.T.);
#3130=EDGE_CURVE('',#2485,#2487,#370,.T.);
#3131=EDGE_CURVE('',#2424,#2488,#1481,.T.);
#3132=EDGE_CURVE('',#2423,#2489,#1482,.T.);
#3133=EDGE_CURVE('',#2489,#2488,#1483,.T.);
#3134=EDGE_CURVE('',#2490,#2491,#371,.T.);
#3135=EDGE_CURVE('',#2492,#2490,#1484,.T.);
#3136=EDGE_CURVE('',#2492,#2420,#1485,.T.);
#3137=EDGE_CURVE('',#2427,#2491,#1486,.T.);
#3138=EDGE_CURVE('',#2422,#2493,#1487,.T.);
#3139=EDGE_CURVE('',#2493,#2489,#1488,.T.);
#3140=EDGE_CURVE('',#2494,#2494,#372,.T.);
#3141=EDGE_CURVE('',#2473,#2426,#1489,.T.);
#3142=EDGE_CURVE('',#2495,#2418,#1490,.T.);
#3143=EDGE_CURVE('',#2474,#2495,#1491,.T.);
#3144=EDGE_CURVE('',#2421,#2496,#1492,.T.);
#3145=EDGE_CURVE('',#2496,#2493,#1493,.T.);
#3146=EDGE_CURVE('',#2492,#2495,#1494,.T.);
#3147=EDGE_CURVE('',#2496,#2488,#1495,.T.);
#3148=EDGE_CURVE('',#2497,#2497,#373,.T.);
#3149=EDGE_CURVE('',#2470,#2498,#374,.T.);
#3150=EDGE_CURVE('',#2498,#2499,#1496,.T.);
#3151=EDGE_CURVE('',#2499,#2500,#375,.T.);
#3152=EDGE_CURVE('',#2500,#2439,#1497,.T.);
#3153=EDGE_CURVE('',#2439,#2491,#1498,.T.);
#3154=EDGE_CURVE('',#2433,#2501,#1499,.T.);
#3155=EDGE_CURVE('',#2501,#2501,#376,.T.);
#3156=EDGE_CURVE('',#2434,#2437,#377,.T.);
#3157=EDGE_CURVE('',#2502,#2503,#1500,.T.);
#3158=EDGE_CURVE('',#2503,#2434,#1501,.T.);
#3159=EDGE_CURVE('',#2435,#2502,#1502,.T.);
#3160=EDGE_CURVE('',#2504,#2450,#378,.T.);
#3161=EDGE_CURVE('',#2504,#2490,#1503,.T.);
#3162=EDGE_CURVE('',#2500,#2502,#379,.T.);
#3163=EDGE_CURVE('',#2445,#2505,#1504,.T.);
#3164=EDGE_CURVE('',#2505,#2505,#380,.T.);
#3165=EDGE_CURVE('',#2506,#2475,#1505,.T.);
#3166=EDGE_CURVE('',#2506,#2448,#381,.T.);
#3167=EDGE_CURVE('',#2504,#2507,#1506,.T.);
#3168=EDGE_CURVE('',#2449,#2507,#382,.T.);
#3169=EDGE_CURVE('',#2506,#2507,#1507,.T.);
#3170=EDGE_CURVE('',#2456,#2453,#1508,.T.);
#3171=EDGE_CURVE('',#2508,#2509,#1509,.T.);
#3172=EDGE_CURVE('',#2451,#2508,#1510,.T.);
#3173=EDGE_CURVE('',#2509,#2452,#1511,.T.);
#3174=EDGE_CURVE('',#2510,#2454,#1512,.T.);
#3175=EDGE_CURVE('',#2510,#2511,#1513,.T.);
#3176=EDGE_CURVE('',#2455,#2511,#1514,.T.);
#3177=EDGE_CURVE('',#2509,#2511,#1515,.T.);
#3178=EDGE_CURVE('',#2508,#2510,#1516,.T.);
#3179=EDGE_CURVE('',#2468,#2512,#1517,.T.);
#3180=EDGE_CURVE('',#2513,#2512,#1518,.T.);
#3181=EDGE_CURVE('',#2513,#2469,#1519,.T.);
#3182=EDGE_CURVE('',#2466,#2514,#1520,.T.);
#3183=EDGE_CURVE('',#2512,#2514,#1521,.T.);
#3184=EDGE_CURVE('',#2515,#2467,#1522,.T.);
#3185=EDGE_CURVE('',#2514,#2515,#1523,.T.);
#3186=EDGE_CURVE('',#2503,#2463,#383,.T.);
#3187=EDGE_CURVE('',#2516,#2464,#384,.T.);
#3188=EDGE_CURVE('',#2472,#2516,#1524,.T.);
#3189=EDGE_CURVE('',#2516,#2503,#385,.T.);
#3190=EDGE_CURVE('',#2515,#2513,#1525,.T.);
#3191=EDGE_CURVE('',#2498,#2471,#386,.T.);
#3192=EDGE_CURVE('',#2517,#2516,#1526,.T.);
#3193=EDGE_CURVE('',#2517,#2471,#1527,.T.);
#3194=EDGE_CURVE('',#2476,#2518,#387,.T.);
#3195=EDGE_CURVE('',#2519,#2518,#1528,.T.);
#3196=EDGE_CURVE('',#2477,#2519,#388,.T.);
#3197=EDGE_CURVE('',#2478,#2520,#389,.T.);
#3198=EDGE_CURVE('',#2521,#2520,#1529,.T.);
#3199=EDGE_CURVE('',#2479,#2521,#390,.T.);
#3200=EDGE_CURVE('',#2522,#2521,#391,.T.);
#3201=EDGE_CURVE('',#2480,#2522,#392,.T.);
#3202=EDGE_CURVE('',#2520,#2519,#393,.T.);
#3203=EDGE_CURVE('',#2523,#2482,#394,.T.);
#3204=EDGE_CURVE('',#2524,#2481,#395,.T.);
#3205=EDGE_CURVE('',#2523,#2524,#1530,.T.);
#3206=EDGE_CURVE('',#2525,#2522,#1531,.T.);
#3207=EDGE_CURVE('',#2483,#2525,#396,.T.);
#3208=EDGE_CURVE('',#2526,#2485,#397,.T.);
#3209=EDGE_CURVE('',#2527,#2484,#398,.T.);
#3210=EDGE_CURVE('',#2526,#2527,#1532,.T.);
#3211=EDGE_CURVE('',#2524,#2525,#399,.T.);
#3212=EDGE_CURVE('',#2528,#2486,#400,.T.);
#3213=EDGE_CURVE('',#2518,#2528,#401,.T.);
#3214=EDGE_CURVE('',#2529,#2487,#402,.T.);
#3215=EDGE_CURVE('',#2528,#2529,#1533,.T.);
#3216=EDGE_CURVE('',#2527,#2523,#403,.T.);
#3217=EDGE_CURVE('',#2529,#2526,#404,.T.);
#3218=EDGE_CURVE('',#2488,#2530,#1534,.T.);
#3219=EDGE_CURVE('',#2531,#2489,#1535,.T.);
#3220=EDGE_CURVE('',#2530,#2531,#1536,.T.);
#3221=EDGE_CURVE('',#2493,#2532,#1537,.T.);
#3222=EDGE_CURVE('',#2532,#2531,#1538,.T.);
#3223=EDGE_CURVE('',#2497,#2494,#1539,.T.);
#3224=EDGE_CURVE('',#2533,#2496,#1540,.T.);
#3225=EDGE_CURVE('',#2532,#2533,#1541,.T.);
#3226=EDGE_CURVE('',#2533,#2530,#1542,.T.);
#3227=EDGE_CURVE('',#2499,#2517,#405,.T.);
#3228=EDGE_CURVE('',#2502,#2517,#406,.T.);
#3229=EDGE_CURVE('',#2534,#2534,#407,.T.);
#3230=EDGE_CURVE('',#2535,#2535,#408,.T.);
#3231=EDGE_CURVE('',#2536,#2537,#1543,.T.);
#3232=EDGE_CURVE('',#2536,#2538,#1544,.T.);
#3233=EDGE_CURVE('',#2538,#2539,#1545,.T.);
#3234=EDGE_CURVE('',#2539,#2537,#1546,.T.);
#3235=EDGE_CURVE('',#2540,#2540,#409,.T.);
#3236=EDGE_CURVE('',#2541,#2541,#410,.T.);
#3237=EDGE_CURVE('',#2542,#2543,#1547,.T.);
#3238=EDGE_CURVE('',#2544,#2542,#411,.T.);
#3239=EDGE_CURVE('',#2545,#2544,#1548,.T.);
#3240=EDGE_CURVE('',#2546,#2545,#412,.T.);
#3241=EDGE_CURVE('',#2547,#2546,#1549,.T.);
#3242=EDGE_CURVE('',#2548,#2547,#413,.T.);
#3243=EDGE_CURVE('',#2549,#2548,#1550,.T.);
#3244=EDGE_CURVE('',#2543,#2549,#414,.T.);
#3245=EDGE_CURVE('',#2534,#2550,#1551,.T.);
#3246=EDGE_CURVE('',#2550,#2550,#415,.T.);
#3247=EDGE_CURVE('',#2535,#2551,#1552,.T.);
#3248=EDGE_CURVE('',#2551,#2551,#416,.T.);
#3249=EDGE_CURVE('',#2539,#2552,#1553,.T.);
#3250=EDGE_CURVE('',#2553,#2552,#1554,.T.);
#3251=EDGE_CURVE('',#2537,#2553,#1555,.T.);
#3252=EDGE_CURVE('',#2554,#2536,#1556,.T.);
#3253=EDGE_CURVE('',#2554,#2553,#1557,.T.);
#3254=EDGE_CURVE('',#2555,#2555,#417,.T.);
#3255=EDGE_CURVE('',#2556,#2538,#1558,.T.);
#3256=EDGE_CURVE('',#2556,#2552,#1559,.T.);
#3257=EDGE_CURVE('',#2557,#2557,#418,.T.);
#3258=EDGE_CURVE('',#2554,#2556,#1560,.T.);
#3259=EDGE_CURVE('',#2558,#2542,#1561,.T.);
#3260=EDGE_CURVE('',#2558,#2559,#419,.T.);
#3261=EDGE_CURVE('',#2559,#2544,#1562,.T.);
#3262=EDGE_CURVE('',#2560,#2560,#420,.T.);
#3263=EDGE_CURVE('',#2560,#2541,#1563,.T.);
#3264=EDGE_CURVE('',#2561,#2549,#1564,.T.);
#3265=EDGE_CURVE('',#2561,#2562,#421,.T.);
#3266=EDGE_CURVE('',#2562,#2543,#1565,.T.);
#3267=EDGE_CURVE('',#2559,#2563,#1566,.T.);
#3268=EDGE_CURVE('',#2563,#2545,#1567,.T.);
#3269=EDGE_CURVE('',#2564,#2548,#1568,.T.);
#3270=EDGE_CURVE('',#2564,#2561,#1569,.T.);
#3271=EDGE_CURVE('',#2565,#2547,#1570,.T.);
#3272=EDGE_CURVE('',#2565,#2564,#422,.T.);
#3273=EDGE_CURVE('',#2566,#2546,#1571,.T.);
#3274=EDGE_CURVE('',#2566,#2565,#1572,.T.);
#3275=EDGE_CURVE('',#2563,#2566,#423,.T.);
#3276=EDGE_CURVE('',#2562,#2558,#1573,.T.);
#3277=EDGE_CURVE('',#2567,#2567,#424,.T.);
#3278=EDGE_CURVE('',#2567,#2540,#1574,.T.);
#3279=EDGE_CURVE('',#2550,#2567,#1575,.T.);
#3280=EDGE_CURVE('',#2551,#2560,#1576,.T.);
#3281=EDGE_CURVE('',#2568,#2569,#1577,.T.);
#3282=EDGE_CURVE('',#2568,#2553,#1578,.T.);
#3283=EDGE_CURVE('',#2552,#2569,#1579,.T.);
#3284=EDGE_CURVE('',#2557,#2555,#1580,.T.);
#3285=EDGE_CURVE('',#2570,#2568,#1581,.T.);
#3286=EDGE_CURVE('',#2554,#2570,#1582,.T.);
#3287=EDGE_CURVE('',#2571,#2556,#1583,.T.);
#3288=EDGE_CURVE('',#2571,#2569,#1584,.T.);
#3289=EDGE_CURVE('',#2570,#2571,#1585,.T.);
#3290=EDGE_CURVE('',#2558,#2572,#425,.T.);
#3291=EDGE_CURVE('',#2573,#2572,#426,.T.);
#3292=EDGE_CURVE('',#2559,#2573,#427,.T.);
#3293=EDGE_CURVE('',#2562,#2574,#428,.T.);
#3294=EDGE_CURVE('',#2575,#2561,#429,.T.);
#3295=EDGE_CURVE('',#2574,#2575,#430,.T.);
#3296=EDGE_CURVE('',#2576,#2573,#1586,.T.);
#3297=EDGE_CURVE('',#2563,#2576,#431,.T.);
#3298=EDGE_CURVE('',#2577,#2564,#432,.T.);
#3299=EDGE_CURVE('',#2575,#2577,#1587,.T.);
#3300=EDGE_CURVE('',#2578,#2565,#433,.T.);
#3301=EDGE_CURVE('',#2577,#2578,#434,.T.);
#3302=EDGE_CURVE('',#2579,#2566,#435,.T.);
#3303=EDGE_CURVE('',#2578,#2579,#1588,.T.);
#3304=EDGE_CURVE('',#2579,#2576,#436,.T.);
#3305=EDGE_CURVE('',#2572,#2574,#1589,.T.);
#3306=EDGE_CURVE('',#2580,#2581,#1590,.T.);
#3307=EDGE_CURVE('',#2581,#2582,#437,.T.);
#3308=EDGE_CURVE('',#2582,#2583,#438,.T.);
#3309=EDGE_CURVE('',#2583,#2584,#1591,.T.);
#3310=EDGE_CURVE('',#2584,#2585,#439,.T.);
#3311=EDGE_CURVE('',#2585,#2586,#440,.T.);
#3312=EDGE_CURVE('',#2586,#2587,#1592,.T.);
#3313=EDGE_CURVE('',#2587,#2588,#441,.T.);
#3314=EDGE_CURVE('',#2588,#2589,#442,.T.);
#3315=EDGE_CURVE('',#2589,#2590,#1593,.T.);
#3316=EDGE_CURVE('',#2590,#2591,#443,.T.);
#3317=EDGE_CURVE('',#2591,#2592,#444,.T.);
#3318=EDGE_CURVE('',#2592,#2593,#1594,.T.);
#3319=EDGE_CURVE('',#2593,#2594,#445,.T.);
#3320=EDGE_CURVE('',#2594,#2595,#446,.T.);
#3321=EDGE_CURVE('',#2595,#2596,#1595,.T.);
#3322=EDGE_CURVE('',#2596,#2597,#447,.T.);
#3323=EDGE_CURVE('',#2597,#2580,#448,.T.);
#3324=EDGE_CURVE('',#2594,#2598,#449,.T.);
#3325=EDGE_CURVE('',#2593,#2599,#450,.T.);
#3326=EDGE_CURVE('',#2598,#2599,#451,.T.);
#3327=EDGE_CURVE('',#2600,#2584,#452,.T.);
#3328=EDGE_CURVE('',#2601,#2583,#453,.T.);
#3329=EDGE_CURVE('',#2600,#2601,#1596,.T.);
#3330=EDGE_CURVE('',#2580,#2602,#454,.T.);
#3331=EDGE_CURVE('',#2603,#2602,#1597,.T.);
#3332=EDGE_CURVE('',#2581,#2603,#455,.T.);
#3333=EDGE_CURVE('',#2588,#2604,#456,.T.);
#3334=EDGE_CURVE('',#2605,#2604,#457,.T.);
#3335=EDGE_CURVE('',#2605,#2589,#458,.T.);
#3336=EDGE_CURVE('',#2595,#2606,#459,.T.);
#3337=EDGE_CURVE('',#2607,#2606,#1598,.T.);
#3338=EDGE_CURVE('',#2596,#2607,#460,.T.);
#3339=EDGE_CURVE('',#2585,#2608,#461,.T.);
#3340=EDGE_CURVE('',#2608,#2600,#462,.T.);
#3341=EDGE_CURVE('',#2591,#2609,#463,.T.);
#3342=EDGE_CURVE('',#2610,#2609,#464,.T.);
#3343=EDGE_CURVE('',#2592,#2610,#465,.T.);
#3344=EDGE_CURVE('',#2611,#2587,#466,.T.);
#3345=EDGE_CURVE('',#2612,#2586,#467,.T.);
#3346=EDGE_CURVE('',#2611,#2612,#1599,.T.);
#3347=EDGE_CURVE('',#2582,#2613,#468,.T.);
#3348=EDGE_CURVE('',#2601,#2613,#469,.T.);
#3349=EDGE_CURVE('',#2599,#2610,#1600,.T.);
#3350=EDGE_CURVE('',#2613,#2603,#470,.T.);
#3351=EDGE_CURVE('',#2597,#2614,#471,.T.);
#3352=EDGE_CURVE('',#2602,#2614,#472,.T.);
#3353=EDGE_CURVE('',#2615,#2590,#473,.T.);
#3354=EDGE_CURVE('',#2609,#2615,#474,.T.);
#3355=EDGE_CURVE('',#2606,#2598,#475,.T.);
#3356=EDGE_CURVE('',#2615,#2605,#1601,.T.);
#3357=EDGE_CURVE('',#2614,#2607,#476,.T.);
#3358=EDGE_CURVE('',#2604,#2611,#477,.T.);
#3359=EDGE_CURVE('',#2612,#2608,#478,.T.);
#3360=EDGE_CURVE('',#2606,#2616,#1602,.T.);
#3361=EDGE_CURVE('',#2617,#2599,#1603,.T.);
#3362=EDGE_CURVE('',#2617,#2618,#479,.T.);
#3363=EDGE_CURVE('',#2618,#2616,#480,.T.);
#3364=EDGE_CURVE('',#2619,#2600,#1604,.T.);
#3365=EDGE_CURVE('',#2601,#2620,#1605,.T.);
#3366=EDGE_CURVE('',#2620,#2619,#1606,.T.);
#3367=EDGE_CURVE('',#2621,#2603,#1607,.T.);
#3368=EDGE_CURVE('',#2602,#2622,#1608,.T.);
#3369=EDGE_CURVE('',#2622,#2621,#1609,.T.);
#3370=EDGE_CURVE('',#2605,#2623,#1610,.T.);
#3371=EDGE_CURVE('',#2624,#2611,#1611,.T.);
#3372=EDGE_CURVE('',#2624,#2625,#481,.T.);
#3373=EDGE_CURVE('',#2625,#2623,#482,.T.);
#3374=EDGE_CURVE('',#2626,#2607,#1612,.T.);
#3375=EDGE_CURVE('',#2616,#2626,#1613,.T.);
#3376=EDGE_CURVE('',#2612,#2627,#1614,.T.);
#3377=EDGE_CURVE('',#2619,#2628,#483,.T.);
#3378=EDGE_CURVE('',#2628,#2627,#484,.T.);
#3379=EDGE_CURVE('',#2610,#2629,#1615,.T.);
#3380=EDGE_CURVE('',#2630,#2615,#1616,.T.);
#3381=EDGE_CURVE('',#2630,#2631,#485,.T.);
#3382=EDGE_CURVE('',#2631,#2629,#486,.T.);
#3383=EDGE_CURVE('',#2627,#2624,#1617,.T.);
#3384=EDGE_CURVE('',#2621,#2632,#487,.T.);
#3385=EDGE_CURVE('',#2632,#2620,#488,.T.);
#3386=EDGE_CURVE('',#2629,#2617,#1618,.T.);
#3387=EDGE_CURVE('',#2626,#2633,#489,.T.);
#3388=EDGE_CURVE('',#2633,#2622,#490,.T.);
#3389=EDGE_CURVE('',#2623,#2630,#1619,.T.);
#3390=EDGE_CURVE('',#2618,#2634,#491,.T.);
#3391=EDGE_CURVE('',#2617,#2635,#492,.T.);
#3392=EDGE_CURVE('',#2634,#2635,#97,.T.);
#3393=EDGE_CURVE('',#2636,#2634,#98,.T.);
#3394=EDGE_CURVE('',#2616,#2636,#493,.T.);
#3395=EDGE_CURVE('',#2637,#2638,#1620,.T.);
#3396=EDGE_CURVE('',#2637,#2619,#494,.T.);
#3397=EDGE_CURVE('',#2638,#2620,#495,.T.);
#3398=EDGE_CURVE('',#2639,#2640,#1621,.T.);
#3399=EDGE_CURVE('',#2621,#2639,#496,.T.);
#3400=EDGE_CURVE('',#2622,#2640,#497,.T.);
#3401=EDGE_CURVE('',#2625,#2641,#498,.T.);
#3402=EDGE_CURVE('',#2642,#2624,#499,.T.);
#3403=EDGE_CURVE('',#2641,#2642,#69,.T.);
#3404=EDGE_CURVE('',#2643,#2641,#70,.T.);
#3405=EDGE_CURVE('',#2643,#2623,#500,.T.);
#3406=EDGE_CURVE('',#2644,#2636,#1622,.T.);
#3407=EDGE_CURVE('',#2626,#2644,#501,.T.);
#3408=EDGE_CURVE('',#2628,#2645,#502,.T.);
#3409=EDGE_CURVE('',#2646,#2645,#71,.T.);
#3410=EDGE_CURVE('',#2646,#2627,#503,.T.);
#3411=EDGE_CURVE('',#2645,#2637,#72,.T.);
#3412=EDGE_CURVE('',#2631,#2647,#504,.T.);
#3413=EDGE_CURVE('',#2648,#2647,#99,.T.);
#3414=EDGE_CURVE('',#2629,#2648,#505,.T.);
#3415=EDGE_CURVE('',#2649,#2630,#506,.T.);
#3416=EDGE_CURVE('',#2647,#2649,#100,.T.);
#3417=EDGE_CURVE('',#2642,#2646,#1623,.T.);
#3418=EDGE_CURVE('',#2632,#2650,#507,.T.);
#3419=EDGE_CURVE('',#2650,#2639,#73,.T.);
#3420=EDGE_CURVE('',#2638,#2650,#74,.T.);
#3421=EDGE_CURVE('',#2635,#2648,#1624,.T.);
#3422=EDGE_CURVE('',#2633,#2651,#508,.T.);
#3423=EDGE_CURVE('',#2651,#2644,#75,.T.);
#3424=EDGE_CURVE('',#2640,#2651,#76,.T.);
#3425=EDGE_CURVE('',#2649,#2643,#1625,.T.);
#3426=EDGE_CURVE('',#2652,#2653,#1626,.T.);
#3427=EDGE_CURVE('',#2652,#2654,#1627,.T.);
#3428=EDGE_CURVE('',#2654,#2655,#1628,.T.);
#3429=EDGE_CURVE('',#2655,#2653,#1629,.T.);
#3430=EDGE_CURVE('',#2656,#2657,#1630,.T.);
#3431=EDGE_CURVE('',#2656,#2658,#1631,.T.);
#3432=EDGE_CURVE('',#2658,#2659,#1632,.T.);
#3433=EDGE_CURVE('',#2659,#2657,#1633,.T.);
#3434=EDGE_CURVE('',#2660,#2661,#1634,.T.);
#3435=EDGE_CURVE('',#2660,#2662,#1635,.T.);
#3436=EDGE_CURVE('',#2662,#2663,#1636,.T.);
#3437=EDGE_CURVE('',#2663,#2661,#1637,.T.);
#3438=EDGE_CURVE('',#2658,#2664,#1638,.T.);
#3439=EDGE_CURVE('',#2665,#2664,#1639,.T.);
#3440=EDGE_CURVE('',#2665,#2659,#1640,.T.);
#3441=EDGE_CURVE('',#2656,#2666,#1641,.T.);
#3442=EDGE_CURVE('',#2664,#2666,#1642,.T.);
#3443=EDGE_CURVE('',#2667,#2655,#1643,.T.);
#3444=EDGE_CURVE('',#2667,#2668,#1644,.T.);
#3445=EDGE_CURVE('',#2668,#2653,#1645,.T.);
#3446=EDGE_CURVE('',#2652,#2669,#1646,.T.);
#3447=EDGE_CURVE('',#2668,#2669,#1647,.T.);
#3448=EDGE_CURVE('',#2665,#2670,#1648,.T.);
#3449=EDGE_CURVE('',#2670,#2657,#1649,.T.);
#3450=EDGE_CURVE('',#2654,#2671,#1650,.T.);
#3451=EDGE_CURVE('',#2667,#2671,#1651,.T.);
#3452=EDGE_CURVE('',#2671,#2669,#1652,.T.);
#3453=EDGE_CURVE('',#2672,#2663,#1653,.T.);
#3454=EDGE_CURVE('',#2672,#2673,#1654,.T.);
#3455=EDGE_CURVE('',#2673,#2661,#1655,.T.);
#3456=EDGE_CURVE('',#2660,#2674,#1656,.T.);
#3457=EDGE_CURVE('',#2675,#2674,#1657,.T.);
#3458=EDGE_CURVE('',#2662,#2675,#1658,.T.);
#3459=EDGE_CURVE('',#2672,#2675,#1659,.T.);
#3460=EDGE_CURVE('',#2670,#2666,#1660,.T.);
#3461=EDGE_CURVE('',#2673,#2674,#1661,.T.);
#3462=EDGE_CURVE('',#2676,#2677,#1662,.T.);
#3463=EDGE_CURVE('',#2665,#2676,#1663,.T.);
#3464=EDGE_CURVE('',#2677,#2664,#1664,.T.);
#3465=EDGE_CURVE('',#2666,#2678,#1665,.T.);
#3466=EDGE_CURVE('',#2677,#2678,#1666,.T.);
#3467=EDGE_CURVE('',#2679,#2680,#1667,.T.);
#3468=EDGE_CURVE('',#2680,#2668,#1668,.T.);
#3469=EDGE_CURVE('',#2667,#2679,#1669,.T.);
#3470=EDGE_CURVE('',#2680,#2681,#1670,.T.);
#3471=EDGE_CURVE('',#2669,#2681,#1671,.T.);
#3472=EDGE_CURVE('',#2676,#2682,#1672,.T.);
#3473=EDGE_CURVE('',#2682,#2670,#1673,.T.);
#3474=EDGE_CURVE('',#2679,#2683,#1674,.T.);
#3475=EDGE_CURVE('',#2683,#2671,#1675,.T.);
#3476=EDGE_CURVE('',#2683,#2681,#1676,.T.);
#3477=EDGE_CURVE('',#2684,#2685,#1677,.T.);
#3478=EDGE_CURVE('',#2685,#2673,#1678,.T.);
#3479=EDGE_CURVE('',#2672,#2684,#1679,.T.);
#3480=EDGE_CURVE('',#2674,#2686,#1680,.T.);
#3481=EDGE_CURVE('',#2687,#2686,#1681,.T.);
#3482=EDGE_CURVE('',#2687,#2675,#1682,.T.);
#3483=EDGE_CURVE('',#2684,#2687,#1683,.T.);
#3484=EDGE_CURVE('',#2682,#2678,#1684,.T.);
#3485=EDGE_CURVE('',#2685,#2686,#1685,.T.);
#3486=ORIENTED_EDGE('',*,*,#2688,.F.);
#3487=ORIENTED_EDGE('',*,*,#2689,.T.);
#3488=ORIENTED_EDGE('',*,*,#2690,.F.);
#3489=ORIENTED_EDGE('',*,*,#2691,.T.);
#3490=ORIENTED_EDGE('',*,*,#2692,.T.);
#3491=ORIENTED_EDGE('',*,*,#2693,.T.);
#3492=ORIENTED_EDGE('',*,*,#2694,.T.);
#3493=ORIENTED_EDGE('',*,*,#2695,.T.);
#3494=ORIENTED_EDGE('',*,*,#2696,.T.);
#3495=ORIENTED_EDGE('',*,*,#2697,.T.);
#3496=ORIENTED_EDGE('',*,*,#2698,.T.);
#3497=ORIENTED_EDGE('',*,*,#2699,.T.);
#3498=ORIENTED_EDGE('',*,*,#2691,.F.);
#3499=ORIENTED_EDGE('',*,*,#2700,.T.);
#3500=ORIENTED_EDGE('',*,*,#2701,.T.);
#3501=ORIENTED_EDGE('',*,*,#2702,.T.);
#3502=ORIENTED_EDGE('',*,*,#2703,.T.);
#3503=ORIENTED_EDGE('',*,*,#2704,.T.);
#3504=ORIENTED_EDGE('',*,*,#2705,.T.);
#3505=ORIENTED_EDGE('',*,*,#2706,.F.);
#3506=ORIENTED_EDGE('',*,*,#2707,.F.);
#3507=ORIENTED_EDGE('',*,*,#2708,.F.);
#3508=ORIENTED_EDGE('',*,*,#2709,.T.);
#3509=ORIENTED_EDGE('',*,*,#2710,.T.);
#3510=ORIENTED_EDGE('',*,*,#2711,.T.);
#3511=ORIENTED_EDGE('',*,*,#2712,.T.);
#3512=ORIENTED_EDGE('',*,*,#2713,.T.);
#3513=ORIENTED_EDGE('',*,*,#2714,.T.);
#3514=ORIENTED_EDGE('',*,*,#2715,.F.);
#3515=ORIENTED_EDGE('',*,*,#2716,.F.);
#3516=ORIENTED_EDGE('',*,*,#2717,.F.);
#3517=ORIENTED_EDGE('',*,*,#2700,.F.);
#3518=ORIENTED_EDGE('',*,*,#2690,.T.);
#3519=ORIENTED_EDGE('',*,*,#2718,.T.);
#3520=ORIENTED_EDGE('',*,*,#2715,.T.);
#3521=ORIENTED_EDGE('',*,*,#2689,.F.);
#3522=ORIENTED_EDGE('',*,*,#2719,.T.);
#3523=ORIENTED_EDGE('',*,*,#2720,.T.);
#3524=ORIENTED_EDGE('',*,*,#2721,.F.);
#3525=ORIENTED_EDGE('',*,*,#2719,.F.);
#3526=ORIENTED_EDGE('',*,*,#2688,.T.);
#3527=ORIENTED_EDGE('',*,*,#2714,.F.);
#3528=ORIENTED_EDGE('',*,*,#2722,.F.);
#3529=ORIENTED_EDGE('',*,*,#2723,.T.);
#3530=ORIENTED_EDGE('',*,*,#2724,.F.);
#3531=ORIENTED_EDGE('',*,*,#2725,.T.);
#3532=ORIENTED_EDGE('',*,*,#2726,.F.);
#3533=ORIENTED_EDGE('',*,*,#2727,.T.);
#3534=ORIENTED_EDGE('',*,*,#2728,.F.);
#3535=ORIENTED_EDGE('',*,*,#2693,.F.);
#3536=ORIENTED_EDGE('',*,*,#2729,.T.);
#3537=ORIENTED_EDGE('',*,*,#2730,.T.);
#3538=ORIENTED_EDGE('',*,*,#2701,.F.);
#3539=ORIENTED_EDGE('',*,*,#2717,.T.);
#3540=ORIENTED_EDGE('',*,*,#2731,.F.);
#3541=ORIENTED_EDGE('',*,*,#2732,.T.);
#3542=ORIENTED_EDGE('',*,*,#2733,.T.);
#3543=ORIENTED_EDGE('',*,*,#2734,.T.);
#3544=ORIENTED_EDGE('',*,*,#2721,.T.);
#3545=ORIENTED_EDGE('',*,*,#2735,.T.);
#3546=ORIENTED_EDGE('',*,*,#2736,.F.);
#3547=ORIENTED_EDGE('',*,*,#2737,.F.);
#3548=ORIENTED_EDGE('',*,*,#2738,.T.);
#3549=ORIENTED_EDGE('',*,*,#2739,.F.);
#3550=ORIENTED_EDGE('',*,*,#2697,.F.);
#3551=ORIENTED_EDGE('',*,*,#2740,.T.);
#3552=ORIENTED_EDGE('',*,*,#2741,.T.);
#3553=ORIENTED_EDGE('',*,*,#2742,.F.);
#3554=ORIENTED_EDGE('',*,*,#2709,.F.);
#3555=ORIENTED_EDGE('',*,*,#2743,.F.);
#3556=ORIENTED_EDGE('',*,*,#2744,.F.);
#3557=ORIENTED_EDGE('',*,*,#2745,.T.);
#3558=ORIENTED_EDGE('',*,*,#2743,.T.);
#3559=ORIENTED_EDGE('',*,*,#2708,.T.);
#3560=ORIENTED_EDGE('',*,*,#2746,.F.);
#3561=ORIENTED_EDGE('',*,*,#2747,.T.);
#3562=ORIENTED_EDGE('',*,*,#2712,.F.);
#3563=ORIENTED_EDGE('',*,*,#2748,.F.);
#3564=ORIENTED_EDGE('',*,*,#2749,.F.);
#3565=ORIENTED_EDGE('',*,*,#2750,.F.);
#3566=ORIENTED_EDGE('',*,*,#2751,.F.);
#3567=ORIENTED_EDGE('',*,*,#2752,.F.);
#3568=ORIENTED_EDGE('',*,*,#2706,.T.);
#3569=ORIENTED_EDGE('',*,*,#2753,.T.);
#3570=ORIENTED_EDGE('',*,*,#2754,.T.);
#3571=ORIENTED_EDGE('',*,*,#2755,.T.);
#3572=ORIENTED_EDGE('',*,*,#2729,.F.);
#3573=ORIENTED_EDGE('',*,*,#2692,.F.);
#3574=ORIENTED_EDGE('',*,*,#2756,.T.);
#3575=ORIENTED_EDGE('',*,*,#2757,.T.);
#3576=ORIENTED_EDGE('',*,*,#2758,.F.);
#3577=ORIENTED_EDGE('',*,*,#2698,.F.);
#3578=ORIENTED_EDGE('',*,*,#2739,.T.);
#3579=ORIENTED_EDGE('',*,*,#2713,.F.);
#3580=ORIENTED_EDGE('',*,*,#2751,.T.);
#3581=ORIENTED_EDGE('',*,*,#2759,.F.);
#3582=ORIENTED_EDGE('',*,*,#2722,.T.);
#3583=ORIENTED_EDGE('',*,*,#2710,.F.);
#3584=ORIENTED_EDGE('',*,*,#2745,.F.);
#3585=ORIENTED_EDGE('',*,*,#2760,.F.);
#3586=ORIENTED_EDGE('',*,*,#2761,.F.);
#3587=ORIENTED_EDGE('',*,*,#2762,.F.);
#3588=ORIENTED_EDGE('',*,*,#2746,.T.);
#3589=ORIENTED_EDGE('',*,*,#2707,.T.);
#3590=ORIENTED_EDGE('',*,*,#2752,.T.);
#3591=ORIENTED_EDGE('',*,*,#2763,.F.);
#3592=ORIENTED_EDGE('',*,*,#2764,.T.);
#3593=ORIENTED_EDGE('',*,*,#2756,.F.);
#3594=ORIENTED_EDGE('',*,*,#2699,.F.);
#3595=ORIENTED_EDGE('',*,*,#2758,.T.);
#3596=ORIENTED_EDGE('',*,*,#2703,.F.);
#3597=ORIENTED_EDGE('',*,*,#2765,.T.);
#3598=ORIENTED_EDGE('',*,*,#2766,.F.);
#3599=ORIENTED_EDGE('',*,*,#2767,.T.);
#3600=ORIENTED_EDGE('',*,*,#2705,.F.);
#3601=ORIENTED_EDGE('',*,*,#2768,.T.);
#3602=ORIENTED_EDGE('',*,*,#2769,.F.);
#3603=ORIENTED_EDGE('',*,*,#2753,.F.);
#3604=ORIENTED_EDGE('',*,*,#2770,.T.);
#3605=ORIENTED_EDGE('',*,*,#2771,.F.);
#3606=ORIENTED_EDGE('',*,*,#2695,.F.);
#3607=ORIENTED_EDGE('',*,*,#2772,.T.);
#3608=ORIENTED_EDGE('',*,*,#2704,.F.);
#3609=ORIENTED_EDGE('',*,*,#2767,.F.);
#3610=ORIENTED_EDGE('',*,*,#2773,.F.);
#3611=ORIENTED_EDGE('',*,*,#2774,.F.);
#3612=ORIENTED_EDGE('',*,*,#2768,.F.);
#3613=ORIENTED_EDGE('',*,*,#2711,.F.);
#3614=ORIENTED_EDGE('',*,*,#2762,.T.);
#3615=ORIENTED_EDGE('',*,*,#2775,.F.);
#3616=ORIENTED_EDGE('',*,*,#2748,.T.);
#3617=ORIENTED_EDGE('',*,*,#2702,.F.);
#3618=ORIENTED_EDGE('',*,*,#2732,.F.);
#3619=ORIENTED_EDGE('',*,*,#2776,.F.);
#3620=ORIENTED_EDGE('',*,*,#2777,.F.);
#3621=ORIENTED_EDGE('',*,*,#2765,.F.);
#3622=ORIENTED_EDGE('',*,*,#2778,.T.);
#3623=ORIENTED_EDGE('',*,*,#2740,.F.);
#3624=ORIENTED_EDGE('',*,*,#2696,.F.);
#3625=ORIENTED_EDGE('',*,*,#2771,.T.);
#3626=ORIENTED_EDGE('',*,*,#2779,.T.);
#3627=ORIENTED_EDGE('',*,*,#2772,.F.);
#3628=ORIENTED_EDGE('',*,*,#2694,.F.);
#3629=ORIENTED_EDGE('',*,*,#2728,.T.);
#3630=ORIENTED_EDGE('',*,*,#2718,.F.);
#3631=ORIENTED_EDGE('',*,*,#2734,.F.);
#3632=ORIENTED_EDGE('',*,*,#2780,.F.);
#3633=ORIENTED_EDGE('',*,*,#2716,.T.);
#3634=ORIENTED_EDGE('',*,*,#2735,.F.);
#3635=ORIENTED_EDGE('',*,*,#2720,.F.);
#3636=ORIENTED_EDGE('',*,*,#2723,.F.);
#3637=ORIENTED_EDGE('',*,*,#2781,.F.);
#3638=ORIENTED_EDGE('',*,*,#2782,.F.);
#3639=ORIENTED_EDGE('',*,*,#2741,.F.);
#3640=ORIENTED_EDGE('',*,*,#2778,.F.);
#3641=ORIENTED_EDGE('',*,*,#2770,.F.);
#3642=ORIENTED_EDGE('',*,*,#2779,.F.);
#3643=ORIENTED_EDGE('',*,*,#2727,.F.);
#3644=ORIENTED_EDGE('',*,*,#2783,.F.);
#3645=ORIENTED_EDGE('',*,*,#2784,.F.);
#3646=ORIENTED_EDGE('',*,*,#2754,.F.);
#3647=ORIENTED_EDGE('',*,*,#2769,.T.);
#3648=ORIENTED_EDGE('',*,*,#2774,.T.);
#3649=ORIENTED_EDGE('',*,*,#2785,.T.);
#3650=ORIENTED_EDGE('',*,*,#2725,.F.);
#3651=ORIENTED_EDGE('',*,*,#2786,.T.);
#3652=ORIENTED_EDGE('',*,*,#2760,.T.);
#3653=ORIENTED_EDGE('',*,*,#2744,.T.);
#3654=ORIENTED_EDGE('',*,*,#2747,.F.);
#3655=ORIENTED_EDGE('',*,*,#2763,.T.);
#3656=ORIENTED_EDGE('',*,*,#2787,.T.);
#3657=ORIENTED_EDGE('',*,*,#2788,.F.);
#3658=ORIENTED_EDGE('',*,*,#2789,.F.);
#3659=ORIENTED_EDGE('',*,*,#2786,.F.);
#3660=ORIENTED_EDGE('',*,*,#2724,.T.);
#3661=ORIENTED_EDGE('',*,*,#2738,.F.);
#3662=ORIENTED_EDGE('',*,*,#2790,.F.);
#3663=ORIENTED_EDGE('',*,*,#2791,.F.);
#3664=ORIENTED_EDGE('',*,*,#2787,.F.);
#3665=ORIENTED_EDGE('',*,*,#2730,.F.);
#3666=ORIENTED_EDGE('',*,*,#2755,.F.);
#3667=ORIENTED_EDGE('',*,*,#2764,.F.);
#3668=ORIENTED_EDGE('',*,*,#2757,.F.);
#3669=ORIENTED_EDGE('',*,*,#2783,.T.);
#3670=ORIENTED_EDGE('',*,*,#2726,.T.);
#3671=ORIENTED_EDGE('',*,*,#2785,.F.);
#3672=ORIENTED_EDGE('',*,*,#2792,.F.);
#3673=ORIENTED_EDGE('',*,*,#2793,.T.);
#3674=ORIENTED_EDGE('',*,*,#2776,.T.);
#3675=ORIENTED_EDGE('',*,*,#2731,.T.);
#3676=ORIENTED_EDGE('',*,*,#2780,.T.);
#3677=ORIENTED_EDGE('',*,*,#2733,.F.);
#3678=ORIENTED_EDGE('',*,*,#2794,.T.);
#3679=ORIENTED_EDGE('',*,*,#2781,.T.);
#3680=ORIENTED_EDGE('',*,*,#2759,.T.);
#3681=ORIENTED_EDGE('',*,*,#2750,.T.);
#3682=ORIENTED_EDGE('',*,*,#2795,.T.);
#3683=ORIENTED_EDGE('',*,*,#2736,.T.);
#3684=ORIENTED_EDGE('',*,*,#2782,.T.);
#3685=ORIENTED_EDGE('',*,*,#2796,.F.);
#3686=ORIENTED_EDGE('',*,*,#2797,.F.);
#3687=ORIENTED_EDGE('',*,*,#2794,.F.);
#3688=ORIENTED_EDGE('',*,*,#2742,.T.);
#3689=ORIENTED_EDGE('',*,*,#2790,.T.);
#3690=ORIENTED_EDGE('',*,*,#2737,.T.);
#3691=ORIENTED_EDGE('',*,*,#2795,.F.);
#3692=ORIENTED_EDGE('',*,*,#2798,.F.);
#3693=ORIENTED_EDGE('',*,*,#2799,.T.);
#3694=ORIENTED_EDGE('',*,*,#2761,.T.);
#3695=ORIENTED_EDGE('',*,*,#2789,.T.);
#3696=ORIENTED_EDGE('',*,*,#2800,.T.);
#3697=ORIENTED_EDGE('',*,*,#2798,.T.);
#3698=ORIENTED_EDGE('',*,*,#2749,.T.);
#3699=ORIENTED_EDGE('',*,*,#2775,.T.);
#3700=ORIENTED_EDGE('',*,*,#2777,.T.);
#3701=ORIENTED_EDGE('',*,*,#2797,.T.);
#3702=ORIENTED_EDGE('',*,*,#2801,.T.);
#3703=ORIENTED_EDGE('',*,*,#2792,.T.);
#3704=ORIENTED_EDGE('',*,*,#2773,.T.);
#3705=ORIENTED_EDGE('',*,*,#2766,.T.);
#3706=ORIENTED_EDGE('',*,*,#2784,.T.);
#3707=ORIENTED_EDGE('',*,*,#2793,.F.);
#3708=ORIENTED_EDGE('',*,*,#2801,.F.);
#3709=ORIENTED_EDGE('',*,*,#2796,.T.);
#3710=ORIENTED_EDGE('',*,*,#2791,.T.);
#3711=ORIENTED_EDGE('',*,*,#2799,.F.);
#3712=ORIENTED_EDGE('',*,*,#2800,.F.);
#3713=ORIENTED_EDGE('',*,*,#2788,.T.);
#3714=ORIENTED_EDGE('',*,*,#2802,.T.);
#3715=ORIENTED_EDGE('',*,*,#2803,.F.);
#3716=ORIENTED_EDGE('',*,*,#2804,.F.);
#3717=ORIENTED_EDGE('',*,*,#2805,.F.);
#3718=ORIENTED_EDGE('',*,*,#2806,.T.);
#3719=ORIENTED_EDGE('',*,*,#2807,.F.);
#3720=ORIENTED_EDGE('',*,*,#2802,.F.);
#3721=ORIENTED_EDGE('',*,*,#2808,.F.);
#3722=ORIENTED_EDGE('',*,*,#2809,.T.);
#3723=ORIENTED_EDGE('',*,*,#2810,.T.);
#3724=ORIENTED_EDGE('',*,*,#2811,.T.);
#3725=ORIENTED_EDGE('',*,*,#2805,.T.);
#3726=ORIENTED_EDGE('',*,*,#2804,.T.);
#3727=ORIENTED_EDGE('',*,*,#2812,.F.);
#3728=ORIENTED_EDGE('',*,*,#2813,.F.);
#3729=ORIENTED_EDGE('',*,*,#2814,.F.);
#3730=ORIENTED_EDGE('',*,*,#2807,.T.);
#3731=ORIENTED_EDGE('',*,*,#2815,.T.);
#3732=ORIENTED_EDGE('',*,*,#2816,.T.);
#3733=ORIENTED_EDGE('',*,*,#2817,.T.);
#3734=ORIENTED_EDGE('',*,*,#2818,.T.);
#3735=ORIENTED_EDGE('',*,*,#2819,.T.);
#3736=ORIENTED_EDGE('',*,*,#2820,.T.);
#3737=ORIENTED_EDGE('',*,*,#2821,.T.);
#3738=ORIENTED_EDGE('',*,*,#2812,.T.);
#3739=ORIENTED_EDGE('',*,*,#2803,.T.);
#3740=ORIENTED_EDGE('',*,*,#2822,.F.);
#3741=ORIENTED_EDGE('',*,*,#2823,.F.);
#3742=ORIENTED_EDGE('',*,*,#2824,.F.);
#3743=ORIENTED_EDGE('',*,*,#2825,.F.);
#3744=ORIENTED_EDGE('',*,*,#2826,.T.);
#3745=ORIENTED_EDGE('',*,*,#2815,.F.);
#3746=ORIENTED_EDGE('',*,*,#2806,.F.);
#3747=ORIENTED_EDGE('',*,*,#2827,.F.);
#3748=ORIENTED_EDGE('',*,*,#2811,.F.);
#3749=ORIENTED_EDGE('',*,*,#2828,.T.);
#3750=ORIENTED_EDGE('',*,*,#2829,.F.);
#3751=ORIENTED_EDGE('',*,*,#2808,.T.);
#3752=ORIENTED_EDGE('',*,*,#2830,.F.);
#3753=ORIENTED_EDGE('',*,*,#2831,.T.);
#3754=ORIENTED_EDGE('',*,*,#2809,.F.);
#3755=ORIENTED_EDGE('',*,*,#2814,.T.);
#3756=ORIENTED_EDGE('',*,*,#2832,.F.);
#3757=ORIENTED_EDGE('',*,*,#2833,.T.);
#3758=ORIENTED_EDGE('',*,*,#2834,.F.);
#3759=ORIENTED_EDGE('',*,*,#2835,.F.);
#3760=ORIENTED_EDGE('',*,*,#2836,.F.);
#3761=ORIENTED_EDGE('',*,*,#2837,.F.);
#3762=ORIENTED_EDGE('',*,*,#2838,.F.);
#3763=ORIENTED_EDGE('',*,*,#2839,.F.);
#3764=ORIENTED_EDGE('',*,*,#2840,.F.);
#3765=ORIENTED_EDGE('',*,*,#2841,.F.);
#3766=ORIENTED_EDGE('',*,*,#2842,.F.);
#3767=ORIENTED_EDGE('',*,*,#2843,.F.);
#3768=ORIENTED_EDGE('',*,*,#2844,.F.);
#3769=ORIENTED_EDGE('',*,*,#2828,.F.);
#3770=ORIENTED_EDGE('',*,*,#2810,.F.);
#3771=ORIENTED_EDGE('',*,*,#2831,.F.);
#3772=ORIENTED_EDGE('',*,*,#2845,.F.);
#3773=ORIENTED_EDGE('',*,*,#2846,.T.);
#3774=ORIENTED_EDGE('',*,*,#2847,.T.);
#3775=ORIENTED_EDGE('',*,*,#2848,.T.);
#3776=ORIENTED_EDGE('',*,*,#2849,.F.);
#3777=ORIENTED_EDGE('',*,*,#2850,.F.);
#3778=ORIENTED_EDGE('',*,*,#2851,.F.);
#3779=ORIENTED_EDGE('',*,*,#2852,.F.);
#3780=ORIENTED_EDGE('',*,*,#2813,.T.);
#3781=ORIENTED_EDGE('',*,*,#2821,.F.);
#3782=ORIENTED_EDGE('',*,*,#2853,.F.);
#3783=ORIENTED_EDGE('',*,*,#2854,.F.);
#3784=ORIENTED_EDGE('',*,*,#2855,.T.);
#3785=ORIENTED_EDGE('',*,*,#2823,.T.);
#3786=ORIENTED_EDGE('',*,*,#2856,.F.);
#3787=ORIENTED_EDGE('',*,*,#2857,.F.);
#3788=ORIENTED_EDGE('',*,*,#2858,.T.);
#3789=ORIENTED_EDGE('',*,*,#2859,.F.);
#3790=ORIENTED_EDGE('',*,*,#2860,.F.);
#3791=ORIENTED_EDGE('',*,*,#2819,.F.);
#3792=ORIENTED_EDGE('',*,*,#2861,.F.);
#3793=ORIENTED_EDGE('',*,*,#2816,.F.);
#3794=ORIENTED_EDGE('',*,*,#2826,.F.);
#3795=ORIENTED_EDGE('',*,*,#2862,.T.);
#3796=ORIENTED_EDGE('',*,*,#2863,.F.);
#3797=ORIENTED_EDGE('',*,*,#2855,.F.);
#3798=ORIENTED_EDGE('',*,*,#2864,.F.);
#3799=ORIENTED_EDGE('',*,*,#2865,.F.);
#3800=ORIENTED_EDGE('',*,*,#2824,.T.);
#3801=ORIENTED_EDGE('',*,*,#2866,.T.);
#3802=ORIENTED_EDGE('',*,*,#2867,.F.);
#3803=ORIENTED_EDGE('',*,*,#2856,.T.);
#3804=ORIENTED_EDGE('',*,*,#2822,.T.);
#3805=ORIENTED_EDGE('',*,*,#2868,.T.);
#3806=ORIENTED_EDGE('',*,*,#2869,.F.);
#3807=ORIENTED_EDGE('',*,*,#2858,.F.);
#3808=ORIENTED_EDGE('',*,*,#2818,.F.);
#3809=ORIENTED_EDGE('',*,*,#2860,.T.);
#3810=ORIENTED_EDGE('',*,*,#2870,.F.);
#3811=ORIENTED_EDGE('',*,*,#2871,.F.);
#3812=ORIENTED_EDGE('',*,*,#2820,.F.);
#3813=ORIENTED_EDGE('',*,*,#2861,.T.);
#3814=ORIENTED_EDGE('',*,*,#2872,.F.);
#3815=ORIENTED_EDGE('',*,*,#2868,.F.);
#3816=ORIENTED_EDGE('',*,*,#2817,.F.);
#3817=ORIENTED_EDGE('',*,*,#2865,.T.);
#3818=ORIENTED_EDGE('',*,*,#2873,.F.);
#3819=ORIENTED_EDGE('',*,*,#2866,.F.);
#3820=ORIENTED_EDGE('',*,*,#2825,.T.);
#3821=ORIENTED_EDGE('',*,*,#2829,.T.);
#3822=ORIENTED_EDGE('',*,*,#2844,.T.);
#3823=ORIENTED_EDGE('',*,*,#2874,.T.);
#3824=ORIENTED_EDGE('',*,*,#2875,.T.);
#3825=ORIENTED_EDGE('',*,*,#2876,.F.);
#3826=ORIENTED_EDGE('',*,*,#2877,.F.);
#3827=ORIENTED_EDGE('',*,*,#2878,.F.);
#3828=ORIENTED_EDGE('',*,*,#2879,.T.);
#3829=ORIENTED_EDGE('',*,*,#2880,.F.);
#3830=ORIENTED_EDGE('',*,*,#2881,.F.);
#3831=ORIENTED_EDGE('',*,*,#2862,.F.);
#3832=ORIENTED_EDGE('',*,*,#2827,.T.);
#3833=ORIENTED_EDGE('',*,*,#2882,.F.);
#3834=ORIENTED_EDGE('',*,*,#2845,.T.);
#3835=ORIENTED_EDGE('',*,*,#2830,.T.);
#3836=ORIENTED_EDGE('',*,*,#2854,.T.);
#3837=ORIENTED_EDGE('',*,*,#2883,.T.);
#3838=ORIENTED_EDGE('',*,*,#2884,.F.);
#3839=ORIENTED_EDGE('',*,*,#2885,.F.);
#3840=ORIENTED_EDGE('',*,*,#2886,.T.);
#3841=ORIENTED_EDGE('',*,*,#2887,.F.);
#3842=ORIENTED_EDGE('',*,*,#2888,.F.);
#3843=ORIENTED_EDGE('',*,*,#2836,.T.);
#3844=ORIENTED_EDGE('',*,*,#2889,.F.);
#3845=ORIENTED_EDGE('',*,*,#2890,.T.);
#3846=ORIENTED_EDGE('',*,*,#2891,.T.);
#3847=ORIENTED_EDGE('',*,*,#2832,.T.);
#3848=ORIENTED_EDGE('',*,*,#2892,.T.);
#3849=ORIENTED_EDGE('',*,*,#2893,.T.);
#3850=ORIENTED_EDGE('',*,*,#2894,.F.);
#3851=ORIENTED_EDGE('',*,*,#2895,.F.);
#3852=ORIENTED_EDGE('',*,*,#2834,.T.);
#3853=ORIENTED_EDGE('',*,*,#2896,.F.);
#3854=ORIENTED_EDGE('',*,*,#2897,.F.);
#3855=ORIENTED_EDGE('',*,*,#2898,.F.);
#3856=ORIENTED_EDGE('',*,*,#2893,.F.);
#3857=ORIENTED_EDGE('',*,*,#2833,.F.);
#3858=ORIENTED_EDGE('',*,*,#2891,.F.);
#3859=ORIENTED_EDGE('',*,*,#2899,.F.);
#3860=ORIENTED_EDGE('',*,*,#2900,.F.);
#3861=ORIENTED_EDGE('',*,*,#2901,.F.);
#3862=ORIENTED_EDGE('',*,*,#2892,.F.);
#3863=ORIENTED_EDGE('',*,*,#2843,.T.);
#3864=ORIENTED_EDGE('',*,*,#2902,.T.);
#3865=ORIENTED_EDGE('',*,*,#2903,.F.);
#3866=ORIENTED_EDGE('',*,*,#2904,.T.);
#3867=ORIENTED_EDGE('',*,*,#2905,.T.);
#3868=ORIENTED_EDGE('',*,*,#2906,.F.);
#3869=ORIENTED_EDGE('',*,*,#2902,.F.);
#3870=ORIENTED_EDGE('',*,*,#2842,.T.);
#3871=ORIENTED_EDGE('',*,*,#2907,.T.);
#3872=ORIENTED_EDGE('',*,*,#2908,.F.);
#3873=ORIENTED_EDGE('',*,*,#2846,.F.);
#3874=ORIENTED_EDGE('',*,*,#2882,.T.);
#3875=ORIENTED_EDGE('',*,*,#2909,.T.);
#3876=ORIENTED_EDGE('',*,*,#2910,.F.);
#3877=ORIENTED_EDGE('',*,*,#2911,.T.);
#3878=ORIENTED_EDGE('',*,*,#2849,.T.);
#3879=ORIENTED_EDGE('',*,*,#2912,.F.);
#3880=ORIENTED_EDGE('',*,*,#2913,.T.);
#3881=ORIENTED_EDGE('',*,*,#2914,.F.);
#3882=ORIENTED_EDGE('',*,*,#2915,.F.);
#3883=ORIENTED_EDGE('',*,*,#2916,.T.);
#3884=ORIENTED_EDGE('',*,*,#2917,.T.);
#3885=ORIENTED_EDGE('',*,*,#2918,.F.);
#3886=ORIENTED_EDGE('',*,*,#2919,.F.);
#3887=ORIENTED_EDGE('',*,*,#2837,.T.);
#3888=ORIENTED_EDGE('',*,*,#2888,.T.);
#3889=ORIENTED_EDGE('',*,*,#2920,.F.);
#3890=ORIENTED_EDGE('',*,*,#2907,.F.);
#3891=ORIENTED_EDGE('',*,*,#2841,.T.);
#3892=ORIENTED_EDGE('',*,*,#2921,.T.);
#3893=ORIENTED_EDGE('',*,*,#2922,.F.);
#3894=ORIENTED_EDGE('',*,*,#2850,.T.);
#3895=ORIENTED_EDGE('',*,*,#2911,.F.);
#3896=ORIENTED_EDGE('',*,*,#2923,.T.);
#3897=ORIENTED_EDGE('',*,*,#2924,.T.);
#3898=ORIENTED_EDGE('',*,*,#2925,.F.);
#3899=ORIENTED_EDGE('',*,*,#2926,.F.);
#3900=ORIENTED_EDGE('',*,*,#2838,.T.);
#3901=ORIENTED_EDGE('',*,*,#2919,.T.);
#3902=ORIENTED_EDGE('',*,*,#2927,.F.);
#3903=ORIENTED_EDGE('',*,*,#2928,.F.);
#3904=ORIENTED_EDGE('',*,*,#2929,.T.);
#3905=ORIENTED_EDGE('',*,*,#2874,.F.);
#3906=ORIENTED_EDGE('',*,*,#2852,.T.);
#3907=ORIENTED_EDGE('',*,*,#2930,.F.);
#3908=ORIENTED_EDGE('',*,*,#2931,.T.);
#3909=ORIENTED_EDGE('',*,*,#2930,.T.);
#3910=ORIENTED_EDGE('',*,*,#2851,.T.);
#3911=ORIENTED_EDGE('',*,*,#2922,.T.);
#3912=ORIENTED_EDGE('',*,*,#2932,.T.);
#3913=ORIENTED_EDGE('',*,*,#2847,.F.);
#3914=ORIENTED_EDGE('',*,*,#2910,.T.);
#3915=ORIENTED_EDGE('',*,*,#2933,.F.);
#3916=ORIENTED_EDGE('',*,*,#2934,.F.);
#3917=ORIENTED_EDGE('',*,*,#2935,.T.);
#3918=ORIENTED_EDGE('',*,*,#2936,.F.);
#3919=ORIENTED_EDGE('',*,*,#2937,.F.);
#3920=ORIENTED_EDGE('',*,*,#2938,.T.);
#3921=ORIENTED_EDGE('',*,*,#2848,.F.);
#3922=ORIENTED_EDGE('',*,*,#2938,.F.);
#3923=ORIENTED_EDGE('',*,*,#2939,.T.);
#3924=ORIENTED_EDGE('',*,*,#2912,.T.);
#3925=ORIENTED_EDGE('',*,*,#2940,.F.);
#3926=ORIENTED_EDGE('',*,*,#2921,.F.);
#3927=ORIENTED_EDGE('',*,*,#2840,.T.);
#3928=ORIENTED_EDGE('',*,*,#2941,.T.);
#3929=ORIENTED_EDGE('',*,*,#2942,.T.);
#3930=ORIENTED_EDGE('',*,*,#2943,.T.);
#3931=ORIENTED_EDGE('',*,*,#2944,.T.);
#3932=ORIENTED_EDGE('',*,*,#2945,.T.);
#3933=ORIENTED_EDGE('',*,*,#2889,.T.);
#3934=ORIENTED_EDGE('',*,*,#2835,.T.);
#3935=ORIENTED_EDGE('',*,*,#2895,.T.);
#3936=ORIENTED_EDGE('',*,*,#2946,.T.);
#3937=ORIENTED_EDGE('',*,*,#2947,.F.);
#3938=ORIENTED_EDGE('',*,*,#2941,.F.);
#3939=ORIENTED_EDGE('',*,*,#2839,.T.);
#3940=ORIENTED_EDGE('',*,*,#2926,.T.);
#3941=ORIENTED_EDGE('',*,*,#2853,.T.);
#3942=ORIENTED_EDGE('',*,*,#2871,.T.);
#3943=ORIENTED_EDGE('',*,*,#2948,.F.);
#3944=ORIENTED_EDGE('',*,*,#2857,.T.);
#3945=ORIENTED_EDGE('',*,*,#2867,.T.);
#3946=ORIENTED_EDGE('',*,*,#2873,.T.);
#3947=ORIENTED_EDGE('',*,*,#2864,.T.);
#3948=ORIENTED_EDGE('',*,*,#2949,.F.);
#3949=ORIENTED_EDGE('',*,*,#2950,.T.);
#3950=ORIENTED_EDGE('',*,*,#2951,.T.);
#3951=ORIENTED_EDGE('',*,*,#2952,.T.);
#3952=ORIENTED_EDGE('',*,*,#2953,.F.);
#3953=ORIENTED_EDGE('',*,*,#2954,.T.);
#3954=ORIENTED_EDGE('',*,*,#2955,.T.);
#3955=ORIENTED_EDGE('',*,*,#2859,.T.);
#3956=ORIENTED_EDGE('',*,*,#2956,.F.);
#3957=ORIENTED_EDGE('',*,*,#2957,.T.);
#3958=ORIENTED_EDGE('',*,*,#2958,.T.);
#3959=ORIENTED_EDGE('',*,*,#2959,.T.);
#3960=ORIENTED_EDGE('',*,*,#2863,.T.);
#3961=ORIENTED_EDGE('',*,*,#2881,.T.);
#3962=ORIENTED_EDGE('',*,*,#2960,.F.);
#3963=ORIENTED_EDGE('',*,*,#2961,.T.);
#3964=ORIENTED_EDGE('',*,*,#2953,.T.);
#3965=ORIENTED_EDGE('',*,*,#2869,.T.);
#3966=ORIENTED_EDGE('',*,*,#2955,.F.);
#3967=ORIENTED_EDGE('',*,*,#2962,.T.);
#3968=ORIENTED_EDGE('',*,*,#2963,.T.);
#3969=ORIENTED_EDGE('',*,*,#2870,.T.);
#3970=ORIENTED_EDGE('',*,*,#2959,.F.);
#3971=ORIENTED_EDGE('',*,*,#2964,.T.);
#3972=ORIENTED_EDGE('',*,*,#2960,.T.);
#3973=ORIENTED_EDGE('',*,*,#2872,.T.);
#3974=ORIENTED_EDGE('',*,*,#2965,.F.);
#3975=ORIENTED_EDGE('',*,*,#2966,.T.);
#3976=ORIENTED_EDGE('',*,*,#2878,.T.);
#3977=ORIENTED_EDGE('',*,*,#2967,.F.);
#3978=ORIENTED_EDGE('',*,*,#2968,.F.);
#3979=ORIENTED_EDGE('',*,*,#2969,.F.);
#3980=ORIENTED_EDGE('',*,*,#2875,.F.);
#3981=ORIENTED_EDGE('',*,*,#2970,.F.);
#3982=ORIENTED_EDGE('',*,*,#2880,.T.);
#3983=ORIENTED_EDGE('',*,*,#2971,.T.);
#3984=ORIENTED_EDGE('',*,*,#2966,.F.);
#3985=ORIENTED_EDGE('',*,*,#2972,.T.);
#3986=ORIENTED_EDGE('',*,*,#2971,.F.);
#3987=ORIENTED_EDGE('',*,*,#2879,.F.);
#3988=ORIENTED_EDGE('',*,*,#2973,.F.);
#3989=ORIENTED_EDGE('',*,*,#2877,.T.);
#3990=ORIENTED_EDGE('',*,*,#2974,.T.);
#3991=ORIENTED_EDGE('',*,*,#2975,.F.);
#3992=ORIENTED_EDGE('',*,*,#2976,.T.);
#3993=ORIENTED_EDGE('',*,*,#2977,.T.);
#3994=ORIENTED_EDGE('',*,*,#2969,.T.);
#3995=ORIENTED_EDGE('',*,*,#2978,.F.);
#3996=ORIENTED_EDGE('',*,*,#2979,.F.);
#3997=ORIENTED_EDGE('',*,*,#2974,.F.);
#3998=ORIENTED_EDGE('',*,*,#2876,.T.);
#3999=ORIENTED_EDGE('',*,*,#2980,.T.);
#4000=ORIENTED_EDGE('',*,*,#2981,.T.);
#4001=ORIENTED_EDGE('',*,*,#2884,.T.);
#4002=ORIENTED_EDGE('',*,*,#2982,.F.);
#4003=ORIENTED_EDGE('',*,*,#2983,.T.);
#4004=ORIENTED_EDGE('',*,*,#2982,.T.);
#4005=ORIENTED_EDGE('',*,*,#2883,.F.);
#4006=ORIENTED_EDGE('',*,*,#2948,.T.);
#4007=ORIENTED_EDGE('',*,*,#2963,.F.);
#4008=ORIENTED_EDGE('',*,*,#2984,.F.);
#4009=ORIENTED_EDGE('',*,*,#2933,.T.);
#4010=ORIENTED_EDGE('',*,*,#2909,.F.);
#4011=ORIENTED_EDGE('',*,*,#2886,.F.);
#4012=ORIENTED_EDGE('',*,*,#2885,.T.);
#4013=ORIENTED_EDGE('',*,*,#2934,.T.);
#4014=ORIENTED_EDGE('',*,*,#2984,.T.);
#4015=ORIENTED_EDGE('',*,*,#2899,.T.);
#4016=ORIENTED_EDGE('',*,*,#2890,.F.);
#4017=ORIENTED_EDGE('',*,*,#2945,.F.);
#4018=ORIENTED_EDGE('',*,*,#2985,.T.);
#4019=ORIENTED_EDGE('',*,*,#2986,.F.);
#4020=ORIENTED_EDGE('',*,*,#2987,.F.);
#4021=ORIENTED_EDGE('',*,*,#2988,.F.);
#4022=ORIENTED_EDGE('',*,*,#2989,.F.);
#4023=ORIENTED_EDGE('',*,*,#2990,.F.);
#4024=ORIENTED_EDGE('',*,*,#2991,.F.);
#4025=ORIENTED_EDGE('',*,*,#2992,.F.);
#4026=ORIENTED_EDGE('',*,*,#2993,.F.);
#4027=ORIENTED_EDGE('',*,*,#2994,.F.);
#4028=ORIENTED_EDGE('',*,*,#2995,.F.);
#4029=ORIENTED_EDGE('',*,*,#2996,.F.);
#4030=ORIENTED_EDGE('',*,*,#2997,.F.);
#4031=ORIENTED_EDGE('',*,*,#2927,.T.);
#4032=ORIENTED_EDGE('',*,*,#2918,.T.);
#4033=ORIENTED_EDGE('',*,*,#2887,.T.);
#4034=ORIENTED_EDGE('',*,*,#2901,.T.);
#4035=ORIENTED_EDGE('',*,*,#2906,.T.);
#4036=ORIENTED_EDGE('',*,*,#2998,.T.);
#4037=ORIENTED_EDGE('',*,*,#2999,.T.);
#4038=ORIENTED_EDGE('',*,*,#3000,.T.);
#4039=ORIENTED_EDGE('',*,*,#3001,.T.);
#4040=ORIENTED_EDGE('',*,*,#3002,.T.);
#4041=ORIENTED_EDGE('',*,*,#2908,.T.);
#4042=ORIENTED_EDGE('',*,*,#2920,.T.);
#4043=ORIENTED_EDGE('',*,*,#2940,.T.);
#4044=ORIENTED_EDGE('',*,*,#2947,.T.);
#4045=ORIENTED_EDGE('',*,*,#2925,.T.);
#4046=ORIENTED_EDGE('',*,*,#3003,.T.);
#4047=ORIENTED_EDGE('',*,*,#3004,.T.);
#4048=ORIENTED_EDGE('',*,*,#3005,.T.);
#4049=ORIENTED_EDGE('',*,*,#3006,.T.);
#4050=ORIENTED_EDGE('',*,*,#3007,.T.);
#4051=ORIENTED_EDGE('',*,*,#2898,.T.);
#4052=ORIENTED_EDGE('',*,*,#3008,.F.);
#4053=ORIENTED_EDGE('',*,*,#2946,.F.);
#4054=ORIENTED_EDGE('',*,*,#2894,.T.);
#4055=ORIENTED_EDGE('',*,*,#3009,.F.);
#4056=ORIENTED_EDGE('',*,*,#3010,.F.);
#4057=ORIENTED_EDGE('',*,*,#2900,.T.);
#4058=ORIENTED_EDGE('',*,*,#2985,.F.);
#4059=ORIENTED_EDGE('',*,*,#2944,.F.);
#4060=ORIENTED_EDGE('',*,*,#3011,.F.);
#4061=ORIENTED_EDGE('',*,*,#3012,.F.);
#4062=ORIENTED_EDGE('',*,*,#3013,.T.);
#4063=ORIENTED_EDGE('',*,*,#3014,.T.);
#4064=ORIENTED_EDGE('',*,*,#3015,.T.);
#4065=ORIENTED_EDGE('',*,*,#3016,.F.);
#4066=ORIENTED_EDGE('',*,*,#3017,.F.);
#4067=ORIENTED_EDGE('',*,*,#3018,.T.);
#4068=ORIENTED_EDGE('',*,*,#3019,.T.);
#4069=ORIENTED_EDGE('',*,*,#3020,.T.);
#4070=ORIENTED_EDGE('',*,*,#3021,.T.);
#4071=ORIENTED_EDGE('',*,*,#2942,.F.);
#4072=ORIENTED_EDGE('',*,*,#3008,.T.);
#4073=ORIENTED_EDGE('',*,*,#2897,.T.);
#4074=ORIENTED_EDGE('',*,*,#3022,.T.);
#4075=ORIENTED_EDGE('',*,*,#2896,.T.);
#4076=ORIENTED_EDGE('',*,*,#3010,.T.);
#4077=ORIENTED_EDGE('',*,*,#3023,.F.);
#4078=ORIENTED_EDGE('',*,*,#3022,.F.);
#4079=ORIENTED_EDGE('',*,*,#2998,.F.);
#4080=ORIENTED_EDGE('',*,*,#2905,.F.);
#4081=ORIENTED_EDGE('',*,*,#3024,.T.);
#4082=ORIENTED_EDGE('',*,*,#3025,.T.);
#4083=ORIENTED_EDGE('',*,*,#3002,.F.);
#4084=ORIENTED_EDGE('',*,*,#3026,.F.);
#4085=ORIENTED_EDGE('',*,*,#3027,.T.);
#4086=ORIENTED_EDGE('',*,*,#2903,.T.);
#4087=ORIENTED_EDGE('',*,*,#2904,.F.);
#4088=ORIENTED_EDGE('',*,*,#3027,.F.);
#4089=ORIENTED_EDGE('',*,*,#3028,.F.);
#4090=ORIENTED_EDGE('',*,*,#3029,.F.);
#4091=ORIENTED_EDGE('',*,*,#3030,.F.);
#4092=ORIENTED_EDGE('',*,*,#3024,.F.);
#4093=ORIENTED_EDGE('',*,*,#3031,.T.);
#4094=ORIENTED_EDGE('',*,*,#2939,.F.);
#4095=ORIENTED_EDGE('',*,*,#2937,.T.);
#4096=ORIENTED_EDGE('',*,*,#3032,.F.);
#4097=ORIENTED_EDGE('',*,*,#2913,.F.);
#4098=ORIENTED_EDGE('',*,*,#3033,.T.);
#4099=ORIENTED_EDGE('',*,*,#2916,.F.);
#4100=ORIENTED_EDGE('',*,*,#3034,.T.);
#4101=ORIENTED_EDGE('',*,*,#3035,.F.);
#4102=ORIENTED_EDGE('',*,*,#3032,.T.);
#4103=ORIENTED_EDGE('',*,*,#2936,.T.);
#4104=ORIENTED_EDGE('',*,*,#2914,.T.);
#4105=ORIENTED_EDGE('',*,*,#3036,.T.);
#4106=ORIENTED_EDGE('',*,*,#2917,.F.);
#4107=ORIENTED_EDGE('',*,*,#3037,.F.);
#4108=ORIENTED_EDGE('',*,*,#3038,.F.);
#4109=ORIENTED_EDGE('',*,*,#2915,.T.);
#4110=ORIENTED_EDGE('',*,*,#3039,.T.);
#4111=ORIENTED_EDGE('',*,*,#3040,.T.);
#4112=ORIENTED_EDGE('',*,*,#3041,.T.);
#4113=ORIENTED_EDGE('',*,*,#3034,.F.);
#4114=ORIENTED_EDGE('',*,*,#3042,.T.);
#4115=ORIENTED_EDGE('',*,*,#2923,.F.);
#4116=ORIENTED_EDGE('',*,*,#3036,.F.);
#4117=ORIENTED_EDGE('',*,*,#3043,.F.);
#4118=ORIENTED_EDGE('',*,*,#3007,.F.);
#4119=ORIENTED_EDGE('',*,*,#3044,.F.);
#4120=ORIENTED_EDGE('',*,*,#3045,.T.);
#4121=ORIENTED_EDGE('',*,*,#2928,.T.);
#4122=ORIENTED_EDGE('',*,*,#3003,.F.);
#4123=ORIENTED_EDGE('',*,*,#2924,.F.);
#4124=ORIENTED_EDGE('',*,*,#3046,.T.);
#4125=ORIENTED_EDGE('',*,*,#3047,.T.);
#4126=ORIENTED_EDGE('',*,*,#3048,.F.);
#4127=ORIENTED_EDGE('',*,*,#3049,.F.);
#4128=ORIENTED_EDGE('',*,*,#3046,.F.);
#4129=ORIENTED_EDGE('',*,*,#2929,.F.);
#4130=ORIENTED_EDGE('',*,*,#3045,.F.);
#4131=ORIENTED_EDGE('',*,*,#3050,.F.);
#4132=ORIENTED_EDGE('',*,*,#3051,.T.);
#4133=ORIENTED_EDGE('',*,*,#2967,.T.);
#4134=ORIENTED_EDGE('',*,*,#2931,.F.);
#4135=ORIENTED_EDGE('',*,*,#3052,.F.);
#4136=ORIENTED_EDGE('',*,*,#3053,.F.);
#4137=ORIENTED_EDGE('',*,*,#3052,.T.);
#4138=ORIENTED_EDGE('',*,*,#2932,.F.);
#4139=ORIENTED_EDGE('',*,*,#3042,.F.);
#4140=ORIENTED_EDGE('',*,*,#3054,.F.);
#4141=ORIENTED_EDGE('',*,*,#2981,.F.);
#4142=ORIENTED_EDGE('',*,*,#3055,.F.);
#4143=ORIENTED_EDGE('',*,*,#3056,.T.);
#4144=ORIENTED_EDGE('',*,*,#3057,.F.);
#4145=ORIENTED_EDGE('',*,*,#3058,.T.);
#4146=ORIENTED_EDGE('',*,*,#3059,.F.);
#4147=ORIENTED_EDGE('',*,*,#3039,.F.);
#4148=ORIENTED_EDGE('',*,*,#2935,.F.);
#4149=ORIENTED_EDGE('',*,*,#3060,.T.);
#4150=ORIENTED_EDGE('',*,*,#3011,.T.);
#4151=ORIENTED_EDGE('',*,*,#2943,.F.);
#4152=ORIENTED_EDGE('',*,*,#3021,.F.);
#4153=ORIENTED_EDGE('',*,*,#3061,.T.);
#4154=ORIENTED_EDGE('',*,*,#2949,.T.);
#4155=ORIENTED_EDGE('',*,*,#3062,.T.);
#4156=ORIENTED_EDGE('',*,*,#3063,.F.);
#4157=ORIENTED_EDGE('',*,*,#3064,.F.);
#4158=ORIENTED_EDGE('',*,*,#2951,.F.);
#4159=ORIENTED_EDGE('',*,*,#3065,.F.);
#4160=ORIENTED_EDGE('',*,*,#3066,.T.);
#4161=ORIENTED_EDGE('',*,*,#3067,.F.);
#4162=ORIENTED_EDGE('',*,*,#3068,.T.);
#4163=ORIENTED_EDGE('',*,*,#2952,.F.);
#4164=ORIENTED_EDGE('',*,*,#3067,.T.);
#4165=ORIENTED_EDGE('',*,*,#3069,.F.);
#4166=ORIENTED_EDGE('',*,*,#3062,.F.);
#4167=ORIENTED_EDGE('',*,*,#2950,.F.);
#4168=ORIENTED_EDGE('',*,*,#3061,.F.);
#4169=ORIENTED_EDGE('',*,*,#3070,.T.);
#4170=ORIENTED_EDGE('',*,*,#3065,.T.);
#4171=ORIENTED_EDGE('',*,*,#3071,.T.);
#4172=ORIENTED_EDGE('',*,*,#3072,.F.);
#4173=ORIENTED_EDGE('',*,*,#3073,.F.);
#4174=ORIENTED_EDGE('',*,*,#2954,.F.);
#4175=ORIENTED_EDGE('',*,*,#3074,.F.);
#4176=ORIENTED_EDGE('',*,*,#3075,.F.);
#4177=ORIENTED_EDGE('',*,*,#3076,.F.);
#4178=ORIENTED_EDGE('',*,*,#2958,.F.);
#4179=ORIENTED_EDGE('',*,*,#3077,.F.);
#4180=ORIENTED_EDGE('',*,*,#2956,.T.);
#4181=ORIENTED_EDGE('',*,*,#3078,.F.);
#4182=ORIENTED_EDGE('',*,*,#2973,.T.);
#4183=ORIENTED_EDGE('',*,*,#2957,.F.);
#4184=ORIENTED_EDGE('',*,*,#3077,.T.);
#4185=ORIENTED_EDGE('',*,*,#2977,.F.);
#4186=ORIENTED_EDGE('',*,*,#3079,.T.);
#4187=ORIENTED_EDGE('',*,*,#3080,.F.);
#4188=ORIENTED_EDGE('',*,*,#3074,.T.);
#4189=ORIENTED_EDGE('',*,*,#3081,.T.);
#4190=ORIENTED_EDGE('',*,*,#3082,.F.);
#4191=ORIENTED_EDGE('',*,*,#3071,.F.);
#4192=ORIENTED_EDGE('',*,*,#2961,.F.);
#4193=ORIENTED_EDGE('',*,*,#3073,.T.);
#4194=ORIENTED_EDGE('',*,*,#3083,.F.);
#4195=ORIENTED_EDGE('',*,*,#2983,.F.);
#4196=ORIENTED_EDGE('',*,*,#2962,.F.);
#4197=ORIENTED_EDGE('',*,*,#3076,.T.);
#4198=ORIENTED_EDGE('',*,*,#3084,.F.);
#4199=ORIENTED_EDGE('',*,*,#3081,.F.);
#4200=ORIENTED_EDGE('',*,*,#2964,.F.);
#4201=ORIENTED_EDGE('',*,*,#3078,.T.);
#4202=ORIENTED_EDGE('',*,*,#2970,.T.);
#4203=ORIENTED_EDGE('',*,*,#2972,.F.);
#4204=ORIENTED_EDGE('',*,*,#2965,.T.);
#4205=ORIENTED_EDGE('',*,*,#2968,.T.);
#4206=ORIENTED_EDGE('',*,*,#3053,.T.);
#4207=ORIENTED_EDGE('',*,*,#3054,.T.);
#4208=ORIENTED_EDGE('',*,*,#3043,.T.);
#4209=ORIENTED_EDGE('',*,*,#3038,.T.);
#4210=ORIENTED_EDGE('',*,*,#3085,.T.);
#4211=ORIENTED_EDGE('',*,*,#3086,.T.);
#4212=ORIENTED_EDGE('',*,*,#3087,.T.);
#4213=ORIENTED_EDGE('',*,*,#3088,.T.);
#4214=ORIENTED_EDGE('',*,*,#2978,.T.);
#4215=ORIENTED_EDGE('',*,*,#3089,.F.);
#4216=ORIENTED_EDGE('',*,*,#3090,.F.);
#4217=ORIENTED_EDGE('',*,*,#3091,.F.);
#4218=ORIENTED_EDGE('',*,*,#3092,.F.);
#4219=ORIENTED_EDGE('',*,*,#3079,.F.);
#4220=ORIENTED_EDGE('',*,*,#2976,.F.);
#4221=ORIENTED_EDGE('',*,*,#3093,.F.);
#4222=ORIENTED_EDGE('',*,*,#3094,.F.);
#4223=ORIENTED_EDGE('',*,*,#3095,.F.);
#4224=ORIENTED_EDGE('',*,*,#3096,.T.);
#4225=ORIENTED_EDGE('',*,*,#2975,.T.);
#4226=ORIENTED_EDGE('',*,*,#3097,.T.);
#4227=ORIENTED_EDGE('',*,*,#2979,.T.);
#4228=ORIENTED_EDGE('',*,*,#3088,.F.);
#4229=ORIENTED_EDGE('',*,*,#3098,.F.);
#4230=ORIENTED_EDGE('',*,*,#3097,.F.);
#4231=ORIENTED_EDGE('',*,*,#3099,.T.);
#4232=ORIENTED_EDGE('',*,*,#3100,.T.);
#4233=ORIENTED_EDGE('',*,*,#3101,.F.);
#4234=ORIENTED_EDGE('',*,*,#3055,.T.);
#4235=ORIENTED_EDGE('',*,*,#2980,.F.);
#4236=ORIENTED_EDGE('',*,*,#3102,.F.);
#4237=ORIENTED_EDGE('',*,*,#3103,.F.);
#4238=ORIENTED_EDGE('',*,*,#3104,.T.);
#4239=ORIENTED_EDGE('',*,*,#3105,.T.);
#4240=ORIENTED_EDGE('',*,*,#2997,.T.);
#4241=ORIENTED_EDGE('',*,*,#3106,.F.);
#4242=ORIENTED_EDGE('',*,*,#3107,.T.);
#4243=ORIENTED_EDGE('',*,*,#3108,.T.);
#4244=ORIENTED_EDGE('',*,*,#2987,.T.);
#4245=ORIENTED_EDGE('',*,*,#3001,.F.);
#4246=ORIENTED_EDGE('',*,*,#3109,.F.);
#4247=ORIENTED_EDGE('',*,*,#3028,.T.);
#4248=ORIENTED_EDGE('',*,*,#3026,.T.);
#4249=ORIENTED_EDGE('',*,*,#3108,.F.);
#4250=ORIENTED_EDGE('',*,*,#3110,.T.);
#4251=ORIENTED_EDGE('',*,*,#3111,.T.);
#4252=ORIENTED_EDGE('',*,*,#2988,.T.);
#4253=ORIENTED_EDGE('',*,*,#3105,.F.);
#4254=ORIENTED_EDGE('',*,*,#3112,.T.);
#4255=ORIENTED_EDGE('',*,*,#3106,.T.);
#4256=ORIENTED_EDGE('',*,*,#2986,.T.);
#4257=ORIENTED_EDGE('',*,*,#2999,.F.);
#4258=ORIENTED_EDGE('',*,*,#3025,.F.);
#4259=ORIENTED_EDGE('',*,*,#3030,.T.);
#4260=ORIENTED_EDGE('',*,*,#3113,.T.);
#4261=ORIENTED_EDGE('',*,*,#3114,.F.);
#4262=ORIENTED_EDGE('',*,*,#3115,.T.);
#4263=ORIENTED_EDGE('',*,*,#3116,.T.);
#4264=ORIENTED_EDGE('',*,*,#2991,.T.);
#4265=ORIENTED_EDGE('',*,*,#3000,.F.);
#4266=ORIENTED_EDGE('',*,*,#3113,.F.);
#4267=ORIENTED_EDGE('',*,*,#3029,.T.);
#4268=ORIENTED_EDGE('',*,*,#3109,.T.);
#4269=ORIENTED_EDGE('',*,*,#3111,.F.);
#4270=ORIENTED_EDGE('',*,*,#3117,.T.);
#4271=ORIENTED_EDGE('',*,*,#3118,.T.);
#4272=ORIENTED_EDGE('',*,*,#2989,.T.);
#4273=ORIENTED_EDGE('',*,*,#3119,.F.);
#4274=ORIENTED_EDGE('',*,*,#3120,.T.);
#4275=ORIENTED_EDGE('',*,*,#3121,.T.);
#4276=ORIENTED_EDGE('',*,*,#2993,.T.);
#4277=ORIENTED_EDGE('',*,*,#3048,.T.);
#4278=ORIENTED_EDGE('',*,*,#3122,.T.);
#4279=ORIENTED_EDGE('',*,*,#3005,.F.);
#4280=ORIENTED_EDGE('',*,*,#3123,.F.);
#4281=ORIENTED_EDGE('',*,*,#3118,.F.);
#4282=ORIENTED_EDGE('',*,*,#3124,.T.);
#4283=ORIENTED_EDGE('',*,*,#3114,.T.);
#4284=ORIENTED_EDGE('',*,*,#2990,.T.);
#4285=ORIENTED_EDGE('',*,*,#3006,.F.);
#4286=ORIENTED_EDGE('',*,*,#3122,.F.);
#4287=ORIENTED_EDGE('',*,*,#3050,.T.);
#4288=ORIENTED_EDGE('',*,*,#3044,.T.);
#4289=ORIENTED_EDGE('',*,*,#3125,.F.);
#4290=ORIENTED_EDGE('',*,*,#3126,.T.);
#4291=ORIENTED_EDGE('',*,*,#3103,.T.);
#4292=ORIENTED_EDGE('',*,*,#2996,.T.);
#4293=ORIENTED_EDGE('',*,*,#3127,.F.);
#4294=ORIENTED_EDGE('',*,*,#3128,.T.);
#4295=ORIENTED_EDGE('',*,*,#3125,.T.);
#4296=ORIENTED_EDGE('',*,*,#2995,.T.);
#4297=ORIENTED_EDGE('',*,*,#3129,.T.);
#4298=ORIENTED_EDGE('',*,*,#3119,.T.);
#4299=ORIENTED_EDGE('',*,*,#2992,.T.);
#4300=ORIENTED_EDGE('',*,*,#3116,.F.);
#4301=ORIENTED_EDGE('',*,*,#3004,.F.);
#4302=ORIENTED_EDGE('',*,*,#3047,.F.);
#4303=ORIENTED_EDGE('',*,*,#3049,.T.);
#4304=ORIENTED_EDGE('',*,*,#3123,.T.);
#4305=ORIENTED_EDGE('',*,*,#3121,.F.);
#4306=ORIENTED_EDGE('',*,*,#3130,.T.);
#4307=ORIENTED_EDGE('',*,*,#3127,.T.);
#4308=ORIENTED_EDGE('',*,*,#2994,.T.);
#4309=ORIENTED_EDGE('',*,*,#3131,.F.);
#4310=ORIENTED_EDGE('',*,*,#3016,.T.);
#4311=ORIENTED_EDGE('',*,*,#3132,.T.);
#4312=ORIENTED_EDGE('',*,*,#3133,.T.);
#4313=ORIENTED_EDGE('',*,*,#3134,.F.);
#4314=ORIENTED_EDGE('',*,*,#3135,.F.);
#4315=ORIENTED_EDGE('',*,*,#3136,.T.);
#4316=ORIENTED_EDGE('',*,*,#3012,.T.);
#4317=ORIENTED_EDGE('',*,*,#3060,.F.);
#4318=ORIENTED_EDGE('',*,*,#3020,.F.);
#4319=ORIENTED_EDGE('',*,*,#3137,.T.);
#4320=ORIENTED_EDGE('',*,*,#3015,.F.);
#4321=ORIENTED_EDGE('',*,*,#3138,.T.);
#4322=ORIENTED_EDGE('',*,*,#3139,.T.);
#4323=ORIENTED_EDGE('',*,*,#3132,.F.);
#4324=ORIENTED_EDGE('',*,*,#3140,.F.);
#4325=ORIENTED_EDGE('',*,*,#3099,.F.);
#4326=ORIENTED_EDGE('',*,*,#3141,.T.);
#4327=ORIENTED_EDGE('',*,*,#3018,.F.);
#4328=ORIENTED_EDGE('',*,*,#3023,.T.);
#4329=ORIENTED_EDGE('',*,*,#3009,.T.);
#4330=ORIENTED_EDGE('',*,*,#3142,.F.);
#4331=ORIENTED_EDGE('',*,*,#3143,.F.);
#4332=ORIENTED_EDGE('',*,*,#3014,.F.);
#4333=ORIENTED_EDGE('',*,*,#3144,.T.);
#4334=ORIENTED_EDGE('',*,*,#3145,.T.);
#4335=ORIENTED_EDGE('',*,*,#3138,.F.);
#4336=ORIENTED_EDGE('',*,*,#3146,.T.);
#4337=ORIENTED_EDGE('',*,*,#3142,.T.);
#4338=ORIENTED_EDGE('',*,*,#3013,.F.);
#4339=ORIENTED_EDGE('',*,*,#3136,.F.);
#4340=ORIENTED_EDGE('',*,*,#3144,.F.);
#4341=ORIENTED_EDGE('',*,*,#3017,.T.);
#4342=ORIENTED_EDGE('',*,*,#3131,.T.);
#4343=ORIENTED_EDGE('',*,*,#3147,.F.);
#4344=ORIENTED_EDGE('',*,*,#3148,.F.);
#4345=ORIENTED_EDGE('',*,*,#3137,.F.);
#4346=ORIENTED_EDGE('',*,*,#3019,.F.);
#4347=ORIENTED_EDGE('',*,*,#3141,.F.);
#4348=ORIENTED_EDGE('',*,*,#3102,.T.);
#4349=ORIENTED_EDGE('',*,*,#3083,.T.);
#4350=ORIENTED_EDGE('',*,*,#3072,.T.);
#4351=ORIENTED_EDGE('',*,*,#3082,.T.);
#4352=ORIENTED_EDGE('',*,*,#3084,.T.);
#4353=ORIENTED_EDGE('',*,*,#3075,.T.);
#4354=ORIENTED_EDGE('',*,*,#3080,.T.);
#4355=ORIENTED_EDGE('',*,*,#3094,.T.);
#4356=ORIENTED_EDGE('',*,*,#3149,.T.);
#4357=ORIENTED_EDGE('',*,*,#3150,.T.);
#4358=ORIENTED_EDGE('',*,*,#3151,.T.);
#4359=ORIENTED_EDGE('',*,*,#3152,.T.);
#4360=ORIENTED_EDGE('',*,*,#3153,.T.);
#4361=ORIENTED_EDGE('',*,*,#3031,.F.);
#4362=ORIENTED_EDGE('',*,*,#3154,.T.);
#4363=ORIENTED_EDGE('',*,*,#3155,.T.);
#4364=ORIENTED_EDGE('',*,*,#3154,.F.);
#4365=ORIENTED_EDGE('',*,*,#3156,.T.);
#4366=ORIENTED_EDGE('',*,*,#3037,.T.);
#4367=ORIENTED_EDGE('',*,*,#3033,.F.);
#4368=ORIENTED_EDGE('',*,*,#3157,.T.);
#4369=ORIENTED_EDGE('',*,*,#3158,.T.);
#4370=ORIENTED_EDGE('',*,*,#3035,.T.);
#4371=ORIENTED_EDGE('',*,*,#3159,.T.);
#4372=ORIENTED_EDGE('',*,*,#3160,.F.);
#4373=ORIENTED_EDGE('',*,*,#3161,.T.);
#4374=ORIENTED_EDGE('',*,*,#3134,.T.);
#4375=ORIENTED_EDGE('',*,*,#3153,.F.);
#4376=ORIENTED_EDGE('',*,*,#3040,.F.);
#4377=ORIENTED_EDGE('',*,*,#3059,.T.);
#4378=ORIENTED_EDGE('',*,*,#3162,.T.);
#4379=ORIENTED_EDGE('',*,*,#3159,.F.);
#4380=ORIENTED_EDGE('',*,*,#3041,.F.);
#4381=ORIENTED_EDGE('',*,*,#3152,.F.);
#4382=ORIENTED_EDGE('',*,*,#3051,.F.);
#4383=ORIENTED_EDGE('',*,*,#3163,.T.);
#4384=ORIENTED_EDGE('',*,*,#3164,.T.);
#4385=ORIENTED_EDGE('',*,*,#3163,.F.);
#4386=ORIENTED_EDGE('',*,*,#3165,.F.);
#4387=ORIENTED_EDGE('',*,*,#3166,.T.);
#4388=ORIENTED_EDGE('',*,*,#3056,.F.);
#4389=ORIENTED_EDGE('',*,*,#3101,.T.);
#4390=ORIENTED_EDGE('',*,*,#3167,.F.);
#4391=ORIENTED_EDGE('',*,*,#3160,.T.);
#4392=ORIENTED_EDGE('',*,*,#3058,.F.);
#4393=ORIENTED_EDGE('',*,*,#3168,.T.);
#4394=ORIENTED_EDGE('',*,*,#3166,.F.);
#4395=ORIENTED_EDGE('',*,*,#3169,.T.);
#4396=ORIENTED_EDGE('',*,*,#3168,.F.);
#4397=ORIENTED_EDGE('',*,*,#3057,.T.);
#4398=ORIENTED_EDGE('',*,*,#3068,.F.);
#4399=ORIENTED_EDGE('',*,*,#3170,.T.);
#4400=ORIENTED_EDGE('',*,*,#3064,.T.);
#4401=ORIENTED_EDGE('',*,*,#3170,.F.);
#4402=ORIENTED_EDGE('',*,*,#3171,.F.);
#4403=ORIENTED_EDGE('',*,*,#3172,.F.);
#4404=ORIENTED_EDGE('',*,*,#3063,.T.);
#4405=ORIENTED_EDGE('',*,*,#3173,.F.);
#4406=ORIENTED_EDGE('',*,*,#3066,.F.);
#4407=ORIENTED_EDGE('',*,*,#3174,.F.);
#4408=ORIENTED_EDGE('',*,*,#3175,.T.);
#4409=ORIENTED_EDGE('',*,*,#3176,.F.);
#4410=ORIENTED_EDGE('',*,*,#3177,.F.);
#4411=ORIENTED_EDGE('',*,*,#3173,.T.);
#4412=ORIENTED_EDGE('',*,*,#3069,.T.);
#4413=ORIENTED_EDGE('',*,*,#3176,.T.);
#4414=ORIENTED_EDGE('',*,*,#3070,.F.);
#4415=ORIENTED_EDGE('',*,*,#3172,.T.);
#4416=ORIENTED_EDGE('',*,*,#3178,.T.);
#4417=ORIENTED_EDGE('',*,*,#3174,.T.);
#4418=ORIENTED_EDGE('',*,*,#3179,.T.);
#4419=ORIENTED_EDGE('',*,*,#3180,.F.);
#4420=ORIENTED_EDGE('',*,*,#3181,.T.);
#4421=ORIENTED_EDGE('',*,*,#3091,.T.);
#4422=ORIENTED_EDGE('',*,*,#3182,.T.);
#4423=ORIENTED_EDGE('',*,*,#3183,.F.);
#4424=ORIENTED_EDGE('',*,*,#3179,.F.);
#4425=ORIENTED_EDGE('',*,*,#3090,.T.);
#4426=ORIENTED_EDGE('',*,*,#3184,.F.);
#4427=ORIENTED_EDGE('',*,*,#3185,.F.);
#4428=ORIENTED_EDGE('',*,*,#3182,.F.);
#4429=ORIENTED_EDGE('',*,*,#3089,.T.);
#4430=ORIENTED_EDGE('',*,*,#3186,.T.);
#4431=ORIENTED_EDGE('',*,*,#3085,.F.);
#4432=ORIENTED_EDGE('',*,*,#3156,.F.);
#4433=ORIENTED_EDGE('',*,*,#3158,.F.);
#4434=ORIENTED_EDGE('',*,*,#3098,.T.);
#4435=ORIENTED_EDGE('',*,*,#3087,.F.);
#4436=ORIENTED_EDGE('',*,*,#3187,.F.);
#4437=ORIENTED_EDGE('',*,*,#3188,.F.);
#4438=ORIENTED_EDGE('',*,*,#3187,.T.);
#4439=ORIENTED_EDGE('',*,*,#3086,.F.);
#4440=ORIENTED_EDGE('',*,*,#3186,.F.);
#4441=ORIENTED_EDGE('',*,*,#3189,.F.);
#4442=ORIENTED_EDGE('',*,*,#3184,.T.);
#4443=ORIENTED_EDGE('',*,*,#3092,.T.);
#4444=ORIENTED_EDGE('',*,*,#3181,.F.);
#4445=ORIENTED_EDGE('',*,*,#3190,.F.);
#4446=ORIENTED_EDGE('',*,*,#3093,.T.);
#4447=ORIENTED_EDGE('',*,*,#3096,.F.);
#4448=ORIENTED_EDGE('',*,*,#3191,.F.);
#4449=ORIENTED_EDGE('',*,*,#3149,.F.);
#4450=ORIENTED_EDGE('',*,*,#3192,.F.);
#4451=ORIENTED_EDGE('',*,*,#3193,.T.);
#4452=ORIENTED_EDGE('',*,*,#3095,.T.);
#4453=ORIENTED_EDGE('',*,*,#3188,.T.);
#4454=ORIENTED_EDGE('',*,*,#3100,.F.);
#4455=ORIENTED_EDGE('',*,*,#3143,.T.);
#4456=ORIENTED_EDGE('',*,*,#3146,.F.);
#4457=ORIENTED_EDGE('',*,*,#3135,.T.);
#4458=ORIENTED_EDGE('',*,*,#3161,.F.);
#4459=ORIENTED_EDGE('',*,*,#3167,.T.);
#4460=ORIENTED_EDGE('',*,*,#3169,.F.);
#4461=ORIENTED_EDGE('',*,*,#3165,.T.);
#4462=ORIENTED_EDGE('',*,*,#3194,.T.);
#4463=ORIENTED_EDGE('',*,*,#3195,.F.);
#4464=ORIENTED_EDGE('',*,*,#3196,.F.);
#4465=ORIENTED_EDGE('',*,*,#3104,.F.);
#4466=ORIENTED_EDGE('',*,*,#3197,.T.);
#4467=ORIENTED_EDGE('',*,*,#3198,.F.);
#4468=ORIENTED_EDGE('',*,*,#3199,.F.);
#4469=ORIENTED_EDGE('',*,*,#3107,.F.);
#4470=ORIENTED_EDGE('',*,*,#3199,.T.);
#4471=ORIENTED_EDGE('',*,*,#3200,.F.);
#4472=ORIENTED_EDGE('',*,*,#3201,.F.);
#4473=ORIENTED_EDGE('',*,*,#3110,.F.);
#4474=ORIENTED_EDGE('',*,*,#3196,.T.);
#4475=ORIENTED_EDGE('',*,*,#3202,.F.);
#4476=ORIENTED_EDGE('',*,*,#3197,.F.);
#4477=ORIENTED_EDGE('',*,*,#3112,.F.);
#4478=ORIENTED_EDGE('',*,*,#3203,.T.);
#4479=ORIENTED_EDGE('',*,*,#3115,.F.);
#4480=ORIENTED_EDGE('',*,*,#3204,.F.);
#4481=ORIENTED_EDGE('',*,*,#3205,.F.);
#4482=ORIENTED_EDGE('',*,*,#3201,.T.);
#4483=ORIENTED_EDGE('',*,*,#3206,.F.);
#4484=ORIENTED_EDGE('',*,*,#3207,.F.);
#4485=ORIENTED_EDGE('',*,*,#3117,.F.);
#4486=ORIENTED_EDGE('',*,*,#3208,.T.);
#4487=ORIENTED_EDGE('',*,*,#3120,.F.);
#4488=ORIENTED_EDGE('',*,*,#3209,.F.);
#4489=ORIENTED_EDGE('',*,*,#3210,.F.);
#4490=ORIENTED_EDGE('',*,*,#3204,.T.);
#4491=ORIENTED_EDGE('',*,*,#3124,.F.);
#4492=ORIENTED_EDGE('',*,*,#3207,.T.);
#4493=ORIENTED_EDGE('',*,*,#3211,.F.);
#4494=ORIENTED_EDGE('',*,*,#3194,.F.);
#4495=ORIENTED_EDGE('',*,*,#3126,.F.);
#4496=ORIENTED_EDGE('',*,*,#3212,.F.);
#4497=ORIENTED_EDGE('',*,*,#3213,.F.);
#4498=ORIENTED_EDGE('',*,*,#3212,.T.);
#4499=ORIENTED_EDGE('',*,*,#3128,.F.);
#4500=ORIENTED_EDGE('',*,*,#3214,.F.);
#4501=ORIENTED_EDGE('',*,*,#3215,.F.);
#4502=ORIENTED_EDGE('',*,*,#3129,.F.);
#4503=ORIENTED_EDGE('',*,*,#3203,.F.);
#4504=ORIENTED_EDGE('',*,*,#3216,.F.);
#4505=ORIENTED_EDGE('',*,*,#3209,.T.);
#4506=ORIENTED_EDGE('',*,*,#3214,.T.);
#4507=ORIENTED_EDGE('',*,*,#3130,.F.);
#4508=ORIENTED_EDGE('',*,*,#3208,.F.);
#4509=ORIENTED_EDGE('',*,*,#3217,.F.);
#4510=ORIENTED_EDGE('',*,*,#3218,.F.);
#4511=ORIENTED_EDGE('',*,*,#3133,.F.);
#4512=ORIENTED_EDGE('',*,*,#3219,.F.);
#4513=ORIENTED_EDGE('',*,*,#3220,.F.);
#4514=ORIENTED_EDGE('',*,*,#3219,.T.);
#4515=ORIENTED_EDGE('',*,*,#3139,.F.);
#4516=ORIENTED_EDGE('',*,*,#3221,.T.);
#4517=ORIENTED_EDGE('',*,*,#3222,.T.);
#4518=ORIENTED_EDGE('',*,*,#3148,.T.);
#4519=ORIENTED_EDGE('',*,*,#3223,.T.);
#4520=ORIENTED_EDGE('',*,*,#3140,.T.);
#4521=ORIENTED_EDGE('',*,*,#3223,.F.);
#4522=ORIENTED_EDGE('',*,*,#3224,.F.);
#4523=ORIENTED_EDGE('',*,*,#3225,.F.);
#4524=ORIENTED_EDGE('',*,*,#3221,.F.);
#4525=ORIENTED_EDGE('',*,*,#3145,.F.);
#4526=ORIENTED_EDGE('',*,*,#3218,.T.);
#4527=ORIENTED_EDGE('',*,*,#3226,.F.);
#4528=ORIENTED_EDGE('',*,*,#3224,.T.);
#4529=ORIENTED_EDGE('',*,*,#3147,.T.);
#4530=ORIENTED_EDGE('',*,*,#3227,.T.);
#4531=ORIENTED_EDGE('',*,*,#3228,.F.);
#4532=ORIENTED_EDGE('',*,*,#3162,.F.);
#4533=ORIENTED_EDGE('',*,*,#3151,.F.);
#4534=ORIENTED_EDGE('',*,*,#3191,.T.);
#4535=ORIENTED_EDGE('',*,*,#3193,.F.);
#4536=ORIENTED_EDGE('',*,*,#3227,.F.);
#4537=ORIENTED_EDGE('',*,*,#3150,.F.);
#4538=ORIENTED_EDGE('',*,*,#3155,.F.);
#4539=ORIENTED_EDGE('',*,*,#3229,.T.);
#4540=ORIENTED_EDGE('',*,*,#3157,.F.);
#4541=ORIENTED_EDGE('',*,*,#3228,.T.);
#4542=ORIENTED_EDGE('',*,*,#3192,.T.);
#4543=ORIENTED_EDGE('',*,*,#3189,.T.);
#4544=ORIENTED_EDGE('',*,*,#3164,.F.);
#4545=ORIENTED_EDGE('',*,*,#3230,.T.);
#4546=ORIENTED_EDGE('',*,*,#3178,.F.);
#4547=ORIENTED_EDGE('',*,*,#3171,.T.);
#4548=ORIENTED_EDGE('',*,*,#3177,.T.);
#4549=ORIENTED_EDGE('',*,*,#3175,.F.);
#4550=ORIENTED_EDGE('',*,*,#3190,.T.);
#4551=ORIENTED_EDGE('',*,*,#3180,.T.);
#4552=ORIENTED_EDGE('',*,*,#3183,.T.);
#4553=ORIENTED_EDGE('',*,*,#3185,.T.);
#4554=ORIENTED_EDGE('',*,*,#3231,.F.);
#4555=ORIENTED_EDGE('',*,*,#3232,.T.);
#4556=ORIENTED_EDGE('',*,*,#3233,.T.);
#4557=ORIENTED_EDGE('',*,*,#3234,.T.);
#4558=ORIENTED_EDGE('',*,*,#3205,.T.);
#4559=ORIENTED_EDGE('',*,*,#3211,.T.);
#4560=ORIENTED_EDGE('',*,*,#3206,.T.);
#4561=ORIENTED_EDGE('',*,*,#3200,.T.);
#4562=ORIENTED_EDGE('',*,*,#3198,.T.);
#4563=ORIENTED_EDGE('',*,*,#3202,.T.);
#4564=ORIENTED_EDGE('',*,*,#3195,.T.);
#4565=ORIENTED_EDGE('',*,*,#3213,.T.);
#4566=ORIENTED_EDGE('',*,*,#3215,.T.);
#4567=ORIENTED_EDGE('',*,*,#3217,.T.);
#4568=ORIENTED_EDGE('',*,*,#3210,.T.);
#4569=ORIENTED_EDGE('',*,*,#3216,.T.);
#4570=ORIENTED_EDGE('',*,*,#3235,.F.);
#4571=ORIENTED_EDGE('',*,*,#3236,.F.);
#4572=ORIENTED_EDGE('',*,*,#3237,.F.);
#4573=ORIENTED_EDGE('',*,*,#3238,.F.);
#4574=ORIENTED_EDGE('',*,*,#3239,.F.);
#4575=ORIENTED_EDGE('',*,*,#3240,.F.);
#4576=ORIENTED_EDGE('',*,*,#3241,.F.);
#4577=ORIENTED_EDGE('',*,*,#3242,.F.);
#4578=ORIENTED_EDGE('',*,*,#3243,.F.);
#4579=ORIENTED_EDGE('',*,*,#3244,.F.);
#4580=ORIENTED_EDGE('',*,*,#3226,.T.);
#4581=ORIENTED_EDGE('',*,*,#3220,.T.);
#4582=ORIENTED_EDGE('',*,*,#3222,.F.);
#4583=ORIENTED_EDGE('',*,*,#3225,.T.);
#4584=ORIENTED_EDGE('',*,*,#3229,.F.);
#4585=ORIENTED_EDGE('',*,*,#3245,.T.);
#4586=ORIENTED_EDGE('',*,*,#3246,.T.);
#4587=ORIENTED_EDGE('',*,*,#3245,.F.);
#4588=ORIENTED_EDGE('',*,*,#3230,.F.);
#4589=ORIENTED_EDGE('',*,*,#3247,.T.);
#4590=ORIENTED_EDGE('',*,*,#3248,.T.);
#4591=ORIENTED_EDGE('',*,*,#3247,.F.);
#4592=ORIENTED_EDGE('',*,*,#3234,.F.);
#4593=ORIENTED_EDGE('',*,*,#3249,.T.);
#4594=ORIENTED_EDGE('',*,*,#3250,.F.);
#4595=ORIENTED_EDGE('',*,*,#3251,.F.);
#4596=ORIENTED_EDGE('',*,*,#3252,.T.);
#4597=ORIENTED_EDGE('',*,*,#3231,.T.);
#4598=ORIENTED_EDGE('',*,*,#3251,.T.);
#4599=ORIENTED_EDGE('',*,*,#3253,.F.);
#4600=ORIENTED_EDGE('',*,*,#3254,.F.);
#4601=ORIENTED_EDGE('',*,*,#3233,.F.);
#4602=ORIENTED_EDGE('',*,*,#3255,.F.);
#4603=ORIENTED_EDGE('',*,*,#3256,.T.);
#4604=ORIENTED_EDGE('',*,*,#3249,.F.);
#4605=ORIENTED_EDGE('',*,*,#3257,.T.);
#4606=ORIENTED_EDGE('',*,*,#3232,.F.);
#4607=ORIENTED_EDGE('',*,*,#3252,.F.);
#4608=ORIENTED_EDGE('',*,*,#3258,.T.);
#4609=ORIENTED_EDGE('',*,*,#3255,.T.);
#4610=ORIENTED_EDGE('',*,*,#3259,.F.);
#4611=ORIENTED_EDGE('',*,*,#3260,.T.);
#4612=ORIENTED_EDGE('',*,*,#3261,.T.);
#4613=ORIENTED_EDGE('',*,*,#3238,.T.);
#4614=ORIENTED_EDGE('',*,*,#3262,.F.);
#4615=ORIENTED_EDGE('',*,*,#3263,.T.);
#4616=ORIENTED_EDGE('',*,*,#3236,.T.);
#4617=ORIENTED_EDGE('',*,*,#3263,.F.);
#4618=ORIENTED_EDGE('',*,*,#3264,.F.);
#4619=ORIENTED_EDGE('',*,*,#3265,.T.);
#4620=ORIENTED_EDGE('',*,*,#3266,.T.);
#4621=ORIENTED_EDGE('',*,*,#3244,.T.);
#4622=ORIENTED_EDGE('',*,*,#3261,.F.);
#4623=ORIENTED_EDGE('',*,*,#3267,.T.);
#4624=ORIENTED_EDGE('',*,*,#3268,.T.);
#4625=ORIENTED_EDGE('',*,*,#3239,.T.);
#4626=ORIENTED_EDGE('',*,*,#3269,.F.);
#4627=ORIENTED_EDGE('',*,*,#3270,.T.);
#4628=ORIENTED_EDGE('',*,*,#3264,.T.);
#4629=ORIENTED_EDGE('',*,*,#3243,.T.);
#4630=ORIENTED_EDGE('',*,*,#3271,.F.);
#4631=ORIENTED_EDGE('',*,*,#3272,.T.);
#4632=ORIENTED_EDGE('',*,*,#3269,.T.);
#4633=ORIENTED_EDGE('',*,*,#3242,.T.);
#4634=ORIENTED_EDGE('',*,*,#3273,.F.);
#4635=ORIENTED_EDGE('',*,*,#3274,.T.);
#4636=ORIENTED_EDGE('',*,*,#3271,.T.);
#4637=ORIENTED_EDGE('',*,*,#3241,.T.);
#4638=ORIENTED_EDGE('',*,*,#3268,.F.);
#4639=ORIENTED_EDGE('',*,*,#3275,.T.);
#4640=ORIENTED_EDGE('',*,*,#3273,.T.);
#4641=ORIENTED_EDGE('',*,*,#3240,.T.);
#4642=ORIENTED_EDGE('',*,*,#3266,.F.);
#4643=ORIENTED_EDGE('',*,*,#3276,.T.);
#4644=ORIENTED_EDGE('',*,*,#3259,.T.);
#4645=ORIENTED_EDGE('',*,*,#3237,.T.);
#4646=ORIENTED_EDGE('',*,*,#3277,.F.);
#4647=ORIENTED_EDGE('',*,*,#3278,.T.);
#4648=ORIENTED_EDGE('',*,*,#3235,.T.);
#4649=ORIENTED_EDGE('',*,*,#3278,.F.);
#4650=ORIENTED_EDGE('',*,*,#3246,.F.);
#4651=ORIENTED_EDGE('',*,*,#3279,.T.);
#4652=ORIENTED_EDGE('',*,*,#3277,.T.);
#4653=ORIENTED_EDGE('',*,*,#3279,.F.);
#4654=ORIENTED_EDGE('',*,*,#3248,.F.);
#4655=ORIENTED_EDGE('',*,*,#3280,.T.);
#4656=ORIENTED_EDGE('',*,*,#3262,.T.);
#4657=ORIENTED_EDGE('',*,*,#3280,.F.);
#4658=ORIENTED_EDGE('',*,*,#3281,.F.);
#4659=ORIENTED_EDGE('',*,*,#3282,.T.);
#4660=ORIENTED_EDGE('',*,*,#3250,.T.);
#4661=ORIENTED_EDGE('',*,*,#3283,.T.);
#4662=ORIENTED_EDGE('',*,*,#3257,.F.);
#4663=ORIENTED_EDGE('',*,*,#3284,.T.);
#4664=ORIENTED_EDGE('',*,*,#3254,.T.);
#4665=ORIENTED_EDGE('',*,*,#3284,.F.);
#4666=ORIENTED_EDGE('',*,*,#3285,.F.);
#4667=ORIENTED_EDGE('',*,*,#3286,.F.);
#4668=ORIENTED_EDGE('',*,*,#3253,.T.);
#4669=ORIENTED_EDGE('',*,*,#3282,.F.);
#4670=ORIENTED_EDGE('',*,*,#3256,.F.);
#4671=ORIENTED_EDGE('',*,*,#3287,.F.);
#4672=ORIENTED_EDGE('',*,*,#3288,.T.);
#4673=ORIENTED_EDGE('',*,*,#3283,.F.);
#4674=ORIENTED_EDGE('',*,*,#3258,.F.);
#4675=ORIENTED_EDGE('',*,*,#3286,.T.);
#4676=ORIENTED_EDGE('',*,*,#3289,.T.);
#4677=ORIENTED_EDGE('',*,*,#3287,.T.);
#4678=ORIENTED_EDGE('',*,*,#3290,.T.);
#4679=ORIENTED_EDGE('',*,*,#3291,.F.);
#4680=ORIENTED_EDGE('',*,*,#3292,.F.);
#4681=ORIENTED_EDGE('',*,*,#3260,.F.);
#4682=ORIENTED_EDGE('',*,*,#3293,.F.);
#4683=ORIENTED_EDGE('',*,*,#3265,.F.);
#4684=ORIENTED_EDGE('',*,*,#3294,.F.);
#4685=ORIENTED_EDGE('',*,*,#3295,.F.);
#4686=ORIENTED_EDGE('',*,*,#3292,.T.);
#4687=ORIENTED_EDGE('',*,*,#3296,.F.);
#4688=ORIENTED_EDGE('',*,*,#3297,.F.);
#4689=ORIENTED_EDGE('',*,*,#3267,.F.);
#4690=ORIENTED_EDGE('',*,*,#3294,.T.);
#4691=ORIENTED_EDGE('',*,*,#3270,.F.);
#4692=ORIENTED_EDGE('',*,*,#3298,.F.);
#4693=ORIENTED_EDGE('',*,*,#3299,.F.);
#4694=ORIENTED_EDGE('',*,*,#3298,.T.);
#4695=ORIENTED_EDGE('',*,*,#3272,.F.);
#4696=ORIENTED_EDGE('',*,*,#3300,.F.);
#4697=ORIENTED_EDGE('',*,*,#3301,.F.);
#4698=ORIENTED_EDGE('',*,*,#3300,.T.);
#4699=ORIENTED_EDGE('',*,*,#3274,.F.);
#4700=ORIENTED_EDGE('',*,*,#3302,.F.);
#4701=ORIENTED_EDGE('',*,*,#3303,.F.);
#4702=ORIENTED_EDGE('',*,*,#3302,.T.);
#4703=ORIENTED_EDGE('',*,*,#3275,.F.);
#4704=ORIENTED_EDGE('',*,*,#3297,.T.);
#4705=ORIENTED_EDGE('',*,*,#3304,.F.);
#4706=ORIENTED_EDGE('',*,*,#3293,.T.);
#4707=ORIENTED_EDGE('',*,*,#3305,.F.);
#4708=ORIENTED_EDGE('',*,*,#3290,.F.);
#4709=ORIENTED_EDGE('',*,*,#3276,.F.);
#4710=ORIENTED_EDGE('',*,*,#3289,.F.);
#4711=ORIENTED_EDGE('',*,*,#3285,.T.);
#4712=ORIENTED_EDGE('',*,*,#3281,.T.);
#4713=ORIENTED_EDGE('',*,*,#3288,.F.);
#4714=ORIENTED_EDGE('',*,*,#3303,.T.);
#4715=ORIENTED_EDGE('',*,*,#3304,.T.);
#4716=ORIENTED_EDGE('',*,*,#3296,.T.);
#4717=ORIENTED_EDGE('',*,*,#3291,.T.);
#4718=ORIENTED_EDGE('',*,*,#3305,.T.);
#4719=ORIENTED_EDGE('',*,*,#3295,.T.);
#4720=ORIENTED_EDGE('',*,*,#3299,.T.);
#4721=ORIENTED_EDGE('',*,*,#3301,.T.);
#4722=ORIENTED_EDGE('',*,*,#3306,.T.);
#4723=ORIENTED_EDGE('',*,*,#3307,.T.);
#4724=ORIENTED_EDGE('',*,*,#3308,.T.);
#4725=ORIENTED_EDGE('',*,*,#3309,.T.);
#4726=ORIENTED_EDGE('',*,*,#3310,.T.);
#4727=ORIENTED_EDGE('',*,*,#3311,.T.);
#4728=ORIENTED_EDGE('',*,*,#3312,.T.);
#4729=ORIENTED_EDGE('',*,*,#3313,.T.);
#4730=ORIENTED_EDGE('',*,*,#3314,.T.);
#4731=ORIENTED_EDGE('',*,*,#3315,.T.);
#4732=ORIENTED_EDGE('',*,*,#3316,.T.);
#4733=ORIENTED_EDGE('',*,*,#3317,.T.);
#4734=ORIENTED_EDGE('',*,*,#3318,.T.);
#4735=ORIENTED_EDGE('',*,*,#3319,.T.);
#4736=ORIENTED_EDGE('',*,*,#3320,.T.);
#4737=ORIENTED_EDGE('',*,*,#3321,.T.);
#4738=ORIENTED_EDGE('',*,*,#3322,.T.);
#4739=ORIENTED_EDGE('',*,*,#3323,.T.);
#4740=ORIENTED_EDGE('',*,*,#3324,.F.);
#4741=ORIENTED_EDGE('',*,*,#3319,.F.);
#4742=ORIENTED_EDGE('',*,*,#3325,.T.);
#4743=ORIENTED_EDGE('',*,*,#3326,.F.);
#4744=ORIENTED_EDGE('',*,*,#3327,.T.);
#4745=ORIENTED_EDGE('',*,*,#3309,.F.);
#4746=ORIENTED_EDGE('',*,*,#3328,.F.);
#4747=ORIENTED_EDGE('',*,*,#3329,.F.);
#4748=ORIENTED_EDGE('',*,*,#3330,.T.);
#4749=ORIENTED_EDGE('',*,*,#3331,.F.);
#4750=ORIENTED_EDGE('',*,*,#3332,.F.);
#4751=ORIENTED_EDGE('',*,*,#3306,.F.);
#4752=ORIENTED_EDGE('',*,*,#3314,.F.);
#4753=ORIENTED_EDGE('',*,*,#3333,.T.);
#4754=ORIENTED_EDGE('',*,*,#3334,.F.);
#4755=ORIENTED_EDGE('',*,*,#3335,.T.);
#4756=ORIENTED_EDGE('',*,*,#3336,.T.);
#4757=ORIENTED_EDGE('',*,*,#3337,.F.);
#4758=ORIENTED_EDGE('',*,*,#3338,.F.);
#4759=ORIENTED_EDGE('',*,*,#3321,.F.);
#4760=ORIENTED_EDGE('',*,*,#3339,.F.);
#4761=ORIENTED_EDGE('',*,*,#3310,.F.);
#4762=ORIENTED_EDGE('',*,*,#3327,.F.);
#4763=ORIENTED_EDGE('',*,*,#3340,.F.);
#4764=ORIENTED_EDGE('',*,*,#3317,.F.);
#4765=ORIENTED_EDGE('',*,*,#3341,.T.);
#4766=ORIENTED_EDGE('',*,*,#3342,.F.);
#4767=ORIENTED_EDGE('',*,*,#3343,.F.);
#4768=ORIENTED_EDGE('',*,*,#3344,.T.);
#4769=ORIENTED_EDGE('',*,*,#3312,.F.);
#4770=ORIENTED_EDGE('',*,*,#3345,.F.);
#4771=ORIENTED_EDGE('',*,*,#3346,.F.);
#4772=ORIENTED_EDGE('',*,*,#3308,.F.);
#4773=ORIENTED_EDGE('',*,*,#3347,.T.);
#4774=ORIENTED_EDGE('',*,*,#3348,.F.);
#4775=ORIENTED_EDGE('',*,*,#3328,.T.);
#4776=ORIENTED_EDGE('',*,*,#3343,.T.);
#4777=ORIENTED_EDGE('',*,*,#3349,.F.);
#4778=ORIENTED_EDGE('',*,*,#3325,.F.);
#4779=ORIENTED_EDGE('',*,*,#3318,.F.);
#4780=ORIENTED_EDGE('',*,*,#3347,.F.);
#4781=ORIENTED_EDGE('',*,*,#3307,.F.);
#4782=ORIENTED_EDGE('',*,*,#3332,.T.);
#4783=ORIENTED_EDGE('',*,*,#3350,.F.);
#4784=ORIENTED_EDGE('',*,*,#3323,.F.);
#4785=ORIENTED_EDGE('',*,*,#3351,.T.);
#4786=ORIENTED_EDGE('',*,*,#3352,.F.);
#4787=ORIENTED_EDGE('',*,*,#3330,.F.);
#4788=ORIENTED_EDGE('',*,*,#3341,.F.);
#4789=ORIENTED_EDGE('',*,*,#3316,.F.);
#4790=ORIENTED_EDGE('',*,*,#3353,.F.);
#4791=ORIENTED_EDGE('',*,*,#3354,.F.);
#4792=ORIENTED_EDGE('',*,*,#3320,.F.);
#4793=ORIENTED_EDGE('',*,*,#3324,.T.);
#4794=ORIENTED_EDGE('',*,*,#3355,.F.);
#4795=ORIENTED_EDGE('',*,*,#3336,.F.);
#4796=ORIENTED_EDGE('',*,*,#3353,.T.);
#4797=ORIENTED_EDGE('',*,*,#3315,.F.);
#4798=ORIENTED_EDGE('',*,*,#3335,.F.);
#4799=ORIENTED_EDGE('',*,*,#3356,.F.);
#4800=ORIENTED_EDGE('',*,*,#3351,.F.);
#4801=ORIENTED_EDGE('',*,*,#3322,.F.);
#4802=ORIENTED_EDGE('',*,*,#3338,.T.);
#4803=ORIENTED_EDGE('',*,*,#3357,.F.);
#4804=ORIENTED_EDGE('',*,*,#3333,.F.);
#4805=ORIENTED_EDGE('',*,*,#3313,.F.);
#4806=ORIENTED_EDGE('',*,*,#3344,.F.);
#4807=ORIENTED_EDGE('',*,*,#3358,.F.);
#4808=ORIENTED_EDGE('',*,*,#3311,.F.);
#4809=ORIENTED_EDGE('',*,*,#3339,.T.);
#4810=ORIENTED_EDGE('',*,*,#3359,.F.);
#4811=ORIENTED_EDGE('',*,*,#3345,.T.);
#4812=ORIENTED_EDGE('',*,*,#3360,.F.);
#4813=ORIENTED_EDGE('',*,*,#3355,.T.);
#4814=ORIENTED_EDGE('',*,*,#3326,.T.);
#4815=ORIENTED_EDGE('',*,*,#3361,.F.);
#4816=ORIENTED_EDGE('',*,*,#3362,.T.);
#4817=ORIENTED_EDGE('',*,*,#3363,.T.);
#4818=ORIENTED_EDGE('',*,*,#3364,.T.);
#4819=ORIENTED_EDGE('',*,*,#3329,.T.);
#4820=ORIENTED_EDGE('',*,*,#3365,.T.);
#4821=ORIENTED_EDGE('',*,*,#3366,.T.);
#4822=ORIENTED_EDGE('',*,*,#3367,.T.);
#4823=ORIENTED_EDGE('',*,*,#3331,.T.);
#4824=ORIENTED_EDGE('',*,*,#3368,.T.);
#4825=ORIENTED_EDGE('',*,*,#3369,.T.);
#4826=ORIENTED_EDGE('',*,*,#3370,.F.);
#4827=ORIENTED_EDGE('',*,*,#3334,.T.);
#4828=ORIENTED_EDGE('',*,*,#3358,.T.);
#4829=ORIENTED_EDGE('',*,*,#3371,.F.);
#4830=ORIENTED_EDGE('',*,*,#3372,.T.);
#4831=ORIENTED_EDGE('',*,*,#3373,.T.);
#4832=ORIENTED_EDGE('',*,*,#3374,.T.);
#4833=ORIENTED_EDGE('',*,*,#3337,.T.);
#4834=ORIENTED_EDGE('',*,*,#3360,.T.);
#4835=ORIENTED_EDGE('',*,*,#3375,.T.);
#4836=ORIENTED_EDGE('',*,*,#3376,.F.);
#4837=ORIENTED_EDGE('',*,*,#3359,.T.);
#4838=ORIENTED_EDGE('',*,*,#3340,.T.);
#4839=ORIENTED_EDGE('',*,*,#3364,.F.);
#4840=ORIENTED_EDGE('',*,*,#3377,.T.);
#4841=ORIENTED_EDGE('',*,*,#3378,.T.);
#4842=ORIENTED_EDGE('',*,*,#3379,.F.);
#4843=ORIENTED_EDGE('',*,*,#3342,.T.);
#4844=ORIENTED_EDGE('',*,*,#3354,.T.);
#4845=ORIENTED_EDGE('',*,*,#3380,.F.);
#4846=ORIENTED_EDGE('',*,*,#3381,.T.);
#4847=ORIENTED_EDGE('',*,*,#3382,.T.);
#4848=ORIENTED_EDGE('',*,*,#3371,.T.);
#4849=ORIENTED_EDGE('',*,*,#3346,.T.);
#4850=ORIENTED_EDGE('',*,*,#3376,.T.);
#4851=ORIENTED_EDGE('',*,*,#3383,.T.);
#4852=ORIENTED_EDGE('',*,*,#3365,.F.);
#4853=ORIENTED_EDGE('',*,*,#3348,.T.);
#4854=ORIENTED_EDGE('',*,*,#3350,.T.);
#4855=ORIENTED_EDGE('',*,*,#3367,.F.);
#4856=ORIENTED_EDGE('',*,*,#3384,.T.);
#4857=ORIENTED_EDGE('',*,*,#3385,.T.);
#4858=ORIENTED_EDGE('',*,*,#3361,.T.);
#4859=ORIENTED_EDGE('',*,*,#3349,.T.);
#4860=ORIENTED_EDGE('',*,*,#3379,.T.);
#4861=ORIENTED_EDGE('',*,*,#3386,.T.);
#4862=ORIENTED_EDGE('',*,*,#3368,.F.);
#4863=ORIENTED_EDGE('',*,*,#3352,.T.);
#4864=ORIENTED_EDGE('',*,*,#3357,.T.);
#4865=ORIENTED_EDGE('',*,*,#3374,.F.);
#4866=ORIENTED_EDGE('',*,*,#3387,.T.);
#4867=ORIENTED_EDGE('',*,*,#3388,.T.);
#4868=ORIENTED_EDGE('',*,*,#3380,.T.);
#4869=ORIENTED_EDGE('',*,*,#3356,.T.);
#4870=ORIENTED_EDGE('',*,*,#3370,.T.);
#4871=ORIENTED_EDGE('',*,*,#3389,.T.);
#4872=ORIENTED_EDGE('',*,*,#3390,.F.);
#4873=ORIENTED_EDGE('',*,*,#3362,.F.);
#4874=ORIENTED_EDGE('',*,*,#3391,.T.);
#4875=ORIENTED_EDGE('',*,*,#3392,.F.);
#4876=ORIENTED_EDGE('',*,*,#3363,.F.);
#4877=ORIENTED_EDGE('',*,*,#3390,.T.);
#4878=ORIENTED_EDGE('',*,*,#3393,.F.);
#4879=ORIENTED_EDGE('',*,*,#3394,.F.);
#4880=ORIENTED_EDGE('',*,*,#3395,.F.);
#4881=ORIENTED_EDGE('',*,*,#3396,.T.);
#4882=ORIENTED_EDGE('',*,*,#3366,.F.);
#4883=ORIENTED_EDGE('',*,*,#3397,.F.);
#4884=ORIENTED_EDGE('',*,*,#3398,.F.);
#4885=ORIENTED_EDGE('',*,*,#3399,.F.);
#4886=ORIENTED_EDGE('',*,*,#3369,.F.);
#4887=ORIENTED_EDGE('',*,*,#3400,.T.);
#4888=ORIENTED_EDGE('',*,*,#3401,.F.);
#4889=ORIENTED_EDGE('',*,*,#3372,.F.);
#4890=ORIENTED_EDGE('',*,*,#3402,.F.);
#4891=ORIENTED_EDGE('',*,*,#3403,.F.);
#4892=ORIENTED_EDGE('',*,*,#3373,.F.);
#4893=ORIENTED_EDGE('',*,*,#3401,.T.);
#4894=ORIENTED_EDGE('',*,*,#3404,.F.);
#4895=ORIENTED_EDGE('',*,*,#3405,.T.);
#4896=ORIENTED_EDGE('',*,*,#3406,.F.);
#4897=ORIENTED_EDGE('',*,*,#3407,.F.);
#4898=ORIENTED_EDGE('',*,*,#3375,.F.);
#4899=ORIENTED_EDGE('',*,*,#3394,.T.);
#4900=ORIENTED_EDGE('',*,*,#3378,.F.);
#4901=ORIENTED_EDGE('',*,*,#3408,.T.);
#4902=ORIENTED_EDGE('',*,*,#3409,.F.);
#4903=ORIENTED_EDGE('',*,*,#3410,.T.);
#4904=ORIENTED_EDGE('',*,*,#3408,.F.);
#4905=ORIENTED_EDGE('',*,*,#3377,.F.);
#4906=ORIENTED_EDGE('',*,*,#3396,.F.);
#4907=ORIENTED_EDGE('',*,*,#3411,.F.);
#4908=ORIENTED_EDGE('',*,*,#3382,.F.);
#4909=ORIENTED_EDGE('',*,*,#3412,.T.);
#4910=ORIENTED_EDGE('',*,*,#3413,.F.);
#4911=ORIENTED_EDGE('',*,*,#3414,.F.);
#4912=ORIENTED_EDGE('',*,*,#3412,.F.);
#4913=ORIENTED_EDGE('',*,*,#3381,.F.);
#4914=ORIENTED_EDGE('',*,*,#3415,.F.);
#4915=ORIENTED_EDGE('',*,*,#3416,.F.);
#4916=ORIENTED_EDGE('',*,*,#3417,.F.);
#4917=ORIENTED_EDGE('',*,*,#3402,.T.);
#4918=ORIENTED_EDGE('',*,*,#3383,.F.);
#4919=ORIENTED_EDGE('',*,*,#3410,.F.);
#4920=ORIENTED_EDGE('',*,*,#3418,.F.);
#4921=ORIENTED_EDGE('',*,*,#3384,.F.);
#4922=ORIENTED_EDGE('',*,*,#3399,.T.);
#4923=ORIENTED_EDGE('',*,*,#3419,.F.);
#4924=ORIENTED_EDGE('',*,*,#3385,.F.);
#4925=ORIENTED_EDGE('',*,*,#3418,.T.);
#4926=ORIENTED_EDGE('',*,*,#3420,.F.);
#4927=ORIENTED_EDGE('',*,*,#3397,.T.);
#4928=ORIENTED_EDGE('',*,*,#3421,.F.);
#4929=ORIENTED_EDGE('',*,*,#3391,.F.);
#4930=ORIENTED_EDGE('',*,*,#3386,.F.);
#4931=ORIENTED_EDGE('',*,*,#3414,.T.);
#4932=ORIENTED_EDGE('',*,*,#3422,.F.);
#4933=ORIENTED_EDGE('',*,*,#3387,.F.);
#4934=ORIENTED_EDGE('',*,*,#3407,.T.);
#4935=ORIENTED_EDGE('',*,*,#3423,.F.);
#4936=ORIENTED_EDGE('',*,*,#3388,.F.);
#4937=ORIENTED_EDGE('',*,*,#3422,.T.);
#4938=ORIENTED_EDGE('',*,*,#3424,.F.);
#4939=ORIENTED_EDGE('',*,*,#3400,.F.);
#4940=ORIENTED_EDGE('',*,*,#3425,.F.);
#4941=ORIENTED_EDGE('',*,*,#3415,.T.);
#4942=ORIENTED_EDGE('',*,*,#3389,.F.);
#4943=ORIENTED_EDGE('',*,*,#3405,.F.);
#4944=ORIENTED_EDGE('',*,*,#3398,.T.);
#4945=ORIENTED_EDGE('',*,*,#3424,.T.);
#4946=ORIENTED_EDGE('',*,*,#3423,.T.);
#4947=ORIENTED_EDGE('',*,*,#3406,.T.);
#4948=ORIENTED_EDGE('',*,*,#3393,.T.);
#4949=ORIENTED_EDGE('',*,*,#3392,.T.);
#4950=ORIENTED_EDGE('',*,*,#3421,.T.);
#4951=ORIENTED_EDGE('',*,*,#3413,.T.);
#4952=ORIENTED_EDGE('',*,*,#3416,.T.);
#4953=ORIENTED_EDGE('',*,*,#3425,.T.);
#4954=ORIENTED_EDGE('',*,*,#3404,.T.);
#4955=ORIENTED_EDGE('',*,*,#3403,.T.);
#4956=ORIENTED_EDGE('',*,*,#3417,.T.);
#4957=ORIENTED_EDGE('',*,*,#3409,.T.);
#4958=ORIENTED_EDGE('',*,*,#3411,.T.);
#4959=ORIENTED_EDGE('',*,*,#3395,.T.);
#4960=ORIENTED_EDGE('',*,*,#3420,.T.);
#4961=ORIENTED_EDGE('',*,*,#3419,.T.);
#4962=ORIENTED_EDGE('',*,*,#3426,.F.);
#4963=ORIENTED_EDGE('',*,*,#3427,.T.);
#4964=ORIENTED_EDGE('',*,*,#3428,.T.);
#4965=ORIENTED_EDGE('',*,*,#3429,.T.);
#4966=ORIENTED_EDGE('',*,*,#3430,.F.);
#4967=ORIENTED_EDGE('',*,*,#3431,.T.);
#4968=ORIENTED_EDGE('',*,*,#3432,.T.);
#4969=ORIENTED_EDGE('',*,*,#3433,.T.);
#4970=ORIENTED_EDGE('',*,*,#3434,.F.);
#4971=ORIENTED_EDGE('',*,*,#3435,.T.);
#4972=ORIENTED_EDGE('',*,*,#3436,.T.);
#4973=ORIENTED_EDGE('',*,*,#3437,.T.);
#4974=ORIENTED_EDGE('',*,*,#3432,.F.);
#4975=ORIENTED_EDGE('',*,*,#3438,.T.);
#4976=ORIENTED_EDGE('',*,*,#3439,.F.);
#4977=ORIENTED_EDGE('',*,*,#3440,.T.);
#4978=ORIENTED_EDGE('',*,*,#3431,.F.);
#4979=ORIENTED_EDGE('',*,*,#3441,.T.);
#4980=ORIENTED_EDGE('',*,*,#3442,.F.);
#4981=ORIENTED_EDGE('',*,*,#3438,.F.);
#4982=ORIENTED_EDGE('',*,*,#3429,.F.);
#4983=ORIENTED_EDGE('',*,*,#3443,.F.);
#4984=ORIENTED_EDGE('',*,*,#3444,.T.);
#4985=ORIENTED_EDGE('',*,*,#3445,.T.);
#4986=ORIENTED_EDGE('',*,*,#3446,.F.);
#4987=ORIENTED_EDGE('',*,*,#3426,.T.);
#4988=ORIENTED_EDGE('',*,*,#3445,.F.);
#4989=ORIENTED_EDGE('',*,*,#3447,.T.);
#4990=ORIENTED_EDGE('',*,*,#3433,.F.);
#4991=ORIENTED_EDGE('',*,*,#3440,.F.);
#4992=ORIENTED_EDGE('',*,*,#3448,.T.);
#4993=ORIENTED_EDGE('',*,*,#3449,.T.);
#4994=ORIENTED_EDGE('',*,*,#3428,.F.);
#4995=ORIENTED_EDGE('',*,*,#3450,.T.);
#4996=ORIENTED_EDGE('',*,*,#3451,.F.);
#4997=ORIENTED_EDGE('',*,*,#3443,.T.);
#4998=ORIENTED_EDGE('',*,*,#3427,.F.);
#4999=ORIENTED_EDGE('',*,*,#3446,.T.);
#5000=ORIENTED_EDGE('',*,*,#3452,.F.);
#5001=ORIENTED_EDGE('',*,*,#3450,.F.);
#5002=ORIENTED_EDGE('',*,*,#3437,.F.);
#5003=ORIENTED_EDGE('',*,*,#3453,.F.);
#5004=ORIENTED_EDGE('',*,*,#3454,.T.);
#5005=ORIENTED_EDGE('',*,*,#3455,.T.);
#5006=ORIENTED_EDGE('',*,*,#3435,.F.);
#5007=ORIENTED_EDGE('',*,*,#3456,.T.);
#5008=ORIENTED_EDGE('',*,*,#3457,.F.);
#5009=ORIENTED_EDGE('',*,*,#3458,.F.);
#5010=ORIENTED_EDGE('',*,*,#3436,.F.);
#5011=ORIENTED_EDGE('',*,*,#3458,.T.);
#5012=ORIENTED_EDGE('',*,*,#3459,.F.);
#5013=ORIENTED_EDGE('',*,*,#3453,.T.);
#5014=ORIENTED_EDGE('',*,*,#3441,.F.);
#5015=ORIENTED_EDGE('',*,*,#3430,.T.);
#5016=ORIENTED_EDGE('',*,*,#3449,.F.);
#5017=ORIENTED_EDGE('',*,*,#3460,.T.);
#5018=ORIENTED_EDGE('',*,*,#3456,.F.);
#5019=ORIENTED_EDGE('',*,*,#3434,.T.);
#5020=ORIENTED_EDGE('',*,*,#3455,.F.);
#5021=ORIENTED_EDGE('',*,*,#3461,.T.);
#5022=ORIENTED_EDGE('',*,*,#3462,.F.);
#5023=ORIENTED_EDGE('',*,*,#3463,.F.);
#5024=ORIENTED_EDGE('',*,*,#3439,.T.);
#5025=ORIENTED_EDGE('',*,*,#3464,.F.);
#5026=ORIENTED_EDGE('',*,*,#3442,.T.);
#5027=ORIENTED_EDGE('',*,*,#3465,.T.);
#5028=ORIENTED_EDGE('',*,*,#3466,.F.);
#5029=ORIENTED_EDGE('',*,*,#3464,.T.);
#5030=ORIENTED_EDGE('',*,*,#3467,.T.);
#5031=ORIENTED_EDGE('',*,*,#3468,.T.);
#5032=ORIENTED_EDGE('',*,*,#3444,.F.);
#5033=ORIENTED_EDGE('',*,*,#3469,.T.);
#5034=ORIENTED_EDGE('',*,*,#3447,.F.);
#5035=ORIENTED_EDGE('',*,*,#3468,.F.);
#5036=ORIENTED_EDGE('',*,*,#3470,.T.);
#5037=ORIENTED_EDGE('',*,*,#3471,.F.);
#5038=ORIENTED_EDGE('',*,*,#3472,.T.);
#5039=ORIENTED_EDGE('',*,*,#3473,.T.);
#5040=ORIENTED_EDGE('',*,*,#3448,.F.);
#5041=ORIENTED_EDGE('',*,*,#3463,.T.);
#5042=ORIENTED_EDGE('',*,*,#3474,.F.);
#5043=ORIENTED_EDGE('',*,*,#3469,.F.);
#5044=ORIENTED_EDGE('',*,*,#3451,.T.);
#5045=ORIENTED_EDGE('',*,*,#3475,.F.);
#5046=ORIENTED_EDGE('',*,*,#3452,.T.);
#5047=ORIENTED_EDGE('',*,*,#3471,.T.);
#5048=ORIENTED_EDGE('',*,*,#3476,.F.);
#5049=ORIENTED_EDGE('',*,*,#3475,.T.);
#5050=ORIENTED_EDGE('',*,*,#3477,.T.);
#5051=ORIENTED_EDGE('',*,*,#3478,.T.);
#5052=ORIENTED_EDGE('',*,*,#3454,.F.);
#5053=ORIENTED_EDGE('',*,*,#3479,.T.);
#5054=ORIENTED_EDGE('',*,*,#3457,.T.);
#5055=ORIENTED_EDGE('',*,*,#3480,.T.);
#5056=ORIENTED_EDGE('',*,*,#3481,.F.);
#5057=ORIENTED_EDGE('',*,*,#3482,.T.);
#5058=ORIENTED_EDGE('',*,*,#3483,.F.);
#5059=ORIENTED_EDGE('',*,*,#3479,.F.);
#5060=ORIENTED_EDGE('',*,*,#3459,.T.);
#5061=ORIENTED_EDGE('',*,*,#3482,.F.);
#5062=ORIENTED_EDGE('',*,*,#3460,.F.);
#5063=ORIENTED_EDGE('',*,*,#3473,.F.);
#5064=ORIENTED_EDGE('',*,*,#3484,.T.);
#5065=ORIENTED_EDGE('',*,*,#3465,.F.);
#5066=ORIENTED_EDGE('',*,*,#3461,.F.);
#5067=ORIENTED_EDGE('',*,*,#3478,.F.);
#5068=ORIENTED_EDGE('',*,*,#3485,.T.);
#5069=ORIENTED_EDGE('',*,*,#3480,.F.);
#5070=ORIENTED_EDGE('',*,*,#3466,.T.);
#5071=ORIENTED_EDGE('',*,*,#3484,.F.);
#5072=ORIENTED_EDGE('',*,*,#3472,.F.);
#5073=ORIENTED_EDGE('',*,*,#3462,.T.);
#5074=ORIENTED_EDGE('',*,*,#3476,.T.);
#5075=ORIENTED_EDGE('',*,*,#3470,.F.);
#5076=ORIENTED_EDGE('',*,*,#3467,.F.);
#5077=ORIENTED_EDGE('',*,*,#3474,.T.);
#5078=ORIENTED_EDGE('',*,*,#3481,.T.);
#5079=ORIENTED_EDGE('',*,*,#3485,.F.);
#5080=ORIENTED_EDGE('',*,*,#3477,.F.);
#5081=ORIENTED_EDGE('',*,*,#3483,.T.);
#5082=PLANE('',#5586);
#5083=PLANE('',#5587);
#5084=PLANE('',#5596);
#5085=PLANE('',#5597);
#5086=PLANE('',#5598);
#5087=PLANE('',#5599);
#5088=PLANE('',#5600);
#5089=PLANE('',#5601);
#5090=PLANE('',#5602);
#5091=PLANE('',#5603);
#5092=PLANE('',#5607);
#5093=PLANE('',#5612);
#5094=PLANE('',#5616);
#5095=PLANE('',#5617);
#5096=PLANE('',#5618);
#5097=PLANE('',#5619);
#5098=PLANE('',#5620);
#5099=PLANE('',#5624);
#5100=PLANE('',#5632);
#5101=PLANE('',#5633);
#5102=PLANE('',#5634);
#5103=PLANE('',#5637);
#5104=PLANE('',#5643);
#5105=PLANE('',#5647);
#5106=PLANE('',#5649);
#5107=PLANE('',#5655);
#5108=PLANE('',#5656);
#5109=PLANE('',#5657);
#5110=PLANE('',#5658);
#5111=PLANE('',#5665);
#5112=PLANE('',#5669);
#5113=PLANE('',#5678);
#5114=PLANE('',#5687);
#5115=PLANE('',#5695);
#5116=PLANE('',#5696);
#5117=PLANE('',#5703);
#5118=PLANE('',#5704);
#5119=PLANE('',#5706);
#5120=PLANE('',#5707);
#5121=PLANE('',#5708);
#5122=PLANE('',#5709);
#5123=PLANE('',#5714);
#5124=PLANE('',#5715);
#5125=PLANE('',#5717);
#5126=PLANE('',#5724);
#5127=PLANE('',#5727);
#5128=PLANE('',#5728);
#5129=PLANE('',#5729);
#5130=PLANE('',#5731);
#5131=PLANE('',#5732);
#5132=PLANE('',#5739);
#5133=PLANE('',#5742);
#5134=PLANE('',#5743);
#5135=PLANE('',#5744);
#5136=PLANE('',#5747);
#5137=PLANE('',#5751);
#5138=PLANE('',#5752);
#5139=PLANE('',#5753);
#5140=PLANE('',#5762);
#5141=PLANE('',#5772);
#5142=PLANE('',#5773);
#5143=PLANE('',#5774);
#5144=PLANE('',#5775);
#5145=PLANE('',#5776);
#5146=PLANE('',#5777);
#5147=PLANE('',#5791);
#5148=PLANE('',#5792);
#5149=PLANE('',#5793);
#5150=PLANE('',#5799);
#5151=PLANE('',#5800);
#5152=PLANE('',#5801);
#5153=PLANE('',#5803);
#5154=PLANE('',#5805);
#5155=PLANE('',#5806);
#5156=PLANE('',#5814);
#5157=PLANE('',#5815);
#5158=PLANE('',#5822);
#5159=PLANE('',#5823);
#5160=PLANE('',#5836);
#5161=PLANE('',#5837);
#5162=PLANE('',#5838);
#5163=PLANE('',#5843);
#5164=PLANE('',#5844);
#5165=PLANE('',#5846);
#5166=PLANE('',#5847);
#5167=PLANE('',#5851);
#5168=PLANE('',#5854);
#5169=PLANE('',#5857);
#5170=PLANE('',#5860);
#5171=PLANE('',#5861);
#5172=PLANE('',#5863);
#5173=PLANE('',#5865);
#5174=PLANE('',#5866);
#5175=PLANE('',#5867);
#5176=PLANE('',#5868);
#5177=PLANE('',#5870);
#5178=PLANE('',#5877);
#5179=PLANE('',#5884);
#5180=PLANE('',#5886);
#5181=PLANE('',#5890);
#5182=PLANE('',#5891);
#5183=PLANE('',#5892);
#5184=PLANE('',#5893);
#5185=PLANE('',#5894);
#5186=PLANE('',#5895);
#5187=PLANE('',#5896);
#5188=PLANE('',#5903);
#5189=PLANE('',#5906);
#5190=PLANE('',#5907);
#5191=PLANE('',#5934);
#5192=PLANE('',#5935);
#5193=PLANE('',#5937);
#5194=PLANE('',#5938);
#5195=PLANE('',#5943);
#5196=PLANE('',#5946);
#5197=PLANE('',#5948);
#5198=PLANE('',#5949);
#5199=PLANE('',#5950);
#5200=PLANE('',#5957);
#5201=PLANE('',#5962);
#5202=PLANE('',#5963);
#5203=PLANE('',#5965);
#5204=PLANE('',#5967);
#5205=PLANE('',#5974);
#5206=PLANE('',#5975);
#5207=PLANE('',#5978);
#5208=PLANE('',#5981);
#5209=PLANE('',#5986);
#5210=PLANE('',#5988);
#5211=PLANE('',#5989);
#5212=PLANE('',#5990);
#5213=PLANE('',#6011);
#5214=PLANE('',#6012);
#5215=PLANE('',#6064);
#5216=PLANE('',#6065);
#5217=PLANE('',#6069);
#5218=PLANE('',#6076);
#5219=PLANE('',#6080);
#5220=PLANE('',#6084);
#5221=PLANE('',#6113);
#5222=PLANE('',#6114);
#5223=PLANE('',#6115);
#5224=PLANE('',#6116);
#5225=PLANE('',#6117);
#5226=PLANE('',#6118);
#5227=PLANE('',#6119);
#5228=PLANE('',#6120);
#5229=PLANE('',#6121);
#5230=PLANE('',#6122);
#5231=PLANE('',#6123);
#5232=PLANE('',#6124);
#5233=PLANE('',#6125);
#5234=PLANE('',#6126);
#5235=PLANE('',#6127);
#5236=PLANE('',#6128);
#5237=PLANE('',#6129);
#5238=PLANE('',#6130);
#5239=PLANE('',#6131);
#5240=PLANE('',#6132);
#5241=PLANE('',#6133);
#5242=PLANE('',#6134);
#5243=PLANE('',#6135);
#5244=PLANE('',#6136);
#5245=PLANE('',#6137);
#5246=PLANE('',#6138);
#5247=PLANE('',#6139);
#5248=PLANE('',#6140);
#5249=ADVANCED_FACE('',(#509),#5082,.T.);
#5250=ADVANCED_FACE('',(#510,#224),#5083,.T.);
#5251=ADVANCED_FACE('',(#511),#5084,.T.);
#5252=ADVANCED_FACE('',(#512),#5085,.T.);
#5253=ADVANCED_FACE('',(#513),#5086,.T.);
#5254=ADVANCED_FACE('',(#514),#5087,.F.);
#5255=ADVANCED_FACE('',(#515),#5088,.T.);
#5256=ADVANCED_FACE('',(#516),#5089,.F.);
#5257=ADVANCED_FACE('',(#517),#5090,.T.);
#5258=ADVANCED_FACE('',(#518),#5091,.F.);
#5259=ADVANCED_FACE('',(#519),#134,.T.);
#5260=ADVANCED_FACE('',(#520),#5092,.F.);
#5261=ADVANCED_FACE('',(#521),#135,.F.);
#5262=ADVANCED_FACE('',(#522),#136,.F.);
#5263=ADVANCED_FACE('',(#523),#5093,.T.);
#5264=ADVANCED_FACE('',(#524),#137,.T.);
#5265=ADVANCED_FACE('',(#525),#5094,.T.);
#5266=ADVANCED_FACE('',(#526),#5095,.F.);
#5267=ADVANCED_FACE('',(#527),#5096,.T.);
#5268=ADVANCED_FACE('',(#528),#5097,.T.);
#5269=ADVANCED_FACE('',(#529),#5098,.F.);
#5270=ADVANCED_FACE('',(#530),#138,.T.);
#5271=ADVANCED_FACE('',(#531),#5099,.T.);
#5272=ADVANCED_FACE('',(#532),#139,.T.);
#5273=ADVANCED_FACE('',(#533),#140,.F.);
#5274=ADVANCED_FACE('',(#534),#141,.F.);
#5275=ADVANCED_FACE('',(#535),#5100,.T.);
#5276=ADVANCED_FACE('',(#536),#5101,.T.);
#5277=ADVANCED_FACE('',(#537),#5102,.F.);
#5278=ADVANCED_FACE('',(#538),#5103,.T.);
#5279=ADVANCED_FACE('',(#539),#142,.T.);
#5280=ADVANCED_FACE('',(#540),#5104,.F.);
#5281=ADVANCED_FACE('',(#541),#143,.T.);
#5282=ADVANCED_FACE('',(#542),#5105,.T.);
#5283=ADVANCED_FACE('',(#543),#5106,.T.);
#5284=ADVANCED_FACE('',(#544),#144,.T.);
#5285=ADVANCED_FACE('',(#545),#145,.T.);
#5286=ADVANCED_FACE('',(#546),#5107,.T.);
#5287=ADVANCED_FACE('',(#547),#5108,.T.);
#5288=ADVANCED_FACE('',(#548),#5109,.F.);
#5289=ADVANCED_FACE('',(#549),#5110,.F.);
#5290=ADVANCED_FACE('',(#550),#146,.T.);
#5291=ADVANCED_FACE('',(#551),#101,.T.);
#5292=ADVANCED_FACE('',(#552),#5111,.T.);
#5293=ADVANCED_FACE('',(#553),#102,.T.);
#5294=ADVANCED_FACE('',(#554,#225),#5112,.F.);
#5295=ADVANCED_FACE('',(#555),#147,.T.);
#5296=ADVANCED_FACE('',(#556),#148,.T.);
#5297=ADVANCED_FACE('',(#557),#149,.T.);
#5298=ADVANCED_FACE('',(#558,#226),#5113,.F.);
#5299=ADVANCED_FACE('',(#559),#150,.T.);
#5300=ADVANCED_FACE('',(#560),#5114,.F.);
#5301=ADVANCED_FACE('',(#561),#77,.T.);
#5302=ADVANCED_FACE('',(#562),#151,.T.);
#5303=ADVANCED_FACE('',(#563),#5115,.F.);
#5304=ADVANCED_FACE('',(#564),#5116,.F.);
#5305=ADVANCED_FACE('',(#565),#152,.T.);
#5306=ADVANCED_FACE('',(#566),#153,.T.);
#5307=ADVANCED_FACE('',(#567),#78,.T.);
#5308=ADVANCED_FACE('',(#568),#5117,.F.);
#5309=ADVANCED_FACE('',(#569),#5118,.T.);
#5310=ADVANCED_FACE('',(#570),#5119,.T.);
#5311=ADVANCED_FACE('',(#571),#5120,.T.);
#5312=ADVANCED_FACE('',(#572),#5121,.F.);
#5313=ADVANCED_FACE('',(#573),#5122,.T.);
#5314=ADVANCED_FACE('',(#574),#154,.T.);
#5315=ADVANCED_FACE('',(#575),#5123,.T.);
#5316=ADVANCED_FACE('',(#576),#5124,.F.);
#5317=ADVANCED_FACE('',(#577),#5125,.T.);
#5318=ADVANCED_FACE('',(#578),#155,.T.);
#5319=ADVANCED_FACE('',(#579),#156,.T.);
#5320=ADVANCED_FACE('',(#580),#157,.T.);
#5321=ADVANCED_FACE('',(#581),#5126,.T.);
#5322=ADVANCED_FACE('',(#582),#158,.T.);
#5323=ADVANCED_FACE('',(#583),#5127,.T.);
#5324=ADVANCED_FACE('',(#584),#5128,.T.);
#5325=ADVANCED_FACE('',(#585),#5129,.F.);
#5326=ADVANCED_FACE('',(#586),#5130,.T.);
#5327=ADVANCED_FACE('',(#587),#5131,.F.);
#5328=ADVANCED_FACE('',(#588),#159,.T.);
#5329=ADVANCED_FACE('',(#589),#57,.T.);
#5330=ADVANCED_FACE('',(#590,#227),#5132,.F.);
#5331=ADVANCED_FACE('',(#591),#160,.T.);
#5332=ADVANCED_FACE('',(#592),#5133,.F.);
#5333=ADVANCED_FACE('',(#593),#5134,.F.);
#5334=ADVANCED_FACE('',(#594),#5135,.F.);
#5335=ADVANCED_FACE('',(#595),#161,.F.);
#5336=ADVANCED_FACE('',(#596),#5136,.F.);
#5337=ADVANCED_FACE('',(#597),#162,.T.);
#5338=ADVANCED_FACE('',(#598),#5137,.F.);
#5339=ADVANCED_FACE('',(#599),#5138,.T.);
#5340=ADVANCED_FACE('',(#600),#5139,.F.);
#5341=ADVANCED_FACE('',(#601),#163,.T.);
#5342=ADVANCED_FACE('',(#602),#103,.T.);
#5343=ADVANCED_FACE('',(#603),#164,.T.);
#5344=ADVANCED_FACE('',(#604),#165,.T.);
#5345=ADVANCED_FACE('',(#605),#104,.T.);
#5346=ADVANCED_FACE('',(#606),#166,.T.);
#5347=ADVANCED_FACE('',(#607,#228),#5140,.F.);
#5348=ADVANCED_FACE('',(#608),#167,.F.);
#5349=ADVANCED_FACE('',(#609,#229),#5141,.F.);
#5350=ADVANCED_FACE('',(#610),#5142,.F.);
#5351=ADVANCED_FACE('',(#611),#5143,.F.);
#5352=ADVANCED_FACE('',(#612),#5144,.T.);
#5353=ADVANCED_FACE('',(#613),#5145,.T.);
#5354=ADVANCED_FACE('',(#614,#230),#5146,.F.);
#5355=ADVANCED_FACE('',(#615),#168,.T.);
#5356=ADVANCED_FACE('',(#616),#169,.T.);
#5357=ADVANCED_FACE('',(#617),#105,.T.);
#5358=ADVANCED_FACE('',(#618),#170,.T.);
#5359=ADVANCED_FACE('',(#619),#106,.T.);
#5360=ADVANCED_FACE('',(#620),#107,.T.);
#5361=ADVANCED_FACE('',(#621),#5147,.T.);
#5362=ADVANCED_FACE('',(#622),#5148,.T.);
#5363=ADVANCED_FACE('',(#623,#231),#5149,.T.);
#5364=ADVANCED_FACE('',(#624),#108,.T.);
#5365=ADVANCED_FACE('',(#625),#171,.T.);
#5366=ADVANCED_FACE('',(#626),#5150,.F.);
#5367=ADVANCED_FACE('',(#627),#5151,.F.);
#5368=ADVANCED_FACE('',(#628,#232),#5152,.T.);
#5369=ADVANCED_FACE('',(#629,#233),#5153,.F.);
#5370=ADVANCED_FACE('',(#630),#5154,.F.);
#5371=ADVANCED_FACE('',(#631),#5155,.F.);
#5372=ADVANCED_FACE('',(#632),#79,.F.);
#5373=ADVANCED_FACE('',(#633),#172,.F.);
#5374=ADVANCED_FACE('',(#634),#5156,.F.);
#5375=ADVANCED_FACE('',(#635),#5157,.T.);
#5376=ADVANCED_FACE('',(#636),#173,.F.);
#5377=ADVANCED_FACE('',(#637),#174,.F.);
#5378=ADVANCED_FACE('',(#638),#80,.F.);
#5379=ADVANCED_FACE('',(#639),#5158,.T.);
#5380=ADVANCED_FACE('',(#640,#234),#5159,.F.);
#5381=ADVANCED_FACE('',(#641),#175,.F.);
#5382=ADVANCED_FACE('',(#642),#176,.F.);
#5383=ADVANCED_FACE('',(#643),#81,.T.);
#5384=ADVANCED_FACE('',(#644),#177,.T.);
#5385=ADVANCED_FACE('',(#645),#5160,.T.);
#5386=ADVANCED_FACE('',(#646),#5161,.T.);
#5387=ADVANCED_FACE('',(#647),#5162,.T.);
#5388=ADVANCED_FACE('',(#648),#45,.T.);
#5389=ADVANCED_FACE('',(#649),#46,.T.);
#5390=ADVANCED_FACE('',(#650),#5163,.T.);
#5391=ADVANCED_FACE('',(#651),#5164,.T.);
#5392=ADVANCED_FACE('',(#652),#178,.T.);
#5393=ADVANCED_FACE('',(#653),#5165,.T.);
#5394=ADVANCED_FACE('',(#654),#5166,.T.);
#5395=ADVANCED_FACE('',(#655),#179,.T.);
#5396=ADVANCED_FACE('',(#656),#47,.T.);
#5397=ADVANCED_FACE('',(#657),#5167,.T.);
#5398=ADVANCED_FACE('',(#658),#48,.T.);
#5399=ADVANCED_FACE('',(#659),#5168,.T.);
#5400=ADVANCED_FACE('',(#660),#49,.T.);
#5401=ADVANCED_FACE('',(#661),#5169,.T.);
#5402=ADVANCED_FACE('',(#662),#50,.T.);
#5403=ADVANCED_FACE('',(#663),#5170,.T.);
#5404=ADVANCED_FACE('',(#664),#5171,.F.);
#5405=ADVANCED_FACE('',(#665,#235),#5172,.F.);
#5406=ADVANCED_FACE('',(#666),#5173,.F.);
#5407=ADVANCED_FACE('',(#667),#5174,.F.);
#5408=ADVANCED_FACE('',(#668),#5175,.F.);
#5409=ADVANCED_FACE('',(#669,#236),#5176,.T.);
#5410=ADVANCED_FACE('',(#670),#5177,.F.);
#5411=ADVANCED_FACE('',(#671),#180,.F.);
#5412=ADVANCED_FACE('',(#672),#58,.T.);
#5413=ADVANCED_FACE('',(#673),#5178,.F.);
#5414=ADVANCED_FACE('',(#674),#181,.T.);
#5415=ADVANCED_FACE('',(#675),#182,.F.);
#5416=ADVANCED_FACE('',(#676),#183,.F.);
#5417=ADVANCED_FACE('',(#677),#5179,.F.);
#5418=ADVANCED_FACE('',(#678),#5180,.F.);
#5419=ADVANCED_FACE('',(#679),#184,.T.);
#5420=ADVANCED_FACE('',(#680),#185,.F.);
#5421=ADVANCED_FACE('',(#681),#5181,.F.);
#5422=ADVANCED_FACE('',(#682),#5182,.F.);
#5423=ADVANCED_FACE('',(#683),#5183,.F.);
#5424=ADVANCED_FACE('',(#684),#5184,.F.);
#5425=ADVANCED_FACE('',(#685),#5185,.F.);
#5426=ADVANCED_FACE('',(#686),#5186,.F.);
#5427=ADVANCED_FACE('',(#687),#5187,.F.);
#5428=ADVANCED_FACE('',(#688),#186,.T.);
#5429=ADVANCED_FACE('',(#689),#187,.T.);
#5430=ADVANCED_FACE('',(#690),#82,.T.);
#5431=ADVANCED_FACE('',(#691),#5188,.F.);
#5432=ADVANCED_FACE('',(#692),#83,.F.);
#5433=ADVANCED_FACE('',(#693),#5189,.F.);
#5434=ADVANCED_FACE('',(#694),#5190,.F.);
#5435=ADVANCED_FACE('',(#695),#188,.T.);
#5436=ADVANCED_FACE('',(#696),#189,.T.);
#5437=ADVANCED_FACE('',(#697),#41,.F.);
#5438=ADVANCED_FACE('',(#698),#84,.T.);
#5439=ADVANCED_FACE('',(#699),#190,.T.);
#5440=ADVANCED_FACE('',(#700),#191,.T.);
#5441=ADVANCED_FACE('',(#701),#192,.T.);
#5442=ADVANCED_FACE('',(#702),#42,.F.);
#5443=ADVANCED_FACE('',(#703),#43,.F.);
#5444=ADVANCED_FACE('',(#704),#193,.T.);
#5445=ADVANCED_FACE('',(#705),#85,.T.);
#5446=ADVANCED_FACE('',(#706),#44,.F.);
#5447=ADVANCED_FACE('',(#707),#5191,.F.);
#5448=ADVANCED_FACE('',(#708),#5192,.F.);
#5449=ADVANCED_FACE('',(#709),#194,.F.);
#5450=ADVANCED_FACE('',(#710),#5193,.T.);
#5451=ADVANCED_FACE('',(#711),#5194,.F.);
#5452=ADVANCED_FACE('',(#712),#86,.F.);
#5453=ADVANCED_FACE('',(#713),#195,.F.);
#5454=ADVANCED_FACE('',(#714,#237),#5195,.F.);
#5455=ADVANCED_FACE('',(#715),#196,.T.);
#5456=ADVANCED_FACE('',(#716,#238),#5196,.F.);
#5457=ADVANCED_FACE('',(#717),#5197,.F.);
#5458=ADVANCED_FACE('',(#718,#239),#5198,.F.);
#5459=ADVANCED_FACE('',(#719,#240,#241,#242),#5199,.T.);
#5460=ADVANCED_FACE('',(#720),#5200,.T.);
#5461=ADVANCED_FACE('',(#721),#197,.F.);
#5462=ADVANCED_FACE('',(#722),#198,.F.);
#5463=ADVANCED_FACE('',(#723),#5201,.F.);
#5464=ADVANCED_FACE('',(#724,#243),#5202,.T.);
#5465=ADVANCED_FACE('',(#725,#244),#5203,.F.);
#5466=ADVANCED_FACE('',(#726),#5204,.F.);
#5467=ADVANCED_FACE('',(#727),#51,.T.);
#5468=ADVANCED_FACE('',(#728),#199,.F.);
#5469=ADVANCED_FACE('',(#729),#52,.T.);
#5470=ADVANCED_FACE('',(#730),#5205,.T.);
#5471=ADVANCED_FACE('',(#731),#5206,.T.);
#5472=ADVANCED_FACE('',(#732),#53,.T.);
#5473=ADVANCED_FACE('',(#733),#5207,.T.);
#5474=ADVANCED_FACE('',(#734),#54,.T.);
#5475=ADVANCED_FACE('',(#735),#5208,.T.);
#5476=ADVANCED_FACE('',(#736),#200,.F.);
#5477=ADVANCED_FACE('',(#737),#55,.F.);
#5478=ADVANCED_FACE('',(#738),#56,.F.);
#5479=ADVANCED_FACE('',(#739),#5209,.F.);
#5480=ADVANCED_FACE('',(#740),#201,.F.);
#5481=ADVANCED_FACE('',(#741),#5210,.F.);
#5482=ADVANCED_FACE('',(#742),#5211,.F.);
#5483=ADVANCED_FACE('',(#743),#5212,.F.);
#5484=ADVANCED_FACE('',(#744),#87,.T.);
#5485=ADVANCED_FACE('',(#745),#88,.T.);
#5486=ADVANCED_FACE('',(#746),#202,.T.);
#5487=ADVANCED_FACE('',(#747),#203,.T.);
#5488=ADVANCED_FACE('',(#748),#89,.T.);
#5489=ADVANCED_FACE('',(#749),#204,.T.);
#5490=ADVANCED_FACE('',(#750),#90,.T.);
#5491=ADVANCED_FACE('',(#751),#205,.T.);
#5492=ADVANCED_FACE('',(#752),#5213,.F.);
#5493=ADVANCED_FACE('',(#753,#245),#5214,.T.);
#5494=ADVANCED_FACE('',(#754),#109,.T.);
#5495=ADVANCED_FACE('',(#755),#206,.T.);
#5496=ADVANCED_FACE('',(#756),#207,.T.);
#5497=ADVANCED_FACE('',(#757),#110,.T.);
#5498=ADVANCED_FACE('',(#758),#208,.T.);
#5499=ADVANCED_FACE('',(#759),#111,.T.);
#5500=ADVANCED_FACE('',(#760),#112,.T.);
#5501=ADVANCED_FACE('',(#761),#209,.T.);
#5502=ADVANCED_FACE('',(#762),#113,.T.);
#5503=ADVANCED_FACE('',(#763),#210,.T.);
#5504=ADVANCED_FACE('',(#764),#114,.T.);
#5505=ADVANCED_FACE('',(#765),#115,.T.);
#5506=ADVANCED_FACE('',(#766),#116,.T.);
#5507=ADVANCED_FACE('',(#767),#117,.T.);
#5508=ADVANCED_FACE('',(#768),#211,.T.);
#5509=ADVANCED_FACE('',(#769),#118,.T.);
#5510=ADVANCED_FACE('',(#770),#119,.T.);
#5511=ADVANCED_FACE('',(#771),#120,.T.);
#5512=ADVANCED_FACE('',(#772),#212,.F.);
#5513=ADVANCED_FACE('',(#773),#5215,.F.);
#5514=ADVANCED_FACE('',(#774),#5216,.F.);
#5515=ADVANCED_FACE('',(#775),#213,.F.);
#5516=ADVANCED_FACE('',(#776),#5217,.F.);
#5517=ADVANCED_FACE('',(#777),#214,.F.);
#5518=ADVANCED_FACE('',(#778),#215,.F.);
#5519=ADVANCED_FACE('',(#779),#5218,.F.);
#5520=ADVANCED_FACE('',(#780),#216,.F.);
#5521=ADVANCED_FACE('',(#781),#5219,.F.);
#5522=ADVANCED_FACE('',(#782),#217,.F.);
#5523=ADVANCED_FACE('',(#783),#5220,.F.);
#5524=ADVANCED_FACE('',(#784),#121,.F.);
#5525=ADVANCED_FACE('',(#785),#122,.F.);
#5526=ADVANCED_FACE('',(#786),#218,.F.);
#5527=ADVANCED_FACE('',(#787),#219,.F.);
#5528=ADVANCED_FACE('',(#788),#123,.F.);
#5529=ADVANCED_FACE('',(#789),#124,.F.);
#5530=ADVANCED_FACE('',(#790),#220,.F.);
#5531=ADVANCED_FACE('',(#791),#125,.F.);
#5532=ADVANCED_FACE('',(#792),#126,.F.);
#5533=ADVANCED_FACE('',(#793),#127,.F.);
#5534=ADVANCED_FACE('',(#794),#128,.F.);
#5535=ADVANCED_FACE('',(#795),#221,.F.);
#5536=ADVANCED_FACE('',(#796),#129,.F.);
#5537=ADVANCED_FACE('',(#797),#130,.F.);
#5538=ADVANCED_FACE('',(#798),#222,.F.);
#5539=ADVANCED_FACE('',(#799),#131,.F.);
#5540=ADVANCED_FACE('',(#800),#132,.F.);
#5541=ADVANCED_FACE('',(#801),#223,.F.);
#5542=ADVANCED_FACE('',(#802,#246,#247,#248),#5221,.T.);
#5543=ADVANCED_FACE('',(#803),#5222,.F.);
#5544=ADVANCED_FACE('',(#804),#5223,.F.);
#5545=ADVANCED_FACE('',(#805),#5224,.F.);
#5546=ADVANCED_FACE('',(#806),#5225,.T.);
#5547=ADVANCED_FACE('',(#807),#5226,.F.);
#5548=ADVANCED_FACE('',(#808),#5227,.F.);
#5549=ADVANCED_FACE('',(#809),#5228,.F.);
#5550=ADVANCED_FACE('',(#810),#5229,.F.);
#5551=ADVANCED_FACE('',(#811),#5230,.F.);
#5552=ADVANCED_FACE('',(#812),#5231,.F.);
#5553=ADVANCED_FACE('',(#813),#5232,.T.);
#5554=ADVANCED_FACE('',(#814),#5233,.T.);
#5555=ADVANCED_FACE('',(#815),#5234,.F.);
#5556=ADVANCED_FACE('',(#816),#5235,.F.);
#5557=ADVANCED_FACE('',(#817),#5236,.F.);
#5558=ADVANCED_FACE('',(#818),#5237,.F.);
#5559=ADVANCED_FACE('',(#819),#5238,.F.);
#5560=ADVANCED_FACE('',(#820),#5239,.F.);
#5561=ADVANCED_FACE('',(#821),#5240,.F.);
#5562=ADVANCED_FACE('',(#822),#5241,.F.);
#5563=ADVANCED_FACE('',(#823),#5242,.F.);
#5564=ADVANCED_FACE('',(#824),#5243,.F.);
#5565=ADVANCED_FACE('',(#825),#5244,.F.);
#5566=ADVANCED_FACE('',(#826),#5245,.F.);
#5567=ADVANCED_FACE('',(#827),#5246,.F.);
#5568=ADVANCED_FACE('',(#828),#5247,.F.);
#5569=ADVANCED_FACE('',(#829),#5248,.F.);
#5570=CLOSED_SHELL('',(#5249,#5250,#5251,#5252,#5253,#5254,#5255,#5256,
#5257,#5258,#5259,#5260,#5261,#5262,#5263,#5264,#5265,#5266,#5267,#5268,
#5269,#5270,#5271,#5272,#5273,#5274,#5275,#5276,#5277,#5278,#5279,#5280,
#5281,#5282,#5283,#5284,#5285,#5286,#5287,#5288,#5289));
#5571=CLOSED_SHELL('',(#5290,#5291,#5292,#5293,#5294,#5295,#5296,#5297,
#5298,#5299,#5300,#5301,#5302,#5303,#5304,#5305,#5306,#5307,#5308,#5309,
#5310,#5311,#5312,#5313,#5314,#5315,#5316,#5317,#5318,#5319,#5320,#5321,
#5322,#5323,#5324,#5325,#5326,#5327,#5328,#5329,#5330,#5331,#5332,#5333,
#5334,#5335,#5336,#5337,#5338,#5339,#5340,#5341,#5342,#5343,#5344,#5345,
#5346,#5347,#5348,#5349,#5350,#5351,#5352,#5353,#5354,#5355,#5356,#5357,
#5358,#5359,#5360,#5361,#5362,#5363,#5364,#5365,#5366,#5367,#5368,#5369,
#5370,#5371,#5372,#5373,#5374,#5375,#5376,#5377,#5378,#5379,#5380,#5381,
#5382,#5383,#5384,#5385,#5386,#5387,#5388,#5389,#5390,#5391,#5392,#5393,
#5394,#5395,#5396,#5397,#5398,#5399,#5400,#5401,#5402,#5403,#5404,#5405,
#5406,#5407,#5408,#5409,#5410,#5411,#5412,#5413,#5414,#5415,#5416,#5417,
#5418,#5419,#5420,#5421,#5422,#5423,#5424,#5425,#5426,#5427,#5428,#5429,
#5430,#5431,#5432,#5433,#5434,#5435,#5436,#5437,#5438,#5439,#5440,#5441,
#5442,#5443,#5444,#5445,#5446,#5447,#5448,#5449,#5450,#5451,#5452,#5453,
#5454,#5455,#5456,#5457,#5458,#5459,#5460,#5461,#5462,#5463,#5464,#5465,
#5466,#5467,#5468,#5469,#5470,#5471,#5472,#5473,#5474,#5475,#5476,#5477,
#5478,#5479,#5480,#5481,#5482,#5483,#5484,#5485,#5486,#5487,#5488,#5489,
#5490,#5491,#5492,#5493,#5494,#5495,#5496,#5497,#5498,#5499,#5500,#5501,
#5502,#5503,#5504,#5505,#5506,#5507,#5508,#5509,#5510,#5511,#5512,#5513,
#5514,#5515,#5516,#5517,#5518,#5519,#5520,#5521,#5522,#5523,#5524,#5525,
#5526,#5527,#5528,#5529,#5530,#5531,#5532,#5533,#5534,#5535,#5536,#5537,
#5538,#5539,#5540,#5541,#5542,#5543,#5544,#5545,#5546,#5547,#5548,#5549,
#5550,#5551,#5552,#5553,#5554,#5555,#5556,#5557,#5558,#5559,#5560,#5561,
#5562,#5563,#5564,#5565,#5566,#5567,#5568,#5569));
#5572=BREP_WITH_VOIDS('Bry\X2\0142\X0\a1',#5571,(#133));
#5573=DERIVED_UNIT_ELEMENT(#5575,1.);
#5574=DERIVED_UNIT_ELEMENT(#13334,-3.);
#5575=(
MASS_UNIT()
NAMED_UNIT(*)
SI_UNIT(.KILO.,.GRAM.)
);
#5576=DERIVED_UNIT((#5573,#5574));
#5577=MEASURE_REPRESENTATION_ITEM('density measure',
POSITIVE_RATIO_MEASURE(7850.),#5576);
#5578=PROPERTY_DEFINITION_REPRESENTATION(#5583,#5580);
#5579=PROPERTY_DEFINITION_REPRESENTATION(#5584,#5581);
#5580=REPRESENTATION('material name',(#5582),#13331);
#5581=REPRESENTATION('density',(#5577),#13331);
#5582=DESCRIPTIVE_REPRESENTATION_ITEM('Stal','Stal');
#5583=PROPERTY_DEFINITION('material property','material name',#13341);
#5584=PROPERTY_DEFINITION('material property','density of part',#13341);
#5585=AXIS2_PLACEMENT_3D('',#7763,#6141,#6142);
#5586=AXIS2_PLACEMENT_3D('',#7764,#6143,#6144);
#5587=AXIS2_PLACEMENT_3D('',#7773,#6149,#6150);
#5588=AXIS2_PLACEMENT_3D('',#7776,#6151,#6152);
#5589=AXIS2_PLACEMENT_3D('',#7780,#6154,#6155);
#5590=AXIS2_PLACEMENT_3D('',#7784,#6157,#6158);
#5591=AXIS2_PLACEMENT_3D('',#7788,#6160,#6161);
#5592=AXIS2_PLACEMENT_3D('',#7795,#6165,#6166);
#5593=AXIS2_PLACEMENT_3D('',#7799,#6168,#6169);
#5594=AXIS2_PLACEMENT_3D('',#7811,#6175,#6176);
#5595=AXIS2_PLACEMENT_3D('',#7815,#6178,#6179);
#5596=AXIS2_PLACEMENT_3D('',#7819,#6182,#6183);
#5597=AXIS2_PLACEMENT_3D('',#7825,#6187,#6188);
#5598=AXIS2_PLACEMENT_3D('',#7833,#6193,#6194);
#5599=AXIS2_PLACEMENT_3D('',#7837,#6197,#6198);
#5600=AXIS2_PLACEMENT_3D('',#7851,#6206,#6207);
#5601=AXIS2_PLACEMENT_3D('',#7855,#6210,#6211);
#5602=AXIS2_PLACEMENT_3D('',#7874,#6222,#6223);
#5603=AXIS2_PLACEMENT_3D('',#7880,#6227,#6228);
#5604=AXIS2_PLACEMENT_3D('',#7884,#6231,#6232);
#5605=AXIS2_PLACEMENT_3D('',#7888,#6234,#6235);
#5606=AXIS2_PLACEMENT_3D('',#7890,#6236,#6237);
#5607=AXIS2_PLACEMENT_3D('',#7892,#6239,#6240);
#5608=AXIS2_PLACEMENT_3D('',#7898,#6244,#6245);
#5609=AXIS2_PLACEMENT_3D('',#7900,#6246,#6247);
#5610=AXIS2_PLACEMENT_3D('',#7902,#6249,#6250);
#5611=AXIS2_PLACEMENT_3D('',#7904,#6251,#6252);
#5612=AXIS2_PLACEMENT_3D('',#7906,#6254,#6255);
#5613=AXIS2_PLACEMENT_3D('',#7908,#6257,#6258);
#5614=AXIS2_PLACEMENT_3D('',#7910,#6259,#6260);
#5615=AXIS2_PLACEMENT_3D('',#7912,#6261,#6262);
#5616=AXIS2_PLACEMENT_3D('',#7914,#6264,#6265);
#5617=AXIS2_PLACEMENT_3D('',#7916,#6267,#6268);
#5618=AXIS2_PLACEMENT_3D('',#7918,#6270,#6271);
#5619=AXIS2_PLACEMENT_3D('',#7924,#6275,#6276);
#5620=AXIS2_PLACEMENT_3D('',#7928,#6279,#6280);
#5621=AXIS2_PLACEMENT_3D('',#7934,#6284,#6285);
#5622=AXIS2_PLACEMENT_3D('',#7936,#6286,#6287);
#5623=AXIS2_PLACEMENT_3D('',#7937,#6288,#6289);
#5624=AXIS2_PLACEMENT_3D('',#7938,#6290,#6291);
#5625=AXIS2_PLACEMENT_3D('',#7940,#6293,#6294);
#5626=AXIS2_PLACEMENT_3D('',#7942,#6295,#6296);
#5627=AXIS2_PLACEMENT_3D('',#7943,#6297,#6298);
#5628=AXIS2_PLACEMENT_3D('',#7944,#6299,#6300);
#5629=AXIS2_PLACEMENT_3D('',#7945,#6301,#6302);
#5630=AXIS2_PLACEMENT_3D('',#7946,#6303,#6304);
#5631=AXIS2_PLACEMENT_3D('',#7947,#6305,#6306);
#5632=AXIS2_PLACEMENT_3D('',#7948,#6307,#6308);
#5633=AXIS2_PLACEMENT_3D('',#7950,#6310,#6311);
#5634=AXIS2_PLACEMENT_3D('',#7952,#6313,#6314);
#5635=AXIS2_PLACEMENT_3D('',#7954,#6315,#6316);
#5636=AXIS2_PLACEMENT_3D('',#7956,#6317,#6318);
#5637=AXIS2_PLACEMENT_3D('',#7958,#6320,#6321);
#5638=AXIS2_PLACEMENT_3D('',#7959,#6322,#6323);
#5639=AXIS2_PLACEMENT_3D('',#7960,#6324,#6325);
#5640=AXIS2_PLACEMENT_3D('',#7961,#6326,#6327);
#5641=AXIS2_PLACEMENT_3D('',#7963,#6328,#6329);
#5642=AXIS2_PLACEMENT_3D('',#7966,#6331,#6332);
#5643=AXIS2_PLACEMENT_3D('',#7967,#6333,#6334);
#5644=AXIS2_PLACEMENT_3D('',#7969,#6335,#6336);
#5645=AXIS2_PLACEMENT_3D('',#7971,#6338,#6339);
#5646=AXIS2_PLACEMENT_3D('',#7973,#6340,#6341);
#5647=AXIS2_PLACEMENT_3D('',#7975,#6343,#6344);
#5648=AXIS2_PLACEMENT_3D('',#7976,#6345,#6346);
#5649=AXIS2_PLACEMENT_3D('',#7977,#6347,#6348);
#5650=AXIS2_PLACEMENT_3D('',#7978,#6349,#6350);
#5651=AXIS2_PLACEMENT_3D('',#7979,#6351,#6352);
#5652=AXIS2_PLACEMENT_3D('',#7982,#6354,#6355);
#5653=AXIS2_PLACEMENT_3D('',#7983,#6356,#6357);
#5654=AXIS2_PLACEMENT_3D('',#7985,#6358,#6359);
#5655=AXIS2_PLACEMENT_3D('',#7987,#6361,#6362);
#5656=AXIS2_PLACEMENT_3D('',#7989,#6364,#6365);
#5657=AXIS2_PLACEMENT_3D('',#7991,#6367,#6368);
#5658=AXIS2_PLACEMENT_3D('',#7992,#6369,#6370);
#5659=AXIS2_PLACEMENT_3D('',#7993,#6371,#6372);
#5660=AXIS2_PLACEMENT_3D('',#7996,#6373,#6374);
#5661=AXIS2_PLACEMENT_3D('',#8000,#6376,#6377);
#5662=AXIS2_PLACEMENT_3D('',#8329,#6379,#6380);
#5663=AXIS2_PLACEMENT_3D('',#8330,#6381,#6382);
#5664=AXIS2_PLACEMENT_3D('',#8331,#6383,#6384);
#5665=AXIS2_PLACEMENT_3D('',#8332,#6385,#6386);
#5666=AXIS2_PLACEMENT_3D('',#8664,#6390,#6391);
#5667=AXIS2_PLACEMENT_3D('',#8666,#6392,#6393);
#5668=AXIS2_PLACEMENT_3D('',#8667,#6394,#6395);
#5669=AXIS2_PLACEMENT_3D('',#8668,#6396,#6397);
#5670=AXIS2_PLACEMENT_3D('',#8674,#6400,#6401);
#5671=AXIS2_PLACEMENT_3D('',#8678,#6403,#6404);
#5672=AXIS2_PLACEMENT_3D('',#8690,#6411,#6412);
#5673=AXIS2_PLACEMENT_3D('',#8692,#6413,#6414);
#5674=AXIS2_PLACEMENT_3D('',#8694,#6416,#6417);
#5675=AXIS2_PLACEMENT_3D('',#8696,#6418,#6419);
#5676=AXIS2_PLACEMENT_3D('',#8698,#6421,#6422);
#5677=AXIS2_PLACEMENT_3D('',#8701,#6424,#6425);
#5678=AXIS2_PLACEMENT_3D('',#8702,#6426,#6427);
#5679=AXIS2_PLACEMENT_3D('',#8715,#6433,#6434);
#5680=AXIS2_PLACEMENT_3D('',#8719,#6436,#6437);
#5681=AXIS2_PLACEMENT_3D('',#8723,#6439,#6440);
#5682=AXIS2_PLACEMENT_3D('',#8726,#6442,#6443);
#5683=AXIS2_PLACEMENT_3D('',#8740,#6450,#6451);
#5684=AXIS2_PLACEMENT_3D('',#8743,#6453,#6454);
#5685=AXIS2_PLACEMENT_3D('',#8744,#6455,#6456);
#5686=AXIS2_PLACEMENT_3D('',#8746,#6457,#6458);
#5687=AXIS2_PLACEMENT_3D('',#8748,#6460,#6461);
#5688=AXIS2_PLACEMENT_3D('',#8754,#6465,#6466);
#5689=AXIS2_PLACEMENT_3D('',#8756,#6467,#6468);
#5690=AXIS2_PLACEMENT_3D('',#8758,#6469,#6470);
#5691=AXIS2_PLACEMENT_3D('',#8759,#6471,#6472);
#5692=AXIS2_PLACEMENT_3D('',#8760,#6473,#6474);
#5693=AXIS2_PLACEMENT_3D('',#8762,#6475,#6476);
#5694=AXIS2_PLACEMENT_3D('',#8764,#6477,#6478);
#5695=AXIS2_PLACEMENT_3D('',#8766,#6480,#6481);
#5696=AXIS2_PLACEMENT_3D('',#8770,#6484,#6485);
#5697=AXIS2_PLACEMENT_3D('',#8774,#6488,#6489);
#5698=AXIS2_PLACEMENT_3D('',#8776,#6490,#6491);
#5699=AXIS2_PLACEMENT_3D('',#8778,#6493,#6494);
#5700=AXIS2_PLACEMENT_3D('',#8781,#6496,#6497);
#5701=AXIS2_PLACEMENT_3D('',#8782,#6498,#6499);
#5702=AXIS2_PLACEMENT_3D('',#8783,#6500,#6501);
#5703=AXIS2_PLACEMENT_3D('',#8784,#6502,#6503);
#5704=AXIS2_PLACEMENT_3D('',#8786,#6505,#6506);
#5705=AXIS2_PLACEMENT_3D('',#8792,#6509,#6510);
#5706=AXIS2_PLACEMENT_3D('',#8802,#6516,#6517);
#5707=AXIS2_PLACEMENT_3D('',#8851,#6521,#6522);
#5708=AXIS2_PLACEMENT_3D('',#8862,#6529,#6530);
#5709=AXIS2_PLACEMENT_3D('',#8868,#6534,#6535);
#5710=AXIS2_PLACEMENT_3D('',#8874,#6538,#6539);
#5711=AXIS2_PLACEMENT_3D('',#8876,#6540,#6541);
#5712=AXIS2_PLACEMENT_3D('',#8878,#6543,#6544);
#5713=AXIS2_PLACEMENT_3D('',#8880,#6545,#6546);
#5714=AXIS2_PLACEMENT_3D('',#8882,#6548,#6549);
#5715=AXIS2_PLACEMENT_3D('',#8894,#6556,#6557);
#5716=AXIS2_PLACEMENT_3D('',#8896,#6558,#6559);
#5717=AXIS2_PLACEMENT_3D('',#8898,#6561,#6562);
#5718=AXIS2_PLACEMENT_3D('',#8951,#6568,#6569);
#5719=AXIS2_PLACEMENT_3D('',#8953,#6570,#6571);
#5720=AXIS2_PLACEMENT_3D('',#8955,#6573,#6574);
#5721=AXIS2_PLACEMENT_3D('',#8957,#6575,#6576);
#5722=AXIS2_PLACEMENT_3D('',#8959,#6578,#6579);
#5723=AXIS2_PLACEMENT_3D('',#8962,#6581,#6582);
#5724=AXIS2_PLACEMENT_3D('',#8963,#6583,#6584);
#5725=AXIS2_PLACEMENT_3D('',#8975,#6591,#6592);
#5726=AXIS2_PLACEMENT_3D('',#8978,#6594,#6595);
#5727=AXIS2_PLACEMENT_3D('',#8979,#6596,#6597);
#5728=AXIS2_PLACEMENT_3D('',#8981,#6599,#6600);
#5729=AXIS2_PLACEMENT_3D('',#9017,#6605,#6606);
#5730=AXIS2_PLACEMENT_3D('',#9018,#6607,#6608);
#5731=AXIS2_PLACEMENT_3D('',#9019,#6609,#6610);
#5732=AXIS2_PLACEMENT_3D('',#9023,#6613,#6614);
#5733=AXIS2_PLACEMENT_3D('',#9031,#6618,#6619);
#5734=AXIS2_PLACEMENT_3D('',#9032,#6620,#6621);
#5735=AXIS2_PLACEMENT_3D('',#9033,#6622,#6623);
#5736=AXIS2_PLACEMENT_3D('',#9034,#6624,#6625);
#5737=AXIS2_PLACEMENT_3D('',#9035,#6626,#6627);
#5738=AXIS2_PLACEMENT_3D('',#9036,#6628,#6629);
#5739=AXIS2_PLACEMENT_3D('',#9037,#6630,#6631);
#5740=AXIS2_PLACEMENT_3D('',#9046,#6636,#6637);
#5741=AXIS2_PLACEMENT_3D('',#9050,#6639,#6640);
#5742=AXIS2_PLACEMENT_3D('',#9052,#6642,#6643);
#5743=AXIS2_PLACEMENT_3D('',#9060,#6648,#6649);
#5744=AXIS2_PLACEMENT_3D('',#9064,#6652,#6653);
#5745=AXIS2_PLACEMENT_3D('',#9068,#6656,#6657);
#5746=AXIS2_PLACEMENT_3D('',#9069,#6658,#6659);
#5747=AXIS2_PLACEMENT_3D('',#9070,#6660,#6661);
#5748=AXIS2_PLACEMENT_3D('',#9074,#6664,#6665);
#5749=AXIS2_PLACEMENT_3D('',#9076,#6666,#6667);
#5750=AXIS2_PLACEMENT_3D('',#9079,#6669,#6670);
#5751=AXIS2_PLACEMENT_3D('',#9080,#6671,#6672);
#5752=AXIS2_PLACEMENT_3D('',#9084,#6675,#6676);
#5753=AXIS2_PLACEMENT_3D('',#9086,#6678,#6679);
#5754=AXIS2_PLACEMENT_3D('',#9096,#6685,#6686);
#5755=AXIS2_PLACEMENT_3D('',#9099,#6688,#6689);
#5756=AXIS2_PLACEMENT_3D('',#9271,#6690,#6691);
#5757=AXIS2_PLACEMENT_3D('',#9282,#6692,#6693);
#5758=AXIS2_PLACEMENT_3D('',#9296,#6694,#6695);
#5759=AXIS2_PLACEMENT_3D('',#9297,#6696,#6697);
#5760=AXIS2_PLACEMENT_3D('',#9298,#6698,#6699);
#5761=AXIS2_PLACEMENT_3D('',#9327,#6700,#6701);
#5762=AXIS2_PLACEMENT_3D('',#9329,#6703,#6704);
#5763=AXIS2_PLACEMENT_3D('',#9332,#6705,#6706);
#5764=AXIS2_PLACEMENT_3D('',#9336,#6708,#6709);
#5765=AXIS2_PLACEMENT_3D('',#9340,#6711,#6712);
#5766=AXIS2_PLACEMENT_3D('',#9344,#6714,#6715);
#5767=AXIS2_PLACEMENT_3D('',#9348,#6717,#6718);
#5768=AXIS2_PLACEMENT_3D('',#9352,#6720,#6721);
#5769=AXIS2_PLACEMENT_3D('',#9359,#6725,#6726);
#5770=AXIS2_PLACEMENT_3D('',#9368,#6731,#6732);
#5771=AXIS2_PLACEMENT_3D('',#9372,#6735,#6736);
#5772=AXIS2_PLACEMENT_3D('',#9374,#6738,#6739);
#5773=AXIS2_PLACEMENT_3D('',#9392,#6749,#6750);
#5774=AXIS2_PLACEMENT_3D('',#9402,#6756,#6757);
#5775=AXIS2_PLACEMENT_3D('',#9404,#6759,#6760);
#5776=AXIS2_PLACEMENT_3D('',#9408,#6763,#6764);
#5777=AXIS2_PLACEMENT_3D('',#9412,#6767,#6768);
#5778=AXIS2_PLACEMENT_3D('',#9416,#6770,#6771);
#5779=AXIS2_PLACEMENT_3D('',#9419,#6773,#6774);
#5780=AXIS2_PLACEMENT_3D('',#9420,#6775,#6776);
#5781=AXIS2_PLACEMENT_3D('',#9421,#6777,#6778);
#5782=AXIS2_PLACEMENT_3D('',#9422,#6779,#6780);
#5783=AXIS2_PLACEMENT_3D('',#9424,#6781,#6782);
#5784=AXIS2_PLACEMENT_3D('',#9426,#6783,#6784);
#5785=AXIS2_PLACEMENT_3D('',#9456,#6786,#6787);
#5786=AXIS2_PLACEMENT_3D('',#9458,#6788,#6789);
#5787=AXIS2_PLACEMENT_3D('',#9460,#6790,#6791);
#5788=AXIS2_PLACEMENT_3D('',#9641,#6793,#6794);
#5789=AXIS2_PLACEMENT_3D('',#9981,#6795,#6796);
#5790=AXIS2_PLACEMENT_3D('',#9982,#6797,#6798);
#5791=AXIS2_PLACEMENT_3D('',#9983,#6799,#6800);
#5792=AXIS2_PLACEMENT_3D('',#9987,#6803,#6804);
#5793=AXIS2_PLACEMENT_3D('',#9991,#6807,#6808);
#5794=AXIS2_PLACEMENT_3D('',#9994,#6809,#6810);
#5795=AXIS2_PLACEMENT_3D('',#9998,#6813,#6814);
#5796=AXIS2_PLACEMENT_3D('',#10325,#6815,#6816);
#5797=AXIS2_PLACEMENT_3D('',#10326,#6817,#6818);
#5798=AXIS2_PLACEMENT_3D('',#10327,#6819,#6820);
#5799=AXIS2_PLACEMENT_3D('',#10329,#6822,#6823);
#5800=AXIS2_PLACEMENT_3D('',#10339,#6829,#6830);
#5801=AXIS2_PLACEMENT_3D('',#10341,#6832,#6833);
#5802=AXIS2_PLACEMENT_3D('',#10348,#6837,#6838);
#5803=AXIS2_PLACEMENT_3D('',#10349,#6839,#6840);
#5804=AXIS2_PLACEMENT_3D('',#10356,#6844,#6845);
#5805=AXIS2_PLACEMENT_3D('',#10357,#6846,#6847);
#5806=AXIS2_PLACEMENT_3D('',#10359,#6849,#6850);
#5807=AXIS2_PLACEMENT_3D('',#10361,#6852,#6853);
#5808=AXIS2_PLACEMENT_3D('',#10363,#6854,#6855);
#5809=AXIS2_PLACEMENT_3D('',#10365,#6856,#6857);
#5810=AXIS2_PLACEMENT_3D('',#10366,#6858,#6859);
#5811=AXIS2_PLACEMENT_3D('',#10367,#6860,#6861);
#5812=AXIS2_PLACEMENT_3D('',#10369,#6862,#6863);
#5813=AXIS2_PLACEMENT_3D('',#10372,#6865,#6866);
#5814=AXIS2_PLACEMENT_3D('',#10373,#6867,#6868);
#5815=AXIS2_PLACEMENT_3D('',#10376,#6871,#6872);
#5816=AXIS2_PLACEMENT_3D('',#10378,#6873,#6874);
#5817=AXIS2_PLACEMENT_3D('',#10380,#6876,#6877);
#5818=AXIS2_PLACEMENT_3D('',#10382,#6878,#6879);
#5819=AXIS2_PLACEMENT_3D('',#10384,#6881,#6882);
#5820=AXIS2_PLACEMENT_3D('',#10386,#6884,#6885);
#5821=AXIS2_PLACEMENT_3D('',#10387,#6886,#6887);
#5822=AXIS2_PLACEMENT_3D('',#10388,#6888,#6889);
#5823=AXIS2_PLACEMENT_3D('',#10389,#6890,#6891);
#5824=AXIS2_PLACEMENT_3D('',#10393,#6893,#6894);
#5825=AXIS2_PLACEMENT_3D('',#10396,#6896,#6897);
#5826=AXIS2_PLACEMENT_3D('',#10405,#6902,#6903);
#5827=AXIS2_PLACEMENT_3D('',#10407,#6904,#6905);
#5828=AXIS2_PLACEMENT_3D('',#10409,#6907,#6908);
#5829=AXIS2_PLACEMENT_3D('',#10413,#6910,#6911);
#5830=AXIS2_PLACEMENT_3D('',#10414,#6912,#6913);
#5831=AXIS2_PLACEMENT_3D('',#10415,#6914,#6915);
#5832=AXIS2_PLACEMENT_3D('',#10416,#6916,#6917);
#5833=AXIS2_PLACEMENT_3D('',#10417,#6918,#6919);
#5834=AXIS2_PLACEMENT_3D('',#10420,#6920,#6921);
#5835=AXIS2_PLACEMENT_3D('',#10423,#6923,#6924);
#5836=AXIS2_PLACEMENT_3D('',#10425,#6926,#6927);
#5837=AXIS2_PLACEMENT_3D('',#10431,#6931,#6932);
#5838=AXIS2_PLACEMENT_3D('',#10437,#6936,#6937);
#5839=AXIS2_PLACEMENT_3D('',#10439,#6939,#6940);
#5840=AXIS2_PLACEMENT_3D('',#10441,#6941,#6942);
#5841=AXIS2_PLACEMENT_3D('',#10443,#6944,#6945);
#5842=AXIS2_PLACEMENT_3D('',#10444,#6946,#6947);
#5843=AXIS2_PLACEMENT_3D('',#10445,#6948,#6949);
#5844=AXIS2_PLACEMENT_3D('',#10447,#6951,#6952);
#5845=AXIS2_PLACEMENT_3D('',#10453,#6956,#6957);
#5846=AXIS2_PLACEMENT_3D('',#10454,#6958,#6959);
#5847=AXIS2_PLACEMENT_3D('',#10458,#6962,#6963);
#5848=AXIS2_PLACEMENT_3D('',#10464,#6967,#6968);
#5849=AXIS2_PLACEMENT_3D('',#10467,#6971,#6972);
#5850=AXIS2_PLACEMENT_3D('',#10468,#6973,#6974);
#5851=AXIS2_PLACEMENT_3D('',#10469,#6975,#6976);
#5852=AXIS2_PLACEMENT_3D('',#10470,#6977,#6978);
#5853=AXIS2_PLACEMENT_3D('',#10473,#6980,#6981);
#5854=AXIS2_PLACEMENT_3D('',#10474,#6982,#6983);
#5855=AXIS2_PLACEMENT_3D('',#10478,#6986,#6987);
#5856=AXIS2_PLACEMENT_3D('',#10479,#6988,#6989);
#5857=AXIS2_PLACEMENT_3D('',#10480,#6990,#6991);
#5858=AXIS2_PLACEMENT_3D('',#10481,#6992,#6993);
#5859=AXIS2_PLACEMENT_3D('',#10482,#6994,#6995);
#5860=AXIS2_PLACEMENT_3D('',#10483,#6996,#6997);
#5861=AXIS2_PLACEMENT_3D('',#10489,#7001,#7002);
#5862=AXIS2_PLACEMENT_3D('',#10492,#7003,#7004);
#5863=AXIS2_PLACEMENT_3D('',#10497,#7008,#7009);
#5864=AXIS2_PLACEMENT_3D('',#10502,#7012,#7013);
#5865=AXIS2_PLACEMENT_3D('',#10503,#7014,#7015);
#5866=AXIS2_PLACEMENT_3D('',#10508,#7019,#7020);
#5867=AXIS2_PLACEMENT_3D('',#10512,#7023,#7024);
#5868=AXIS2_PLACEMENT_3D('',#10514,#7026,#7027);
#5869=AXIS2_PLACEMENT_3D('',#10517,#7029,#7030);
#5870=AXIS2_PLACEMENT_3D('',#10518,#7031,#7032);
#5871=AXIS2_PLACEMENT_3D('',#10520,#7033,#7034);
#5872=AXIS2_PLACEMENT_3D('',#10524,#7036,#7037);
#5873=AXIS2_PLACEMENT_3D('',#10527,#7040,#7041);
#5874=AXIS2_PLACEMENT_3D('',#10530,#7043,#7044);
#5875=AXIS2_PLACEMENT_3D('',#10531,#7045,#7046);
#5876=AXIS2_PLACEMENT_3D('',#10532,#7047,#7048);
#5877=AXIS2_PLACEMENT_3D('',#10533,#7049,#7050);
#5878=AXIS2_PLACEMENT_3D('',#10539,#7054,#7055);
#5879=AXIS2_PLACEMENT_3D('',#10541,#7056,#7057);
#5880=AXIS2_PLACEMENT_3D('',#10543,#7059,#7060);
#5881=AXIS2_PLACEMENT_3D('',#10544,#7061,#7062);
#5882=AXIS2_PLACEMENT_3D('',#10545,#7063,#7064);
#5883=AXIS2_PLACEMENT_3D('',#10548,#7066,#7067);
#5884=AXIS2_PLACEMENT_3D('',#10549,#7068,#7069);
#5885=AXIS2_PLACEMENT_3D('',#10552,#7071,#7072);
#5886=AXIS2_PLACEMENT_3D('',#10553,#7073,#7074);
#5887=AXIS2_PLACEMENT_3D('',#10556,#7076,#7077);
#5888=AXIS2_PLACEMENT_3D('',#10557,#7078,#7079);
#5889=AXIS2_PLACEMENT_3D('',#10559,#7081,#7082);
#5890=AXIS2_PLACEMENT_3D('',#10561,#7084,#7085);
#5891=AXIS2_PLACEMENT_3D('',#10567,#7089,#7090);
#5892=AXIS2_PLACEMENT_3D('',#10573,#7094,#7095);
#5893=AXIS2_PLACEMENT_3D('',#10575,#7097,#7098);
#5894=AXIS2_PLACEMENT_3D('',#10577,#7100,#7101);
#5895=AXIS2_PLACEMENT_3D('',#10583,#7105,#7106);
#5896=AXIS2_PLACEMENT_3D('',#10587,#7109,#7110);
#5897=AXIS2_PLACEMENT_3D('',#10591,#7113,#7114);
#5898=AXIS2_PLACEMENT_3D('',#10592,#7115,#7116);
#5899=AXIS2_PLACEMENT_3D('',#10593,#7117,#7118);
#5900=AXIS2_PLACEMENT_3D('',#10595,#7119,#7120);
#5901=AXIS2_PLACEMENT_3D('',#10597,#7122,#7123);
#5902=AXIS2_PLACEMENT_3D('',#10598,#7124,#7125);
#5903=AXIS2_PLACEMENT_3D('',#10599,#7126,#7127);
#5904=AXIS2_PLACEMENT_3D('',#10601,#7129,#7130);
#5905=AXIS2_PLACEMENT_3D('',#10602,#7131,#7132);
#5906=AXIS2_PLACEMENT_3D('',#10603,#7133,#7134);
#5907=AXIS2_PLACEMENT_3D('',#10607,#7137,#7138);
#5908=AXIS2_PLACEMENT_3D('',#10608,#7139,#7140);
#5909=AXIS2_PLACEMENT_3D('',#10610,#7141,#7142);
#5910=AXIS2_PLACEMENT_3D('',#10613,#7144,#7145);
#5911=AXIS2_PLACEMENT_3D('',#10614,#7146,#7147);
#5912=AXIS2_PLACEMENT_3D('',#10616,#7148,#7149);
#5913=AXIS2_PLACEMENT_3D('',#10619,#7151,#7152);
#5914=AXIS2_PLACEMENT_3D('',#10630,#7153,#7154);
#5915=AXIS2_PLACEMENT_3D('',#10631,#7155,#7156);
#5916=AXIS2_PLACEMENT_3D('',#10632,#7157,#7158);
#5917=AXIS2_PLACEMENT_3D('',#10633,#7159,#7160);
#5918=AXIS2_PLACEMENT_3D('',#10634,#7161,#7162);
#5919=AXIS2_PLACEMENT_3D('',#10636,#7163,#7164);
#5920=AXIS2_PLACEMENT_3D('',#10638,#7165,#7166);
#5921=AXIS2_PLACEMENT_3D('',#10640,#7168,#7169);
#5922=AXIS2_PLACEMENT_3D('',#10643,#7171,#7172);
#5923=AXIS2_PLACEMENT_3D('',#10644,#7173,#7174);
#5924=AXIS2_PLACEMENT_3D('',#10646,#7175,#7176);
#5925=AXIS2_PLACEMENT_3D('',#10648,#7177,#7178);
#5926=AXIS2_PLACEMENT_3D('',#10659,#7180,#7181);
#5927=AXIS2_PLACEMENT_3D('',#10670,#7182,#7183);
#5928=AXIS2_PLACEMENT_3D('',#10671,#7184,#7185);
#5929=AXIS2_PLACEMENT_3D('',#10672,#7186,#7187);
#5930=AXIS2_PLACEMENT_3D('',#10674,#7188,#7189);
#5931=AXIS2_PLACEMENT_3D('',#10676,#7191,#7192);
#5932=AXIS2_PLACEMENT_3D('',#10677,#7193,#7194);
#5933=AXIS2_PLACEMENT_3D('',#10687,#7195,#7196);
#5934=AXIS2_PLACEMENT_3D('',#10688,#7197,#7198);
#5935=AXIS2_PLACEMENT_3D('',#10694,#7202,#7203);
#5936=AXIS2_PLACEMENT_3D('',#10698,#7206,#7207);
#5937=AXIS2_PLACEMENT_3D('',#10700,#7209,#7210);
#5938=AXIS2_PLACEMENT_3D('',#10704,#7213,#7214);
#5939=AXIS2_PLACEMENT_3D('',#10706,#7216,#7217);
#5940=AXIS2_PLACEMENT_3D('',#10707,#7218,#7219);
#5941=AXIS2_PLACEMENT_3D('',#10708,#7220,#7221);
#5942=AXIS2_PLACEMENT_3D('',#10709,#7222,#7223);
#5943=AXIS2_PLACEMENT_3D('',#10710,#7224,#7225);
#5944=AXIS2_PLACEMENT_3D('',#10712,#7226,#7227);
#5945=AXIS2_PLACEMENT_3D('',#10713,#7228,#7229);
#5946=AXIS2_PLACEMENT_3D('',#10714,#7230,#7231);
#5947=AXIS2_PLACEMENT_3D('',#10716,#7232,#7233);
#5948=AXIS2_PLACEMENT_3D('',#10717,#7234,#7235);
#5949=AXIS2_PLACEMENT_3D('',#10718,#7236,#7237);
#5950=AXIS2_PLACEMENT_3D('',#10727,#7242,#7243);
#5951=AXIS2_PLACEMENT_3D('',#10729,#7244,#7245);
#5952=AXIS2_PLACEMENT_3D('',#10731,#7246,#7247);
#5953=AXIS2_PLACEMENT_3D('',#10736,#7249,#7250);
#5954=AXIS2_PLACEMENT_3D('',#10740,#7252,#7253);
#5955=AXIS2_PLACEMENT_3D('',#10744,#7255,#7256);
#5956=AXIS2_PLACEMENT_3D('',#10747,#7258,#7259);
#5957=AXIS2_PLACEMENT_3D('',#10748,#7260,#7261);
#5958=AXIS2_PLACEMENT_3D('',#10749,#7262,#7263);
#5959=AXIS2_PLACEMENT_3D('',#10752,#7265,#7266);
#5960=AXIS2_PLACEMENT_3D('',#10753,#7267,#7268);
#5961=AXIS2_PLACEMENT_3D('',#10756,#7270,#7271);
#5962=AXIS2_PLACEMENT_3D('',#10757,#7272,#7273);
#5963=AXIS2_PLACEMENT_3D('',#10763,#7277,#7278);
#5964=AXIS2_PLACEMENT_3D('',#10768,#7281,#7282);
#5965=AXIS2_PLACEMENT_3D('',#10769,#7283,#7284);
#5966=AXIS2_PLACEMENT_3D('',#10774,#7287,#7288);
#5967=AXIS2_PLACEMENT_3D('',#10775,#7289,#7290);
#5968=AXIS2_PLACEMENT_3D('',#10777,#7292,#7293);
#5969=AXIS2_PLACEMENT_3D('',#10781,#7295,#7296);
#5970=AXIS2_PLACEMENT_3D('',#10783,#7298,#7299);
#5971=AXIS2_PLACEMENT_3D('',#10785,#7300,#7301);
#5972=AXIS2_PLACEMENT_3D('',#10787,#7303,#7304);
#5973=AXIS2_PLACEMENT_3D('',#10791,#7306,#7307);
#5974=AXIS2_PLACEMENT_3D('',#10793,#7309,#7310);
#5975=AXIS2_PLACEMENT_3D('',#10797,#7313,#7314);
#5976=AXIS2_PLACEMENT_3D('',#10801,#7317,#7318);
#5977=AXIS2_PLACEMENT_3D('',#10804,#7320,#7321);
#5978=AXIS2_PLACEMENT_3D('',#10805,#7322,#7323);
#5979=AXIS2_PLACEMENT_3D('',#10809,#7326,#7327);
#5980=AXIS2_PLACEMENT_3D('',#10810,#7328,#7329);
#5981=AXIS2_PLACEMENT_3D('',#10811,#7330,#7331);
#5982=AXIS2_PLACEMENT_3D('',#10813,#7333,#7334);
#5983=AXIS2_PLACEMENT_3D('',#10815,#7335,#7336);
#5984=AXIS2_PLACEMENT_3D('',#10817,#7338,#7339);
#5985=AXIS2_PLACEMENT_3D('',#10819,#7341,#7342);
#5986=AXIS2_PLACEMENT_3D('',#10821,#7344,#7345);
#5987=AXIS2_PLACEMENT_3D('',#10827,#7349,#7350);
#5988=AXIS2_PLACEMENT_3D('',#10829,#7352,#7353);
#5989=AXIS2_PLACEMENT_3D('',#10833,#7356,#7357);
#5990=AXIS2_PLACEMENT_3D('',#10837,#7360,#7361);
#5991=AXIS2_PLACEMENT_3D('',#10839,#7363,#7364);
#5992=AXIS2_PLACEMENT_3D('',#10841,#7365,#7366);
#5993=AXIS2_PLACEMENT_3D('',#10843,#7367,#7368);
#5994=AXIS2_PLACEMENT_3D('',#10844,#7369,#7370);
#5995=AXIS2_PLACEMENT_3D('',#10845,#7371,#7372);
#5996=AXIS2_PLACEMENT_3D('',#10847,#7373,#7374);
#5997=AXIS2_PLACEMENT_3D('',#10849,#7375,#7376);
#5998=AXIS2_PLACEMENT_3D('',#10850,#7377,#7378);
#5999=AXIS2_PLACEMENT_3D('',#10851,#7379,#7380);
#6000=AXIS2_PLACEMENT_3D('',#10854,#7382,#7383);
#6001=AXIS2_PLACEMENT_3D('',#10855,#7384,#7385);
#6002=AXIS2_PLACEMENT_3D('',#10857,#7386,#7387);
#6003=AXIS2_PLACEMENT_3D('',#10859,#7389,#7390);
#6004=AXIS2_PLACEMENT_3D('',#10861,#7391,#7392);
#6005=AXIS2_PLACEMENT_3D('',#10862,#7393,#7394);
#6006=AXIS2_PLACEMENT_3D('',#10863,#7395,#7396);
#6007=AXIS2_PLACEMENT_3D('',#10865,#7397,#7398);
#6008=AXIS2_PLACEMENT_3D('',#10867,#7400,#7401);
#6009=AXIS2_PLACEMENT_3D('',#10868,#7402,#7403);
#6010=AXIS2_PLACEMENT_3D('',#10869,#7404,#7405);
#6011=AXIS2_PLACEMENT_3D('',#10871,#7407,#7408);
#6012=AXIS2_PLACEMENT_3D('',#10872,#7409,#7410);
#6013=AXIS2_PLACEMENT_3D('',#10877,#7412,#7413);
#6014=AXIS2_PLACEMENT_3D('',#10879,#7414,#7415);
#6015=AXIS2_PLACEMENT_3D('',#10883,#7417,#7418);
#6016=AXIS2_PLACEMENT_3D('',#10885,#7419,#7420);
#6017=AXIS2_PLACEMENT_3D('',#10889,#7422,#7423);
#6018=AXIS2_PLACEMENT_3D('',#10891,#7424,#7425);
#6019=AXIS2_PLACEMENT_3D('',#10895,#7427,#7428);
#6020=AXIS2_PLACEMENT_3D('',#10897,#7429,#7430);
#6021=AXIS2_PLACEMENT_3D('',#10901,#7432,#7433);
#6022=AXIS2_PLACEMENT_3D('',#10903,#7434,#7435);
#6023=AXIS2_PLACEMENT_3D('',#10907,#7437,#7438);
#6024=AXIS2_PLACEMENT_3D('',#10908,#7439,#7440);
#6025=AXIS2_PLACEMENT_3D('',#11001,#7441,#7442);
#6026=AXIS2_PLACEMENT_3D('',#11003,#7443,#7444);
#6027=AXIS2_PLACEMENT_3D('',#11004,#7445,#7446);
#6028=AXIS2_PLACEMENT_3D('',#11005,#7447,#7448);
#6029=AXIS2_PLACEMENT_3D('',#11007,#7449,#7450);
#6030=AXIS2_PLACEMENT_3D('',#11009,#7451,#7452);
#6031=AXIS2_PLACEMENT_3D('',#11011,#7454,#7455);
#6032=AXIS2_PLACEMENT_3D('',#11013,#7456,#7457);
#6033=AXIS2_PLACEMENT_3D('',#11016,#7459,#7460);
#6034=AXIS2_PLACEMENT_3D('',#11109,#7461,#7462);
#6035=AXIS2_PLACEMENT_3D('',#11111,#7463,#7464);
#6036=AXIS2_PLACEMENT_3D('',#11112,#7465,#7466);
#6037=AXIS2_PLACEMENT_3D('',#11113,#7467,#7468);
#6038=AXIS2_PLACEMENT_3D('',#11115,#7469,#7470);
#6039=AXIS2_PLACEMENT_3D('',#11118,#7472,#7473);
#6040=AXIS2_PLACEMENT_3D('',#11289,#7474,#7475);
#6041=AXIS2_PLACEMENT_3D('',#11290,#7476,#7477);
#6042=AXIS2_PLACEMENT_3D('',#11383,#7478,#7479);
#6043=AXIS2_PLACEMENT_3D('',#11385,#7480,#7481);
#6044=AXIS2_PLACEMENT_3D('',#11386,#7482,#7483);
#6045=AXIS2_PLACEMENT_3D('',#11387,#7484,#7485);
#6046=AXIS2_PLACEMENT_3D('',#11389,#7486,#7487);
#6047=AXIS2_PLACEMENT_3D('',#11391,#7488,#7489);
#6048=AXIS2_PLACEMENT_3D('',#11563,#7491,#7492);
#6049=AXIS2_PLACEMENT_3D('',#11564,#7493,#7494);
#6050=AXIS2_PLACEMENT_3D('',#11565,#7495,#7496);
#6051=AXIS2_PLACEMENT_3D('',#11736,#7498,#7499);
#6052=AXIS2_PLACEMENT_3D('',#11829,#7500,#7501);
#6053=AXIS2_PLACEMENT_3D('',#11830,#7502,#7503);
#6054=AXIS2_PLACEMENT_3D('',#11923,#7504,#7505);
#6055=AXIS2_PLACEMENT_3D('',#11924,#7506,#7507);
#6056=AXIS2_PLACEMENT_3D('',#12016,#7508,#7509);
#6057=AXIS2_PLACEMENT_3D('',#12017,#7510,#7511);
#6058=AXIS2_PLACEMENT_3D('',#12110,#7513,#7514);
#6059=AXIS2_PLACEMENT_3D('',#12202,#7515,#7516);
#6060=AXIS2_PLACEMENT_3D('',#12372,#7517,#7518);
#6061=AXIS2_PLACEMENT_3D('',#12373,#7519,#7520);
#6062=AXIS2_PLACEMENT_3D('',#12379,#7523,#7524);
#6063=AXIS2_PLACEMENT_3D('',#12380,#7525,#7526);
#6064=AXIS2_PLACEMENT_3D('',#12381,#7527,#7528);
#6065=AXIS2_PLACEMENT_3D('',#12387,#7532,#7533);
#6066=AXIS2_PLACEMENT_3D('',#12393,#7537,#7538);
#6067=AXIS2_PLACEMENT_3D('',#12399,#7541,#7542);
#6068=AXIS2_PLACEMENT_3D('',#12400,#7543,#7544);
#6069=AXIS2_PLACEMENT_3D('',#12401,#7545,#7546);
#6070=AXIS2_PLACEMENT_3D('',#12405,#7549,#7550);
#6071=AXIS2_PLACEMENT_3D('',#12409,#7552,#7553);
#6072=AXIS2_PLACEMENT_3D('',#12410,#7554,#7555);
#6073=AXIS2_PLACEMENT_3D('',#12411,#7556,#7557);
#6074=AXIS2_PLACEMENT_3D('',#12417,#7560,#7561);
#6075=AXIS2_PLACEMENT_3D('',#12418,#7562,#7563);
#6076=AXIS2_PLACEMENT_3D('',#12419,#7564,#7565);
#6077=AXIS2_PLACEMENT_3D('',#12421,#7567,#7568);
#6078=AXIS2_PLACEMENT_3D('',#12423,#7569,#7570);
#6079=AXIS2_PLACEMENT_3D('',#12424,#7571,#7572);
#6080=AXIS2_PLACEMENT_3D('',#12425,#7573,#7574);
#6081=AXIS2_PLACEMENT_3D('',#12427,#7576,#7577);
#6082=AXIS2_PLACEMENT_3D('',#12429,#7578,#7579);
#6083=AXIS2_PLACEMENT_3D('',#12430,#7580,#7581);
#6084=AXIS2_PLACEMENT_3D('',#12431,#7582,#7583);
#6085=AXIS2_PLACEMENT_3D('',#12462,#7585,#7586);
#6086=AXIS2_PLACEMENT_3D('',#12464,#7587,#7588);
#6087=AXIS2_PLACEMENT_3D('',#12465,#7589,#7590);
#6088=AXIS2_PLACEMENT_3D('',#12495,#7591,#7592);
#6089=AXIS2_PLACEMENT_3D('',#12496,#7593,#7594);
#6090=AXIS2_PLACEMENT_3D('',#12497,#7595,#7596);
#6091=AXIS2_PLACEMENT_3D('',#12501,#7598,#7599);
#6092=AXIS2_PLACEMENT_3D('',#12502,#7600,#7601);
#6093=AXIS2_PLACEMENT_3D('',#12503,#7602,#7603);
#6094=AXIS2_PLACEMENT_3D('',#12507,#7605,#7606);
#6095=AXIS2_PLACEMENT_3D('',#12508,#7607,#7608);
#6096=AXIS2_PLACEMENT_3D('',#12559,#7609,#7610);
#6097=AXIS2_PLACEMENT_3D('',#12561,#7611,#7612);
#6098=AXIS2_PLACEMENT_3D('',#12624,#7613,#7614);
#6099=AXIS2_PLACEMENT_3D('',#12625,#7615,#7616);
#6100=AXIS2_PLACEMENT_3D('',#12628,#7618,#7619);
#6101=AXIS2_PLACEMENT_3D('',#12721,#7620,#7621);
#6102=AXIS2_PLACEMENT_3D('',#12729,#7622,#7623);
#6103=AXIS2_PLACEMENT_3D('',#12856,#7624,#7625);
#6104=AXIS2_PLACEMENT_3D('',#12858,#7626,#7627);
#6105=AXIS2_PLACEMENT_3D('',#12859,#7628,#7629);
#6106=AXIS2_PLACEMENT_3D('',#12889,#7630,#7631);
#6107=AXIS2_PLACEMENT_3D('',#12890,#7632,#7633);
#6108=AXIS2_PLACEMENT_3D('',#12891,#7634,#7635);
#6109=AXIS2_PLACEMENT_3D('',#12985,#7637,#7638);
#6110=AXIS2_PLACEMENT_3D('',#13089,#7639,#7640);
#6111=AXIS2_PLACEMENT_3D('',#13141,#7642,#7643);
#6112=AXIS2_PLACEMENT_3D('',#13203,#7644,#7645);
#6113=AXIS2_PLACEMENT_3D('',#13205,#7647,#7648);
#6114=AXIS2_PLACEMENT_3D('',#13230,#7661,#7662);
#6115=AXIS2_PLACEMENT_3D('',#13236,#7666,#7667);
#6116=AXIS2_PLACEMENT_3D('',#13240,#7670,#7671);
#6117=AXIS2_PLACEMENT_3D('',#13246,#7675,#7676);
#6118=AXIS2_PLACEMENT_3D('',#13250,#7679,#7680);
#6119=AXIS2_PLACEMENT_3D('',#13254,#7683,#7684);
#6120=AXIS2_PLACEMENT_3D('',#13258,#7687,#7688);
#6121=AXIS2_PLACEMENT_3D('',#13260,#7690,#7691);
#6122=AXIS2_PLACEMENT_3D('',#13266,#7695,#7696);
#6123=AXIS2_PLACEMENT_3D('',#13272,#7700,#7701);
#6124=AXIS2_PLACEMENT_3D('',#13274,#7703,#7704);
#6125=AXIS2_PLACEMENT_3D('',#13276,#7706,#7707);
#6126=AXIS2_PLACEMENT_3D('',#13278,#7709,#7710);
#6127=AXIS2_PLACEMENT_3D('',#13284,#7714,#7715);
#6128=AXIS2_PLACEMENT_3D('',#13288,#7718,#7719);
#6129=AXIS2_PLACEMENT_3D('',#13294,#7723,#7724);
#6130=AXIS2_PLACEMENT_3D('',#13298,#7727,#7728);
#6131=AXIS2_PLACEMENT_3D('',#13302,#7731,#7732);
#6132=AXIS2_PLACEMENT_3D('',#13306,#7735,#7736);
#6133=AXIS2_PLACEMENT_3D('',#13308,#7738,#7739);
#6134=AXIS2_PLACEMENT_3D('',#13314,#7743,#7744);
#6135=AXIS2_PLACEMENT_3D('',#13320,#7748,#7749);
#6136=AXIS2_PLACEMENT_3D('',#13322,#7751,#7752);
#6137=AXIS2_PLACEMENT_3D('',#13324,#7754,#7755);
#6138=AXIS2_PLACEMENT_3D('',#13326,#7757,#7758);
#6139=AXIS2_PLACEMENT_3D('',#13327,#7759,#7760);
#6140=AXIS2_PLACEMENT_3D('',#13328,#7761,#7762);
#6141=DIRECTION('axis',(0.,0.,1.));
#6142=DIRECTION('refdir',(1.,0.,0.));
#6143=DIRECTION('center_axis',(7.67022665767994E-17,0.999961923064171,0.00872653549837395));
#6144=DIRECTION('ref_axis',(0.,-0.00872653549837395,0.999961923064171));
#6145=DIRECTION('',(0.173641765041279,0.00859396968280584,-0.984771385204932));
#6146=DIRECTION('',(1.,-7.62393178804826E-17,-5.33833450878791E-17));
#6147=DIRECTION('',(0.173641765041279,-0.00859396968280587,0.984771385204932));
#6148=DIRECTION('',(-1.,7.6705187275293E-17,0.));
#6149=DIRECTION('center_axis',(0.,0.,1.));
#6150=DIRECTION('ref_axis',(1.,0.,0.));
#6151=DIRECTION('center_axis',(0.,0.,1.));
#6152=DIRECTION('ref_axis',(1.,0.,0.));
#6153=DIRECTION('',(1.,0.,0.));
#6154=DIRECTION('center_axis',(0.,0.,1.));
#6155=DIRECTION('ref_axis',(1.,0.,0.));
#6156=DIRECTION('',(-1.11917643611407E-16,1.,0.));
#6157=DIRECTION('center_axis',(0.,0.,1.));
#6158=DIRECTION('ref_axis',(-1.,0.,0.));
#6159=DIRECTION('',(-1.,0.,0.));
#6160=DIRECTION('center_axis',(0.,0.,1.));
#6161=DIRECTION('ref_axis',(1.,0.,0.));
#6162=DIRECTION('',(2.23835287222814E-16,-1.,0.));
#6163=DIRECTION('',(0.,1.,0.));
#6164=DIRECTION('',(1.,0.,0.));
#6165=DIRECTION('center_axis',(-2.43667503301809E-15,-2.43667503301809E-15,
-1.));
#6166=DIRECTION('ref_axis',(0.999999999949077,-1.0091908707844E-5,-2.01865687319614E-15));
#6167=DIRECTION('',(8.94187358750932E-17,-1.,0.));
#6168=DIRECTION('center_axis',(0.,0.,-1.));
#6169=DIRECTION('ref_axis',(-1.0091908707844E-5,-0.999999999949077,0.));
#6170=DIRECTION('',(-1.,-1.26622151531154E-16,0.));
#6171=DIRECTION('',(1.25744276208927E-16,-1.,0.));
#6172=DIRECTION('',(1.,7.6705187275293E-17,0.));
#6173=DIRECTION('',(-1.25744276208927E-16,1.,0.));
#6174=DIRECTION('',(-1.,-1.26622151531154E-16,0.));
#6175=DIRECTION('center_axis',(0.,0.,-1.));
#6176=DIRECTION('ref_axis',(-0.999999999949077,1.00919087068346E-5,0.));
#6177=DIRECTION('',(0.,1.,0.));
#6178=DIRECTION('center_axis',(-2.4366750330181E-15,2.4366750330181E-15,
-1.));
#6179=DIRECTION('ref_axis',(1.0091908704816E-5,0.999999999949077,2.01865687319613E-15));
#6180=DIRECTION('',(1.,0.,0.));
#6181=DIRECTION('',(0.,-1.,0.));
#6182=DIRECTION('center_axis',(-0.984807753012208,0.,0.173648177666931));
#6183=DIRECTION('ref_axis',(0.173648177666931,0.,0.984807753012208));
#6184=DIRECTION('',(-0.100623686125549,-0.814994484643557,-0.570665281746744));
#6185=DIRECTION('',(0.,-1.,0.));
#6186=DIRECTION('',(0.173644074317546,0.00687458626011475,0.984784481761443));
#6187=DIRECTION('center_axis',(0.,0.573576436351038,-0.819152044288997));
#6188=DIRECTION('ref_axis',(0.,0.819152044288997,0.573576436351038));
#6189=DIRECTION('',(0.,-0.819152044288997,-0.573576436351039));
#6190=DIRECTION('',(-0.100623686125549,0.814994484643557,0.570665281746744));
#6191=DIRECTION('',(0.,0.819152044288997,0.573576436351039));
#6192=DIRECTION('',(-1.,0.,0.));
#6193=DIRECTION('center_axis',(0.984807753012208,0.,0.173648177666931));
#6194=DIRECTION('ref_axis',(0.173648177666931,0.,-0.984807753012208));
#6195=DIRECTION('',(0.173644074317546,-0.00687458626011475,-0.984784481761443));
#6196=DIRECTION('',(0.,-1.,0.));
#6197=DIRECTION('center_axis',(0.,-1.,0.));
#6198=DIRECTION('ref_axis',(0.,0.,-1.));
#6199=DIRECTION('',(0.,0.,1.));
#6200=DIRECTION('',(1.,0.,0.));
#6201=DIRECTION('',(0.,0.,-1.));
#6202=DIRECTION('',(1.,0.,0.));
#6203=DIRECTION('',(0.,0.,1.));
#6204=DIRECTION('',(0.,0.,1.));
#6205=DIRECTION('',(1.,0.,0.));
#6206=DIRECTION('center_axis',(0.,0.99997563508669,-0.0069806327056662));
#6207=DIRECTION('ref_axis',(0.,0.0069806327056662,0.99997563508669));
#6208=DIRECTION('',(-1.,0.,0.));
#6209=DIRECTION('',(-0.00698046263144323,-0.00698046263144317,-0.99995127195424));
#6210=DIRECTION('center_axis',(0.,1.,0.));
#6211=DIRECTION('ref_axis',(0.,0.,1.));
#6212=DIRECTION('',(-1.,0.,0.));
#6213=DIRECTION('',(0.,0.,1.));
#6214=DIRECTION('',(0.,0.,-1.));
#6215=DIRECTION('',(1.,-1.54886024640786E-16,0.));
#6216=DIRECTION('',(0.,0.,-1.));
#6217=DIRECTION('',(-1.,0.,0.));
#6218=DIRECTION('',(0.,0.,1.));
#6219=DIRECTION('',(0.,0.,1.));
#6220=DIRECTION('',(-1.,0.,0.));
#6221=DIRECTION('',(0.,0.,1.));
#6222=DIRECTION('center_axis',(1.26619066393409E-16,-0.99997563508669,-0.0069806327056662));
#6223=DIRECTION('ref_axis',(0.,0.0069806327056662,-0.99997563508669));
#6224=DIRECTION('',(1.24874801276601E-16,0.00698063270566624,-0.99997563508669));
#6225=DIRECTION('',(1.,1.26622151531154E-16,0.));
#6226=DIRECTION('',(0.00698046263144317,0.00698046263144317,-0.99995127195424));
#6227=DIRECTION('center_axis',(-1.,-1.25744276208927E-16,-1.2575563990892E-16));
#6228=DIRECTION('ref_axis',(-1.2575563990892E-16,0.,1.));
#6229=DIRECTION('',(1.26848163409543E-16,-0.00872653549837395,-0.999961923064171));
#6230=DIRECTION('',(1.25744276208927E-16,-1.,0.));
#6231=DIRECTION('center_axis',(0.00698046263144317,-0.00698046263144317,
-0.99995127195424));
#6232=DIRECTION('ref_axis',(-0.99997563508669,-4.89246230334084E-18,-0.0069806327056662));
#6233=DIRECTION('',(0.00698046263144317,-0.00698046263144317,-0.99995127195424));
#6234=DIRECTION('center_axis',(-2.92283071416949E-15,2.63034751519495E-15,
1.));
#6235=DIRECTION('ref_axis',(-0.999999999943703,-1.06109922227046E-5,-3.02798963787646E-15));
#6236=DIRECTION('center_axis',(-3.83530282039854E-14,7.28216300233474E-13,
1.));
#6237=DIRECTION('ref_axis',(-0.105042929362205,0.994467688258903,-7.28697858120919E-13));
#6238=DIRECTION('',(-0.00698046263144317,0.00698046263144317,0.99995127195424));
#6239=DIRECTION('center_axis',(1.,1.25744276208927E-16,1.2575563990892E-16));
#6240=DIRECTION('ref_axis',(1.2575563990892E-16,0.,-1.));
#6241=DIRECTION('',(-1.26848163409543E-16,0.00872653549837395,0.999961923064171));
#6242=DIRECTION('',(-1.24874801276601E-16,-0.00698063270566617,0.99997563508669));
#6243=DIRECTION('',(-1.25744276208927E-16,1.,0.));
#6244=DIRECTION('center_axis',(0.,0.,1.));
#6245=DIRECTION('ref_axis',(1.,0.,0.));
#6246=DIRECTION('center_axis',(0.,0.,1.));
#6247=DIRECTION('ref_axis',(1.,0.,0.));
#6248=DIRECTION('',(0.,0.,1.));
#6249=DIRECTION('center_axis',(0.,0.,1.));
#6250=DIRECTION('ref_axis',(1.,0.,0.));
#6251=DIRECTION('center_axis',(0.,0.,1.));
#6252=DIRECTION('ref_axis',(1.,0.,0.));
#6253=DIRECTION('',(0.,0.,1.));
#6254=DIRECTION('center_axis',(0.,0.99997563508669,-0.0069806327056662));
#6255=DIRECTION('ref_axis',(0.,0.0069806327056662,0.99997563508669));
#6256=DIRECTION('',(-1.,0.,0.));
#6257=DIRECTION('center_axis',(0.00698046263144317,0.00698046263144317,
-0.99995127195424));
#6258=DIRECTION('ref_axis',(-0.99997563508669,4.93311988480905E-18,-0.0069806327056662));
#6259=DIRECTION('center_axis',(-3.83530282039714E-14,-7.28216300233209E-13,
1.));
#6260=DIRECTION('ref_axis',(1.3441901119972E-7,-0.999999999999991,-7.28697858121183E-13));
#6261=DIRECTION('center_axis',(0.,0.,1.));
#6262=DIRECTION('ref_axis',(-0.105037065627006,-0.994468307611896,0.));
#6263=DIRECTION('',(-0.00698046263144317,-0.00698046263144317,0.99995127195424));
#6264=DIRECTION('center_axis',(7.67022665767994E-17,-0.999961923064171,
0.00872653549837395));
#6265=DIRECTION('ref_axis',(0.,-0.00872653549837395,-0.999961923064171));
#6266=DIRECTION('',(1.,7.6705187275293E-17,0.));
#6267=DIRECTION('center_axis',(-1.,-2.23835287222814E-16,0.));
#6268=DIRECTION('ref_axis',(2.23835287222814E-16,-1.,0.));
#6269=DIRECTION('',(2.23835287222814E-16,-1.,0.));
#6270=DIRECTION('center_axis',(0.99997563508669,8.94165571953453E-17,-0.00698063270566626));
#6271=DIRECTION('ref_axis',(-0.00698063270566626,9.62964972193617E-35,-0.99997563508669));
#6272=DIRECTION('',(0.00698046263144323,0.00698046263144317,0.99995127195424));
#6273=DIRECTION('',(-8.94187358750932E-17,1.,0.));
#6274=DIRECTION('',(-0.00698046263144323,0.00698046263144317,-0.99995127195424));
#6275=DIRECTION('center_axis',(1.26619066393409E-16,-0.99997563508669,-0.0069806327056662));
#6276=DIRECTION('ref_axis',(0.,0.0069806327056662,-0.99997563508669));
#6277=DIRECTION('',(0.00698046263144323,-0.00698046263144317,0.99995127195424));
#6278=DIRECTION('',(1.,1.26622151531154E-16,0.));
#6279=DIRECTION('center_axis',(1.,1.11917643611407E-16,0.));
#6280=DIRECTION('ref_axis',(-1.11917643611407E-16,1.,0.));
#6281=DIRECTION('',(-1.11917643611407E-16,1.,0.));
#6282=DIRECTION('',(0.,0.,1.));
#6283=DIRECTION('',(0.,0.,1.));
#6284=DIRECTION('center_axis',(-0.00698046263144323,0.00698046263144317,
-0.99995127195424));
#6285=DIRECTION('ref_axis',(-0.99997563508669,-5.35324822664718E-18,0.00698063270566626));
#6286=DIRECTION('center_axis',(2.92283071416958E-15,-2.630347515195E-15,
1.));
#6287=DIRECTION('ref_axis',(0.999999999943703,1.06109922171533E-5,-3.02798963787645E-15));
#6288=DIRECTION('center_axis',(-7.67060564079634E-14,1.45643260046647E-12,
1.));
#6289=DIRECTION('ref_axis',(0.105042929362225,-0.994467688258901,1.45638643943012E-12));
#6290=DIRECTION('center_axis',(-0.99997563508669,0.,-0.0069806327056662));
#6291=DIRECTION('ref_axis',(-0.0069806327056662,0.,0.99997563508669));
#6292=DIRECTION('',(0.,-1.,0.));
#6293=DIRECTION('center_axis',(-0.00698046263144323,-0.00698046263144317,
-0.99995127195424));
#6294=DIRECTION('ref_axis',(-0.99997563508669,5.33969569949111E-18,0.00698063270566626));
#6295=DIRECTION('center_axis',(3.83530282039823E-14,7.28216300233117E-13,
1.));
#6296=DIRECTION('ref_axis',(-1.34418991014187E-7,0.999999999999991,-7.28697858121202E-13));
#6297=DIRECTION('center_axis',(0.,0.,1.));
#6298=DIRECTION('ref_axis',(0.10503706562701,0.994468307611895,0.));
#6299=DIRECTION('center_axis',(0.,0.,1.));
#6300=DIRECTION('ref_axis',(1.,0.,0.));
#6301=DIRECTION('center_axis',(0.,0.,1.));
#6302=DIRECTION('ref_axis',(-1.,0.,0.));
#6303=DIRECTION('center_axis',(0.,0.,1.));
#6304=DIRECTION('ref_axis',(1.,0.,0.));
#6305=DIRECTION('center_axis',(0.,0.,1.));
#6306=DIRECTION('ref_axis',(1.,0.,0.));
#6307=DIRECTION('center_axis',(-1.,0.,0.));
#6308=DIRECTION('ref_axis',(0.,0.,1.));
#6309=DIRECTION('',(0.,1.,0.));
#6310=DIRECTION('center_axis',(1.,0.,0.));
#6311=DIRECTION('ref_axis',(0.,0.,-1.));
#6312=DIRECTION('',(0.,-1.,0.));
#6313=DIRECTION('center_axis',(0.,0.,1.));
#6314=DIRECTION('ref_axis',(1.,0.,0.));
#6315=DIRECTION('center_axis',(0.,0.,-1.));
#6316=DIRECTION('ref_axis',(-1.,0.,0.));
#6317=DIRECTION('center_axis',(0.,0.,-1.));
#6318=DIRECTION('ref_axis',(-1.,0.,0.));
#6319=DIRECTION('',(-2.32848788721719E-16,-1.,0.));
#6320=DIRECTION('center_axis',(0.,0.,-1.));
#6321=DIRECTION('ref_axis',(-1.,0.,0.));
#6322=DIRECTION('center_axis',(0.,0.,-1.));
#6323=DIRECTION('ref_axis',(-1.,0.,0.));
#6324=DIRECTION('center_axis',(0.,0.,-1.));
#6325=DIRECTION('ref_axis',(-1.,0.,0.));
#6326=DIRECTION('center_axis',(0.,0.,1.));
#6327=DIRECTION('ref_axis',(1.,0.,0.));
#6328=DIRECTION('center_axis',(0.,0.,-1.));
#6329=DIRECTION('ref_axis',(-1.,0.,0.));
#6330=DIRECTION('',(0.,0.,1.));
#6331=DIRECTION('center_axis',(0.,0.,-1.));
#6332=DIRECTION('ref_axis',(1.,0.,0.));
#6333=DIRECTION('center_axis',(0.,0.,1.));
#6334=DIRECTION('ref_axis',(1.,0.,0.));
#6335=DIRECTION('center_axis',(0.,0.,-1.));
#6336=DIRECTION('ref_axis',(1.,0.,0.));
#6337=DIRECTION('',(0.,1.,0.));
#6338=DIRECTION('center_axis',(0.,0.,1.));
#6339=DIRECTION('ref_axis',(1.,0.,0.));
#6340=DIRECTION('center_axis',(0.,0.,-1.));
#6341=DIRECTION('ref_axis',(1.,0.,0.));
#6342=DIRECTION('',(0.,0.,1.));
#6343=DIRECTION('center_axis',(0.,0.,-1.));
#6344=DIRECTION('ref_axis',(-1.,0.,0.));
#6345=DIRECTION('center_axis',(0.,0.,-1.));
#6346=DIRECTION('ref_axis',(-1.,0.,0.));
#6347=DIRECTION('center_axis',(0.,0.,-1.));
#6348=DIRECTION('ref_axis',(-1.,0.,0.));
#6349=DIRECTION('center_axis',(0.,0.,-1.));
#6350=DIRECTION('ref_axis',(1.,0.,0.));
#6351=DIRECTION('center_axis',(0.,0.,1.));
#6352=DIRECTION('ref_axis',(1.,0.,0.));
#6353=DIRECTION('',(0.,0.,1.));
#6354=DIRECTION('center_axis',(0.,0.,-1.));
#6355=DIRECTION('ref_axis',(1.,0.,0.));
#6356=DIRECTION('center_axis',(0.,0.,1.));
#6357=DIRECTION('ref_axis',(1.,0.,0.));
#6358=DIRECTION('center_axis',(0.,0.,-1.));
#6359=DIRECTION('ref_axis',(1.,0.,0.));
#6360=DIRECTION('',(0.,0.,1.));
#6361=DIRECTION('center_axis',(0.,0.,1.));
#6362=DIRECTION('ref_axis',(1.,0.,0.));
#6363=DIRECTION('',(0.,1.,0.));
#6364=DIRECTION('center_axis',(0.,0.,1.));
#6365=DIRECTION('ref_axis',(1.,0.,0.));
#6366=DIRECTION('',(-2.32848788721719E-16,-1.,0.));
#6367=DIRECTION('center_axis',(-1.,2.32848788721719E-16,0.));
#6368=DIRECTION('ref_axis',(-2.32848788721719E-16,-1.,0.));
#6369=DIRECTION('center_axis',(1.,0.,0.));
#6370=DIRECTION('ref_axis',(0.,0.,-1.));
#6371=DIRECTION('center_axis',(0.,1.,0.));
#6372=DIRECTION('ref_axis',(0.,0.,1.));
#6373=DIRECTION('center_axis',(0.,-1.,0.));
#6374=DIRECTION('ref_axis',(0.,0.,-1.));
#6375=DIRECTION('',(0.,1.,0.));
#6376=DIRECTION('center_axis',(0.,-1.,0.));
#6377=DIRECTION('ref_axis',(0.,0.,-1.));
#6378=DIRECTION('',(0.,-1.,0.));
#6379=DIRECTION('center_axis',(-1.,0.,0.));
#6380=DIRECTION('ref_axis',(0.,0.,1.));
#6381=DIRECTION('center_axis',(0.,0.,-1.));
#6382=DIRECTION('ref_axis',(1.00919087068347E-5,0.999999999949077,0.));
#6383=DIRECTION('center_axis',(-0.000634561956082829,0.000634561956082829,
0.999999597331043));
#6384=DIRECTION('ref_axis',(-0.999999798657895,-4.31333994588659E-6,-0.000634559346752923));
#6385=DIRECTION('center_axis',(-0.99997563508669,0.,-0.0069806327056662));
#6386=DIRECTION('ref_axis',(-0.0069806327056662,0.,0.99997563508669));
#6387=DIRECTION('',(-0.00698046263144317,-0.00698046263144317,0.99995127195424));
#6388=DIRECTION('',(0.,1.,0.));
#6389=DIRECTION('',(0.00698046263144317,-0.00698046263144317,-0.99995127195424));
#6390=DIRECTION('center_axis',(0.,0.,-1.));
#6391=DIRECTION('ref_axis',(-0.999999999949077,1.00919087046141E-5,0.));
#6392=DIRECTION('center_axis',(1.,0.,0.));
#6393=DIRECTION('ref_axis',(0.,0.,-1.));
#6394=DIRECTION('center_axis',(-0.000634561956082829,-0.000634561956082829,
0.999999597331043));
#6395=DIRECTION('ref_axis',(4.3133399468959E-6,-0.999999798657895,-0.000634559346752922));
#6396=DIRECTION('center_axis',(0.,0.,1.));
#6397=DIRECTION('ref_axis',(1.,0.,0.));
#6398=DIRECTION('',(1.,0.,0.));
#6399=DIRECTION('',(0.,-1.,0.));
#6400=DIRECTION('center_axis',(0.,0.,1.));
#6401=DIRECTION('ref_axis',(1.,0.,0.));
#6402=DIRECTION('',(0.707106781186551,-0.707106781186544,0.));
#6403=DIRECTION('center_axis',(0.,0.,-1.));
#6404=DIRECTION('ref_axis',(1.,1.78118928336904E-15,0.));
#6405=DIRECTION('',(0.,-1.,0.));
#6406=DIRECTION('',(-1.,-1.26622151531154E-16,0.));
#6407=DIRECTION('',(1.,0.,0.));
#6408=DIRECTION('',(0.,1.,0.));
#6409=DIRECTION('',(-1.,0.,0.));
#6410=DIRECTION('',(0.,-1.,0.));
#6411=DIRECTION('center_axis',(1.,0.,0.));
#6412=DIRECTION('ref_axis',(0.,0.,-1.));
#6413=DIRECTION('center_axis',(-0.707106781186546,0.707106781186549,0.));
#6414=DIRECTION('ref_axis',(0.70710678118655,0.707106781186546,0.));
#6415=DIRECTION('',(-1.,0.,0.));
#6416=DIRECTION('center_axis',(0.00698046263144317,-0.00698046263144317,
-0.99995127195424));
#6417=DIRECTION('ref_axis',(-0.99997563508669,-4.89246230334084E-18,-0.0069806327056662));
#6418=DIRECTION('center_axis',(-9.74670013207241E-15,9.7467001320724E-15,
-1.));
#6419=DIRECTION('ref_axis',(1.00919087027973E-5,0.999999999949077,8.07462749278451E-15));
#6420=DIRECTION('',(-0.00698046263144317,0.00698046263144317,0.99995127195424));
#6421=DIRECTION('center_axis',(0.00698046263144317,0.00698046263144317,
-0.99995127195424));
#6422=DIRECTION('ref_axis',(-0.99997563508669,4.93311988480905E-18,-0.0069806327056662));
#6423=DIRECTION('',(0.00698046263144317,0.00698046263144317,-0.99995127195424));
#6424=DIRECTION('center_axis',(0.,0.,-1.));
#6425=DIRECTION('ref_axis',(-0.999999999949077,1.009190870633E-5,0.));
#6426=DIRECTION('center_axis',(0.,0.,1.));
#6427=DIRECTION('ref_axis',(1.,0.,0.));
#6428=DIRECTION('',(-1.,-1.47636040508664E-16,0.));
#6429=DIRECTION('',(0.,-1.,0.));
#6430=DIRECTION('',(-1.,0.,0.));
#6431=DIRECTION('',(0.,-1.,0.));
#6432=DIRECTION('',(-1.,-1.47636040508664E-16,0.));
#6433=DIRECTION('center_axis',(0.,0.,1.));
#6434=DIRECTION('ref_axis',(-1.,0.,0.));
#6435=DIRECTION('',(0.,1.,0.));
#6436=DIRECTION('center_axis',(0.,0.,1.));
#6437=DIRECTION('ref_axis',(1.,0.,0.));
#6438=DIRECTION('',(1.,-1.47636040508664E-16,0.));
#6439=DIRECTION('center_axis',(0.,0.,1.));
#6440=DIRECTION('ref_axis',(1.,0.,0.));
#6441=DIRECTION('',(2.23835287222814E-16,-1.,0.));
#6442=DIRECTION('center_axis',(0.,0.,1.));
#6443=DIRECTION('ref_axis',(1.,0.,0.));
#6444=DIRECTION('',(1.,0.,0.));
#6445=DIRECTION('',(-1.,-1.26622151531154E-16,0.));
#6446=DIRECTION('',(-1.25744276208927E-16,1.,0.));
#6447=DIRECTION('',(1.,7.6705187275293E-17,0.));
#6448=DIRECTION('',(1.25744276208927E-16,-1.,0.));
#6449=DIRECTION('',(-1.,-1.26622151531154E-16,0.));
#6450=DIRECTION('center_axis',(9.7467001320724E-15,-9.74670013207239E-15,
-1.));
#6451=DIRECTION('ref_axis',(-1.00919087038066E-5,-0.999999999949077,8.07462749278452E-15));
#6452=DIRECTION('',(8.94187358750932E-17,-1.,0.));
#6453=DIRECTION('center_axis',(-9.74670013207239E-15,-9.74670013207238E-15,
-1.));
#6454=DIRECTION('ref_axis',(0.999999999949077,-1.00919087068346E-5,-8.07462749278453E-15));
#6455=DIRECTION('center_axis',(-1.,-1.26622151531154E-16,0.));
#6456=DIRECTION('ref_axis',(1.26622151531154E-16,-1.,0.));
#6457=DIRECTION('center_axis',(1.,0.,0.));
#6458=DIRECTION('ref_axis',(0.,0.,-1.));
#6459=DIRECTION('',(1.,1.26622151531154E-16,-1.92588301698453E-34));
#6460=DIRECTION('center_axis',(0.86602540378444,0.,0.499999999999998));
#6461=DIRECTION('ref_axis',(0.499999999999998,0.,-0.86602540378444));
#6462=DIRECTION('',(-0.447213595499956,-0.447213595499956,0.774596669241485));
#6463=DIRECTION('',(-0.447213595499956,0.447213595499956,0.774596669241485));
#6464=DIRECTION('',(0.,1.,0.));
#6465=DIRECTION('center_axis',(0.,0.,1.));
#6466=DIRECTION('ref_axis',(1.,0.,0.));
#6467=DIRECTION('center_axis',(0.707106781186551,-0.707106781186544,0.));
#6468=DIRECTION('ref_axis',(0.707106781186544,0.707106781186551,0.));
#6469=DIRECTION('center_axis',(0.,0.,1.));
#6470=DIRECTION('ref_axis',(1.,0.,0.));
#6471=DIRECTION('center_axis',(0.,-1.,0.));
#6472=DIRECTION('ref_axis',(0.,0.,-1.));
#6473=DIRECTION('center_axis',(0.,1.,0.));
#6474=DIRECTION('ref_axis',(0.,0.,1.));
#6475=DIRECTION('center_axis',(0.,-1.,0.));
#6476=DIRECTION('ref_axis',(0.,0.,-1.));
#6477=DIRECTION('center_axis',(0.,-0.99997563508669,0.0069806327056662));
#6478=DIRECTION('ref_axis',(0.,0.0069806327056662,0.99997563508669));
#6479=DIRECTION('',(0.,1.,0.));
#6480=DIRECTION('center_axis',(0.,0.86602540378444,0.499999999999998));
#6481=DIRECTION('ref_axis',(0.,-0.499999999999998,0.86602540378444));
#6482=DIRECTION('',(-1.,0.,0.));
#6483=DIRECTION('',(-0.447213595499956,0.447213595499956,-0.774596669241485));
#6484=DIRECTION('center_axis',(0.,-0.86602540378444,0.499999999999998));
#6485=DIRECTION('ref_axis',(0.,-0.499999999999998,-0.86602540378444));
#6486=DIRECTION('',(-0.447213595499956,-0.447213595499956,-0.774596669241485));
#6487=DIRECTION('',(1.,0.,0.));
#6488=DIRECTION('center_axis',(-0.707106781186551,0.707106781186544,0.));
#6489=DIRECTION('ref_axis',(-0.707106781186544,-0.707106781186551,0.));
#6490=DIRECTION('center_axis',(0.707106781186556,-0.707106781186539,0.));
#6491=DIRECTION('ref_axis',(0.707106781186539,0.707106781186556,0.));
#6492=DIRECTION('',(-0.707106781186551,0.707106781186544,0.));
#6493=DIRECTION('center_axis',(0.,1.,0.));
#6494=DIRECTION('ref_axis',(0.,0.,1.));
#6495=DIRECTION('',(0.,1.,0.));
#6496=DIRECTION('center_axis',(1.73472347597681E-14,-1.,0.));
#6497=DIRECTION('ref_axis',(1.,1.73472347597681E-14,0.));
#6498=DIRECTION('center_axis',(0.,0.,1.));
#6499=DIRECTION('ref_axis',(1.,0.,0.));
#6500=DIRECTION('center_axis',(0.,0.,-1.));
#6501=DIRECTION('ref_axis',(1.,0.,0.));
#6502=DIRECTION('center_axis',(-0.86602540378444,0.,0.499999999999998));
#6503=DIRECTION('ref_axis',(0.499999999999998,0.,0.86602540378444));
#6504=DIRECTION('',(0.,-1.,0.));
#6505=DIRECTION('center_axis',(0.,0.99997563508669,-0.0069806327056662));
#6506=DIRECTION('ref_axis',(0.,0.0069806327056662,0.99997563508669));
#6507=DIRECTION('',(-0.00698046263144323,-0.00698046263144317,-0.99995127195424));
#6508=DIRECTION('',(-1.,0.,0.));
#6509=DIRECTION('center_axis',(0.,-0.99997563508669,0.0069806327056662));
#6510=DIRECTION('ref_axis',(0.,-0.0069806327056662,-0.99997563508669));
#6511=DIRECTION('',(0.,-0.0069806327056662,-0.99997563508669));
#6512=DIRECTION('',(0.,-0.0069806327056662,-0.99997563508669));
#6513=DIRECTION('',(-1.,0.,0.));
#6514=DIRECTION('',(0.,0.0069806327056662,0.99997563508669));
#6515=DIRECTION('',(0.,0.0069806327056662,0.99997563508669));
#6516=DIRECTION('center_axis',(1.26619066393409E-16,-0.99997563508669,-0.0069806327056662));
#6517=DIRECTION('ref_axis',(0.,0.0069806327056662,-0.99997563508669));
#6518=DIRECTION('',(1.24874801276601E-16,0.00698063270566624,-0.99997563508669));
#6519=DIRECTION('',(1.92592994438724E-34,-0.0069806327056662,0.99997563508669));
#6520=DIRECTION('',(1.,1.26622151531154E-16,-1.92588301698453E-34));
#6521=DIRECTION('center_axis',(-1.47636040508664E-16,1.,0.));
#6522=DIRECTION('ref_axis',(-1.,-1.47636040508664E-16,0.));
#6523=DIRECTION('',(-1.,-1.47636040508664E-16,0.));
#6524=DIRECTION('',(0.,0.,1.));
#6525=DIRECTION('',(0.,8.28141857959878E-16,1.));
#6526=DIRECTION('',(-1.,0.,0.));
#6527=DIRECTION('',(0.,8.28141857959878E-16,1.));
#6528=DIRECTION('',(0.,0.,1.));
#6529=DIRECTION('center_axis',(0.,1.,1.65628371591976E-15));
#6530=DIRECTION('ref_axis',(0.,-1.65628371591976E-15,1.));
#6531=DIRECTION('',(0.,1.65628371591976E-15,-1.));
#6532=DIRECTION('',(-1.,0.,0.));
#6533=DIRECTION('',(0.,1.65628371591976E-15,-1.));
#6534=DIRECTION('center_axis',(-1.,0.,0.));
#6535=DIRECTION('ref_axis',(0.,0.,1.));
#6536=DIRECTION('',(0.,-0.0174524064372874,-0.999847695156391));
#6537=DIRECTION('',(0.,-0.999847695156391,0.0174524064372856));
#6538=DIRECTION('center_axis',(-1.,0.,0.));
#6539=DIRECTION('ref_axis',(0.,0.,-1.));
#6540=DIRECTION('center_axis',(1.,0.,0.));
#6541=DIRECTION('ref_axis',(0.,0.,1.));
#6542=DIRECTION('',(0.,0.999847695156391,-0.017452406437286));
#6543=DIRECTION('center_axis',(0.,0.,1.));
#6544=DIRECTION('ref_axis',(1.,0.,0.));
#6545=DIRECTION('center_axis',(0.,0.,1.));
#6546=DIRECTION('ref_axis',(1.,0.,0.));
#6547=DIRECTION('',(0.,0.,1.));
#6548=DIRECTION('center_axis',(-1.,-2.23835287222814E-16,0.));
#6549=DIRECTION('ref_axis',(2.23835287222814E-16,-1.,0.));
#6550=DIRECTION('',(0.,0.,1.));
#6551=DIRECTION('',(-1.23908819712629E-16,1.,0.));
#6552=DIRECTION('',(0.,0.,1.));
#6553=DIRECTION('',(2.23835287222814E-16,-1.,0.));
#6554=DIRECTION('',(0.,0.,1.));
#6555=DIRECTION('',(2.23835287222814E-16,-1.,0.));
#6556=DIRECTION('center_axis',(-1.,-1.25744276208927E-16,-1.2575563990892E-16));
#6557=DIRECTION('ref_axis',(-1.2575563990892E-16,0.,1.));
#6558=DIRECTION('center_axis',(1.,1.25744276208927E-16,1.2575563990892E-16));
#6559=DIRECTION('ref_axis',(-1.2575563990892E-16,-1.58130519195376E-32,
1.));
#6560=DIRECTION('',(1.26848163409543E-16,-0.00872653549837395,-0.999961923064171));
#6561=DIRECTION('center_axis',(1.26619066393409E-16,-0.99997563508669,-0.0069806327056662));
#6562=DIRECTION('ref_axis',(0.,0.0069806327056662,-0.99997563508669));
#6563=DIRECTION('',(0.00698046263144323,-0.00698046263144317,0.99995127195424));
#6564=DIRECTION('',(-1.24874801276601E-16,-0.00698063270566617,0.99997563508669));
#6565=DIRECTION('',(1.,1.26622151531154E-16,-1.92588301698453E-34));
#6566=DIRECTION('',(-1.92592994438724E-34,0.0069806327056662,-0.99997563508669));
#6567=DIRECTION('',(1.,1.26622151531154E-16,-1.92588301698453E-34));
#6568=DIRECTION('center_axis',(0.,0.,1.));
#6569=DIRECTION('ref_axis',(1.,0.,0.));
#6570=DIRECTION('center_axis',(0.,0.,1.));
#6571=DIRECTION('ref_axis',(-1.,0.,0.));
#6572=DIRECTION('',(0.,0.,1.));
#6573=DIRECTION('center_axis',(0.,0.,1.));
#6574=DIRECTION('ref_axis',(1.,0.,0.));
#6575=DIRECTION('center_axis',(0.,0.,1.));
#6576=DIRECTION('ref_axis',(1.,0.,0.));
#6577=DIRECTION('',(0.,0.,1.));
#6578=DIRECTION('center_axis',(-0.00698046263144323,0.00698046263144317,
-0.99995127195424));
#6579=DIRECTION('ref_axis',(-0.99997563508669,-5.35324822664718E-18,0.00698063270566626));
#6580=DIRECTION('',(-0.00698046263144323,0.00698046263144317,-0.99995127195424));
#6581=DIRECTION('center_axis',(0.000634561956082831,-0.000634561956082831,
0.999999597331043));
#6582=DIRECTION('ref_axis',(0.999999798657895,4.31333994386793E-6,-0.000634559346752922));
#6583=DIRECTION('center_axis',(1.,0.,0.));
#6584=DIRECTION('ref_axis',(0.,0.,-1.));
#6585=DIRECTION('',(0.,0.,1.));
#6586=DIRECTION('',(0.,1.,0.));
#6587=DIRECTION('',(0.,0.,1.));
#6588=DIRECTION('',(0.,1.,0.));
#6589=DIRECTION('',(0.,0.,1.));
#6590=DIRECTION('',(-1.23908819712629E-16,-1.,0.));
#6591=DIRECTION('center_axis',(-0.00698046263144323,-0.00698046263144317,
-0.99995127195424));
#6592=DIRECTION('ref_axis',(-0.99997563508669,5.33969569949111E-18,0.00698063270566626));
#6593=DIRECTION('',(0.00698046263144323,0.00698046263144317,0.99995127195424));
#6594=DIRECTION('center_axis',(0.000634561956082832,0.000634561956082833,
0.999999597331043));
#6595=DIRECTION('ref_axis',(-4.31333994386793E-6,0.999999798657895,-0.000634559346752922));
#6596=DIRECTION('center_axis',(0.99997563508669,8.94165571953453E-17,-0.00698063270566626));
#6597=DIRECTION('ref_axis',(-0.00698063270566626,9.62964972193617E-35,-0.99997563508669));
#6598=DIRECTION('',(-8.94187358750932E-17,1.,-2.04977271224375E-35));
#6599=DIRECTION('center_axis',(7.67022665767994E-17,-0.999961923064171,
0.00872653549837395));
#6600=DIRECTION('ref_axis',(0.,-0.00872653549837395,-0.999961923064171));
#6601=DIRECTION('',(1.,1.26622151531154E-16,0.));
#6602=DIRECTION('',(1.,7.6705187275293E-17,0.));
#6603=DIRECTION('',(1.,1.26622151531154E-16,0.));
#6604=DIRECTION('',(-1.26848163409543E-16,0.00872653549837395,0.999961923064171));
#6605=DIRECTION('center_axis',(1.,1.25744276208927E-16,1.2575563990892E-16));
#6606=DIRECTION('ref_axis',(1.2575563990892E-16,0.,-1.));
#6607=DIRECTION('center_axis',(-1.,-1.25744276208927E-16,-1.2575563990892E-16));
#6608=DIRECTION('ref_axis',(1.25755639908921E-16,-8.67361737988409E-15,
-1.));
#6609=DIRECTION('center_axis',(-1.47636040508664E-16,-1.,0.));
#6610=DIRECTION('ref_axis',(1.,-1.47636040508664E-16,0.));
#6611=DIRECTION('',(1.,-1.47636040508664E-16,0.));
#6612=DIRECTION('',(0.,0.,1.));
#6613=DIRECTION('center_axis',(-1.,0.,0.));
#6614=DIRECTION('ref_axis',(0.,0.,1.));
#6615=DIRECTION('',(0.,-0.999847695156391,0.0174524064372856));
#6616=DIRECTION('',(0.,-0.0174524064372874,-0.999847695156391));
#6617=DIRECTION('',(0.,0.999847695156391,-0.017452406437286));
#6618=DIRECTION('center_axis',(1.,0.,0.));
#6619=DIRECTION('ref_axis',(0.,0.,1.));
#6620=DIRECTION('center_axis',(-1.,0.,0.));
#6621=DIRECTION('ref_axis',(0.,0.,-1.));
#6622=DIRECTION('center_axis',(0.,0.,1.));
#6623=DIRECTION('ref_axis',(1.,0.,0.));
#6624=DIRECTION('center_axis',(0.,0.,1.));
#6625=DIRECTION('ref_axis',(1.,0.,0.));
#6626=DIRECTION('center_axis',(0.,0.,1.));
#6627=DIRECTION('ref_axis',(1.,0.,0.));
#6628=DIRECTION('center_axis',(0.,-0.00698063270566225,0.99997563508669));
#6629=DIRECTION('ref_axis',(0.,0.99997563508669,0.00698063270566225));
#6630=DIRECTION('center_axis',(0.,0.,1.));
#6631=DIRECTION('ref_axis',(1.,0.,0.));
#6632=DIRECTION('',(-7.88510670898577E-16,-1.,0.));
#6633=DIRECTION('',(-1.,7.88510670898521E-16,0.));
#6634=DIRECTION('',(-7.88510670898577E-16,-1.,0.));
#6635=DIRECTION('',(1.,-7.88510670898521E-16,0.));
#6636=DIRECTION('center_axis',(0.,0.,-1.));
#6637=DIRECTION('ref_axis',(-1.,0.,0.));
#6638=DIRECTION('',(0.,0.,-1.));
#6639=DIRECTION('center_axis',(0.,0.,-1.));
#6640=DIRECTION('ref_axis',(1.,1.77086354839299E-15,0.));
#6641=DIRECTION('',(0.,0.,-1.));
#6642=DIRECTION('center_axis',(-1.,0.,0.));
#6643=DIRECTION('ref_axis',(0.,0.,1.));
#6644=DIRECTION('',(0.,1.,0.));
#6645=DIRECTION('',(0.,-0.712025605314273,-0.702153499867973));
#6646=DIRECTION('',(0.,-1.,0.));
#6647=DIRECTION('',(0.,0.,-1.));
#6648=DIRECTION('center_axis',(-0.707106781186544,-0.707106781186551,0.));
#6649=DIRECTION('ref_axis',(0.707106781186551,-0.707106781186544,0.));
#6650=DIRECTION('',(0.,0.,-1.));
#6651=DIRECTION('',(0.707106781186551,-0.707106781186544,0.));
#6652=DIRECTION('center_axis',(-1.,0.,0.));
#6653=DIRECTION('ref_axis',(0.,0.,1.));
#6654=DIRECTION('',(0.,-1.,0.));
#6655=DIRECTION('',(0.,0.0069806327056662,-0.99997563508669));
#6656=DIRECTION('center_axis',(0.,0.,-1.));
#6657=DIRECTION('ref_axis',(-1.,0.,0.));
#6658=DIRECTION('center_axis',(0.,0.,1.));
#6659=DIRECTION('ref_axis',(1.,0.,0.));
#6660=DIRECTION('center_axis',(1.,0.,0.));
#6661=DIRECTION('ref_axis',(0.,0.,-1.));
#6662=DIRECTION('',(0.,0.00872653549837395,-0.999961923064171));
#6663=DIRECTION('',(0.,0.712025605314273,0.702153499867973));
#6664=DIRECTION('center_axis',(1.,0.,0.));
#6665=DIRECTION('ref_axis',(0.,0.,-1.));
#6666=DIRECTION('center_axis',(1.,0.,0.));
#6667=DIRECTION('ref_axis',(0.,0.,-1.));
#6668=DIRECTION('',(1.,0.,0.));
#6669=DIRECTION('center_axis',(-0.707106781186548,-0.707106781186548,0.));
#6670=DIRECTION('ref_axis',(-0.707106781186548,0.707106781186548,0.));
#6671=DIRECTION('center_axis',(-1.,0.,0.));
#6672=DIRECTION('ref_axis',(0.,0.,1.));
#6673=DIRECTION('',(0.,-0.00872653549837395,0.999961923064171));
#6674=DIRECTION('',(0.,-0.712025605314273,-0.702153499867973));
#6675=DIRECTION('center_axis',(0.,0.702153499867973,-0.712025605314273));
#6676=DIRECTION('ref_axis',(0.,0.712025605314273,0.702153499867973));
#6677=DIRECTION('',(-1.,7.60507046940926E-17,7.49962755128919E-17));
#6678=DIRECTION('center_axis',(1.,0.,0.));
#6679=DIRECTION('ref_axis',(0.,0.,-1.));
#6680=DIRECTION('',(0.,-1.,0.));
#6681=DIRECTION('',(0.,-1.,0.));
#6682=DIRECTION('',(0.,0.,-1.));
#6683=DIRECTION('',(0.,1.,0.));
#6684=DIRECTION('',(0.,0.712025605314273,0.702153499867973));
#6685=DIRECTION('center_axis',(0.,-1.,0.));
#6686=DIRECTION('ref_axis',(0.,0.,-1.));
#6687=DIRECTION('',(0.,1.,0.));
#6688=DIRECTION('center_axis',(0.,-1.,0.));
#6689=DIRECTION('ref_axis',(0.,0.,-1.));
#6690=DIRECTION('center_axis',(-1.,0.,0.));
#6691=DIRECTION('ref_axis',(0.,0.,1.));
#6692=DIRECTION('center_axis',(-1.2109467431684E-16,0.00698063270566237,
-0.99997563508669));
#6693=DIRECTION('ref_axis',(-9.62964972193617E-35,-0.99997563508669,-0.00698063270566237));
#6694=DIRECTION('center_axis',(0.,-0.0069806327056662,0.99997563508669));
#6695=DIRECTION('ref_axis',(0.,-0.99997563508669,-0.0069806327056662));
#6696=DIRECTION('center_axis',(1.,1.26622151531154E-16,0.));
#6697=DIRECTION('ref_axis',(-1.26622151531154E-16,1.,0.));
#6698=DIRECTION('center_axis',(-1.,0.,0.));
#6699=DIRECTION('ref_axis',(0.,0.,1.));
#6700=DIRECTION('center_axis',(-1.,0.,0.));
#6701=DIRECTION('ref_axis',(0.,0.700909264299851,-0.713250449154182));
#6702=DIRECTION('',(-1.,0.,0.));
#6703=DIRECTION('center_axis',(0.,0.,1.));
#6704=DIRECTION('ref_axis',(1.,0.,0.));
#6705=DIRECTION('center_axis',(0.,0.,1.));
#6706=DIRECTION('ref_axis',(1.,0.,0.));
#6707=DIRECTION('',(-0.500000000000015,-0.86602540378443,0.));
#6708=DIRECTION('center_axis',(0.,0.,1.));
#6709=DIRECTION('ref_axis',(-1.,0.,0.));
#6710=DIRECTION('',(-1.,-9.85530614043306E-17,0.));
#6711=DIRECTION('center_axis',(0.,0.,1.));
#6712=DIRECTION('ref_axis',(-1.,0.,0.));
#6713=DIRECTION('',(-0.499999999999996,0.866025403784441,0.));
#6714=DIRECTION('center_axis',(0.,0.,1.));
#6715=DIRECTION('ref_axis',(1.,0.,0.));
#6716=DIRECTION('',(0.499999999999996,0.866025403784441,0.));
#6717=DIRECTION('center_axis',(0.,0.,1.));
#6718=DIRECTION('ref_axis',(-1.,0.,0.));
#6719=DIRECTION('',(1.,1.47829592106494E-16,0.));
#6720=DIRECTION('center_axis',(0.,0.,1.));
#6721=DIRECTION('ref_axis',(-1.,0.,0.));
#6722=DIRECTION('',(0.499999999999996,-0.866025403784441,0.));
#6723=DIRECTION('',(-1.,-2.63741994113161E-16,0.));
#6724=DIRECTION('',(-0.500000000000001,-0.866025403784438,0.));
#6725=DIRECTION('center_axis',(0.,0.,1.));
#6726=DIRECTION('ref_axis',(1.,0.,0.));
#6727=DIRECTION('',(0.500000000000001,-0.866025403784438,0.));
#6728=DIRECTION('',(1.,0.,0.));
#6729=DIRECTION('',(1.,0.,0.));
#6730=DIRECTION('',(0.500000000000001,0.866025403784438,0.));
#6731=DIRECTION('center_axis',(0.,0.,1.));
#6732=DIRECTION('ref_axis',(-1.,0.,0.));
#6733=DIRECTION('',(-0.500000000000001,0.866025403784438,0.));
#6734=DIRECTION('',(-1.,2.63741994113161E-16,0.));
#6735=DIRECTION('center_axis',(-1.,0.,0.));
#6736=DIRECTION('ref_axis',(0.,0.700909264299851,-0.713250449154181));
#6737=DIRECTION('',(-1.,0.,0.));
#6738=DIRECTION('center_axis',(0.,0.017452406437286,0.999847695156391));
#6739=DIRECTION('ref_axis',(0.,-0.999847695156391,0.017452406437286));
#6740=DIRECTION('',(6.67201336914157E-17,-0.999847695156391,0.0174524064372877));
#6741=DIRECTION('',(0.707106781186544,-0.706999085398828,0.0123407149398298));
#6742=DIRECTION('',(0.707106781186544,0.706999085398828,-0.0123407149398298));
#6743=DIRECTION('',(6.67201336914157E-17,0.999847695156391,-0.0174524064372877));
#6744=DIRECTION('',(-1.,0.,0.));
#6745=DIRECTION('',(-7.00510415981574E-19,0.999847695156391,-0.017452406437286));
#6746=DIRECTION('',(-1.,-3.16545823667443E-33,5.52532790487211E-35));
#6747=DIRECTION('',(-7.00510415981574E-19,0.999847695156391,-0.017452406437286));
#6748=DIRECTION('',(-1.,-3.16545823667443E-33,5.52532790487211E-35));
#6749=DIRECTION('center_axis',(0.,-0.0174524064372856,-0.999847695156391));
#6750=DIRECTION('ref_axis',(0.,0.999847695156391,-0.0174524064372856));
#6751=DIRECTION('',(6.67201336914157E-17,-0.999847695156391,0.0174524064372856));
#6752=DIRECTION('',(1.,0.,0.));
#6753=DIRECTION('',(6.67201336914157E-17,0.999847695156391,-0.0174524064372856));
#6754=DIRECTION('',(0.707106781186544,0.706999085398828,-0.0123407149398285));
#6755=DIRECTION('',(0.707106781186544,-0.706999085398828,0.0123407149398285));
#6756=DIRECTION('center_axis',(0.707106781186551,0.70699908539882,-0.0123407149398296));
#6757=DIRECTION('ref_axis',(-0.707052927141242,0.707160631130581,-8.67361737988404E-19));
#6758=DIRECTION('',(0.,-0.0174524064372874,-0.999847695156391));
#6759=DIRECTION('center_axis',(-2.63741994113161E-16,1.,0.));
#6760=DIRECTION('ref_axis',(-1.,-2.63741994113161E-16,0.));
#6761=DIRECTION('',(-1.,-2.63741994113161E-16,0.));
#6762=DIRECTION('',(0.,0.,1.));
#6763=DIRECTION('center_axis',(0.,-1.,0.));
#6764=DIRECTION('ref_axis',(0.,0.,-1.));
#6765=DIRECTION('',(0.,0.,1.));
#6766=DIRECTION('',(1.,0.,0.));
#6767=DIRECTION('center_axis',(0.,0.,1.));
#6768=DIRECTION('ref_axis',(1.,0.,0.));
#6769=DIRECTION('',(0.500000000000001,-0.866025403784438,0.));
#6770=DIRECTION('center_axis',(0.,0.,1.));
#6771=DIRECTION('ref_axis',(1.,0.,0.));
#6772=DIRECTION('',(-0.500000000000001,-0.866025403784438,0.));
#6773=DIRECTION('center_axis',(0.,0.,1.));
#6774=DIRECTION('ref_axis',(1.,0.,0.));
#6775=DIRECTION('center_axis',(1.,1.26622151531154E-16,0.));
#6776=DIRECTION('ref_axis',(-1.26622151531154E-16,1.,0.));
#6777=DIRECTION('center_axis',(1.,0.,0.));
#6778=DIRECTION('ref_axis',(0.,0.,-1.));
#6779=DIRECTION('center_axis',(0.,0.0069806327056662,-0.99997563508669));
#6780=DIRECTION('ref_axis',(0.,0.99997563508669,0.0069806327056662));
#6781=DIRECTION('center_axis',(0.,-0.00698063270566237,0.99997563508669));
#6782=DIRECTION('ref_axis',(0.,0.99997563508669,0.00698063270566237));
#6783=DIRECTION('center_axis',(0.,0.00698063270566237,-0.99997563508669));
#6784=DIRECTION('ref_axis',(0.,-0.99997563508669,-0.00698063270566237));
#6785=DIRECTION('',(0.,-0.0069806327056662,0.99997563508669));
#6786=DIRECTION('center_axis',(-1.,-1.26622151531154E-16,0.));
#6787=DIRECTION('ref_axis',(1.26622151531154E-16,-1.,0.));
#6788=DIRECTION('center_axis',(-1.,0.,0.));
#6789=DIRECTION('ref_axis',(0.,0.,1.));
#6790=DIRECTION('center_axis',(-1.,0.,0.));
#6791=DIRECTION('ref_axis',(0.,0.,1.));
#6792=DIRECTION('',(-1.,-1.26622151531154E-16,0.));
#6793=DIRECTION('center_axis',(1.,0.,0.));
#6794=DIRECTION('ref_axis',(0.,0.,-1.));
#6795=DIRECTION('center_axis',(0.,-1.,0.));
#6796=DIRECTION('ref_axis',(0.,0.,-1.));
#6797=DIRECTION('center_axis',(0.,0.,-1.));
#6798=DIRECTION('ref_axis',(-1.00919087035038E-5,-0.999999999949077,0.));
#6799=DIRECTION('center_axis',(2.63741994113161E-16,1.,0.));
#6800=DIRECTION('ref_axis',(-1.,2.63741994113161E-16,0.));
#6801=DIRECTION('',(0.,0.,1.));
#6802=DIRECTION('',(-1.,2.63741994113161E-16,0.));
#6803=DIRECTION('center_axis',(0.,-1.,0.));
#6804=DIRECTION('ref_axis',(0.,0.,-1.));
#6805=DIRECTION('',(1.,0.,0.));
#6806=DIRECTION('',(0.,0.,1.));
#6807=DIRECTION('center_axis',(0.,0.,-1.));
#6808=DIRECTION('ref_axis',(-1.,0.,0.));
#6809=DIRECTION('center_axis',(0.,0.,1.));
#6810=DIRECTION('ref_axis',(-1.,0.,0.));
#6811=DIRECTION('',(0.500000000000001,0.866025403784438,0.));
#6812=DIRECTION('',(-0.500000000000001,0.866025403784438,0.));
#6813=DIRECTION('center_axis',(0.,0.,1.));
#6814=DIRECTION('ref_axis',(-1.,0.,0.));
#6815=DIRECTION('center_axis',(0.,-1.,0.));
#6816=DIRECTION('ref_axis',(0.,0.,-1.));
#6817=DIRECTION('center_axis',(0.,0.,-1.));
#6818=DIRECTION('ref_axis',(0.999999999949077,-1.00919087046141E-5,0.));
#6819=DIRECTION('center_axis',(8.94187358750932E-17,-1.,0.));
#6820=DIRECTION('ref_axis',(1.,8.94187358750932E-17,0.));
#6821=DIRECTION('',(8.94187358750932E-17,-1.,0.));
#6822=DIRECTION('center_axis',(0.,0.,1.));
#6823=DIRECTION('ref_axis',(1.,0.,0.));
#6824=DIRECTION('',(-1.,-1.26622151531154E-16,0.));
#6825=DIRECTION('',(-1.25744276208927E-16,1.,0.));
#6826=DIRECTION('',(-1.,-3.16264336717729E-16,0.));
#6827=DIRECTION('',(1.25744276208927E-16,-1.,0.));
#6828=DIRECTION('',(-1.,-1.26622151531154E-16,0.));
#6829=DIRECTION('center_axis',(-0.707106781186551,0.70699908539882,-0.0123407149398296));
#6830=DIRECTION('ref_axis',(-0.707052927141242,-0.707160631130581,8.67361737988404E-19));
#6831=DIRECTION('',(0.,-0.0174524064372874,-0.999847695156391));
#6832=DIRECTION('center_axis',(1.,-7.8851067089852E-16,4.5473338270496E-33));
#6833=DIRECTION('ref_axis',(-7.8851067089852E-16,-1.,-1.09202029166955E-17));
#6834=DIRECTION('',(4.07400736222155E-31,5.05750973858524E-16,1.));
#6835=DIRECTION('',(-3.56475644194386E-31,-4.41167076763334E-16,-1.));
#6836=DIRECTION('',(-7.8851067089852E-16,-1.,-1.09202029166955E-17));
#6837=DIRECTION('center_axis',(1.,-7.88510670898577E-16,4.54733382704898E-33));
#6838=DIRECTION('ref_axis',(-7.88510670898577E-16,-1.,-3.58562124676619E-48));
#6839=DIRECTION('center_axis',(1.,-7.8851067089852E-16,4.5473338270496E-33));
#6840=DIRECTION('ref_axis',(-7.8851067089852E-16,-1.,-1.09202029166955E-17));
#6841=DIRECTION('',(4.07400736222155E-31,5.05750973858524E-16,1.));
#6842=DIRECTION('',(-7.8851067089852E-16,-1.,-1.09202029166955E-17));
#6843=DIRECTION('',(-3.56475644194386E-31,-4.41167076763334E-16,-1.));
#6844=DIRECTION('center_axis',(1.,-7.88510670898577E-16,4.54733382704898E-33));
#6845=DIRECTION('ref_axis',(-7.88510670898577E-16,-1.,-3.58562124676619E-48));
#6846=DIRECTION('center_axis',(7.8851067089852E-16,1.,-4.41167076763334E-16));
#6847=DIRECTION('ref_axis',(3.56475644194386E-31,4.41167076763334E-16,1.));
#6848=DIRECTION('',(-1.,7.88510670898577E-16,-4.54733382704898E-33));
#6849=DIRECTION('center_axis',(-7.8851067089852E-16,-1.,5.05750973858524E-16));
#6850=DIRECTION('ref_axis',(-4.07400736222155E-31,-5.05750973858524E-16,
-1.));
#6851=DIRECTION('',(-1.,7.88510670898577E-16,-4.54733382704898E-33));
#6852=DIRECTION('center_axis',(0.,0.,1.));
#6853=DIRECTION('ref_axis',(1.,0.,0.));
#6854=DIRECTION('center_axis',(-0.707106781186551,0.707106781186544,3.06658683336678E-15));
#6855=DIRECTION('ref_axis',(-0.707106781186544,-0.707106781186551,1.97215226305253E-31));
#6856=DIRECTION('center_axis',(0.,0.,1.));
#6857=DIRECTION('ref_axis',(1.,0.,0.));
#6858=DIRECTION('center_axis',(0.,1.,0.));
#6859=DIRECTION('ref_axis',(0.,0.,1.));
#6860=DIRECTION('center_axis',(0.,-1.,0.));
#6861=DIRECTION('ref_axis',(0.,0.,-1.));
#6862=DIRECTION('center_axis',(-4.72068542887701E-14,-0.702153499867976,
0.71202560531427));
#6863=DIRECTION('ref_axis',(-2.65748779977285E-13,-0.712025605314269,-0.702153499867976));
#6864=DIRECTION('',(0.,1.,0.));
#6865=DIRECTION('center_axis',(0.,1.,0.));
#6866=DIRECTION('ref_axis',(0.,0.,1.));
#6867=DIRECTION('center_axis',(0.,0.,1.));
#6868=DIRECTION('ref_axis',(1.,0.,0.));
#6869=DIRECTION('',(1.,0.,0.));
#6870=DIRECTION('',(-1.,7.6705187275293E-17,0.));
#6871=DIRECTION('center_axis',(0.,0.702153499867973,-0.712025605314273));
#6872=DIRECTION('ref_axis',(0.,0.712025605314273,0.702153499867973));
#6873=DIRECTION('center_axis',(1.35607765707583E-13,-0.70215349986793,0.712025605314315));
#6874=DIRECTION('ref_axis',(4.56681661387726E-13,-0.712025605314315,-0.70215349986793));
#6875=DIRECTION('',(1.,0.,0.));
#6876=DIRECTION('center_axis',(0.707106781186551,-0.707106781186544,0.));
#6877=DIRECTION('ref_axis',(0.707106781186544,0.707106781186551,0.));
#6878=DIRECTION('center_axis',(-0.707106781186554,0.707106781186541,0.));
#6879=DIRECTION('ref_axis',(-0.707106781186541,-0.707106781186554,0.));
#6880=DIRECTION('',(-0.707106781186551,0.707106781186544,0.));
#6881=DIRECTION('center_axis',(0.,-1.,0.));
#6882=DIRECTION('ref_axis',(0.,0.,-1.));
#6883=DIRECTION('',(0.,1.,0.));
#6884=DIRECTION('center_axis',(0.,0.,1.));
#6885=DIRECTION('ref_axis',(1.,0.,0.));
#6886=DIRECTION('center_axis',(0.,0.,-1.));
#6887=DIRECTION('ref_axis',(1.,0.,0.));
#6888=DIRECTION('center_axis',(7.67022665767994E-17,0.999961923064171,0.00872653549837395));
#6889=DIRECTION('ref_axis',(0.,-0.00872653549837395,0.999961923064171));
#6890=DIRECTION('center_axis',(0.,0.,1.));
#6891=DIRECTION('ref_axis',(1.,0.,0.));
#6892=DIRECTION('',(0.,1.,0.));
#6893=DIRECTION('center_axis',(0.,0.,-1.));
#6894=DIRECTION('ref_axis',(1.,0.,0.));
#6895=DIRECTION('',(0.707106781186551,0.707106781186544,0.));
#6896=DIRECTION('center_axis',(0.,0.,1.));
#6897=DIRECTION('ref_axis',(1.,0.,0.));
#6898=DIRECTION('',(1.,0.,0.));
#6899=DIRECTION('',(0.,1.,0.));
#6900=DIRECTION('',(-1.,0.,0.));
#6901=DIRECTION('',(0.,-1.,0.));
#6902=DIRECTION('center_axis',(0.,1.,0.));
#6903=DIRECTION('ref_axis',(0.,0.,1.));
#6904=DIRECTION('center_axis',(0.,1.,0.));
#6905=DIRECTION('ref_axis',(0.,0.,1.));
#6906=DIRECTION('',(0.,-1.,0.));
#6907=DIRECTION('center_axis',(0.,0.,-1.));
#6908=DIRECTION('ref_axis',(-1.,0.,0.));
#6909=DIRECTION('',(0.,0.,-1.));
#6910=DIRECTION('center_axis',(0.,0.,1.));
#6911=DIRECTION('ref_axis',(1.,0.,0.));
#6912=DIRECTION('center_axis',(0.,0.,-1.));
#6913=DIRECTION('ref_axis',(1.,0.,0.));
#6914=DIRECTION('center_axis',(0.,0.,1.));
#6915=DIRECTION('ref_axis',(1.,0.,0.));
#6916=DIRECTION('center_axis',(-0.707106781186554,-0.707106781186541,0.));
#6917=DIRECTION('ref_axis',(0.707106781186541,-0.707106781186554,0.));
#6918=DIRECTION('center_axis',(1.,1.26622151531154E-16,0.));
#6919=DIRECTION('ref_axis',(-1.26622151531154E-16,1.,0.));
#6920=DIRECTION('center_axis',(-1.,-6.67099718918882E-17,1.16442689073274E-18));
#6921=DIRECTION('ref_axis',(-6.67099718918882E-17,1.,7.76788851509396E-35));
#6922=DIRECTION('',(1.,1.26622151531154E-16,0.));
#6923=DIRECTION('center_axis',(1.,1.25744276208927E-16,1.2575563990892E-16));
#6924=DIRECTION('ref_axis',(-1.2575563990892E-16,-1.58130519195376E-32,
1.));
#6925=DIRECTION('',(-1.,-1.26622151531154E-16,0.));
#6926=DIRECTION('center_axis',(-0.865893503920756,-0.499923847578192,0.0174524064372835));
#6927=DIRECTION('ref_axis',(0.499999999999996,-0.866025403784441,8.67361737988403E-19));
#6928=DIRECTION('',(-0.0151142273318587,-0.00872620321864164,-0.999847695156391));
#6929=DIRECTION('',(-0.499999999999996,0.866025403784441,-1.01837684925695E-19));
#6930=DIRECTION('',(-0.0151142273318587,-0.00872620321864171,-0.999847695156391));
#6931=DIRECTION('center_axis',(-0.865893503920745,0.499923847578211,0.0174524064372835));
#6932=DIRECTION('ref_axis',(-0.500000000000015,-0.86602540378443,0.));
#6933=DIRECTION('',(-0.0151142273318586,0.00872620321864174,-0.999847695156391));
#6934=DIRECTION('',(0.500000000000015,0.86602540378443,7.65391909438071E-19));
#6935=DIRECTION('',(-0.0151142273318585,0.00872620321864204,-0.999847695156391));
#6936=DIRECTION('center_axis',(-0.866025403784438,-0.500000000000001,0.));
#6937=DIRECTION('ref_axis',(0.500000000000001,-0.866025403784438,0.));
#6938=DIRECTION('',(0.,0.,1.));
#6939=DIRECTION('center_axis',(0.,0.,-1.));
#6940=DIRECTION('ref_axis',(-1.,0.,0.));
#6941=DIRECTION('center_axis',(0.,0.,-1.));
#6942=DIRECTION('ref_axis',(-1.,0.,0.));
#6943=DIRECTION('',(6.41832102171818E-15,0.0174524064372836,-0.999847695156391));
#6944=DIRECTION('center_axis',(0.,0.,-1.));
#6945=DIRECTION('ref_axis',(-1.,1.20980294963545E-15,0.));
#6946=DIRECTION('center_axis',(0.,0.,-1.));
#6947=DIRECTION('ref_axis',(-1.,0.,0.));
#6948=DIRECTION('center_axis',(-0.866025403784438,0.500000000000001,0.));
#6949=DIRECTION('ref_axis',(-0.500000000000001,-0.866025403784438,0.));
#6950=DIRECTION('',(0.,0.,1.));
#6951=DIRECTION('center_axis',(0.865893503920756,0.499923847578192,0.0174524064372835));
#6952=DIRECTION('ref_axis',(-0.499999999999996,0.866025403784441,0.));
#6953=DIRECTION('',(0.0151142273318587,0.00872620321864164,-0.999847695156391));
#6954=DIRECTION('',(0.499999999999996,-0.866025403784441,-1.73445918872753E-18));
#6955=DIRECTION('',(0.0151142273318587,0.00872620321864171,-0.999847695156391));
#6956=DIRECTION('center_axis',(0.,0.,1.));
#6957=DIRECTION('ref_axis',(-1.,-7.6571373978539E-16,0.));
#6958=DIRECTION('center_axis',(-9.85380512957263E-17,0.999847695156391,
0.0174524064372835));
#6959=DIRECTION('ref_axis',(1.92592994438724E-34,-0.0174524064372835,0.999847695156391));
#6960=DIRECTION('',(1.,9.85530614043306E-17,-1.92563652659798E-34));
#6961=DIRECTION('',(-1.71998808326694E-18,0.0174524064372836,-0.999847695156391));
#6962=DIRECTION('center_axis',(0.865893503920756,-0.499923847578192,0.0174524064372836));
#6963=DIRECTION('ref_axis',(0.499999999999996,0.866025403784441,-8.67361737988403E-19));
#6964=DIRECTION('',(0.0151142273318587,-0.00872620321864167,-0.999847695156391));
#6965=DIRECTION('',(-0.499999999999996,-0.866025403784441,2.64106200036343E-22));
#6966=DIRECTION('',(0.0151142273318587,-0.00872620321864171,-0.999847695156391));
#6967=DIRECTION('center_axis',(0.,0.,1.));
#6968=DIRECTION('ref_axis',(1.,0.,0.));
#6969=DIRECTION('',(0.,0.,1.));
#6970=DIRECTION('',(0.,0.,1.));
#6971=DIRECTION('center_axis',(0.,0.,-1.));
#6972=DIRECTION('ref_axis',(-1.,0.,0.));
#6973=DIRECTION('center_axis',(0.,0.,-1.));
#6974=DIRECTION('ref_axis',(-1.,0.,0.));
#6975=DIRECTION('center_axis',(0.866025403784438,0.500000000000001,0.));
#6976=DIRECTION('ref_axis',(-0.500000000000001,0.866025403784438,0.));
#6977=DIRECTION('center_axis',(0.,0.,-1.));
#6978=DIRECTION('ref_axis',(-1.,0.,0.));
#6979=DIRECTION('',(2.57998212490038E-18,-0.0174524064372836,-0.999847695156391));
#6980=DIRECTION('center_axis',(0.,0.,-1.));
#6981=DIRECTION('ref_axis',(-1.,0.,0.));
#6982=DIRECTION('center_axis',(1.47807076943588E-16,-0.999847695156391,
0.0174524064372835));
#6983=DIRECTION('ref_axis',(0.,-0.0174524064372835,-0.999847695156391));
#6984=DIRECTION('',(-6.05501983180891E-17,-0.0174524064372836,-0.999847695156391));
#6985=DIRECTION('',(-1.,-1.47829592106494E-16,-4.30352322351207E-34));
#6986=DIRECTION('center_axis',(0.,0.,-1.));
#6987=DIRECTION('ref_axis',(1.,0.,0.));
#6988=DIRECTION('center_axis',(0.,0.,-1.));
#6989=DIRECTION('ref_axis',(-1.,0.,0.));
#6990=DIRECTION('center_axis',(0.866025403784438,-0.500000000000001,0.));
#6991=DIRECTION('ref_axis',(0.500000000000001,0.866025403784438,0.));
#6992=DIRECTION('center_axis',(0.,0.,-1.));
#6993=DIRECTION('ref_axis',(-1.,0.,0.));
#6994=DIRECTION('center_axis',(0.,0.,-1.));
#6995=DIRECTION('ref_axis',(-1.,0.,0.));
#6996=DIRECTION('center_axis',(-1.,-3.48393716378076E-33,4.01383281153123E-17));
#6997=DIRECTION('ref_axis',(-3.4266499067069E-34,1.,7.82611613539458E-17));
#6998=DIRECTION('',(-4.01383281153123E-17,7.93453394948057E-18,-1.));
#6999=DIRECTION('',(-4.01383281153123E-17,7.93453394948057E-18,-1.));
#7000=DIRECTION('',(3.4266499067069E-34,-1.,-7.82611613539458E-17));
#7001=DIRECTION('center_axis',(-1.,6.67099718918882E-17,-1.16442689073274E-18));
#7002=DIRECTION('ref_axis',(-6.67099718918882E-17,-1.,0.));
#7003=DIRECTION('center_axis',(1.,-6.67099718918882E-17,1.16442689073274E-18));
#7004=DIRECTION('ref_axis',(-6.67099718918882E-17,-1.,-7.76788851509396E-35));
#7005=DIRECTION('',(6.67201336914157E-17,0.999847695156391,-0.0174524064372856));
#7006=DIRECTION('',(0.,-0.0174524064372874,-0.999847695156391));
#7007=DIRECTION('',(-6.67099718918882E-17,-1.,0.));
#7008=DIRECTION('center_axis',(3.16545823667443E-33,-1.,-7.93453394948056E-18));
#7009=DIRECTION('ref_axis',(4.01383281153123E-17,-7.93453394948056E-18,
1.));
#7010=DIRECTION('',(-4.01383281153123E-17,7.93453394948057E-18,-1.));
#7011=DIRECTION('',(-1.,0.,4.01383281153123E-17));
#7012=DIRECTION('center_axis',(5.93207322072484E-34,1.,1.01577337106322E-16));
#7013=DIRECTION('ref_axis',(-4.01383281153123E-17,1.01577337106322E-16,
-1.));
#7014=DIRECTION('center_axis',(1.,6.67099718918882E-17,-1.16442689073274E-18));
#7015=DIRECTION('ref_axis',(-6.67099718918882E-17,1.,0.));
#7016=DIRECTION('',(-6.67099718918882E-17,1.,0.));
#7017=DIRECTION('',(0.,-0.0174524064372874,-0.999847695156391));
#7018=DIRECTION('',(6.67201336914157E-17,-0.999847695156391,0.0174524064372856));
#7019=DIRECTION('center_axis',(-1.,-3.48393716378076E-33,4.01383281153123E-17));
#7020=DIRECTION('ref_axis',(-3.4266499067069E-34,1.,7.82611613539458E-17));
#7021=DIRECTION('',(-4.01383281153123E-17,7.93453394948057E-18,-1.));
#7022=DIRECTION('',(-3.4266499067069E-34,1.,7.82611613539458E-17));
#7023=DIRECTION('center_axis',(0.,0.999847695156392,-0.0174524064372464));
#7024=DIRECTION('ref_axis',(0.,0.0174524064372464,0.999847695156392));
#7025=DIRECTION('',(-1.,0.,0.));
#7026=DIRECTION('center_axis',(3.16545823667443E-33,-1.,-7.93453394948056E-18));
#7027=DIRECTION('ref_axis',(4.01383281153123E-17,-7.93453394948056E-18,
1.));
#7028=DIRECTION('',(-1.,0.,4.01383281153123E-17));
#7029=DIRECTION('center_axis',(3.16545823667443E-33,-1.,-7.93453394948057E-18));
#7030=DIRECTION('ref_axis',(4.01383281153124E-17,-7.93453394948058E-18,
1.));
#7031=DIRECTION('center_axis',(0.,0.,1.));
#7032=DIRECTION('ref_axis',(1.,0.,0.));
#7033=DIRECTION('center_axis',(0.,0.,-1.));
#7034=DIRECTION('ref_axis',(1.,0.,0.));
#7035=DIRECTION('',(-0.707106781186551,-0.707106781186544,0.));
#7036=DIRECTION('center_axis',(0.,0.,1.));
#7037=DIRECTION('ref_axis',(1.,0.,0.));
#7038=DIRECTION('',(0.,-1.,0.));
#7039=DIRECTION('',(-1.,-1.26622151531154E-16,0.));
#7040=DIRECTION('center_axis',(0.,0.,1.));
#7041=DIRECTION('ref_axis',(1.,0.,0.));
#7042=DIRECTION('',(0.,0.,1.));
#7043=DIRECTION('center_axis',(0.,0.,1.));
#7044=DIRECTION('ref_axis',(1.,0.,0.));
#7045=DIRECTION('center_axis',(0.,0.,1.));
#7046=DIRECTION('ref_axis',(1.,0.,0.));
#7047=DIRECTION('center_axis',(0.,-1.,0.));
#7048=DIRECTION('ref_axis',(0.,0.,-1.));
#7049=DIRECTION('center_axis',(1.,0.,0.));
#7050=DIRECTION('ref_axis',(0.,0.,-1.));
#7051=DIRECTION('',(0.,0.,-1.));
#7052=DIRECTION('',(0.,-1.,0.));
#7053=DIRECTION('',(0.,1.,0.));
#7054=DIRECTION('center_axis',(1.,1.26622151531154E-16,0.));
#7055=DIRECTION('ref_axis',(-1.26622151531154E-16,1.,0.));
#7056=DIRECTION('center_axis',(-1.,-1.25744276208927E-16,-1.2575563990892E-16));
#7057=DIRECTION('ref_axis',(1.25755639908919E-16,8.67361737988409E-15,-1.));
#7058=DIRECTION('',(1.,1.26622151531154E-16,0.));
#7059=DIRECTION('center_axis',(0.,1.,0.));
#7060=DIRECTION('ref_axis',(0.,0.,1.));
#7061=DIRECTION('center_axis',(0.,1.,0.));
#7062=DIRECTION('ref_axis',(0.,0.,1.));
#7063=DIRECTION('center_axis',(0.,0.,1.));
#7064=DIRECTION('ref_axis',(1.,0.,0.));
#7065=DIRECTION('',(0.,0.,1.));
#7066=DIRECTION('center_axis',(0.,0.,1.));
#7067=DIRECTION('ref_axis',(-1.,0.,0.));
#7068=DIRECTION('center_axis',(-1.,-1.25744276208927E-16,-1.2575563990892E-16));
#7069=DIRECTION('ref_axis',(-1.2575563990892E-16,0.,1.));
#7070=DIRECTION('',(1.23530386207133E-16,-0.999847695156391,0.0174524064372856));
#7071=DIRECTION('center_axis',(-1.,-1.25744276208927E-16,-1.2575563990892E-16));
#7072=DIRECTION('ref_axis',(-1.2575563990892E-16,-1.58130519195376E-32,
1.));
#7073=DIRECTION('center_axis',(1.,1.25744276208927E-16,1.2575563990892E-16));
#7074=DIRECTION('ref_axis',(1.2575563990892E-16,0.,-1.));
#7075=DIRECTION('',(-1.23530386207133E-16,0.999847695156391,-0.0174524064372856));
#7076=DIRECTION('center_axis',(1.,1.25744276208927E-16,1.2575563990892E-16));
#7077=DIRECTION('ref_axis',(1.2575563990892E-16,1.58130519195376E-32,-1.));
#7078=DIRECTION('center_axis',(-1.,-3.16264336717729E-16,0.));
#7079=DIRECTION('ref_axis',(3.16264336717729E-16,-1.,0.));
#7080=DIRECTION('',(1.,3.16264336717729E-16,0.));
#7081=DIRECTION('center_axis',(1.,-7.88510670898577E-16,4.54733382704898E-33));
#7082=DIRECTION('ref_axis',(-7.88510670898577E-16,-1.,-3.58562124676619E-48));
#7083=DIRECTION('',(1.,-7.88510670898577E-16,4.54733382704898E-33));
#7084=DIRECTION('center_axis',(-0.984807753012209,7.74635148699919E-16,
0.173648177666923));
#7085=DIRECTION('ref_axis',(-0.173648177666923,1.47677741555799E-16,-0.984807753012209));
#7086=DIRECTION('',(-7.8851067089852E-16,-1.,-1.09202029166955E-17));
#7087=DIRECTION('',(-0.123724030206479,-0.701673843159865,-0.701673843159862));
#7088=DIRECTION('',(0.123724030206478,-0.701673843159865,0.701673843159862));
#7089=DIRECTION('center_axis',(0.984807753012209,-7.78427695367636E-16,
0.173648177666924));
#7090=DIRECTION('ref_axis',(-0.173648177666924,1.26169140589123E-16,0.984807753012209));
#7091=DIRECTION('',(-0.123724030206478,0.701673843159865,0.701673843159862));
#7092=DIRECTION('',(-7.8851067089852E-16,-1.,-1.09202029166955E-17));
#7093=DIRECTION('',(0.123724030206479,0.701673843159865,-0.701673843159862));
#7094=DIRECTION('center_axis',(5.57561242430297E-16,0.707106781186546,0.707106781186549));
#7095=DIRECTION('ref_axis',(-5.57561242430299E-16,-0.707106781186549,0.707106781186546));
#7096=DIRECTION('',(-1.,7.88510670898577E-16,-4.54733382704898E-33));
#7097=DIRECTION('center_axis',(-5.57561242430297E-16,-0.707106781186546,
0.707106781186549));
#7098=DIRECTION('ref_axis',(-5.57561242430299E-16,-0.707106781186549,-0.707106781186546));
#7099=DIRECTION('',(-1.,7.88510670898577E-16,-4.54733382704898E-33));
#7100=DIRECTION('center_axis',(0.,0.866025403784438,0.500000000000001));
#7101=DIRECTION('ref_axis',(0.,-0.500000000000001,0.866025403784438));
#7102=DIRECTION('',(0.44721359549996,0.447213595499958,-0.774596669241482));
#7103=DIRECTION('',(-1.,0.,0.));
#7104=DIRECTION('',(0.44721359549996,-0.447213595499958,0.774596669241482));
#7105=DIRECTION('center_axis',(0.866025403784437,0.,0.500000000000002));
#7106=DIRECTION('ref_axis',(0.500000000000002,0.,-0.866025403784437));
#7107=DIRECTION('',(0.44721359549996,-0.447213595499958,-0.774596669241482));
#7108=DIRECTION('',(0.,1.,0.));
#7109=DIRECTION('center_axis',(0.,-0.866025403784438,0.500000000000001));
#7110=DIRECTION('ref_axis',(0.,-0.500000000000001,-0.866025403784438));
#7111=DIRECTION('',(0.44721359549996,0.447213595499958,0.774596669241482));
#7112=DIRECTION('',(1.,0.,0.));
#7113=DIRECTION('center_axis',(0.,-1.,0.));
#7114=DIRECTION('ref_axis',(0.,0.,-1.));
#7115=DIRECTION('center_axis',(0.,-1.,0.));
#7116=DIRECTION('ref_axis',(0.,0.,-1.));
#7117=DIRECTION('center_axis',(-0.707106781186551,-0.707106781186545,0.));
#7118=DIRECTION('ref_axis',(0.707106781186544,-0.707106781186551,0.));
#7119=DIRECTION('center_axis',(-0.707106781186551,-0.707106781186544,3.06658683336675E-15));
#7120=DIRECTION('ref_axis',(0.707106781186544,-0.707106781186551,-1.97215226305253E-31));
#7121=DIRECTION('',(-0.707106781186551,-0.707106781186544,0.));
#7122=DIRECTION('center_axis',(0.,0.,1.));
#7123=DIRECTION('ref_axis',(1.,0.,0.));
#7124=DIRECTION('center_axis',(0.,0.,1.));
#7125=DIRECTION('ref_axis',(1.,0.,0.));
#7126=DIRECTION('center_axis',(-0.866025403784437,0.,0.500000000000002));
#7127=DIRECTION('ref_axis',(0.500000000000002,0.,0.866025403784437));
#7128=DIRECTION('',(0.,-1.,0.));
#7129=DIRECTION('center_axis',(0.,0.,1.));
#7130=DIRECTION('ref_axis',(1.,0.,0.));
#7131=DIRECTION('center_axis',(0.707106781186556,0.707106781186539,0.));
#7132=DIRECTION('ref_axis',(-0.707106781186539,0.707106781186556,0.));
#7133=DIRECTION('center_axis',(0.707106781186544,-0.707106781186551,0.));
#7134=DIRECTION('ref_axis',(0.707106781186551,0.707106781186544,0.));
#7135=DIRECTION('',(0.,0.,-1.));
#7136=DIRECTION('',(0.707106781186551,0.707106781186544,0.));
#7137=DIRECTION('center_axis',(0.,-0.0174524064372856,-0.999847695156391));
#7138=DIRECTION('ref_axis',(0.,0.999847695156391,-0.0174524064372856));
#7139=DIRECTION('center_axis',(0.499999999999996,-0.866025403784441,0.));
#7140=DIRECTION('ref_axis',(0.866025403784441,0.499999999999996,0.));
#7141=DIRECTION('center_axis',(-0.499999999999992,0.866025403784443,-3.00462919747433E-15));
#7142=DIRECTION('ref_axis',(-0.866025403784443,-0.499999999999992,-4.73316543132607E-30));
#7143=DIRECTION('',(0.499999999999996,-0.866025403784441,0.));
#7144=DIRECTION('center_axis',(-0.499999999999995,0.866025403784442,0.));
#7145=DIRECTION('ref_axis',(-0.866025403784442,-0.499999999999995,0.));
#7146=DIRECTION('center_axis',(-0.500000000000015,-0.86602540378443,0.));
#7147=DIRECTION('ref_axis',(0.86602540378443,-0.500000000000015,0.));
#7148=DIRECTION('center_axis',(0.5,0.866025403784439,0.));
#7149=DIRECTION('ref_axis',(-0.866025403784439,0.499999999999999,0.));
#7150=DIRECTION('',(-0.500000000000015,-0.86602540378443,0.));
#7151=DIRECTION('center_axis',(0.500000000000016,0.866025403784429,-4.64817754479439E-16));
#7152=DIRECTION('ref_axis',(-0.866025403784429,0.500000000000016,6.65601388780229E-31));
#7153=DIRECTION('center_axis',(0.,0.,1.));
#7154=DIRECTION('ref_axis',(1.,0.,0.));
#7155=DIRECTION('center_axis',(1.,-3.67817397278252E-13,0.));
#7156=DIRECTION('ref_axis',(3.67817397278252E-13,1.,0.));
#7157=DIRECTION('center_axis',(0.,0.,1.));
#7158=DIRECTION('ref_axis',(-1.,1.65389215948551E-15,0.));
#7159=DIRECTION('center_axis',(0.,0.,1.));
#7160=DIRECTION('ref_axis',(1.,0.,0.));
#7161=DIRECTION('center_axis',(-0.499999999999996,0.866025403784441,0.));
#7162=DIRECTION('ref_axis',(-0.866025403784441,-0.499999999999996,0.));
#7163=DIRECTION('center_axis',(-0.499999999999995,0.866025403784442,0.));
#7164=DIRECTION('ref_axis',(-0.866025403784442,-0.499999999999995,0.));
#7165=DIRECTION('center_axis',(-0.499999999999992,0.866025403784443,0.));
#7166=DIRECTION('ref_axis',(-0.866025403784443,-0.499999999999992,0.));
#7167=DIRECTION('',(-0.499999999999996,0.866025403784441,0.));
#7168=DIRECTION('center_axis',(-1.,-9.85530614043307E-17,0.));
#7169=DIRECTION('ref_axis',(9.85530614043307E-17,-1.,0.));
#7170=DIRECTION('',(-1.,-9.85530614043307E-17,0.));
#7171=DIRECTION('center_axis',(1.,1.21118843622713E-16,-6.93889390390723E-15));
#7172=DIRECTION('ref_axis',(-6.93889390390723E-15,0.,-1.));
#7173=DIRECTION('center_axis',(0.499999999999996,0.866025403784441,0.));
#7174=DIRECTION('ref_axis',(-0.866025403784441,0.499999999999996,0.));
#7175=DIRECTION('center_axis',(0.499999999999997,0.86602540378444,0.));
#7176=DIRECTION('ref_axis',(-0.86602540378444,0.499999999999997,0.));
#7177=DIRECTION('center_axis',(0.499999999999993,0.866025403784443,0.));
#7178=DIRECTION('ref_axis',(-0.866025403784443,0.499999999999993,0.));
#7179=DIRECTION('',(0.499999999999996,0.866025403784441,0.));
#7180=DIRECTION('center_axis',(0.,0.,1.));
#7181=DIRECTION('ref_axis',(1.,0.,0.));
#7182=DIRECTION('center_axis',(1.,0.,0.));
#7183=DIRECTION('ref_axis',(0.,0.,-1.));
#7184=DIRECTION('center_axis',(0.,0.,1.));
#7185=DIRECTION('ref_axis',(1.,0.,0.));
#7186=DIRECTION('center_axis',(1.,1.47829592106494E-16,0.));
#7187=DIRECTION('ref_axis',(-1.47829592106494E-16,1.,0.));
#7188=DIRECTION('center_axis',(1.,-6.93995089204249E-15,0.));
#7189=DIRECTION('ref_axis',(6.93995089204249E-15,1.,0.));
#7190=DIRECTION('',(1.,1.47829592106494E-16,0.));
#7191=DIRECTION('center_axis',(0.,0.,1.));
#7192=DIRECTION('ref_axis',(1.,0.,0.));
#7193=DIRECTION('center_axis',(0.,0.,1.));
#7194=DIRECTION('ref_axis',(1.,0.,0.));
#7195=DIRECTION('center_axis',(0.,0.,1.));
#7196=DIRECTION('ref_axis',(1.,0.,0.));
#7197=DIRECTION('center_axis',(0.707106781186547,-5.53389978969096E-17,
0.707106781186548));
#7198=DIRECTION('ref_axis',(0.707106781186548,5.53389978969096E-17,-0.707106781186547));
#7199=DIRECTION('',(0.701673843159864,0.123724030206478,-0.701673843159864));
#7200=DIRECTION('',(-0.701673843159864,0.123724030206478,0.701673843159864));
#7201=DIRECTION('',(-3.4266499067069E-34,1.,7.82611613539458E-17));
#7202=DIRECTION('center_axis',(6.969947531821E-18,-0.984807753012209,0.173648177666923));
#7203=DIRECTION('ref_axis',(3.95285367209075E-17,0.173648177666923,0.984807753012209));
#7204=DIRECTION('',(-0.701673843159862,-0.123724030206479,-0.701673843159865));
#7205=DIRECTION('',(-1.,0.,4.01383281153123E-17));
#7206=DIRECTION('center_axis',(5.93207322072484E-34,1.,1.01577337106322E-16));
#7207=DIRECTION('ref_axis',(-4.01383281153123E-17,1.01577337106322E-16,
-1.));
#7208=DIRECTION('',(5.93207322072484E-34,1.,1.01577337106322E-16));
#7209=DIRECTION('center_axis',(0.707106781186549,5.53389978969095E-17,-0.707106781186546));
#7210=DIRECTION('ref_axis',(-0.707106781186546,5.53389978969097E-17,-0.707106781186549));
#7211=DIRECTION('',(0.701673843159862,-0.123724030206478,0.701673843159866));
#7212=DIRECTION('',(3.4266499067069E-34,-1.,-7.82611613539458E-17));
#7213=DIRECTION('center_axis',(6.96994753182096E-18,0.984807753012209,0.173648177666922));
#7214=DIRECTION('ref_axis',(-3.95285367209075E-17,0.173648177666922,-0.98480775301221));
#7215=DIRECTION('',(-1.,0.,4.01383281153123E-17));
#7216=DIRECTION('center_axis',(0.,0.,1.));
#7217=DIRECTION('ref_axis',(1.,0.,0.));
#7218=DIRECTION('center_axis',(0.707106781186552,0.707106781186543,0.));
#7219=DIRECTION('ref_axis',(-0.707106781186543,0.707106781186552,0.));
#7220=DIRECTION('center_axis',(0.,0.,-1.));
#7221=DIRECTION('ref_axis',(1.,-1.77086354839299E-15,0.));
#7222=DIRECTION('center_axis',(0.707106781186551,0.707106781186545,0.));
#7223=DIRECTION('ref_axis',(-0.707106781186544,0.70710678118655,0.));
#7224=DIRECTION('center_axis',(0.,0.,1.));
#7225=DIRECTION('ref_axis',(1.,0.,0.));
#7226=DIRECTION('center_axis',(0.,0.,1.));
#7227=DIRECTION('ref_axis',(1.,0.,0.));
#7228=DIRECTION('center_axis',(0.,0.,-1.));
#7229=DIRECTION('ref_axis',(-1.,0.,0.));
#7230=DIRECTION('center_axis',(0.,0.,1.));
#7231=DIRECTION('ref_axis',(1.,0.,0.));
#7232=DIRECTION('center_axis',(0.,0.,1.));
#7233=DIRECTION('ref_axis',(1.,0.,0.));
#7234=DIRECTION('center_axis',(-9.65615177747087E-32,-1.33380838298933E-16,
1.));
#7235=DIRECTION('ref_axis',(-7.8851067089852E-16,-1.,-1.33380838298933E-16));
#7236=DIRECTION('center_axis',(0.,0.,1.));
#7237=DIRECTION('ref_axis',(1.,0.,0.));
#7238=DIRECTION('',(-7.88510670900899E-16,1.,0.));
#7239=DIRECTION('',(1.,7.88510670907361E-16,0.));
#7240=DIRECTION('',(-7.88510670900899E-16,1.,0.));
#7241=DIRECTION('',(-1.,-7.88510670907361E-16,0.));
#7242=DIRECTION('center_axis',(0.,0.,1.));
#7243=DIRECTION('ref_axis',(1.,0.,0.));
#7244=DIRECTION('center_axis',(0.,0.,1.));
#7245=DIRECTION('ref_axis',(1.,0.,0.));
#7246=DIRECTION('center_axis',(0.,0.,1.));
#7247=DIRECTION('ref_axis',(1.,0.,0.));
#7248=DIRECTION('',(4.52536558950474E-16,-1.,0.));
#7249=DIRECTION('center_axis',(0.,0.,1.));
#7250=DIRECTION('ref_axis',(1.,0.,0.));
#7251=DIRECTION('',(-1.,-9.1301235577727E-17,0.));
#7252=DIRECTION('center_axis',(0.,0.,1.));
#7253=DIRECTION('ref_axis',(1.,0.,0.));
#7254=DIRECTION('',(-1.50845519650158E-16,1.,0.));
#7255=DIRECTION('center_axis',(0.,0.,1.));
#7256=DIRECTION('ref_axis',(1.,0.,0.));
#7257=DIRECTION('',(1.,0.,0.));
#7258=DIRECTION('center_axis',(0.,0.,1.));
#7259=DIRECTION('ref_axis',(1.,0.,0.));
#7260=DIRECTION('center_axis',(-4.01383281153123E-17,7.82611613539457E-17,
-1.));
#7261=DIRECTION('ref_axis',(-1.,0.,4.01383281153123E-17));
#7262=DIRECTION('center_axis',(0.,0.,1.));
#7263=DIRECTION('ref_axis',(1.,0.,0.));
#7264=DIRECTION('',(0.,0.,1.));
#7265=DIRECTION('center_axis',(0.,0.,1.));
#7266=DIRECTION('ref_axis',(1.,0.,0.));
#7267=DIRECTION('center_axis',(0.,0.,1.));
#7268=DIRECTION('ref_axis',(1.,0.,0.));
#7269=DIRECTION('',(0.,0.,1.));
#7270=DIRECTION('center_axis',(0.,0.,1.));
#7271=DIRECTION('ref_axis',(1.,0.,0.));
#7272=DIRECTION('center_axis',(7.88510670907361E-16,-1.,-5.72190138758624E-16));
#7273=DIRECTION('ref_axis',(2.3914649334818E-17,-5.72190138758624E-16,1.));
#7274=DIRECTION('',(-2.3914649334818E-17,5.72190138758624E-16,-1.));
#7275=DIRECTION('',(1.,7.88510670900899E-16,-2.3914790321549E-17));
#7276=DIRECTION('',(-2.3914649334818E-17,5.72190138758624E-16,-1.));
#7277=DIRECTION('center_axis',(-1.,-7.88510670907361E-16,2.3914790321549E-17));
#7278=DIRECTION('ref_axis',(-7.88510670907361E-16,1.,1.20102859077753E-16));
#7279=DIRECTION('',(2.3914649334818E-17,-6.36774035853814E-16,1.));
#7280=DIRECTION('',(-7.88510670907361E-16,1.,1.20102859077753E-16));
#7281=DIRECTION('center_axis',(-1.,-7.88510670900899E-16,2.3914790321549E-17));
#7282=DIRECTION('ref_axis',(-7.88510670900899E-16,1.,1.88570673608989E-32));
#7283=DIRECTION('center_axis',(-1.,-7.88510670907361E-16,2.3914790321549E-17));
#7284=DIRECTION('ref_axis',(-7.88510670907361E-16,1.,1.20102859077753E-16));
#7285=DIRECTION('',(2.3914649334818E-17,-6.36774035853814E-16,1.));
#7286=DIRECTION('',(-7.88510670907361E-16,1.,1.20102859077753E-16));
#7287=DIRECTION('center_axis',(-1.,-7.88510670900899E-16,2.3914790321549E-17));
#7288=DIRECTION('ref_axis',(-7.88510670900899E-16,1.,1.88570673608989E-32));
#7289=DIRECTION('center_axis',(-7.88510670907361E-16,1.,6.36774035853815E-16));
#7290=DIRECTION('ref_axis',(-2.3914649334818E-17,6.36774035853815E-16,-1.));
#7291=DIRECTION('',(1.,7.88510670900899E-16,-2.3914790321549E-17));
#7292=DIRECTION('center_axis',(0.,0.,-1.));
#7293=DIRECTION('ref_axis',(1.,0.,0.));
#7294=DIRECTION('',(-0.0174524064372836,-7.8978519545334E-18,-0.999847695156391));
#7295=DIRECTION('center_axis',(0.,0.,-1.));
#7296=DIRECTION('ref_axis',(-1.,0.,0.));
#7297=DIRECTION('',(1.21100396636178E-16,0.0174524064372836,-0.999847695156391));
#7298=DIRECTION('center_axis',(0.,0.,1.));
#7299=DIRECTION('ref_axis',(1.,0.,0.));
#7300=DIRECTION('center_axis',(0.,0.,1.));
#7301=DIRECTION('ref_axis',(1.,0.,0.));
#7302=DIRECTION('',(0.,0.,1.));
#7303=DIRECTION('center_axis',(0.,0.,-1.));
#7304=DIRECTION('ref_axis',(1.,0.,0.));
#7305=DIRECTION('',(0.,-0.0174524064372836,-0.999847695156391));
#7306=DIRECTION('center_axis',(0.,0.,-1.));
#7307=DIRECTION('ref_axis',(-1.,0.,0.));
#7308=DIRECTION('',(-0.0174524064372836,1.07644797009936E-16,-0.999847695156391));
#7309=DIRECTION('center_axis',(-9.12873299573211E-17,0.999847695156391,
0.0174524064372835));
#7310=DIRECTION('ref_axis',(1.92592994438724E-34,-0.0174524064372835,0.999847695156391));
#7311=DIRECTION('',(1.,9.1301235577727E-17,-2.15176161175603E-34));
#7312=DIRECTION('',(-1.59342627152866E-18,0.0174524064372836,-0.999847695156391));
#7313=DIRECTION('center_axis',(0.,-0.999847695156391,0.0174524064372835));
#7314=DIRECTION('ref_axis',(0.,-0.0174524064372835,-0.999847695156391));
#7315=DIRECTION('',(-1.27828196449299E-16,-0.0174524064372836,-0.999847695156391));
#7316=DIRECTION('',(-1.,0.,0.));
#7317=DIRECTION('center_axis',(0.,0.,-1.));
#7318=DIRECTION('ref_axis',(1.,0.,0.));
#7319=DIRECTION('',(0.0174524064372836,2.6326173181778E-18,-0.999847695156391));
#7320=DIRECTION('center_axis',(0.,0.,-1.));
#7321=DIRECTION('ref_axis',(-1.,0.,0.));
#7322=DIRECTION('center_axis',(0.999847695156391,1.50822545146879E-16,0.0174524064372835));
#7323=DIRECTION('ref_axis',(0.0174524064372835,0.,-0.999847695156391));
#7324=DIRECTION('',(0.0174524064372836,-1.24464296542739E-16,-0.999847695156391));
#7325=DIRECTION('',(1.50845519650158E-16,-1.,-4.30235035637516E-34));
#7326=DIRECTION('center_axis',(0.,0.,-1.));
#7327=DIRECTION('ref_axis',(1.,0.,0.));
#7328=DIRECTION('center_axis',(0.,0.,-1.));
#7329=DIRECTION('ref_axis',(-1.,0.,0.));
#7330=DIRECTION('center_axis',(-0.999847695156391,-4.52467635440636E-16,
0.0174524064372835));
#7331=DIRECTION('ref_axis',(0.0174524064372835,1.54074395550979E-33,0.999847695156391));
#7332=DIRECTION('',(-4.52536558950474E-16,1.,0.));
#7333=DIRECTION('center_axis',(0.,0.,1.));
#7334=DIRECTION('ref_axis',(1.,0.,0.));
#7335=DIRECTION('center_axis',(0.,0.,1.));
#7336=DIRECTION('ref_axis',(1.,0.,0.));
#7337=DIRECTION('',(0.,0.,1.));
#7338=DIRECTION('center_axis',(0.,0.,1.));
#7339=DIRECTION('ref_axis',(1.,0.,0.));
#7340=DIRECTION('',(-0.707106781186548,-8.65956056235494E-17,0.707106781186547));
#7341=DIRECTION('center_axis',(0.,0.,1.));
#7342=DIRECTION('ref_axis',(1.,0.,0.));
#7343=DIRECTION('',(-0.707106781186548,-8.65956056235494E-17,0.707106781186547));
#7344=DIRECTION('center_axis',(5.74471453150896E-16,-0.707106781186546,
0.707106781186549));
#7345=DIRECTION('ref_axis',(-5.40651031722203E-16,0.707106781186549,0.707106781186546));
#7346=DIRECTION('',(1.,7.88510670900899E-16,-2.3914790321549E-17));
#7347=DIRECTION('',(-0.123724030206479,0.701673843159865,0.701673843159862));
#7348=DIRECTION('',(-0.123724030206478,-0.701673843159865,-0.701673843159862));
#7349=DIRECTION('center_axis',(-1.,-7.88510670900899E-16,2.3914790321549E-17));
#7350=DIRECTION('ref_axis',(-7.88510670900899E-16,1.,1.88570673608989E-32));
#7351=DIRECTION('',(-1.,-7.88510670900899E-16,2.3914790321549E-17));
#7352=DIRECTION('center_axis',(0.984807753012209,7.556757794221E-16,0.173648177666923));
#7353=DIRECTION('ref_axis',(0.173648177666923,2.55201667865887E-16,-0.984807753012209));
#7354=DIRECTION('',(-7.88510670907361E-16,1.,1.20102859077753E-16));
#7355=DIRECTION('',(0.123724030206478,0.701673843159865,-0.701673843159862));
#7356=DIRECTION('center_axis',(-0.984807753012209,-7.97387064650028E-16,
0.173648177666924));
#7357=DIRECTION('ref_axis',(0.173648177666924,1.86452142798411E-17,0.984807753012209));
#7358=DIRECTION('',(0.123724030206479,-0.701673843159865,0.701673843159862));
#7359=DIRECTION('',(-7.88510670907361E-16,1.,1.20102859077753E-16));
#7360=DIRECTION('center_axis',(-5.406510317222E-16,0.707106781186546,0.707106781186549));
#7361=DIRECTION('ref_axis',(-5.74471453150898E-16,0.707106781186549,-0.707106781186546));
#7362=DIRECTION('',(1.,7.88510670900899E-16,-2.3914790321549E-17));
#7363=DIRECTION('center_axis',(0.,0.,1.));
#7364=DIRECTION('ref_axis',(1.,0.,0.));
#7365=DIRECTION('center_axis',(0.,1.,0.));
#7366=DIRECTION('ref_axis',(0.,0.,1.));
#7367=DIRECTION('center_axis',(0.,0.,1.));
#7368=DIRECTION('ref_axis',(1.,0.,0.));
#7369=DIRECTION('center_axis',(1.,-6.93995089204248E-15,0.));
#7370=DIRECTION('ref_axis',(6.93995089204248E-15,1.,0.));
#7371=DIRECTION('center_axis',(0.,0.,1.));
#7372=DIRECTION('ref_axis',(1.,0.,0.));
#7373=DIRECTION('center_axis',(6.93995089204248E-15,1.,0.));
#7374=DIRECTION('ref_axis',(-1.,6.93995089204248E-15,0.));
#7375=DIRECTION('center_axis',(1.,0.,0.));
#7376=DIRECTION('ref_axis',(0.,0.,-1.));
#7377=DIRECTION('center_axis',(0.,0.,1.));
#7378=DIRECTION('ref_axis',(1.,0.,0.));
#7379=DIRECTION('center_axis',(-1.,-9.1301235577727E-17,0.));
#7380=DIRECTION('ref_axis',(9.1301235577727E-17,-1.,0.));
#7381=DIRECTION('',(-1.,-9.1301235577727E-17,0.));
#7382=DIRECTION('center_axis',(1.,1.21118843622719E-16,-6.93889390390723E-15));
#7383=DIRECTION('ref_axis',(-6.93889390390723E-15,-7.00649232162409E-46,
-1.));
#7384=DIRECTION('center_axis',(1.,0.,0.));
#7385=DIRECTION('ref_axis',(0.,0.,-1.));
#7386=DIRECTION('center_axis',(1.,-6.93995089204248E-15,0.));
#7387=DIRECTION('ref_axis',(6.93995089204248E-15,1.,0.));
#7388=DIRECTION('',(1.,0.,0.));
#7389=DIRECTION('center_axis',(0.,0.,1.));
#7390=DIRECTION('ref_axis',(1.,0.,0.));
#7391=DIRECTION('center_axis',(0.,1.,0.));
#7392=DIRECTION('ref_axis',(0.,0.,1.));
#7393=DIRECTION('center_axis',(0.,0.,1.));
#7394=DIRECTION('ref_axis',(1.,0.,0.));
#7395=DIRECTION('center_axis',(-1.50845519650158E-16,1.,0.));
#7396=DIRECTION('ref_axis',(-1.,-1.50845519650158E-16,0.));
#7397=DIRECTION('center_axis',(6.93995089204248E-15,1.,0.));
#7398=DIRECTION('ref_axis',(-1.,6.93995089204248E-15,0.));
#7399=DIRECTION('',(-1.50845519650158E-16,1.,0.));
#7400=DIRECTION('center_axis',(0.,0.,1.));
#7401=DIRECTION('ref_axis',(1.,0.,0.));
#7402=DIRECTION('center_axis',(0.,0.,1.));
#7403=DIRECTION('ref_axis',(1.,0.,0.));
#7404=DIRECTION('center_axis',(4.52536558950474E-16,-1.,0.));
#7405=DIRECTION('ref_axis',(1.,4.52536558950474E-16,0.));
#7406=DIRECTION('',(4.52536558950474E-16,-1.,0.));
#7407=DIRECTION('center_axis',(2.39146493348175E-17,2.35777630448478E-18,
1.));
#7408=DIRECTION('ref_axis',(-7.88510670907361E-16,1.,-2.35777630448476E-18));
#7409=DIRECTION('center_axis',(0.,0.,1.));
#7410=DIRECTION('ref_axis',(1.,0.,0.));
#7411=DIRECTION('',(1.55075316528812E-16,1.,0.));
#7412=DIRECTION('center_axis',(-8.16290509794082E-30,8.56695622239902E-30,
-1.));
#7413=DIRECTION('ref_axis',(-0.707111570228158,0.707101992112502,1.18297964526273E-29));
#7414=DIRECTION('center_axis',(-2.45855643750553E-31,2.37673476020712E-31,
-1.));
#7415=DIRECTION('ref_axis',(1.01358425602149E-5,0.999999999948632,2.37670984054405E-31));
#7416=DIRECTION('',(1.,0.,0.));
#7417=DIRECTION('center_axis',(2.6197489868968E-32,1.44888899095839E-30,
-1.));
#7418=DIRECTION('ref_axis',(0.707101992112501,0.707111570228159,1.04305046675757E-30));
#7419=DIRECTION('center_axis',(1.9624751666406E-31,1.82869612804448E-31,
-1.));
#7420=DIRECTION('ref_axis',(0.999999999948632,-1.01358425611804E-5,1.96245663116374E-31));
#7421=DIRECTION('',(1.55075316528812E-16,-1.,0.));
#7422=DIRECTION('center_axis',(2.51698334436257E-29,-3.21330476294187E-31,
-1.));
#7423=DIRECTION('ref_axis',(0.920505076455818,-0.390730603125823,2.329451310921E-29));
#7424=DIRECTION('center_axis',(1.35825476523487E-46,2.56616773527073E-47,
-1.));
#7425=DIRECTION('ref_axis',(0.69465770454951,-0.719340443399372,7.58927313758812E-47));
#7426=DIRECTION('',(-0.71933980033865,-0.694658370458998,0.));
#7427=DIRECTION('center_axis',(4.90074478469496E-31,-4.98041016435907E-31,
-1.));
#7428=DIRECTION('ref_axis',(0.374607050795542,-0.927183669773291,6.45360852366286E-31));
#7429=DIRECTION('center_axis',(-7.11918729237359E-49,1.28634554597821E-47,
-1.));
#7430=DIRECTION('ref_axis',(-8.01997181916373E-7,-0.999999999999678,-1.28634548888212E-47));
#7431=DIRECTION('',(-1.,0.,0.));
#7432=DIRECTION('center_axis',(0.,0.,-1.));
#7433=DIRECTION('ref_axis',(-0.374606136036167,-0.927184039360069,0.));
#7434=DIRECTION('center_axis',(-2.8100918927765E-31,-6.88502770979558E-31,
-1.));
#7435=DIRECTION('ref_axis',(-0.694658947367263,-0.719339243224368,6.90472609858456E-31));
#7436=DIRECTION('',(-0.71933980033865,0.694658370458999,0.));
#7437=DIRECTION('center_axis',(0.,0.,-1.));
#7438=DIRECTION('ref_axis',(-0.920504630448762,-0.3907316538526,0.));
#7439=DIRECTION('center_axis',(-5.66190896753669E-48,-1.41822610620656E-48,
-1.));
#7440=DIRECTION('ref_axis',(-0.999999999999572,9.25722713344448E-7,5.66190765465014E-48));
#7441=DIRECTION('center_axis',(-0.9271838545668,0.37460659341588,0.));
#7442=DIRECTION('ref_axis',(-0.37460659341588,-0.9271838545668,0.));
#7443=DIRECTION('center_axis',(-1.,0.,0.));
#7444=DIRECTION('ref_axis',(0.,0.,1.));
#7445=DIRECTION('center_axis',(0.000730083278860051,0.00180701952540767,
0.999998100827617));
#7446=DIRECTION('ref_axis',(9.07143578040814E-6,-0.999998367308837,0.00180701338402919));
#7447=DIRECTION('center_axis',(1.,0.,0.));
#7448=DIRECTION('ref_axis',(0.,0.,-1.));
#7449=DIRECTION('center_axis',(-1.,0.,0.));
#7450=DIRECTION('ref_axis',(0.,0.,1.));
#7451=DIRECTION('center_axis',(-1.,0.,0.));
#7452=DIRECTION('ref_axis',(0.,0.,1.));
#7453=DIRECTION('',(-1.,0.,0.));
#7454=DIRECTION('center_axis',(1.55075316528812E-16,1.,0.));
#7455=DIRECTION('ref_axis',(-1.,1.55075316528812E-16,0.));
#7456=DIRECTION('center_axis',(0.,1.,0.));
#7457=DIRECTION('ref_axis',(0.,0.,1.));
#7458=DIRECTION('',(-1.55075316528812E-16,-1.,1.62421194486299E-34));
#7459=DIRECTION('center_axis',(0.,1.,0.));
#7460=DIRECTION('ref_axis',(0.,0.,1.));
#7461=DIRECTION('center_axis',(-0.390731128489286,-0.920504853452435,0.));
#7462=DIRECTION('ref_axis',(0.920504853452435,-0.390731128489286,0.));
#7463=DIRECTION('center_axis',(-0.00180701647616832,0.000767032986610637,
0.99999807317407));
#7464=DIRECTION('ref_axis',(0.920502758668548,-0.390731132155407,0.00196307110102768));
#7465=DIRECTION('center_axis',(0.719339800338651,0.694658370458998,-4.1595187961731E-15));
#7466=DIRECTION('ref_axis',(-0.694658370458998,0.719339800338651,5.91645678915759E-30));
#7467=DIRECTION('center_axis',(-0.71933980033865,0.694658370458999,0.));
#7468=DIRECTION('ref_axis',(-0.694658370458999,-0.71933980033865,0.));
#7469=DIRECTION('center_axis',(-0.719339800338653,0.694658370458996,0.));
#7470=DIRECTION('ref_axis',(-0.694658370458996,-0.719339800338653,0.));
#7471=DIRECTION('',(0.71933980033865,-0.694658370458999,-3.65669205305274E-19));
#7472=DIRECTION('center_axis',(-0.719339800338651,0.694658370458998,0.));
#7473=DIRECTION('ref_axis',(-0.694658370458998,-0.719339800338651,0.));
#7474=DIRECTION('center_axis',(0.707106781186548,-0.707106781186547,0.));
#7475=DIRECTION('ref_axis',(0.707106781186547,0.707106781186548,0.));
#7476=DIRECTION('center_axis',(-0.00135516469844813,-0.00135516469844845,
0.999998163526954));
#7477=DIRECTION('ref_axis',(-2.74867402682827E-5,0.99999908143493,0.00135512869323873));
#7478=DIRECTION('center_axis',(-0.927183854566787,-0.374606593415913,0.));
#7479=DIRECTION('ref_axis',(0.374606593415913,-0.927183854566787,0.));
#7480=DIRECTION('center_axis',(-0.000730083278840336,0.00180701952534559,
0.999998100827617));
#7481=DIRECTION('ref_axis',(0.37460522333458,-0.927182359791907,0.00194893333878317));
#7482=DIRECTION('center_axis',(-1.,0.,0.));
#7483=DIRECTION('ref_axis',(0.,0.,1.));
#7484=DIRECTION('center_axis',(1.55075316528812E-16,-1.,0.));
#7485=DIRECTION('ref_axis',(1.,1.55075316528812E-16,0.));
#7486=DIRECTION('center_axis',(0.,1.,0.));
#7487=DIRECTION('ref_axis',(0.,0.,1.));
#7488=DIRECTION('center_axis',(0.,1.,0.));
#7489=DIRECTION('ref_axis',(0.,0.,1.));
#7490=DIRECTION('',(-1.55075316528812E-16,1.,0.));
#7491=DIRECTION('center_axis',(0.707106781186548,0.707106781186548,0.));
#7492=DIRECTION('ref_axis',(-0.707106781186548,0.707106781186548,0.));
#7493=DIRECTION('center_axis',(0.00135516469844644,-0.00135516469844745,
0.999998163526954));
#7494=DIRECTION('ref_axis',(-0.707099148962146,0.70711181618913,0.00191649229571603));
#7495=DIRECTION('center_axis',(-1.,0.,0.));
#7496=DIRECTION('ref_axis',(0.,0.,1.));
#7497=DIRECTION('',(1.,0.,0.));
#7498=DIRECTION('center_axis',(0.00135516469844731,-0.00135516469844704,
0.999998163526954));
#7499=DIRECTION('ref_axis',(-0.99999908143493,-2.74867402638411E-5,0.0013551286932376));
#7500=DIRECTION('center_axis',(-0.390731128489254,0.920504853452449,0.));
#7501=DIRECTION('ref_axis',(-0.920504853452449,-0.390731128489254,0.));
#7502=DIRECTION('center_axis',(0.00180701647612944,0.000767032986594339,
0.99999807317407));
#7503=DIRECTION('ref_axis',(-0.920503400930484,-0.390729619081104,0.00196307110098552));
#7504=DIRECTION('center_axis',(0.71933980033865,0.694658370458999,-2.07975939808654E-15));
#7505=DIRECTION('ref_axis',(-0.694658370458999,0.71933980033865,7.88860905221012E-31));
#7506=DIRECTION('center_axis',(-0.000730083278859744,0.00180701952540459,
0.999998100827617));
#7507=DIRECTION('ref_axis',(0.69466376174123,-0.719332324330107,0.00180701338402618));
#7508=DIRECTION('center_axis',(0.000730083278839107,0.00180701952536157,
0.999998100827617));
#7509=DIRECTION('ref_axis',(-0.37460654061205,-0.927181827577263,0.00194893333879754));
#7510=DIRECTION('center_axis',(-0.71933980033865,-0.694658370458998,0.));
#7511=DIRECTION('ref_axis',(0.694658370458998,-0.71933980033865,0.));
#7512=DIRECTION('',(0.71933980033865,0.694658370458998,3.65740015482777E-19));
#7513=DIRECTION('center_axis',(0.00180701647616833,0.000767032986610659,
0.99999807317407));
#7514=DIRECTION('ref_axis',(-0.694650294482325,-0.719345329512818,0.00180700960559835));
#7515=DIRECTION('center_axis',(-0.00180701647620903,0.000767032986622256,
0.99999807317407));
#7516=DIRECTION('ref_axis',(0.999998367310246,9.650258609371E-6,0.00180700960563802));
#7517=DIRECTION('center_axis',(-0.00135516469844938,-0.00135516469844586,
0.999998163526954));
#7518=DIRECTION('ref_axis',(0.707111816189125,0.707099148962151,0.001916492295717));
#7519=DIRECTION('center_axis',(-0.00365066602308309,-0.00903571547994741,
0.999952513114175));
#7520=DIRECTION('ref_axis',(0.,-0.999959176545548,-0.00903577569167669));
#7521=DIRECTION('',(0.0036506660230831,0.00903571547994741,-0.999952513114175));
#7522=DIRECTION('',(-0.00365066602308309,-0.00903571547994741,0.999952513114175));
#7523=DIRECTION('center_axis',(0.000743524459157406,0.00187609355993492,
-0.999997963720093));
#7524=DIRECTION('ref_axis',(-0.374605443612398,-0.927182123015851,-0.00201801282897495));
#7525=DIRECTION('center_axis',(0.000768397359231481,0.00186604425612198,
-0.999997963720093));
#7526=DIRECTION('ref_axis',(-0.694653683606001,-0.719341879852818,-0.00187609765941016));
#7527=DIRECTION('center_axis',(0.,0.999959176545548,-0.00903577569167658));
#7528=DIRECTION('ref_axis',(0.,0.00903577569167658,0.999959176545548));
#7529=DIRECTION('',(0.00903540685021395,0.00903540685021396,0.99991835809035));
#7530=DIRECTION('',(0.00903540685021396,-0.00903540685021396,-0.99991835809035));
#7531=DIRECTION('',(1.,0.,0.));
#7532=DIRECTION('center_axis',(-0.999959176545548,1.55068985818691E-16,
-0.00903577569167658));
#7533=DIRECTION('ref_axis',(-0.00903577569167658,0.,0.999959176545548));
#7534=DIRECTION('',(-0.00903540685021396,0.00903540685021396,0.99991835809035));
#7535=DIRECTION('',(0.00903570923090262,0.0038354310151106,-0.99995182155323));
#7536=DIRECTION('',(1.55075316528812E-16,1.,-1.62421194486299E-34));
#7537=DIRECTION('center_axis',(0.00903570923090263,-0.00383543101511097,
0.99995182155323));
#7538=DIRECTION('ref_axis',(0.999959176545548,-3.11030498231779E-18,-0.00903577569167658));
#7539=DIRECTION('',(-0.00903570923090263,0.00383543101511097,-0.99995182155323));
#7540=DIRECTION('',(0.00903570923090263,-0.00383543101511097,0.99995182155323));
#7541=DIRECTION('center_axis',(-0.00188276955255696,0.00078246069491774,
-0.999997921464876));
#7542=DIRECTION('ref_axis',(0.920503128819331,-0.390729872168684,-0.00203883026905632));
#7543=DIRECTION('center_axis',(-0.00187073674938856,0.000810808202734361,
-0.999997921464876));
#7544=DIRECTION('ref_axis',(0.694660744448817,-0.719335043831239,-0.0018827740504629));
#7545=DIRECTION('center_axis',(-0.694630012104652,-0.719310434403075,-0.00903577569167643));
#7546=DIRECTION('ref_axis',(0.71933980033865,-0.694658370458999,0.));
#7547=DIRECTION('',(-0.00903570923090263,-0.0038354310151106,0.99995182155323));
#7548=DIRECTION('',(-0.71933980033865,0.694658370458999,3.65669205305274E-19));
#7549=DIRECTION('center_axis',(0.00903540685021395,0.00903540685021396,
0.99991835809035));
#7550=DIRECTION('ref_axis',(-2.05998412772246E-18,-0.999959176545548,0.00903577569167658));
#7551=DIRECTION('',(-0.00903540685021396,-0.00903540685021396,-0.99991835809035));
#7552=DIRECTION('center_axis',(-0.00135523108006158,-0.00135523108007928,
-0.999998163347033));
#7553=DIRECTION('ref_axis',(0.707102022413763,0.707108942522866,-0.0019165861735623));
#7554=DIRECTION('center_axis',(-0.00135523108008436,-0.00135523108006839,
-0.999998163347033));
#7555=DIRECTION('ref_axis',(0.999999081661821,3.08613389684632E-6,-0.0013552365070471));
#7556=DIRECTION('center_axis',(0.00365066602308347,-0.00903571547994741,
0.999952513114175));
#7557=DIRECTION('ref_axis',(2.561427632497E-18,-0.999959176545548,-0.00903577569167668));
#7558=DIRECTION('',(-0.00365066602308347,0.00903571547994741,-0.999952513114175));
#7559=DIRECTION('',(0.00365066602308347,-0.00903571547994741,0.999952513114175));
#7560=DIRECTION('center_axis',(-0.000768397359163429,0.00186604425597446,
-0.999997963720093));
#7561=DIRECTION('ref_axis',(0.374606217678955,-0.927181810272662,-0.00201801282893347));
#7562=DIRECTION('center_axis',(-0.000743524459176592,0.00187609356005394,
-0.999997963720093));
#7563=DIRECTION('ref_axis',(4.81599182490854E-6,-0.999998240115641,-0.0018760976594146));
#7564=DIRECTION('center_axis',(0.999959176545548,1.55068985818691E-16,-0.00903577569167658));
#7565=DIRECTION('ref_axis',(-0.00903577569167658,0.,-0.999959176545548));
#7566=DIRECTION('',(1.55075316528812E-16,-1.,0.));
#7567=DIRECTION('center_axis',(-0.00903540685021396,0.00903540685021396,
0.99991835809035));
#7568=DIRECTION('ref_axis',(0.999959176545548,5.42101086242752E-20,0.00903577569167658));
#7569=DIRECTION('center_axis',(0.00135523108005849,-0.00135523108005453,
-0.999998163347033));
#7570=DIRECTION('ref_axis',(-0.707108942522865,0.707102022413764,-0.00191658617354232));
#7571=DIRECTION('center_axis',(0.00135523108005722,-0.0013552310800574,
-0.999998163347033));
#7572=DIRECTION('ref_axis',(-3.08613389518098E-6,0.999999081661821,-0.00135523650702047));
#7573=DIRECTION('center_axis',(0.,-0.999959176545548,-0.00903577569167669));
#7574=DIRECTION('ref_axis',(0.,0.00903577569167669,-0.999959176545548));
#7575=DIRECTION('',(-1.,0.,0.));
#7576=DIRECTION('center_axis',(-0.00903570923090263,-0.0038354310151106,
0.99995182155323));
#7577=DIRECTION('ref_axis',(0.999959176545548,3.10352871873976E-18,0.00903577569167658));
#7578=DIRECTION('center_axis',(0.00187073674935146,0.00081080820272238,
-0.999997921464876));
#7579=DIRECTION('ref_axis',(-0.920502751700214,-0.390730760605647,-0.00203883026902079));
#7580=DIRECTION('center_axis',(0.00188276955266495,0.000782460694943493,
-0.999997921464876));
#7581=DIRECTION('ref_axis',(-0.999998227566807,-5.01185303014905E-6,-0.00188277405057111));
#7582=DIRECTION('center_axis',(0.694630012104652,-0.719310434403075,-0.00903577569167669));
#7583=DIRECTION('ref_axis',(0.71933980033865,0.694658370458998,0.));
#7584=DIRECTION('',(-0.71933980033865,-0.694658370458998,-3.65740015482777E-19));
#7585=DIRECTION('center_axis',(0.9271838545668,-0.37460659341588,0.));
#7586=DIRECTION('ref_axis',(0.37460659341588,0.9271838545668,0.));
#7587=DIRECTION('center_axis',(1.,0.,0.));
#7588=DIRECTION('ref_axis',(0.,0.,-1.));
#7589=DIRECTION('center_axis',(7.11688842295381E-7,3.62702392560235E-6,
0.999999999993169));
#7590=DIRECTION('ref_axis',(0.981634804630393,-0.190769783609068,-6.69196823223091E-9));
#7591=DIRECTION('center_axis',(2.31461041085627E-6,3.57620280066105E-6,
0.999999999990927));
#7592=DIRECTION('ref_axis',(0.838648730359335,-0.544672660472945,6.71481148579909E-9));
#7593=DIRECTION('center_axis',(0.71933980033865,-0.694658370458999,0.));
#7594=DIRECTION('ref_axis',(0.694658370458999,0.71933980033865,0.));
#7595=DIRECTION('center_axis',(1.,0.,0.));
#7596=DIRECTION('ref_axis',(0.,0.,-1.));
#7597=DIRECTION('',(-1.,0.,0.));
#7598=DIRECTION('center_axis',(1.,0.,0.));
#7599=DIRECTION('ref_axis',(0.,0.,-1.));
#7600=DIRECTION('center_axis',(1.,0.,0.));
#7601=DIRECTION('ref_axis',(0.,0.,-1.));
#7602=DIRECTION('center_axis',(1.55075316528812E-16,1.,0.));
#7603=DIRECTION('ref_axis',(-1.,1.55075316528812E-16,0.));
#7604=DIRECTION('',(-1.55075316528812E-16,-1.,0.));
#7605=DIRECTION('center_axis',(0.,-1.,0.));
#7606=DIRECTION('ref_axis',(0.,0.,-1.));
#7607=DIRECTION('center_axis',(0.,-1.,0.));
#7608=DIRECTION('ref_axis',(0.,0.,-1.));
#7609=DIRECTION('center_axis',(0.390731128489286,0.920504853452435,0.));
#7610=DIRECTION('ref_axis',(-0.920504853452435,0.390731128489286,0.));
#7611=DIRECTION('center_axis',(0.,-1.,0.));
#7612=DIRECTION('ref_axis',(0.,0.,-1.));
#7613=DIRECTION('center_axis',(-0.719339800338649,-0.694658370458999,0.));
#7614=DIRECTION('ref_axis',(0.694658370458999,-0.719339800338649,0.));
#7615=DIRECTION('center_axis',(-0.71933980033865,0.694658370458999,0.));
#7616=DIRECTION('ref_axis',(-0.694658370458999,-0.71933980033865,0.));
#7617=DIRECTION('',(0.71933980033865,-0.694658370458999,0.));
#7618=DIRECTION('center_axis',(0.719339800338651,-0.694658370458998,1.00420015251585E-15));
#7619=DIRECTION('ref_axis',(0.694658370458998,0.719339800338651,1.38050658413677E-30));
#7620=DIRECTION('center_axis',(-0.707106781186548,0.707106781186547,0.));
#7621=DIRECTION('ref_axis',(-0.707106781186547,-0.707106781186548,0.));
#7622=DIRECTION('center_axis',(0.,-1.,0.));
#7623=DIRECTION('ref_axis',(0.,0.,-1.));
#7624=DIRECTION('center_axis',(0.927183854566787,0.374606593415913,0.));
#7625=DIRECTION('ref_axis',(-0.374606593415913,0.927183854566787,0.));
#7626=DIRECTION('center_axis',(-8.19247819131067E-7,4.18036850485165E-6,
0.999999999990927));
#7627=DIRECTION('ref_axis',(0.981634833008768,0.190769637583785,6.71481148836426E-9));
#7628=DIRECTION('center_axis',(1.,0.,0.));
#7629=DIRECTION('ref_axis',(0.,0.,-1.));
#7630=DIRECTION('center_axis',(-0.71933980033865,-0.694658370458999,0.));
#7631=DIRECTION('ref_axis',(0.694658370458999,-0.71933980033865,0.));
#7632=DIRECTION('center_axis',(-2.00759635395243E-6,3.10344316863613E-6,
0.999999999993169));
#7633=DIRECTION('ref_axis',(0.838648811382129,0.544672535719713,-6.69196414580921E-9));
#7634=DIRECTION('center_axis',(1.55075316528812E-16,-1.,0.));
#7635=DIRECTION('ref_axis',(1.,1.55075316528812E-16,0.));
#7636=DIRECTION('',(-1.55075316528812E-16,1.,0.));
#7637=DIRECTION('center_axis',(-0.707106781186548,-0.707106781186548,0.));
#7638=DIRECTION('ref_axis',(0.707106781186548,-0.707106781186548,0.));
#7639=DIRECTION('center_axis',(-1.,0.,0.));
#7640=DIRECTION('ref_axis',(0.,0.,1.));
#7641=DIRECTION('',(1.,0.,0.));
#7642=DIRECTION('center_axis',(0.390731128489254,-0.920504853452449,0.));
#7643=DIRECTION('ref_axis',(0.920504853452449,0.390731128489254,0.));
#7644=DIRECTION('center_axis',(-0.71933980033865,-0.694658370458998,0.));
#7645=DIRECTION('ref_axis',(0.694658370458998,-0.71933980033865,0.));
#7646=DIRECTION('',(0.71933980033865,0.694658370458998,0.));
#7647=DIRECTION('center_axis',(0.,0.,1.));
#7648=DIRECTION('ref_axis',(1.,0.,0.));
#7649=DIRECTION('',(0.,-1.,0.));
#7650=DIRECTION('',(1.,-1.40170242891606E-32,0.));
#7651=DIRECTION('',(0.,-1.,0.));
#7652=DIRECTION('',(-1.,1.89772767171129E-32,0.));
#7653=DIRECTION('',(-1.0179157985137E-16,1.,0.));
#7654=DIRECTION('',(-1.,-1.0179157985137E-16,0.));
#7655=DIRECTION('',(-1.0179157985137E-16,1.,0.));
#7656=DIRECTION('',(1.,1.0179157985137E-16,0.));
#7657=DIRECTION('',(0.,-1.,0.));
#7658=DIRECTION('',(1.,9.33134341211074E-33,0.));
#7659=DIRECTION('',(0.,-1.,0.));
#7660=DIRECTION('',(-1.,1.65069841019678E-33,0.));
#7661=DIRECTION('center_axis',(1.,1.0179157985137E-16,-6.80817767231344E-17));
#7662=DIRECTION('ref_axis',(-1.0179157985137E-16,1.,-1.99549230966794E-15));
#7663=DIRECTION('',(6.80817767231342E-17,1.87984450145262E-15,1.));
#7664=DIRECTION('',(1.0179157985137E-16,-1.,1.99549230966794E-15));
#7665=DIRECTION('',(-6.80817767231342E-17,-2.1111409649162E-15,-1.));
#7666=DIRECTION('center_axis',(-1.0179157985137E-16,1.,-1.87984450145262E-15));
#7667=DIRECTION('ref_axis',(-6.80817767231342E-17,-1.87984450145262E-15,
-1.));
#7668=DIRECTION('',(6.80817767231342E-17,1.87984450145262E-15,1.));
#7669=DIRECTION('',(1.,1.0179157985137E-16,-6.80817767231344E-17));
#7670=DIRECTION('center_axis',(1.89772767171129E-32,1.,-1.54928468440077E-15));
#7671=DIRECTION('ref_axis',(2.57345176160907E-17,1.54928468440077E-15,1.));
#7672=DIRECTION('',(-2.57345176160907E-17,-1.54928468440077E-15,-1.));
#7673=DIRECTION('',(-1.,0.,2.57345176160906E-17));
#7674=DIRECTION('',(-2.57345176160907E-17,-1.54928468440077E-15,-1.));
#7675=DIRECTION('center_axis',(-1.,5.88473707201639E-32,2.57345176160906E-17));
#7676=DIRECTION('ref_axis',(-1.64971505031367E-32,-1.,1.64565821084392E-15));
#7677=DIRECTION('',(2.57345176160907E-17,1.74203173728708E-15,1.));
#7678=DIRECTION('',(1.64971505031367E-32,1.,-1.64565821084392E-15));
#7679=DIRECTION('center_axis',(1.0179157985137E-16,-1.,2.1111409649162E-15));
#7680=DIRECTION('ref_axis',(6.80817767231342E-17,2.1111409649162E-15,1.));
#7681=DIRECTION('',(1.,1.0179157985137E-16,-6.80817767231344E-17));
#7682=DIRECTION('',(-6.80817767231342E-17,-2.1111409649162E-15,-1.));
#7683=DIRECTION('center_axis',(-1.,5.88473707201639E-32,2.57345176160906E-17));
#7684=DIRECTION('ref_axis',(-1.64971505031367E-32,-1.,1.64565821084392E-15));
#7685=DIRECTION('',(2.57345176160907E-17,1.74203173728708E-15,1.));
#7686=DIRECTION('',(1.64971505031367E-32,1.,-1.64565821084392E-15));
#7687=DIRECTION('center_axis',(-1.40170242891606E-32,-1.,1.74203173728708E-15));
#7688=DIRECTION('ref_axis',(-2.57345176160907E-17,-1.74203173728708E-15,
-1.));
#7689=DIRECTION('',(-1.,0.,2.57345176160906E-17));
#7690=DIRECTION('center_axis',(1.65069841019676E-33,1.,-1.75738324668437E-15));
#7691=DIRECTION('ref_axis',(4.74803706803629E-17,1.75738324668437E-15,1.));
#7692=DIRECTION('',(-4.74803706803629E-17,-1.75738324668437E-15,-1.));
#7693=DIRECTION('',(-1.,0.,4.74803706803629E-17));
#7694=DIRECTION('',(-4.74803706803629E-17,-1.75738324668437E-15,-1.));
#7695=DIRECTION('center_axis',(9.33134341211074E-33,-1.,1.98867971014795E-15));
#7696=DIRECTION('ref_axis',(-4.74803706803629E-17,-1.98867971014795E-15,
-1.));
#7697=DIRECTION('',(4.74803706803629E-17,1.98867971014795E-15,1.));
#7698=DIRECTION('',(-1.,0.,4.74803706803629E-17));
#7699=DIRECTION('',(4.74803706803629E-17,1.98867971014795E-15,1.));
#7700=DIRECTION('center_axis',(-1.,8.50919063902304E-32,4.74803706803629E-17));
#7701=DIRECTION('ref_axis',(3.84032250095698E-33,-1.,1.87303147841616E-15));
#7702=DIRECTION('',(-3.84032250095698E-33,1.,-1.87303147841616E-15));
#7703=DIRECTION('center_axis',(1.,1.0179157985137E-16,-6.80817767231344E-17));
#7704=DIRECTION('ref_axis',(-1.0179157985137E-16,1.,-1.99549230966794E-15));
#7705=DIRECTION('',(1.0179157985137E-16,-1.,1.99549230966794E-15));
#7706=DIRECTION('center_axis',(-1.,8.50919063902304E-32,4.74803706803629E-17));
#7707=DIRECTION('ref_axis',(3.84032250095698E-33,-1.,1.87303147841616E-15));
#7708=DIRECTION('',(-3.84032250095698E-33,1.,-1.87303147841616E-15));
#7709=DIRECTION('center_axis',(0.923076923076923,-6.73535746746585E-16,
-0.384615384615385));
#7710=DIRECTION('ref_axis',(0.384615384615385,1.88114389980537E-15,0.923076923076923));
#7711=DIRECTION('',(1.0179157985137E-16,-1.,1.99549230966794E-15));
#7712=DIRECTION('',(0.340807004926469,-0.463497526699997,0.817936811823527));
#7713=DIRECTION('',(-0.340807004926469,-0.4634975267,-0.817936811823525));
#7714=DIRECTION('center_axis',(-1.22126104650573E-16,0.870022185848611,
-0.493012571980882));
#7715=DIRECTION('ref_axis',(-9.04812761259727E-18,-0.493012571980882,-0.870022185848611));
#7716=DIRECTION('',(-0.340807004926469,0.4634975267,0.817936811823525));
#7717=DIRECTION('',(1.,1.0179157985137E-16,-6.80817767231344E-17));
#7718=DIRECTION('center_axis',(-1.26874407185961E-17,0.870022185848612,
-0.493012571980881));
#7719=DIRECTION('ref_axis',(2.23896012681109E-17,0.493012571980881,0.870022185848612));
#7720=DIRECTION('',(-1.,0.,2.57345176160906E-17));
#7721=DIRECTION('',(-0.340807004926468,-0.463497526699998,-0.817936811823526));
#7722=DIRECTION('',(-0.340807004926468,0.463497526699998,0.817936811823526));
#7723=DIRECTION('center_axis',(0.923076923076924,-6.329454657092E-16,-0.384615384615384));
#7724=DIRECTION('ref_axis',(-0.384615384615383,-1.51906911770208E-15,-0.923076923076923));
#7725=DIRECTION('',(1.64971505031367E-32,1.,-1.64565821084392E-15));
#7726=DIRECTION('',(0.340807004926468,-0.463497526699996,0.817936811823528));
#7727=DIRECTION('center_axis',(5.49957609559721E-17,-0.870022185848613,
-0.493012571980879));
#7728=DIRECTION('ref_axis',(1.0941718478964E-16,-0.493012571980879,0.870022185848613));
#7729=DIRECTION('',(1.,1.0179157985137E-16,-6.80817767231344E-17));
#7730=DIRECTION('',(0.340807004926469,0.463497526699997,-0.817936811823527));
#7731=DIRECTION('center_axis',(-0.923076923076924,-6.329454657092E-16,-0.384615384615384));
#7732=DIRECTION('ref_axis',(-0.384615384615383,1.51906911770208E-15,0.923076923076923));
#7733=DIRECTION('',(1.64971505031367E-32,1.,-1.64565821084392E-15));
#7734=DIRECTION('',(0.340807004926468,0.463497526699996,-0.817936811823528));
#7735=DIRECTION('center_axis',(-1.26874407185961E-17,-0.870022185848614,
-0.493012571980878));
#7736=DIRECTION('ref_axis',(-2.23896012681109E-17,0.493012571980878,-0.870022185848614));
#7737=DIRECTION('',(-1.,0.,2.57345176160906E-17));
#7738=DIRECTION('center_axis',(-2.34084196677313E-17,0.870022185848611,
-0.493012571980882));
#7739=DIRECTION('ref_axis',(4.13089758842317E-17,0.493012571980882,0.870022185848611));
#7740=DIRECTION('',(-1.,0.,4.74803706803629E-17));
#7741=DIRECTION('',(-0.340807004926469,-0.4634975267,-0.817936811823525));
#7742=DIRECTION('',(-0.340807004926469,0.4634975267,0.817936811823525));
#7743=DIRECTION('center_axis',(-2.34084196677313E-17,-0.870022185848613,
-0.493012571980879));
#7744=DIRECTION('ref_axis',(-4.13089758842317E-17,0.493012571980879,-0.870022185848613));
#7745=DIRECTION('',(0.340807004926469,-0.463497526699997,0.817936811823527));
#7746=DIRECTION('',(-1.,0.,4.74803706803629E-17));
#7747=DIRECTION('',(0.340807004926469,0.463497526699997,-0.817936811823527));
#7748=DIRECTION('center_axis',(-0.923076923076923,-7.20396722467754E-16,
-0.384615384615385));
#7749=DIRECTION('ref_axis',(-0.384615384615385,1.72895213392261E-15,0.923076923076923));
#7750=DIRECTION('',(-3.84032250095698E-33,1.,-1.87303147841616E-15));
#7751=DIRECTION('center_axis',(-0.923076923076923,-8.61458663395268E-16,
-0.384615384615385));
#7752=DIRECTION('ref_axis',(0.384615384615385,-1.80284268453508E-15,-0.923076923076923));
#7753=DIRECTION('',(1.0179157985137E-16,-1.,1.99549230966794E-15));
#7754=DIRECTION('center_axis',(0.923076923076923,-7.20396722467753E-16,
-0.384615384615385));
#7755=DIRECTION('ref_axis',(-0.384615384615385,-1.72895213392261E-15,-0.923076923076923));
#7756=DIRECTION('',(-3.84032250095698E-33,1.,-1.87303147841616E-15));
#7757=DIRECTION('center_axis',(-6.80817767231342E-17,-1.99549273318441E-15,
-1.));
#7758=DIRECTION('ref_axis',(1.,1.0179157985137E-16,-6.80817767231344E-17));
#7759=DIRECTION('center_axis',(-2.57345176160906E-17,-1.64565821084392E-15,
-1.));
#7760=DIRECTION('ref_axis',(-1.,0.,2.57345176160906E-17));
#7761=DIRECTION('center_axis',(-4.74803706803629E-17,-1.87303147841616E-15,
-1.));
#7762=DIRECTION('ref_axis',(-1.,0.,4.74803706803629E-17));
#7763=CARTESIAN_POINT('',(0.,0.,0.));
#7764=CARTESIAN_POINT('Origin',(11.3077324858808,9.50767888307155,-44.05));
#7765=CARTESIAN_POINT('',(-2.94952229185555,9.26975194475141,-16.7862733084956));
#7766=CARTESIAN_POINT('',(-2.91183650964577,9.27161710933153,-17.));
#7767=CARTESIAN_POINT('',(-2.99935407552166,9.2672856438706,-16.5036632197509));
#7768=CARTESIAN_POINT('',(2.94952229185554,9.26975194475141,-16.7862733084956));
#7769=CARTESIAN_POINT('',(11.3077324858808,9.26975194475141,-16.7862733084956));
#7770=CARTESIAN_POINT('',(2.91183650964576,9.27161710933153,-17.));
#7771=CARTESIAN_POINT('',(2.02962730736068,9.31527987178115,-22.0032570100189));
#7772=CARTESIAN_POINT('',(11.3077324858808,9.27161710933153,-17.));
#7773=CARTESIAN_POINT('Origin',(-11.75,-7.75,-17.));
#7774=CARTESIAN_POINT('',(-13.75,-7.74999999999999,-17.));
#7775=CARTESIAN_POINT('',(-11.75,-9.75,-17.));
#7776=CARTESIAN_POINT('Origin',(-11.75,-7.75,-17.));
#7777=CARTESIAN_POINT('',(11.75,-9.75,-17.));
#7778=CARTESIAN_POINT('',(-11.75,-9.75,-17.));
#7779=CARTESIAN_POINT('',(13.75,-7.74999999999999,-17.));
#7780=CARTESIAN_POINT('Origin',(11.75,-7.75,-17.));
#7781=CARTESIAN_POINT('',(13.75,7.74999999999999,-17.));
#7782=CARTESIAN_POINT('',(13.75,7.74999999999999,-17.));
#7783=CARTESIAN_POINT('',(11.75,9.75,-17.));
#7784=CARTESIAN_POINT('Origin',(11.75,7.75,-17.));
#7785=CARTESIAN_POINT('',(-11.75,9.75,-17.));
#7786=CARTESIAN_POINT('',(-11.75,9.75,-17.));
#7787=CARTESIAN_POINT('',(-13.75,7.74999999999999,-17.));
#7788=CARTESIAN_POINT('Origin',(-11.75,7.75,-17.));
#7789=CARTESIAN_POINT('',(-13.75,7.74999999999999,-17.));
#7790=CARTESIAN_POINT('',(2.91183650964577,9.69650959860384,-17.));
#7791=CARTESIAN_POINT('',(2.91183650964576,9.7001,-17.));
#7792=CARTESIAN_POINT('',(11.4965632014131,9.69650959860384,-17.));
#7793=CARTESIAN_POINT('',(13.7,9.69650959860384,-17.));
#7794=CARTESIAN_POINT('',(13.6965095986038,7.49656320141312,-17.));
#7795=CARTESIAN_POINT('Origin',(11.4965854028473,7.49658540284727,-17.));
#7796=CARTESIAN_POINT('',(13.6965095986038,-7.49656320141312,-17.));
#7797=CARTESIAN_POINT('',(13.6965095986038,-9.7,-17.));
#7798=CARTESIAN_POINT('',(11.4965632014131,-9.69650959860384,-17.));
#7799=CARTESIAN_POINT('Origin',(11.4965854028473,-7.49658540284727,-17.));
#7800=CARTESIAN_POINT('',(2.75,-9.69650959860384,-17.));
#7801=CARTESIAN_POINT('',(-13.7,-9.69650959860384,-17.));
#7802=CARTESIAN_POINT('',(2.75,-9.27161710933153,-17.));
#7803=CARTESIAN_POINT('',(2.75,-9.36000828407052,-17.));
#7804=CARTESIAN_POINT('',(-2.75,-9.27161710933153,-17.));
#7805=CARTESIAN_POINT('',(-11.3077324858808,-9.27161710933153,-17.));
#7806=CARTESIAN_POINT('',(-2.75,-9.69650959860384,-17.));
#7807=CARTESIAN_POINT('',(-2.75,-9.36000828407052,-17.));
#7808=CARTESIAN_POINT('',(-11.4965632014131,-9.69650959860384,-17.));
#7809=CARTESIAN_POINT('',(-13.7,-9.69650959860384,-17.));
#7810=CARTESIAN_POINT('',(-13.6965095986038,-7.49656320141312,-17.));
#7811=CARTESIAN_POINT('Origin',(-11.4965854028473,-7.49658540284727,-17.));
#7812=CARTESIAN_POINT('',(-13.6965095986038,7.49656320141312,-17.));
#7813=CARTESIAN_POINT('',(-13.6965095986038,9.7,-17.));
#7814=CARTESIAN_POINT('',(-11.4965632014131,9.69650959860384,-17.));
#7815=CARTESIAN_POINT('Origin',(-11.4965854028473,7.49658540284726,-17.));
#7816=CARTESIAN_POINT('',(-2.91183650964577,9.69650959860384,-17.));
#7817=CARTESIAN_POINT('',(13.7,9.69650959860384,-17.));
#7818=CARTESIAN_POINT('',(-2.91183650964577,9.7001,-17.));
#7819=CARTESIAN_POINT('Origin',(2.03020160610344,9.7001,-22.));
#7820=CARTESIAN_POINT('',(3.,9.67859259966289,-16.5));
#7821=CARTESIAN_POINT('',(2.6761209992944,7.05535736121635,-18.3368090884576));
#7822=CARTESIAN_POINT('',(3.,9.7,-16.5));
#7823=CARTESIAN_POINT('',(3.,9.7001,-16.5));
#7824=CARTESIAN_POINT('',(3.32262923063789,9.71277292349176,-14.6702787098061));
#7825=CARTESIAN_POINT('Origin',(3.,6.98110416707193,-18.3888017347336));
#7826=CARTESIAN_POINT('',(3.,9.75,-16.45));
#7827=CARTESIAN_POINT('',(3.,9.75,-16.45));
#7828=CARTESIAN_POINT('',(-3.,9.67859259966289,-16.5));
#7829=CARTESIAN_POINT('',(-3.00176377349316,9.69287815930027,-16.4899971434544));
#7830=CARTESIAN_POINT('',(-3.,9.75,-16.45));
#7831=CARTESIAN_POINT('',(-3.,9.75,-16.45));
#7832=CARTESIAN_POINT('',(-11.75,9.75,-16.45));
#7833=CARTESIAN_POINT('Origin',(-3.,9.7001,-16.5));
#7834=CARTESIAN_POINT('',(-3.,9.7,-16.5));
#7835=CARTESIAN_POINT('',(-2.49645718208853,9.68006468950352,-19.3557332286204));
#7836=CARTESIAN_POINT('',(-3.,9.7001,-16.5));
#7837=CARTESIAN_POINT('Origin',(-11.75,-9.75,-17.));
#7838=CARTESIAN_POINT('',(-11.2,-9.75,-16.5));
#7839=CARTESIAN_POINT('',(-11.2,-9.75,-5.));
#7840=CARTESIAN_POINT('',(-11.2,-9.75,-16.5));
#7841=CARTESIAN_POINT('',(11.2,-9.75,-16.5));
#7842=CARTESIAN_POINT('',(-11.75,-9.75,-16.5));
#7843=CARTESIAN_POINT('',(11.2,-9.75,-5.));
#7844=CARTESIAN_POINT('',(11.2,-9.75,-16.5));
#7845=CARTESIAN_POINT('',(11.75,-9.75,-5.));
#7846=CARTESIAN_POINT('',(-11.75,-9.75,-5.));
#7847=CARTESIAN_POINT('',(11.75,-9.75,-17.));
#7848=CARTESIAN_POINT('',(-11.75,-9.75,-5.));
#7849=CARTESIAN_POINT('',(-11.75,-9.75,-17.));
#7850=CARTESIAN_POINT('',(-11.75,-9.75,-5.));
#7851=CARTESIAN_POINT('Origin',(13.7,9.7,-16.5));
#7852=CARTESIAN_POINT('',(11.5000536028093,9.7,-16.5));
#7853=CARTESIAN_POINT('',(-13.7,9.7,-16.5));
#7854=CARTESIAN_POINT('',(11.5001607992862,9.70010719647691,-16.4846441046825));
#7855=CARTESIAN_POINT('Origin',(-11.75,9.75,-17.));
#7856=CARTESIAN_POINT('',(11.2,9.75,-16.5));
#7857=CARTESIAN_POINT('',(3.,9.75,-16.5));
#7858=CARTESIAN_POINT('',(-11.75,9.75,-16.5));
#7859=CARTESIAN_POINT('',(3.,9.75,-18.45));
#7860=CARTESIAN_POINT('',(-3.,9.75,-16.5));
#7861=CARTESIAN_POINT('',(-3.,9.75,-17.));
#7862=CARTESIAN_POINT('',(-11.2,9.75,-16.5));
#7863=CARTESIAN_POINT('',(11.2,9.75,-16.5));
#7864=CARTESIAN_POINT('',(-11.2,9.75,-5.));
#7865=CARTESIAN_POINT('',(-11.2,9.75,-16.5));
#7866=CARTESIAN_POINT('',(-11.75,9.75,-5.));
#7867=CARTESIAN_POINT('',(-11.75,9.75,-5.));
#7868=CARTESIAN_POINT('',(-11.75,9.75,-17.));
#7869=CARTESIAN_POINT('',(11.75,9.75,-5.));
#7870=CARTESIAN_POINT('',(11.75,9.75,-17.));
#7871=CARTESIAN_POINT('',(11.2,9.75,-5.));
#7872=CARTESIAN_POINT('',(-11.75,9.75,-5.));
#7873=CARTESIAN_POINT('',(11.2,9.75,-16.5));
#7874=CARTESIAN_POINT('Origin',(-13.7,-9.7,-16.5));
#7875=CARTESIAN_POINT('',(-2.75,-9.7,-16.5));
#7876=CARTESIAN_POINT('',(-2.75,-9.7,-16.5));
#7877=CARTESIAN_POINT('',(-11.5000536028093,-9.7,-16.5));
#7878=CARTESIAN_POINT('',(-13.7,-9.7,-16.5));
#7879=CARTESIAN_POINT('',(-11.5001607992862,-9.70010719647691,-16.4846441046825));
#7880=CARTESIAN_POINT('Origin',(-2.75,-9.36000828407052,-16.4976265848801));
#7881=CARTESIAN_POINT('',(-2.75,-9.26725367543615,-16.5));
#7882=CARTESIAN_POINT('',(-2.75,-9.26724002802157,-16.4984361611858));
#7883=CARTESIAN_POINT('',(-2.75,9.7,-16.5));
#7884=CARTESIAN_POINT('Origin',(-11.5001607992862,7.50016079928619,-16.46928671273));
#7885=CARTESIAN_POINT('',(-13.7,7.50005360280928,-16.5));
#7886=CARTESIAN_POINT('',(-13.7001071964769,7.50016079928619,-16.4846441046825));
#7887=CARTESIAN_POINT('',(-11.7311522005842,9.68782871100864,-16.5));
#7888=CARTESIAN_POINT('Origin',(-11.5000789487353,7.50007694615445,-16.5));
#7889=CARTESIAN_POINT('',(-11.5000536028093,9.7,-16.5));
#7890=CARTESIAN_POINT('Origin',(-11.500053898536,7.49996327738254,-16.4999999999984));
#7891=CARTESIAN_POINT('',(-11.498825683362,9.69877208055267,-16.6758994608301));
#7892=CARTESIAN_POINT('Origin',(2.75,-9.36000828407052,-16.4976265848801));
#7893=CARTESIAN_POINT('',(2.75,-9.26725367543615,-16.5));
#7894=CARTESIAN_POINT('',(2.75,-9.26724002802157,-16.4984361611858));
#7895=CARTESIAN_POINT('',(2.75,-9.69999999999999,-16.5));
#7896=CARTESIAN_POINT('',(2.75,-9.69999999999999,-16.5));
#7897=CARTESIAN_POINT('',(2.74999999999999,9.7,-16.5));
#7898=CARTESIAN_POINT('Origin',(-11.75,-7.75,-17.));
#7899=CARTESIAN_POINT('',(-13.75,-7.74999999999999,-5.));
#7900=CARTESIAN_POINT('Origin',(-11.75,-7.75,-5.));
#7901=CARTESIAN_POINT('',(-13.75,-7.74999999999999,-17.));
#7902=CARTESIAN_POINT('Origin',(-11.75,7.75,-17.));
#7903=CARTESIAN_POINT('',(-13.75,7.74999999999999,-5.));
#7904=CARTESIAN_POINT('Origin',(-11.75,7.75,-5.));
#7905=CARTESIAN_POINT('',(-13.75,7.74999999999999,-17.));
#7906=CARTESIAN_POINT('Origin',(13.7,9.7,-16.5));
#7907=CARTESIAN_POINT('',(-13.7,9.7,-16.5));
#7908=CARTESIAN_POINT('Origin',(-11.5001607992862,-7.50016079928619,-16.46928671273));
#7909=CARTESIAN_POINT('',(-11.7311522005842,-9.68782871100864,-16.5));
#7910=CARTESIAN_POINT('Origin',(-11.500053898536,-7.49996327738334,-16.4999999999984));
#7911=CARTESIAN_POINT('',(-13.7,-7.50005360280928,-16.5));
#7912=CARTESIAN_POINT('Origin',(-11.5000789487353,-7.50007694615444,-16.5));
#7913=CARTESIAN_POINT('',(-13.6991618954211,-7.49921549823034,-16.620058480933));
#7914=CARTESIAN_POINT('Origin',(-11.3077324858808,-9.50767888307155,-44.05));
#7915=CARTESIAN_POINT('',(-11.3077324858808,-9.26725367543615,-16.5));
#7916=CARTESIAN_POINT('Origin',(-13.75,7.74999999999999,-17.));
#7917=CARTESIAN_POINT('',(-13.75,7.74999999999999,-5.));
#7918=CARTESIAN_POINT('Origin',(13.7,-9.7,-16.5));
#7919=CARTESIAN_POINT('',(13.7,7.50005360280928,-16.5));
#7920=CARTESIAN_POINT('',(13.6991618954211,7.49921549823035,-16.620058480933));
#7921=CARTESIAN_POINT('',(13.7,-7.50005360280928,-16.5));
#7922=CARTESIAN_POINT('',(13.7,9.7,-16.5));
#7923=CARTESIAN_POINT('',(13.7001071964769,-7.50016079928619,-16.4846441046825));
#7924=CARTESIAN_POINT('Origin',(-13.7,-9.7,-16.5));
#7925=CARTESIAN_POINT('',(11.5000536028093,-9.7,-16.5));
#7926=CARTESIAN_POINT('',(11.498825683362,-9.69877208055267,-16.6758994608301));
#7927=CARTESIAN_POINT('',(-13.7,-9.7,-16.5));
#7928=CARTESIAN_POINT('Origin',(13.75,7.74999999999999,-17.));
#7929=CARTESIAN_POINT('',(13.75,-7.74999999999999,-5.));
#7930=CARTESIAN_POINT('',(13.75,7.74999999999999,-5.));
#7931=CARTESIAN_POINT('',(13.75,7.74999999999999,-5.));
#7932=CARTESIAN_POINT('',(13.75,7.74999999999999,-17.));
#7933=CARTESIAN_POINT('',(13.75,-7.74999999999999,-17.));
#7934=CARTESIAN_POINT('Origin',(11.5001607992862,-7.50016079928619,-16.46928671273));
#7935=CARTESIAN_POINT('',(11.7311522005842,-9.68782871100863,-16.5));
#7936=CARTESIAN_POINT('Origin',(11.5000789487353,-7.50007694615443,-16.5));
#7937=CARTESIAN_POINT('Origin',(11.500053898536,-7.49996327738265,-16.5000000000032));
#7938=CARTESIAN_POINT('Origin',(-13.7,9.7,-16.5));
#7939=CARTESIAN_POINT('',(-13.7,9.7,-16.5));
#7940=CARTESIAN_POINT('Origin',(11.5001607992862,7.50016079928619,-16.46928671273));
#7941=CARTESIAN_POINT('',(11.7311522005842,9.68782871100863,-16.5));
#7942=CARTESIAN_POINT('Origin',(11.500053898536,7.49996327738339,-16.4999999999984));
#7943=CARTESIAN_POINT('Origin',(11.5000789487353,7.50007694615444,-16.5));
#7944=CARTESIAN_POINT('Origin',(11.75,7.75,-17.));
#7945=CARTESIAN_POINT('Origin',(11.75,7.75,-5.));
#7946=CARTESIAN_POINT('Origin',(11.75,-7.75,-17.));
#7947=CARTESIAN_POINT('Origin',(11.75,-7.75,-5.));
#7948=CARTESIAN_POINT('Origin',(3.,9.75,-18.45));
#7949=CARTESIAN_POINT('',(3.,7.45,-16.5));
#7950=CARTESIAN_POINT('Origin',(-3.,8.32185199325786,-20.3035880702449));
#7951=CARTESIAN_POINT('',(-3.,7.45,-16.5));
#7952=CARTESIAN_POINT('Origin',(-20.2,-5.75953269231712E-15,-5.));
#7953=CARTESIAN_POINT('',(13.5,7.45,-5.));
#7954=CARTESIAN_POINT('Origin',(11.2,7.45,-5.));
#7955=CARTESIAN_POINT('',(13.5,-7.45,-5.));
#7956=CARTESIAN_POINT('Origin',(11.2,-7.45,-5.));
#7957=CARTESIAN_POINT('',(13.5,7.45,-5.));
#7958=CARTESIAN_POINT('Origin',(11.2,7.45,-16.5));
#7959=CARTESIAN_POINT('Origin',(11.2,-7.45,-16.5));
#7960=CARTESIAN_POINT('Origin',(-11.2,-7.45,-16.5));
#7961=CARTESIAN_POINT('Origin',(-11.2,-7.45,-16.5));
#7962=CARTESIAN_POINT('',(-13.5,-7.45,-5.));
#7963=CARTESIAN_POINT('Origin',(-11.2,-7.45,-5.));
#7964=CARTESIAN_POINT('',(-13.5,-7.45,-16.5));
#7965=CARTESIAN_POINT('',(-13.5,-7.45,-16.5));
#7966=CARTESIAN_POINT('Origin',(-11.2,-7.45,-16.5));
#7967=CARTESIAN_POINT('Origin',(-20.2,-5.75953269231712E-15,-5.));
#7968=CARTESIAN_POINT('',(-13.5,7.45,-5.));
#7969=CARTESIAN_POINT('Origin',(-11.2,7.45,-5.));
#7970=CARTESIAN_POINT('',(-13.5,7.45,-5.));
#7971=CARTESIAN_POINT('Origin',(11.2,-7.45,-16.5));
#7972=CARTESIAN_POINT('',(13.5,-7.45000000000001,-16.5));
#7973=CARTESIAN_POINT('Origin',(11.2,-7.45,-16.5));
#7974=CARTESIAN_POINT('',(13.5,-7.45000000000001,-16.5));
#7975=CARTESIAN_POINT('Origin',(11.2,7.45,-16.5));
#7976=CARTESIAN_POINT('Origin',(11.2,7.45,-16.5));
#7977=CARTESIAN_POINT('Origin',(11.2,7.45,-16.5));
#7978=CARTESIAN_POINT('Origin',(-11.2,7.45,-16.5));
#7979=CARTESIAN_POINT('Origin',(11.2,7.45,-16.5));
#7980=CARTESIAN_POINT('',(13.5,7.45,-16.5));
#7981=CARTESIAN_POINT('',(13.5,7.45,-16.5));
#7982=CARTESIAN_POINT('Origin',(11.2,7.45,-16.5));
#7983=CARTESIAN_POINT('Origin',(-11.2,7.45,-16.5));
#7984=CARTESIAN_POINT('',(-13.5,7.45,-16.5));
#7985=CARTESIAN_POINT('Origin',(-11.2,7.45,-16.5));
#7986=CARTESIAN_POINT('',(-13.5,7.45,-16.5));
#7987=CARTESIAN_POINT('Origin',(-13.7,9.7,-16.5));
#7988=CARTESIAN_POINT('',(-13.5,9.7,-16.5));
#7989=CARTESIAN_POINT('Origin',(-13.7,9.7,-16.5));
#7990=CARTESIAN_POINT('',(13.5,9.69999999999999,-16.5));
#7991=CARTESIAN_POINT('Origin',(13.5,7.45,-16.5));
#7992=CARTESIAN_POINT('Origin',(-13.5,7.45,-16.5));
#7993=CARTESIAN_POINT('Origin',(-13.3013912874571,9.7,-44.95));
#7994=CARTESIAN_POINT('',(-13.5013864144744,7.30144001728369,-44.9513961265411));
#7995=CARTESIAN_POINT('',(-13.3013912874571,7.30144001728369,-45.15));
#7996=CARTESIAN_POINT('Origin',(-13.3013912874571,7.30144001728369,-44.95));
#7997=CARTESIAN_POINT('',(-13.3013912874571,-7.30144001728369,-45.15));
#7998=CARTESIAN_POINT('',(-13.3013912874571,7.30005360280928,-45.15));
#7999=CARTESIAN_POINT('',(-13.5013864144744,-7.30144001728369,-44.9513961265411));
#8000=CARTESIAN_POINT('Origin',(-13.3013912874571,-7.30144001728369,-44.95));
#8001=CARTESIAN_POINT('',(-13.5013864144744,-7.30005360280928,-44.9513961265411));
#8002=CARTESIAN_POINT('Ctrl Pts',(-11.3002010364788,9.30119713393089,-45.1499999049513));
#8003=CARTESIAN_POINT('Ctrl Pts',(-11.300184849078,9.32732542247646,-45.1500255389915));
#8004=CARTESIAN_POINT('Ctrl Pts',(-11.3001686649466,9.35344843396776,-45.1448658464123));
#8005=CARTESIAN_POINT('Ctrl Pts',(-11.3001536989789,9.37760519197678,-45.1349091123389));
#8006=CARTESIAN_POINT('Ctrl Pts',(-11.3001387700073,9.40170223411166,-45.124976991464));
#8007=CARTESIAN_POINT('Ctrl Pts',(-11.3001250647256,9.42382410306933,-45.1102791948059));
#8008=CARTESIAN_POINT('Ctrl Pts',(-11.3001136070587,9.44231806874191,-45.0919137982596));
#8009=CARTESIAN_POINT('Ctrl Pts',(-11.3001021493918,9.46081203441448,-45.0735484017134));
#8010=CARTESIAN_POINT('Ctrl Pts',(-11.3000929481973,9.47566379952129,-45.0515296031657));
#8011=CARTESIAN_POINT('Ctrl Pts',(-11.3000866908988,9.48576378514773,-45.0275024323094));
#8012=CARTESIAN_POINT('Ctrl Pts',(-11.3000804336003,9.49586377077416,-45.0034752614531));
#8013=CARTESIAN_POINT('Ctrl Pts',(-11.300077125035,9.50120416884207,-44.977458293169));
#8014=CARTESIAN_POINT('Ctrl Pts',(-11.3000770123868,9.50138599693763,-44.9513952613648));
#8015=CARTESIAN_POINT('Ctrl Pts',(-11.4315001700321,9.30127879798902,-45.1499999050077));
#8016=CARTESIAN_POINT('Ctrl Pts',(-11.4331994228823,9.32740049059085,-45.1500255238291));
#8017=CARTESIAN_POINT('Ctrl Pts',(-11.4348983325337,9.35351691652624,-45.1448688948179));
#8018=CARTESIAN_POINT('Ctrl Pts',(-11.4364693662031,9.37766871785322,-45.1349178499739));
#8019=CARTESIAN_POINT('Ctrl Pts',(-11.4380365162534,9.40176081555905,-45.1249914042644));
#8020=CARTESIAN_POINT('Ctrl Pts',(-11.4394752102199,9.42387938651274,-45.1103018821068));
#8021=CARTESIAN_POINT('Ctrl Pts',(-11.4406779623335,9.44237289460439,-45.0919461116262));
#8022=CARTESIAN_POINT('Ctrl Pts',(-11.4418807144472,9.46086640269604,-45.0735903411456));
#8023=CARTESIAN_POINT('Ctrl Pts',(-11.442846594876,9.47572056770829,-45.0515824961939));
#8024=CARTESIAN_POINT('Ctrl Pts',(-11.4435034420602,9.4858262676131,-45.0275658449434));
#8025=CARTESIAN_POINT('Ctrl Pts',(-11.4441602892443,9.49593196751792,-45.0035491936929));
#8026=CARTESIAN_POINT('Ctrl Pts',(-11.4445075953838,9.50128139894506,-44.9775422811833));
#8027=CARTESIAN_POINT('Ctrl Pts',(-11.444519413009,9.5014751333553,-44.9514869756166));
#8028=CARTESIAN_POINT('Ctrl Pts',(-11.5628033907659,9.28838775698203,-45.1499999050586));
#8029=CARTESIAN_POINT('Ctrl Pts',(-11.5662166361841,9.31433413675743,-45.1500255101703));
#8030=CARTESIAN_POINT('Ctrl Pts',(-11.5696291940304,9.34027529339361,-45.1448716409249));
#8031=CARTESIAN_POINT('Ctrl Pts',(-11.5727851162107,9.36426603519403,-45.1349257215139));
#8032=CARTESIAN_POINT('Ctrl Pts',(-11.5759332369033,9.38819747151491,-45.1250043885674));
#8033=CARTESIAN_POINT('Ctrl Pts',(-11.5788235597402,9.41016966442459,-45.110322321145));
#8034=CARTESIAN_POINT('Ctrl Pts',(-11.581240335524,9.42854286485683,-45.0919752243045));
#8035=CARTESIAN_POINT('Ctrl Pts',(-11.5836571113078,9.44691606528907,-45.073628127464));
#8036=CARTESIAN_POINT('Ctrl Pts',(-11.5855984749881,9.46167610103265,-45.0516301534444));
#8037=CARTESIAN_POINT('Ctrl Pts',(-11.5869195127329,9.47172145447784,-45.0276229846638));
#8038=CARTESIAN_POINT('Ctrl Pts',(-11.5882405504777,9.48176680792303,-45.0036158158833));
#8039=CARTESIAN_POINT('Ctrl Pts',(-11.5889402428277,9.48708973055971,-44.9776179705418));
#8040=CARTESIAN_POINT('Ctrl Pts',(-11.5889663609182,9.48729298106704,-44.9515696367334));
#8041=CARTESIAN_POINT('Ctrl Pts',(-11.6915785749356,9.26277339285505,-45.1499999051029));
#8042=CARTESIAN_POINT('Ctrl Pts',(-11.6966718279014,9.28837947156111,-45.1500254982744));
#8043=CARTESIAN_POINT('Ctrl Pts',(-11.7017640569333,9.31398040248975,-45.144874032593));
#8044=CARTESIAN_POINT('Ctrl Pts',(-11.7064735920842,9.33765735876006,-45.134932577282));
#8045=CARTESIAN_POINT('Ctrl Pts',(-11.7111714851925,9.36127578523343,-45.1250156974002));
#8046=CARTESIAN_POINT('Ctrl Pts',(-11.7154849536827,9.38296153585235,-45.1103401229531));
#8047=CARTESIAN_POINT('Ctrl Pts',(-11.7190922334954,9.40109695763852,-45.0920005814017));
#8048=CARTESIAN_POINT('Ctrl Pts',(-11.7226995133081,9.41923237942469,-45.0736610398503));
#8049=CARTESIAN_POINT('Ctrl Pts',(-11.7255978244796,9.43380349624774,-45.0516716646306));
#8050=CARTESIAN_POINT('Ctrl Pts',(-11.7275709668987,9.4437233726845,-45.0276727576597));
#8051=CARTESIAN_POINT('Ctrl Pts',(-11.7295441093179,9.45364324912126,-45.0036738506888));
#8052=CARTESIAN_POINT('Ctrl Pts',(-11.7305905623749,9.45890424038198,-44.9776839068137));
#8053=CARTESIAN_POINT('Ctrl Pts',(-11.7306322656913,9.45911390175351,-44.9516416511843));
#8054=CARTESIAN_POINT('Ctrl Pts',(-11.8199487044499,9.23723959718153,-45.149999905147));
#8055=CARTESIAN_POINT('Ctrl Pts',(-11.8267166805999,9.26250644521495,-45.1500254864159));
#8056=CARTESIAN_POINT('Ctrl Pts',(-11.8334832975119,9.28776822059571,-45.1448764167382));
#8057=CARTESIAN_POINT('Ctrl Pts',(-11.8397415588366,9.31113237832955,-45.1349394114857));
#8058=CARTESIAN_POINT('Ctrl Pts',(-11.845984349644,9.33443877950922,-45.1250269706618));
#8059=CARTESIAN_POINT('Ctrl Pts',(-11.8517164873677,9.35583898882449,-45.1103578687668));
#8060=CARTESIAN_POINT('Ctrl Pts',(-11.85651052655,9.37373737988314,-45.0920258587397));
#8061=CARTESIAN_POINT('Ctrl Pts',(-11.8613045657322,9.39163577094178,-45.0736938487127));
#8062=CARTESIAN_POINT('Ctrl Pts',(-11.8651568143738,9.4060185630775,-45.0517130452459));
#8063=CARTESIAN_POINT('Ctrl Pts',(-11.8677800103109,9.41581335718626,-45.0277223740976));
#8064=CARTESIAN_POINT('Ctrl Pts',(-11.870403206248,9.42560815129503,-45.0037317029492));
#8065=CARTESIAN_POINT('Ctrl Pts',(-11.871795329297,9.43080740598125,-44.9777496356871));
#8066=CARTESIAN_POINT('Ctrl Pts',(-11.871852568817,9.43102345805197,-44.9517134391181));
#8067=CARTESIAN_POINT('Ctrl Pts',(-11.9458003282891,9.1990636559821,-45.1499999051846));
#8068=CARTESIAN_POINT('Ctrl Pts',(-11.9542091804693,9.22382734100985,-45.1500254763099));
#8069=CARTESIAN_POINT('Ctrl Pts',(-11.9626163460746,9.24858606013693,-45.1448784485622));
#8070=CARTESIAN_POINT('Ctrl Pts',(-11.9703921834811,9.27148567027592,-45.1349452359841));
#8071=CARTESIAN_POINT('Ctrl Pts',(-11.978148798899,9.29432867222947,-45.1250365784589));
#8072=CARTESIAN_POINT('Ctrl Pts',(-11.9852712353289,9.3153041714166,-45.1103729930972));
#8073=CARTESIAN_POINT('Ctrl Pts',(-11.9912286043856,9.33284881076042,-45.0920474029107));
#8074=CARTESIAN_POINT('Ctrl Pts',(-11.9971859734423,9.35039345010423,-45.0737218127241));
#8075=CARTESIAN_POINT('Ctrl Pts',(-12.0019736912974,9.3644937319079,-45.0517483164544));
#8076=CARTESIAN_POINT('Ctrl Pts',(-12.0052348935534,9.3740987264068,-45.0277646677195));
#8077=CARTESIAN_POINT('Ctrl Pts',(-12.0084960958093,9.38370372090569,-45.0037810189847));
#8078=CARTESIAN_POINT('Ctrl Pts',(-12.0102282731713,9.38880603864451,-44.9778056695385));
#8079=CARTESIAN_POINT('Ctrl Pts',(-12.0103023134671,9.38902539085036,-44.9517746437079));
#8080=CARTESIAN_POINT('Ctrl Pts',(-12.0667215513539,9.14897719341931,-45.149999905215));
#8081=CARTESIAN_POINT('Ctrl Pts',(-12.0767065848017,9.17308354063774,-45.1500254681466));
#8082=CARTESIAN_POINT('Ctrl Pts',(-12.0866896177425,9.19718505813581,-45.1448800897948));
#8083=CARTESIAN_POINT('Ctrl Pts',(-12.0959232611023,9.21947736332289,-45.1349499408858));
#8084=CARTESIAN_POINT('Ctrl Pts',(-12.105134078755,9.24171456159162,-45.1250443394564));
#8085=CARTESIAN_POINT('Ctrl Pts',(-12.1135921254027,9.26213438395317,-45.1103852103248));
#8086=CARTESIAN_POINT('Ctrl Pts',(-12.1206671913354,9.27921534786366,-45.0920648063367));
#8087=CARTESIAN_POINT('Ctrl Pts',(-12.1277422572682,9.29629631177415,-45.0737444023485));
#8088=CARTESIAN_POINT('Ctrl Pts',(-12.1334289027352,9.31002528432609,-45.05177680937));
#8089=CARTESIAN_POINT('Ctrl Pts',(-12.1373034153428,9.31937931871253,-45.0277988344534));
#8090=CARTESIAN_POINT('Ctrl Pts',(-12.1411779279504,9.32873335309898,-45.0038208595367));
#8091=CARTESIAN_POINT('Ctrl Pts',(-12.1432373287323,9.33370525735646,-44.9778509384405));
#8092=CARTESIAN_POINT('Ctrl Pts',(-12.143328171577,9.33392457451414,-44.9518240919947));
#8093=CARTESIAN_POINT('Ctrl Pts',(-12.1876427744187,9.09889073085651,-45.1499999052454));
#8094=CARTESIAN_POINT('Ctrl Pts',(-12.1992039891342,9.12233974026562,-45.1500254599832));
#8095=CARTESIAN_POINT('Ctrl Pts',(-12.2107628894103,9.1457840561347,-45.1448817310273));
#8096=CARTESIAN_POINT('Ctrl Pts',(-12.2214543387235,9.16746905636986,-45.1349546457876));
#8097=CARTESIAN_POINT('Ctrl Pts',(-12.232119358611,9.18910045095377,-45.1250521004539));
#8098=CARTESIAN_POINT('Ctrl Pts',(-12.2419130154765,9.20896459648975,-45.1103974275523));
#8099=CARTESIAN_POINT('Ctrl Pts',(-12.2501057782853,9.22558188496691,-45.0920822097626));
#8100=CARTESIAN_POINT('Ctrl Pts',(-12.2582985410941,9.24219917344407,-45.073766991973));
#8101=CARTESIAN_POINT('Ctrl Pts',(-12.264884114173,9.25555683674428,-45.0518053022857));
#8102=CARTESIAN_POINT('Ctrl Pts',(-12.2693719371323,9.26465991101827,-45.0278330011873));
#8103=CARTESIAN_POINT('Ctrl Pts',(-12.2738597600915,9.27376298529225,-45.0038607000889));
#8104=CARTESIAN_POINT('Ctrl Pts',(-12.2762463842934,9.27860447606842,-44.9778962073425));
#8105=CARTESIAN_POINT('Ctrl Pts',(-12.2763540296868,9.27882375817791,-44.9518735402816));
#8106=CARTESIAN_POINT('Ctrl Pts',(-12.303627617362,9.03689622359695,-45.1499999052685));
#8107=CARTESIAN_POINT('Ctrl Pts',(-12.3167002483808,9.05953375280609,-45.1500254537631));
#8108=CARTESIAN_POINT('Ctrl Pts',(-12.3297702644378,9.08216675407742,-45.1448829815945));
#8109=CARTESIAN_POINT('Ctrl Pts',(-12.3418596834824,9.10310172196579,-45.1349582308787));
#8110=CARTESIAN_POINT('Ctrl Pts',(-12.3539192172989,9.12398493829433,-45.1250580142981));
#8111=CARTESIAN_POINT('Ctrl Pts',(-12.3649937340754,9.14316246774014,-45.1104067371185));
#8112=CARTESIAN_POINT('Ctrl Pts',(-12.3742585066811,9.15920617998583,-45.0920954716404));
#8113=CARTESIAN_POINT('Ctrl Pts',(-12.3835232792869,9.17524989223152,-45.0737842061623));
#8114=CARTESIAN_POINT('Ctrl Pts',(-12.3909711920576,9.18814746575046,-45.051827015576));
#8115=CARTESIAN_POINT('Ctrl Pts',(-12.3960475936297,9.19693843188363,-45.0278590394135));
#8116=CARTESIAN_POINT('Ctrl Pts',(-12.4011239952017,9.20572939801681,-45.003891063251));
#8117=CARTESIAN_POINT('Ctrl Pts',(-12.4038249867238,9.21040700532621,-44.9779307090993));
#8118=CARTESIAN_POINT('Ctrl Pts',(-12.403949423419,9.21062291732179,-44.9519112298204));
#8119=CARTESIAN_POINT('Ctrl Pts',(-12.4124532775878,8.96418176982867,-45.149999905284));
#8120=CARTESIAN_POINT('Ctrl Pts',(-12.4269441913047,8.98586910657425,-45.150025449603));
#8121=CARTESIAN_POINT('Ctrl Pts',(-12.4414322078766,9.00755210740558,-45.1448838179756));
#8122=CARTESIAN_POINT('Ctrl Pts',(-12.4548334310556,9.02760859559969,-45.1349606286081));
#8123=CARTESIAN_POINT('Ctrl Pts',(-12.4682015262065,9.04761550384915,-45.125061969516));
#8124=CARTESIAN_POINT('Ctrl Pts',(-12.4804779309672,9.06598857053567,-45.1104129634314));
#8125=CARTESIAN_POINT('Ctrl Pts',(-12.4907485727294,9.08135977975277,-45.0921043413509));
#8126=CARTESIAN_POINT('Ctrl Pts',(-12.5010192144915,9.09673098896986,-45.0737957192705));
#8127=CARTESIAN_POINT('Ctrl Pts',(-12.5092762078619,9.10908853930983,-45.0518415378315));
#8128=CARTESIAN_POINT('Ctrl Pts',(-12.5149047562764,9.11751231625296,-45.027876454434));
#8129=CARTESIAN_POINT('Ctrl Pts',(-12.5205333046908,9.12593609319609,-45.0039113710366));
#8130=CARTESIAN_POINT('Ctrl Pts',(-12.5235290867721,9.13041962929895,-44.9779537851258));
#8131=CARTESIAN_POINT('Ctrl Pts',(-12.5236690435388,9.13062909086841,-44.9519364383079));
#8132=CARTESIAN_POINT('Ctrl Pts',(-12.5212789378137,8.89146731606038,-45.1499999052995));
#8133=CARTESIAN_POINT('Ctrl Pts',(-12.5371881342287,8.91220446034241,-45.1500254454429));
#8134=CARTESIAN_POINT('Ctrl Pts',(-12.5530941513155,8.93293746073373,-45.1448846543567));
#8135=CARTESIAN_POINT('Ctrl Pts',(-12.5678071786288,8.95211546923358,-45.1349630263374));
#8136=CARTESIAN_POINT('Ctrl Pts',(-12.5824838351142,8.97124606940398,-45.1250659247339));
#8137=CARTESIAN_POINT('Ctrl Pts',(-12.595962127859,8.98881467333121,-45.1104191897443));
#8138=CARTESIAN_POINT('Ctrl Pts',(-12.6072386387776,9.00351337951971,-45.0921132110615));
#8139=CARTESIAN_POINT('Ctrl Pts',(-12.6185151496962,9.0182120857082,-45.0738072323786));
#8140=CARTESIAN_POINT('Ctrl Pts',(-12.6275812236662,9.03002961286921,-45.0518560600869));
#8141=CARTESIAN_POINT('Ctrl Pts',(-12.633761918923,9.03808620062229,-45.0278938694545));
#8142=CARTESIAN_POINT('Ctrl Pts',(-12.6399426141799,9.04614278837537,-45.0039316788222));
#8143=CARTESIAN_POINT('Ctrl Pts',(-12.6432331868204,9.05043225327168,-44.9779768611523));
#8144=CARTESIAN_POINT('Ctrl Pts',(-12.6433886636587,9.05063526441502,-44.9519616467954));
#8145=CARTESIAN_POINT('Ctrl Pts',(-12.6229400340787,8.80803651137616,-45.1499999053073));
#8146=CARTESIAN_POINT('Ctrl Pts',(-12.6401743165739,8.82768479491735,-45.1500254433432));
#8147=CARTESIAN_POINT('Ctrl Pts',(-12.6574051559015,8.8473291530074,-45.1448850765142));
#8148=CARTESIAN_POINT('Ctrl Pts',(-12.6733437623998,8.86550027558329,-45.1349642365965));
#8149=CARTESIAN_POINT('Ctrl Pts',(-12.6892429684197,8.8836264788671,-45.1250679211462));
#8150=CARTESIAN_POINT('Ctrl Pts',(-12.7038441216794,8.90027281150988,-45.1104223325208));
#8151=CARTESIAN_POINT('Ctrl Pts',(-12.7160603124701,8.91420012066914,-45.0921176881971));
#8152=CARTESIAN_POINT('Ctrl Pts',(-12.7282765032608,8.9281274298284,-45.0738130438735));
#8153=CARTESIAN_POINT('Ctrl Pts',(-12.7380983570145,8.93932502784304,-45.0518633906307));
#8154=CARTESIAN_POINT('Ctrl Pts',(-12.7447947350318,8.94695936562409,-45.0279026604459));
#8155=CARTESIAN_POINT('Ctrl Pts',(-12.7514911130491,8.95459370340514,-45.0039419302612));
#8156=CARTESIAN_POINT('Ctrl Pts',(-12.7550568766045,8.95865892244728,-44.9779885103305));
#8157=CARTESIAN_POINT('Ctrl Pts',(-12.7552265902931,8.95885240788394,-44.951974372985));
#8158=CARTESIAN_POINT('Ctrl Pts',(-12.7154882727274,8.71548827272743,-45.1499999053073));
#8159=CARTESIAN_POINT('Ctrl Pts',(-12.7339295557456,8.73392955574564,-45.1500254433432));
#8160=CARTESIAN_POINT('Ctrl Pts',(-12.7523671544545,8.75236715445447,-45.1448850765142));
#8161=CARTESIAN_POINT('Ctrl Pts',(-12.7694220189915,8.76942201899152,-45.1349642365965));
#8162=CARTESIAN_POINT('Ctrl Pts',(-12.7864347236434,8.78643472364339,-45.1250679211462));
#8163=CARTESIAN_POINT('Ctrl Pts',(-12.8020584665946,8.80205846659463,-45.1104223325208));
#8164=CARTESIAN_POINT('Ctrl Pts',(-12.8151302165696,8.81513021656962,-45.0921176881971));
#8165=CARTESIAN_POINT('Ctrl Pts',(-12.8282019665446,8.82820196654461,-45.0738130438735));
#8166=CARTESIAN_POINT('Ctrl Pts',(-12.8387116924288,8.83871169242877,-45.0518633906307));
#8167=CARTESIAN_POINT('Ctrl Pts',(-12.8458770503279,8.84587705032794,-45.0279026604459));
#8168=CARTESIAN_POINT('Ctrl Pts',(-12.8530424082271,8.85304240822711,-45.0039419302612));
#8169=CARTESIAN_POINT('Ctrl Pts',(-12.8568578995259,8.85685789952588,-44.9779885103305));
#8170=CARTESIAN_POINT('Ctrl Pts',(-12.8570394990885,8.8570394990885,-44.951974372985));
#8171=CARTESIAN_POINT('Ctrl Pts',(-12.8080365113762,8.62294003407869,-45.1499999053073));
#8172=CARTESIAN_POINT('Ctrl Pts',(-12.8276847949174,8.64017431657393,-45.1500254433432));
#8173=CARTESIAN_POINT('Ctrl Pts',(-12.8473291530074,8.65740515590153,-45.1448850765142));
#8174=CARTESIAN_POINT('Ctrl Pts',(-12.8655002755833,8.67334376239975,-45.1349642365965));
#8175=CARTESIAN_POINT('Ctrl Pts',(-12.8836264788671,8.68924296841967,-45.1250679211462));
#8176=CARTESIAN_POINT('Ctrl Pts',(-12.9002728115099,8.70384412167939,-45.1104223325208));
#8177=CARTESIAN_POINT('Ctrl Pts',(-12.9142001206691,8.7160603124701,-45.0921176881971));
#8178=CARTESIAN_POINT('Ctrl Pts',(-12.9281274298284,8.72827650326082,-45.0738130438735));
#8179=CARTESIAN_POINT('Ctrl Pts',(-12.939325027843,8.73809835701449,-45.0518633906307));
#8180=CARTESIAN_POINT('Ctrl Pts',(-12.9469593656241,8.74479473503179,-45.0279026604459));
#8181=CARTESIAN_POINT('Ctrl Pts',(-12.9545937034051,8.75149111304908,-45.0039419302612));
#8182=CARTESIAN_POINT('Ctrl Pts',(-12.9586589224473,8.75505687660447,-44.9779885103305));
#8183=CARTESIAN_POINT('Ctrl Pts',(-12.9588524078839,8.75522659029305,-44.951974372985));
#8184=CARTESIAN_POINT('Ctrl Pts',(-12.8914673160604,8.5212789378137,-45.1499999052995));
#8185=CARTESIAN_POINT('Ctrl Pts',(-12.9122044603424,8.53718813422868,-45.1500254454429));
#8186=CARTESIAN_POINT('Ctrl Pts',(-12.9329374607337,8.55309415131551,-45.1448846543567));
#8187=CARTESIAN_POINT('Ctrl Pts',(-12.9521154692336,8.5678071786288,-45.1349630263374));
#8188=CARTESIAN_POINT('Ctrl Pts',(-12.971246069404,8.58248383511422,-45.1250659247339));
#8189=CARTESIAN_POINT('Ctrl Pts',(-12.9888146733312,8.59596212785898,-45.1104191897443));
#8190=CARTESIAN_POINT('Ctrl Pts',(-13.0035133795197,8.60723863877758,-45.0921132110615));
#8191=CARTESIAN_POINT('Ctrl Pts',(-13.0182120857082,8.61851514969618,-45.0738072323786));
#8192=CARTESIAN_POINT('Ctrl Pts',(-13.0300296128692,8.62758122366616,-45.0518560600869));
#8193=CARTESIAN_POINT('Ctrl Pts',(-13.0380862006223,8.63376191892303,-45.0278938694545));
#8194=CARTESIAN_POINT('Ctrl Pts',(-13.0461427883754,8.63994261417991,-45.0039316788222));
#8195=CARTESIAN_POINT('Ctrl Pts',(-13.0504322532717,8.64323318682044,-44.9779768611523));
#8196=CARTESIAN_POINT('Ctrl Pts',(-13.050635264415,8.64338866365866,-44.9519616467954));
#8197=CARTESIAN_POINT('Ctrl Pts',(-12.9641817698287,8.41245327758783,-45.149999905284));
#8198=CARTESIAN_POINT('Ctrl Pts',(-12.9858691065743,8.42694419130474,-45.150025449603));
#8199=CARTESIAN_POINT('Ctrl Pts',(-13.0075521074056,8.44143220787664,-45.1448838179756));
#8200=CARTESIAN_POINT('Ctrl Pts',(-13.0276085955997,8.45483343105561,-45.1349606286081));
#8201=CARTESIAN_POINT('Ctrl Pts',(-13.0476155038492,8.46820152620654,-45.125061969516));
#8202=CARTESIAN_POINT('Ctrl Pts',(-13.0659885705357,8.48047793096719,-45.1104129634314));
#8203=CARTESIAN_POINT('Ctrl Pts',(-13.0813597797528,8.49074857272936,-45.0921043413509));
#8204=CARTESIAN_POINT('Ctrl Pts',(-13.0967309889699,8.50101921449153,-45.0737957192705));
#8205=CARTESIAN_POINT('Ctrl Pts',(-13.1090885393098,8.50927620786188,-45.0518415378315));
#8206=CARTESIAN_POINT('Ctrl Pts',(-13.117512316253,8.51490475627635,-45.027876454434));
#8207=CARTESIAN_POINT('Ctrl Pts',(-13.1259360931961,8.52053330469082,-45.0039113710366));
#8208=CARTESIAN_POINT('Ctrl Pts',(-13.130419629299,8.5235290867721,-44.9779537851258));
#8209=CARTESIAN_POINT('Ctrl Pts',(-13.1306290908684,8.52366904353883,-44.9519364383079));
#8210=CARTESIAN_POINT('Ctrl Pts',(-13.0368962235969,8.30362761736197,-45.1499999052685));
#8211=CARTESIAN_POINT('Ctrl Pts',(-13.0595337528061,8.31670024838081,-45.1500254537631));
#8212=CARTESIAN_POINT('Ctrl Pts',(-13.0821667540774,8.32977026443778,-45.1448829815945));
#8213=CARTESIAN_POINT('Ctrl Pts',(-13.1031017219658,8.34185968348243,-45.1349582308787));
#8214=CARTESIAN_POINT('Ctrl Pts',(-13.1239849382943,8.35391921729886,-45.1250580142981));
#8215=CARTESIAN_POINT('Ctrl Pts',(-13.1431624677401,8.3649937340754,-45.1104067371185));
#8216=CARTESIAN_POINT('Ctrl Pts',(-13.1592061799858,8.37425850668114,-45.0920954716404));
#8217=CARTESIAN_POINT('Ctrl Pts',(-13.1752498922315,8.38352327928687,-45.0737842061623));
#8218=CARTESIAN_POINT('Ctrl Pts',(-13.1881474657505,8.39097119205761,-45.051827015576));
#8219=CARTESIAN_POINT('Ctrl Pts',(-13.1969384318836,8.39604759362966,-45.0278590394135));
#8220=CARTESIAN_POINT('Ctrl Pts',(-13.2057293980168,8.40112399520173,-45.003891063251));
#8221=CARTESIAN_POINT('Ctrl Pts',(-13.2104070053262,8.40382498672375,-44.9779307090993));
#8222=CARTESIAN_POINT('Ctrl Pts',(-13.2106229173218,8.40394942341901,-44.9519112298204));
#8223=CARTESIAN_POINT('Ctrl Pts',(-13.0988907308565,8.18764277441865,-45.1499999052454));
#8224=CARTESIAN_POINT('Ctrl Pts',(-13.1223397402656,8.19920398913416,-45.1500254599832));
#8225=CARTESIAN_POINT('Ctrl Pts',(-13.1457840561347,8.21076288941034,-45.1448817310273));
#8226=CARTESIAN_POINT('Ctrl Pts',(-13.1674690563699,8.22145433872352,-45.1349546457876));
#8227=CARTESIAN_POINT('Ctrl Pts',(-13.1891004509538,8.23211935861096,-45.1250521004539));
#8228=CARTESIAN_POINT('Ctrl Pts',(-13.2089645964898,8.24191301547653,-45.1103974275523));
#8229=CARTESIAN_POINT('Ctrl Pts',(-13.2255818849669,8.25010577828533,-45.0920822097626));
#8230=CARTESIAN_POINT('Ctrl Pts',(-13.2421991734441,8.25829854109413,-45.073766991973));
#8231=CARTESIAN_POINT('Ctrl Pts',(-13.2555568367443,8.26488411417302,-45.0518053022857));
#8232=CARTESIAN_POINT('Ctrl Pts',(-13.2646599110183,8.26937193713227,-45.0278330011873));
#8233=CARTESIAN_POINT('Ctrl Pts',(-13.2737629852923,8.27385976009153,-45.0038607000889));
#8234=CARTESIAN_POINT('Ctrl Pts',(-13.2786044760684,8.27624638429344,-44.9778962073425));
#8235=CARTESIAN_POINT('Ctrl Pts',(-13.2788237581779,8.27635402968684,-44.9518735402816));
#8236=CARTESIAN_POINT('Ctrl Pts',(-13.1489771934193,8.06672155135386,-45.149999905215));
#8237=CARTESIAN_POINT('Ctrl Pts',(-13.1730835406377,8.07670658480174,-45.1500254681466));
#8238=CARTESIAN_POINT('Ctrl Pts',(-13.1971850581358,8.08668961774249,-45.1448800897948));
#8239=CARTESIAN_POINT('Ctrl Pts',(-13.2194773633229,8.09592326110232,-45.1349499408858));
#8240=CARTESIAN_POINT('Ctrl Pts',(-13.2417145615916,8.10513407875497,-45.1250443394564));
#8241=CARTESIAN_POINT('Ctrl Pts',(-13.2621343839532,8.11359212540269,-45.1103852103248));
#8242=CARTESIAN_POINT('Ctrl Pts',(-13.2792153478637,8.12066719133544,-45.0920648063367));
#8243=CARTESIAN_POINT('Ctrl Pts',(-13.2962963117742,8.1277422572682,-45.0737444023485));
#8244=CARTESIAN_POINT('Ctrl Pts',(-13.3100252843261,8.13342890273521,-45.05177680937));
#8245=CARTESIAN_POINT('Ctrl Pts',(-13.3193793187125,8.13730341534282,-45.0277988344534));
#8246=CARTESIAN_POINT('Ctrl Pts',(-13.328733353099,8.14117792795043,-45.0038208595367));
#8247=CARTESIAN_POINT('Ctrl Pts',(-13.3337052573565,8.14323732873234,-44.9778509384405));
#8248=CARTESIAN_POINT('Ctrl Pts',(-13.3339245745141,8.14332817157698,-44.9518240919947));
#8249=CARTESIAN_POINT('Ctrl Pts',(-13.1990636559821,7.94580032828907,-45.1499999051846));
#8250=CARTESIAN_POINT('Ctrl Pts',(-13.2238273410099,7.95420918046931,-45.1500254763099));
#8251=CARTESIAN_POINT('Ctrl Pts',(-13.2485860601369,7.96261634607464,-45.1448784485622));
#8252=CARTESIAN_POINT('Ctrl Pts',(-13.2714856702759,7.97039218348112,-45.1349452359841));
#8253=CARTESIAN_POINT('Ctrl Pts',(-13.2943286722295,7.97814879889897,-45.1250365784589));
#8254=CARTESIAN_POINT('Ctrl Pts',(-13.3153041714166,7.98527123532886,-45.1103729930972));
#8255=CARTESIAN_POINT('Ctrl Pts',(-13.3328488107604,7.99122860438556,-45.0920474029107));
#8256=CARTESIAN_POINT('Ctrl Pts',(-13.3503934501042,7.99718597344225,-45.0737218127241));
#8257=CARTESIAN_POINT('Ctrl Pts',(-13.3644937319079,8.00197369129741,-45.0517483164544));
#8258=CARTESIAN_POINT('Ctrl Pts',(-13.3740987264068,8.00523489355337,-45.0277646677195));
#8259=CARTESIAN_POINT('Ctrl Pts',(-13.3837037209057,8.00849609580933,-45.0037810189847));
#8260=CARTESIAN_POINT('Ctrl Pts',(-13.3888060386445,8.01022827317125,-44.9778056695385));
#8261=CARTESIAN_POINT('Ctrl Pts',(-13.3890253908504,8.01030231346711,-44.9517746437079));
#8262=CARTESIAN_POINT('Ctrl Pts',(-13.2372395971815,7.81994870444991,-45.149999905147));
#8263=CARTESIAN_POINT('Ctrl Pts',(-13.262506445215,7.82671668059988,-45.1500254864159));
#8264=CARTESIAN_POINT('Ctrl Pts',(-13.2877682205957,7.83348329751186,-45.1448764167382));
#8265=CARTESIAN_POINT('Ctrl Pts',(-13.3111323783296,7.83974155883662,-45.1349394114857));
#8266=CARTESIAN_POINT('Ctrl Pts',(-13.3344387795092,7.84598434964396,-45.1250269706618));
#8267=CARTESIAN_POINT('Ctrl Pts',(-13.3558389888245,7.85171648736773,-45.1103578687668));
#8268=CARTESIAN_POINT('Ctrl Pts',(-13.3737373798831,7.85651052654995,-45.0920258587397));
#8269=CARTESIAN_POINT('Ctrl Pts',(-13.3916357709418,7.86130456573217,-45.0736938487127));
#8270=CARTESIAN_POINT('Ctrl Pts',(-13.4060185630775,7.8651568143738,-45.0517130452459));
#8271=CARTESIAN_POINT('Ctrl Pts',(-13.4158133571863,7.8677800103109,-45.0277223740976));
#8272=CARTESIAN_POINT('Ctrl Pts',(-13.425608151295,7.87040320624799,-45.0037317029492));
#8273=CARTESIAN_POINT('Ctrl Pts',(-13.4308074059813,7.87179532929699,-44.9777496356871));
#8274=CARTESIAN_POINT('Ctrl Pts',(-13.431023458052,7.87185256881697,-44.9517134391181));
#8275=CARTESIAN_POINT('Ctrl Pts',(-13.2627733928551,7.69157857493558,-45.1499999051029));
#8276=CARTESIAN_POINT('Ctrl Pts',(-13.2883794715611,7.69667182790138,-45.1500254982744));
#8277=CARTESIAN_POINT('Ctrl Pts',(-13.3139804024898,7.70176405693326,-45.144874032593));
#8278=CARTESIAN_POINT('Ctrl Pts',(-13.3376573587601,7.70647359208424,-45.134932577282));
#8279=CARTESIAN_POINT('Ctrl Pts',(-13.3612757852334,7.71117148519251,-45.1250156974002));
#8280=CARTESIAN_POINT('Ctrl Pts',(-13.3829615358523,7.71548495368268,-45.1103401229531));
#8281=CARTESIAN_POINT('Ctrl Pts',(-13.4010969576385,7.71909223349537,-45.0920005814017));
#8282=CARTESIAN_POINT('Ctrl Pts',(-13.4192323794247,7.72269951330806,-45.0736610398503));
#8283=CARTESIAN_POINT('Ctrl Pts',(-13.4338034962477,7.72559782447964,-45.0516716646306));
#8284=CARTESIAN_POINT('Ctrl Pts',(-13.4437233726845,7.72757096689874,-45.0276727576597));
#8285=CARTESIAN_POINT('Ctrl Pts',(-13.4536432491213,7.72954410931785,-45.0036738506888));
#8286=CARTESIAN_POINT('Ctrl Pts',(-13.458904240382,7.73059056237493,-44.9776839068137));
#8287=CARTESIAN_POINT('Ctrl Pts',(-13.4591139017535,7.73063226569134,-44.9516416511843));
#8288=CARTESIAN_POINT('Ctrl Pts',(-13.288387756982,7.56280339076591,-45.1499999050586));
#8289=CARTESIAN_POINT('Ctrl Pts',(-13.3143341367574,7.56621663618408,-45.1500255101703));
#8290=CARTESIAN_POINT('Ctrl Pts',(-13.3402752933936,7.56962919403041,-45.1448716409249));
#8291=CARTESIAN_POINT('Ctrl Pts',(-13.364266035194,7.57278511621073,-45.134925721514));
#8292=CARTESIAN_POINT('Ctrl Pts',(-13.3881974715149,7.57593323690331,-45.1250043885674));
#8293=CARTESIAN_POINT('Ctrl Pts',(-13.4101696644246,7.57882355974018,-45.110322321145));
#8294=CARTESIAN_POINT('Ctrl Pts',(-13.4285428648568,7.58124033552397,-45.0919752243045));
#8295=CARTESIAN_POINT('Ctrl Pts',(-13.4469160652891,7.58365711130777,-45.073628127464));
#8296=CARTESIAN_POINT('Ctrl Pts',(-13.4616761010327,7.58559847498808,-45.0516301534444));
#8297=CARTESIAN_POINT('Ctrl Pts',(-13.4717214544778,7.58691951273287,-45.0276229846638));
#8298=CARTESIAN_POINT('Ctrl Pts',(-13.481766807923,7.58824055047766,-45.0036158158833));
#8299=CARTESIAN_POINT('Ctrl Pts',(-13.4870897305597,7.58894024282771,-44.9776179705418));
#8300=CARTESIAN_POINT('Ctrl Pts',(-13.487292981067,7.58896636091815,-44.9515696367334));
#8301=CARTESIAN_POINT('Ctrl Pts',(-13.301278797989,7.43150017003209,-45.1499999050078));
#8302=CARTESIAN_POINT('Ctrl Pts',(-13.3274004905909,7.43319942288231,-45.1500255238291));
#8303=CARTESIAN_POINT('Ctrl Pts',(-13.3535169165262,7.43489833253367,-45.1448688948179));
#8304=CARTESIAN_POINT('Ctrl Pts',(-13.3776687178532,7.43646936620312,-45.1349178499739));
#8305=CARTESIAN_POINT('Ctrl Pts',(-13.4017608155591,7.43803651625339,-45.1249914042644));
#8306=CARTESIAN_POINT('Ctrl Pts',(-13.4238793865128,7.43947521021986,-45.1103018821068));
#8307=CARTESIAN_POINT('Ctrl Pts',(-13.4423728946044,7.44067796233351,-45.0919461116262));
#8308=CARTESIAN_POINT('Ctrl Pts',(-13.460866402696,7.44188071444715,-45.0735903411456));
#8309=CARTESIAN_POINT('Ctrl Pts',(-13.4757205677083,7.44284659487603,-45.0515824961939));
#8310=CARTESIAN_POINT('Ctrl Pts',(-13.4858262676131,7.44350344206018,-45.0275658449434));
#8311=CARTESIAN_POINT('Ctrl Pts',(-13.4959319675179,7.44416028924434,-45.0035491936929));
#8312=CARTESIAN_POINT('Ctrl Pts',(-13.5012813989451,7.4445075953838,-44.9775422811833));
#8313=CARTESIAN_POINT('Ctrl Pts',(-13.5014751333553,7.44451941300896,-44.9514869756166));
#8314=CARTESIAN_POINT('Ctrl Pts',(-13.3011971339309,7.30020103647878,-45.1499999049513));
#8315=CARTESIAN_POINT('Ctrl Pts',(-13.3273254224765,7.30018484907801,-45.1500255389915));
#8316=CARTESIAN_POINT('Ctrl Pts',(-13.3534484339678,7.30016866494656,-45.1448658464123));
#8317=CARTESIAN_POINT('Ctrl Pts',(-13.3776051919768,7.30015369897891,-45.1349091123389));
#8318=CARTESIAN_POINT('Ctrl Pts',(-13.4017022341117,7.30013877000735,-45.124976991464));
#8319=CARTESIAN_POINT('Ctrl Pts',(-13.4238241030693,7.30012506472565,-45.1102791948059));
#8320=CARTESIAN_POINT('Ctrl Pts',(-13.4423180687419,7.30011360705873,-45.0919137982596));
#8321=CARTESIAN_POINT('Ctrl Pts',(-13.4608120344145,7.30010214939181,-45.0735484017134));
#8322=CARTESIAN_POINT('Ctrl Pts',(-13.4756637995213,7.30009294819735,-45.0515296031657));
#8323=CARTESIAN_POINT('Ctrl Pts',(-13.4857637851477,7.30008669089881,-45.0275024323094));
#8324=CARTESIAN_POINT('Ctrl Pts',(-13.4958637707742,7.30008043360027,-45.0034752614532));
#8325=CARTESIAN_POINT('Ctrl Pts',(-13.5012041688421,7.30007712503504,-44.977458293169));
#8326=CARTESIAN_POINT('Ctrl Pts',(-13.5013859969376,7.30007701238684,-44.9513952613648));
#8327=CARTESIAN_POINT('',(-11.3014400172837,9.50138641447441,-44.9513961265411));
#8328=CARTESIAN_POINT('',(-11.3014400172837,9.30139128745707,-45.15));
#8329=CARTESIAN_POINT('Origin',(-11.3014400172837,9.30139128745707,-44.95));
#8330=CARTESIAN_POINT('Origin',(-11.3014602004056,7.30146020040564,-45.15));
#8331=CARTESIAN_POINT('Origin',(-11.3014495063614,7.30144950636135,-44.9500001357328));
#8332=CARTESIAN_POINT('Origin',(-13.7,9.7,-16.5));
#8333=CARTESIAN_POINT('',(-13.5219895287958,-7.32204313160509,-42.));
#8334=CARTESIAN_POINT('',(-13.6991618954211,-7.49921549823034,-16.620058480933));
#8335=CARTESIAN_POINT('',(-13.5219895287958,7.32204313160509,-42.));
#8336=CARTESIAN_POINT('',(-13.5219895287958,9.7,-42.));
#8337=CARTESIAN_POINT('',(-13.7001071964769,7.50016079928619,-16.4846441046825));
#8338=CARTESIAN_POINT('Ctrl Pts',(-13.3011971339309,-7.30020103647875,-45.1499999049513));
#8339=CARTESIAN_POINT('Ctrl Pts',(-13.3273254224765,-7.30018484907798,-45.1500255389915));
#8340=CARTESIAN_POINT('Ctrl Pts',(-13.3534484339678,-7.30016866494653,-45.1448658464123));
#8341=CARTESIAN_POINT('Ctrl Pts',(-13.3776051919768,-7.30015369897888,-45.1349091123389));
#8342=CARTESIAN_POINT('Ctrl Pts',(-13.4017022341117,-7.30013877000732,-45.124976991464));
#8343=CARTESIAN_POINT('Ctrl Pts',(-13.4238241030693,-7.30012506472562,-45.1102791948059));
#8344=CARTESIAN_POINT('Ctrl Pts',(-13.4423180687419,-7.3001136070587,-45.0919137982597));
#8345=CARTESIAN_POINT('Ctrl Pts',(-13.4608120344145,-7.30010214939178,-45.0735484017134));
#8346=CARTESIAN_POINT('Ctrl Pts',(-13.4756637995213,-7.30009294819731,-45.0515296031657));
#8347=CARTESIAN_POINT('Ctrl Pts',(-13.4857637851477,-7.30008669089878,-45.0275024323094));
#8348=CARTESIAN_POINT('Ctrl Pts',(-13.4958637707742,-7.30008043360024,-45.0034752614532));
#8349=CARTESIAN_POINT('Ctrl Pts',(-13.5012041688421,-7.30007712503501,-44.977458293169));
#8350=CARTESIAN_POINT('Ctrl Pts',(-13.5013859969376,-7.30007701238681,-44.9513952613648));
#8351=CARTESIAN_POINT('Ctrl Pts',(-13.301278797989,-7.43150017003207,-45.1499999050078));
#8352=CARTESIAN_POINT('Ctrl Pts',(-13.3274004905909,-7.43319942288229,-45.1500255238291));
#8353=CARTESIAN_POINT('Ctrl Pts',(-13.3535169165262,-7.43489833253365,-45.1448688948179));
#8354=CARTESIAN_POINT('Ctrl Pts',(-13.3776687178532,-7.4364693662031,-45.1349178499739));
#8355=CARTESIAN_POINT('Ctrl Pts',(-13.4017608155591,-7.43803651625337,-45.1249914042644));
#8356=CARTESIAN_POINT('Ctrl Pts',(-13.4238793865128,-7.43947521021984,-45.1103018821068));
#8357=CARTESIAN_POINT('Ctrl Pts',(-13.4423728946044,-7.44067796233349,-45.0919461116262));
#8358=CARTESIAN_POINT('Ctrl Pts',(-13.460866402696,-7.44188071444713,-45.0735903411456));
#8359=CARTESIAN_POINT('Ctrl Pts',(-13.4757205677083,-7.44284659487601,-45.0515824961939));
#8360=CARTESIAN_POINT('Ctrl Pts',(-13.4858262676131,-7.44350344206016,-45.0275658449434));
#8361=CARTESIAN_POINT('Ctrl Pts',(-13.4959319675179,-7.44416028924432,-45.0035491936929));
#8362=CARTESIAN_POINT('Ctrl Pts',(-13.5012813989451,-7.44450759538378,-44.9775422811833));
#8363=CARTESIAN_POINT('Ctrl Pts',(-13.5014751333553,-7.44451941300894,-44.9514869756166));
#8364=CARTESIAN_POINT('Ctrl Pts',(-13.288387756982,-7.5628033907659,-45.1499999050586));
#8365=CARTESIAN_POINT('Ctrl Pts',(-13.3143341367574,-7.56621663618406,-45.1500255101703));
#8366=CARTESIAN_POINT('Ctrl Pts',(-13.3402752933936,-7.56962919403039,-45.1448716409249));
#8367=CARTESIAN_POINT('Ctrl Pts',(-13.364266035194,-7.57278511621072,-45.1349257215139));
#8368=CARTESIAN_POINT('Ctrl Pts',(-13.3881974715149,-7.5759332369033,-45.1250043885674));
#8369=CARTESIAN_POINT('Ctrl Pts',(-13.4101696644246,-7.57882355974017,-45.110322321145));
#8370=CARTESIAN_POINT('Ctrl Pts',(-13.4285428648568,-7.58124033552396,-45.0919752243045));
#8371=CARTESIAN_POINT('Ctrl Pts',(-13.4469160652891,-7.58365711130776,-45.073628127464));
#8372=CARTESIAN_POINT('Ctrl Pts',(-13.4616761010327,-7.58559847498807,-45.0516301534444));
#8373=CARTESIAN_POINT('Ctrl Pts',(-13.4717214544778,-7.58691951273286,-45.0276229846638));
#8374=CARTESIAN_POINT('Ctrl Pts',(-13.481766807923,-7.58824055047764,-45.0036158158833));
#8375=CARTESIAN_POINT('Ctrl Pts',(-13.4870897305597,-7.5889402428277,-44.9776179705418));
#8376=CARTESIAN_POINT('Ctrl Pts',(-13.487292981067,-7.58896636091814,-44.9515696367334));
#8377=CARTESIAN_POINT('Ctrl Pts',(-13.262773392855,-7.69157857493557,-45.1499999051028));
#8378=CARTESIAN_POINT('Ctrl Pts',(-13.2883794715611,-7.69667182790137,-45.1500254982744));
#8379=CARTESIAN_POINT('Ctrl Pts',(-13.3139804024898,-7.70176405693325,-45.144874032593));
#8380=CARTESIAN_POINT('Ctrl Pts',(-13.3376573587601,-7.70647359208423,-45.134932577282));
#8381=CARTESIAN_POINT('Ctrl Pts',(-13.3612757852334,-7.71117148519251,-45.1250156974002));
#8382=CARTESIAN_POINT('Ctrl Pts',(-13.3829615358523,-7.71548495368268,-45.1103401229531));
#8383=CARTESIAN_POINT('Ctrl Pts',(-13.4010969576385,-7.71909223349537,-45.0920005814017));
#8384=CARTESIAN_POINT('Ctrl Pts',(-13.4192323794247,-7.72269951330806,-45.0736610398503));
#8385=CARTESIAN_POINT('Ctrl Pts',(-13.4338034962477,-7.72559782447964,-45.0516716646306));
#8386=CARTESIAN_POINT('Ctrl Pts',(-13.4437233726845,-7.72757096689874,-45.0276727576597));
#8387=CARTESIAN_POINT('Ctrl Pts',(-13.4536432491213,-7.72954410931785,-45.0036738506888));
#8388=CARTESIAN_POINT('Ctrl Pts',(-13.458904240382,-7.73059056237493,-44.9776839068137));
#8389=CARTESIAN_POINT('Ctrl Pts',(-13.4591139017535,-7.73063226569134,-44.9516416511843));
#8390=CARTESIAN_POINT('Ctrl Pts',(-13.2372395971815,-7.8199487044499,-45.149999905147));
#8391=CARTESIAN_POINT('Ctrl Pts',(-13.2625064452149,-7.82671668059988,-45.1500254864159));
#8392=CARTESIAN_POINT('Ctrl Pts',(-13.2877682205957,-7.83348329751186,-45.1448764167382));
#8393=CARTESIAN_POINT('Ctrl Pts',(-13.3111323783296,-7.83974155883662,-45.1349394114857));
#8394=CARTESIAN_POINT('Ctrl Pts',(-13.3344387795092,-7.84598434964396,-45.1250269706618));
#8395=CARTESIAN_POINT('Ctrl Pts',(-13.3558389888245,-7.85171648736773,-45.1103578687668));
#8396=CARTESIAN_POINT('Ctrl Pts',(-13.3737373798831,-7.85651052654995,-45.0920258587397));
#8397=CARTESIAN_POINT('Ctrl Pts',(-13.3916357709418,-7.86130456573217,-45.0736938487127));
#8398=CARTESIAN_POINT('Ctrl Pts',(-13.4060185630775,-7.8651568143738,-45.0517130452459));
#8399=CARTESIAN_POINT('Ctrl Pts',(-13.4158133571863,-7.86778001031089,-45.0277223740976));
#8400=CARTESIAN_POINT('Ctrl Pts',(-13.425608151295,-7.87040320624799,-45.0037317029492));
#8401=CARTESIAN_POINT('Ctrl Pts',(-13.4308074059812,-7.87179532929699,-44.9777496356871));
#8402=CARTESIAN_POINT('Ctrl Pts',(-13.431023458052,-7.87185256881697,-44.9517134391181));
#8403=CARTESIAN_POINT('Ctrl Pts',(-13.1990636559821,-7.94580032828907,-45.1499999051846));
#8404=CARTESIAN_POINT('Ctrl Pts',(-13.2238273410099,-7.95420918046931,-45.1500254763098));
#8405=CARTESIAN_POINT('Ctrl Pts',(-13.2485860601369,-7.96261634607464,-45.1448784485622));
#8406=CARTESIAN_POINT('Ctrl Pts',(-13.2714856702759,-7.97039218348112,-45.1349452359841));
#8407=CARTESIAN_POINT('Ctrl Pts',(-13.2943286722295,-7.97814879889897,-45.1250365784589));
#8408=CARTESIAN_POINT('Ctrl Pts',(-13.3153041714166,-7.98527123532886,-45.1103729930972));
#8409=CARTESIAN_POINT('Ctrl Pts',(-13.3328488107604,-7.99122860438556,-45.0920474029107));
#8410=CARTESIAN_POINT('Ctrl Pts',(-13.3503934501042,-7.99718597344225,-45.0737218127241));
#8411=CARTESIAN_POINT('Ctrl Pts',(-13.3644937319079,-8.00197369129741,-45.0517483164544));
#8412=CARTESIAN_POINT('Ctrl Pts',(-13.3740987264068,-8.00523489355337,-45.0277646677195));
#8413=CARTESIAN_POINT('Ctrl Pts',(-13.3837037209057,-8.00849609580933,-45.0037810189847));
#8414=CARTESIAN_POINT('Ctrl Pts',(-13.3888060386445,-8.01022827317125,-44.9778056695385));
#8415=CARTESIAN_POINT('Ctrl Pts',(-13.3890253908504,-8.01030231346711,-44.9517746437079));
#8416=CARTESIAN_POINT('Ctrl Pts',(-13.1489771934193,-8.06672155135386,-45.149999905215));
#8417=CARTESIAN_POINT('Ctrl Pts',(-13.1730835406377,-8.07670658480173,-45.1500254681465));
#8418=CARTESIAN_POINT('Ctrl Pts',(-13.1971850581358,-8.08668961774249,-45.1448800897948));
#8419=CARTESIAN_POINT('Ctrl Pts',(-13.2194773633229,-8.09592326110232,-45.1349499408858));
#8420=CARTESIAN_POINT('Ctrl Pts',(-13.2417145615916,-8.10513407875496,-45.1250443394564));
#8421=CARTESIAN_POINT('Ctrl Pts',(-13.2621343839532,-8.11359212540269,-45.1103852103248));
#8422=CARTESIAN_POINT('Ctrl Pts',(-13.2792153478637,-8.12066719133544,-45.0920648063367));
#8423=CARTESIAN_POINT('Ctrl Pts',(-13.2962963117742,-8.12774225726819,-45.0737444023485));
#8424=CARTESIAN_POINT('Ctrl Pts',(-13.3100252843261,-8.13342890273521,-45.05177680937));
#8425=CARTESIAN_POINT('Ctrl Pts',(-13.3193793187125,-8.13730341534282,-45.0277988344534));
#8426=CARTESIAN_POINT('Ctrl Pts',(-13.328733353099,-8.14117792795043,-45.0038208595367));
#8427=CARTESIAN_POINT('Ctrl Pts',(-13.3337052573565,-8.14323732873234,-44.9778509384405));
#8428=CARTESIAN_POINT('Ctrl Pts',(-13.3339245745141,-8.14332817157698,-44.9518240919947));
#8429=CARTESIAN_POINT('Ctrl Pts',(-13.0988907308565,-8.18764277441865,-45.1499999052454));
#8430=CARTESIAN_POINT('Ctrl Pts',(-13.1223397402656,-8.19920398913416,-45.1500254599832));
#8431=CARTESIAN_POINT('Ctrl Pts',(-13.1457840561347,-8.21076288941034,-45.1448817310273));
#8432=CARTESIAN_POINT('Ctrl Pts',(-13.1674690563699,-8.22145433872352,-45.1349546457876));
#8433=CARTESIAN_POINT('Ctrl Pts',(-13.1891004509538,-8.23211935861096,-45.1250521004539));
#8434=CARTESIAN_POINT('Ctrl Pts',(-13.2089645964898,-8.24191301547653,-45.1103974275523));
#8435=CARTESIAN_POINT('Ctrl Pts',(-13.2255818849669,-8.25010577828533,-45.0920822097626));
#8436=CARTESIAN_POINT('Ctrl Pts',(-13.2421991734441,-8.25829854109413,-45.073766991973));
#8437=CARTESIAN_POINT('Ctrl Pts',(-13.2555568367443,-8.26488411417302,-45.0518053022857));
#8438=CARTESIAN_POINT('Ctrl Pts',(-13.2646599110183,-8.26937193713227,-45.0278330011873));
#8439=CARTESIAN_POINT('Ctrl Pts',(-13.2737629852923,-8.27385976009153,-45.0038607000889));
#8440=CARTESIAN_POINT('Ctrl Pts',(-13.2786044760684,-8.27624638429344,-44.9778962073425));
#8441=CARTESIAN_POINT('Ctrl Pts',(-13.2788237581779,-8.27635402968684,-44.9518735402816));
#8442=CARTESIAN_POINT('Ctrl Pts',(-13.0368962235969,-8.30362761736197,-45.1499999052685));
#8443=CARTESIAN_POINT('Ctrl Pts',(-13.0595337528061,-8.31670024838081,-45.1500254537631));
#8444=CARTESIAN_POINT('Ctrl Pts',(-13.0821667540774,-8.32977026443778,-45.1448829815945));
#8445=CARTESIAN_POINT('Ctrl Pts',(-13.1031017219658,-8.34185968348243,-45.1349582308787));
#8446=CARTESIAN_POINT('Ctrl Pts',(-13.1239849382943,-8.35391921729886,-45.1250580142981));
#8447=CARTESIAN_POINT('Ctrl Pts',(-13.1431624677401,-8.3649937340754,-45.1104067371185));
#8448=CARTESIAN_POINT('Ctrl Pts',(-13.1592061799858,-8.37425850668114,-45.0920954716404));
#8449=CARTESIAN_POINT('Ctrl Pts',(-13.1752498922315,-8.38352327928687,-45.0737842061623));
#8450=CARTESIAN_POINT('Ctrl Pts',(-13.1881474657505,-8.3909711920576,-45.051827015576));
#8451=CARTESIAN_POINT('Ctrl Pts',(-13.1969384318836,-8.39604759362966,-45.0278590394135));
#8452=CARTESIAN_POINT('Ctrl Pts',(-13.2057293980168,-8.40112399520172,-45.003891063251));
#8453=CARTESIAN_POINT('Ctrl Pts',(-13.2104070053262,-8.40382498672375,-44.9779307090993));
#8454=CARTESIAN_POINT('Ctrl Pts',(-13.2106229173218,-8.40394942341901,-44.9519112298204));
#8455=CARTESIAN_POINT('Ctrl Pts',(-12.9641817698287,-8.41245327758783,-45.149999905284));
#8456=CARTESIAN_POINT('Ctrl Pts',(-12.9858691065742,-8.42694419130474,-45.150025449603));
#8457=CARTESIAN_POINT('Ctrl Pts',(-13.0075521074056,-8.44143220787664,-45.1448838179756));
#8458=CARTESIAN_POINT('Ctrl Pts',(-13.0276085955997,-8.45483343105561,-45.1349606286081));
#8459=CARTESIAN_POINT('Ctrl Pts',(-13.0476155038492,-8.46820152620654,-45.125061969516));
#8460=CARTESIAN_POINT('Ctrl Pts',(-13.0659885705357,-8.48047793096719,-45.1104129634314));
#8461=CARTESIAN_POINT('Ctrl Pts',(-13.0813597797528,-8.49074857272936,-45.0921043413509));
#8462=CARTESIAN_POINT('Ctrl Pts',(-13.0967309889699,-8.50101921449153,-45.0737957192705));
#8463=CARTESIAN_POINT('Ctrl Pts',(-13.1090885393098,-8.50927620786188,-45.0518415378315));
#8464=CARTESIAN_POINT('Ctrl Pts',(-13.117512316253,-8.51490475627635,-45.027876454434));
#8465=CARTESIAN_POINT('Ctrl Pts',(-13.1259360931961,-8.52053330469081,-45.0039113710366));
#8466=CARTESIAN_POINT('Ctrl Pts',(-13.1304196292989,-8.5235290867721,-44.9779537851258));
#8467=CARTESIAN_POINT('Ctrl Pts',(-13.1306290908684,-8.52366904353883,-44.9519364383079));
#8468=CARTESIAN_POINT('Ctrl Pts',(-12.8914673160604,-8.52127893781369,-45.1499999052995));
#8469=CARTESIAN_POINT('Ctrl Pts',(-12.9122044603424,-8.53718813422867,-45.1500254454429));
#8470=CARTESIAN_POINT('Ctrl Pts',(-12.9329374607337,-8.5530941513155,-45.1448846543567));
#8471=CARTESIAN_POINT('Ctrl Pts',(-12.9521154692336,-8.56780717862879,-45.1349630263374));
#8472=CARTESIAN_POINT('Ctrl Pts',(-12.971246069404,-8.58248383511422,-45.1250659247339));
#8473=CARTESIAN_POINT('Ctrl Pts',(-12.9888146733312,-8.59596212785898,-45.1104191897443));
#8474=CARTESIAN_POINT('Ctrl Pts',(-13.0035133795197,-8.60723863877758,-45.0921132110615));
#8475=CARTESIAN_POINT('Ctrl Pts',(-13.0182120857082,-8.61851514969618,-45.0738072323786));
#8476=CARTESIAN_POINT('Ctrl Pts',(-13.0300296128692,-8.62758122366616,-45.0518560600869));
#8477=CARTESIAN_POINT('Ctrl Pts',(-13.0380862006223,-8.63376191892303,-45.0278938694545));
#8478=CARTESIAN_POINT('Ctrl Pts',(-13.0461427883754,-8.6399426141799,-45.0039316788222));
#8479=CARTESIAN_POINT('Ctrl Pts',(-13.0504322532717,-8.64323318682044,-44.9779768611523));
#8480=CARTESIAN_POINT('Ctrl Pts',(-13.050635264415,-8.64338866365866,-44.9519616467954));
#8481=CARTESIAN_POINT('Ctrl Pts',(-12.8080365113762,-8.62294003407868,-45.1499999053073));
#8482=CARTESIAN_POINT('Ctrl Pts',(-12.8276847949174,-8.64017431657393,-45.1500254433432));
#8483=CARTESIAN_POINT('Ctrl Pts',(-12.8473291530074,-8.65740515590153,-45.1448850765142));
#8484=CARTESIAN_POINT('Ctrl Pts',(-12.8655002755833,-8.67334376239975,-45.1349642365965));
#8485=CARTESIAN_POINT('Ctrl Pts',(-12.8836264788671,-8.68924296841967,-45.1250679211462));
#8486=CARTESIAN_POINT('Ctrl Pts',(-12.9002728115099,-8.70384412167939,-45.1104223325208));
#8487=CARTESIAN_POINT('Ctrl Pts',(-12.9142001206691,-8.7160603124701,-45.0921176881971));
#8488=CARTESIAN_POINT('Ctrl Pts',(-12.9281274298284,-8.72827650326082,-45.0738130438735));
#8489=CARTESIAN_POINT('Ctrl Pts',(-12.939325027843,-8.73809835701449,-45.0518633906307));
#8490=CARTESIAN_POINT('Ctrl Pts',(-12.9469593656241,-8.74479473503178,-45.0279026604459));
#8491=CARTESIAN_POINT('Ctrl Pts',(-12.9545937034051,-8.75149111304907,-45.0039419302612));
#8492=CARTESIAN_POINT('Ctrl Pts',(-12.9586589224473,-8.75505687660447,-44.9779885103305));
#8493=CARTESIAN_POINT('Ctrl Pts',(-12.9588524078839,-8.75522659029305,-44.951974372985));
#8494=CARTESIAN_POINT('Ctrl Pts',(-12.7154882727274,-8.71548827272742,-45.1499999053073));
#8495=CARTESIAN_POINT('Ctrl Pts',(-12.7339295557456,-8.73392955574564,-45.1500254433432));
#8496=CARTESIAN_POINT('Ctrl Pts',(-12.7523671544545,-8.75236715445446,-45.1448850765142));
#8497=CARTESIAN_POINT('Ctrl Pts',(-12.7694220189915,-8.76942201899152,-45.1349642365965));
#8498=CARTESIAN_POINT('Ctrl Pts',(-12.7864347236434,-8.78643472364338,-45.1250679211462));
#8499=CARTESIAN_POINT('Ctrl Pts',(-12.8020584665946,-8.80205846659463,-45.1104223325208));
#8500=CARTESIAN_POINT('Ctrl Pts',(-12.8151302165696,-8.81513021656962,-45.0921176881971));
#8501=CARTESIAN_POINT('Ctrl Pts',(-12.8282019665446,-8.82820196654461,-45.0738130438735));
#8502=CARTESIAN_POINT('Ctrl Pts',(-12.8387116924288,-8.83871169242876,-45.0518633906307));
#8503=CARTESIAN_POINT('Ctrl Pts',(-12.8458770503279,-8.84587705032794,-45.0279026604459));
#8504=CARTESIAN_POINT('Ctrl Pts',(-12.8530424082271,-8.85304240822711,-45.0039419302612));
#8505=CARTESIAN_POINT('Ctrl Pts',(-12.8568578995259,-8.85685789952587,-44.9779885103305));
#8506=CARTESIAN_POINT('Ctrl Pts',(-12.8570394990885,-8.8570394990885,-44.951974372985));
#8507=CARTESIAN_POINT('Ctrl Pts',(-12.6229400340787,-8.80803651137615,-45.1499999053073));
#8508=CARTESIAN_POINT('Ctrl Pts',(-12.6401743165739,-8.82768479491735,-45.1500254433432));
#8509=CARTESIAN_POINT('Ctrl Pts',(-12.6574051559015,-8.8473291530074,-45.1448850765142));
#8510=CARTESIAN_POINT('Ctrl Pts',(-12.6733437623998,-8.86550027558329,-45.1349642365965));
#8511=CARTESIAN_POINT('Ctrl Pts',(-12.6892429684197,-8.8836264788671,-45.1250679211462));
#8512=CARTESIAN_POINT('Ctrl Pts',(-12.7038441216794,-8.90027281150987,-45.1104223325208));
#8513=CARTESIAN_POINT('Ctrl Pts',(-12.7160603124701,-8.91420012066914,-45.0921176881971));
#8514=CARTESIAN_POINT('Ctrl Pts',(-12.7282765032608,-8.9281274298284,-45.0738130438735));
#8515=CARTESIAN_POINT('Ctrl Pts',(-12.7380983570145,-8.93932502784304,-45.0518633906307));
#8516=CARTESIAN_POINT('Ctrl Pts',(-12.7447947350318,-8.94695936562409,-45.0279026604459));
#8517=CARTESIAN_POINT('Ctrl Pts',(-12.7514911130491,-8.95459370340514,-45.0039419302612));
#8518=CARTESIAN_POINT('Ctrl Pts',(-12.7550568766045,-8.95865892244728,-44.9779885103305));
#8519=CARTESIAN_POINT('Ctrl Pts',(-12.7552265902931,-8.95885240788394,-44.951974372985));
#8520=CARTESIAN_POINT('Ctrl Pts',(-12.5212789378137,-8.89146731606038,-45.1499999052995));
#8521=CARTESIAN_POINT('Ctrl Pts',(-12.5371881342287,-8.91220446034241,-45.1500254454429));
#8522=CARTESIAN_POINT('Ctrl Pts',(-12.5530941513155,-8.93293746073373,-45.1448846543567));
#8523=CARTESIAN_POINT('Ctrl Pts',(-12.5678071786288,-8.95211546923358,-45.1349630263374));
#8524=CARTESIAN_POINT('Ctrl Pts',(-12.5824838351142,-8.97124606940398,-45.1250659247339));
#8525=CARTESIAN_POINT('Ctrl Pts',(-12.595962127859,-8.98881467333121,-45.1104191897443));
#8526=CARTESIAN_POINT('Ctrl Pts',(-12.6072386387776,-9.00351337951971,-45.0921132110615));
#8527=CARTESIAN_POINT('Ctrl Pts',(-12.6185151496962,-9.0182120857082,-45.0738072323786));
#8528=CARTESIAN_POINT('Ctrl Pts',(-12.6275812236662,-9.03002961286921,-45.0518560600869));
#8529=CARTESIAN_POINT('Ctrl Pts',(-12.633761918923,-9.03808620062229,-45.0278938694545));
#8530=CARTESIAN_POINT('Ctrl Pts',(-12.6399426141799,-9.04614278837537,-45.0039316788222));
#8531=CARTESIAN_POINT('Ctrl Pts',(-12.6432331868204,-9.05043225327168,-44.9779768611523));
#8532=CARTESIAN_POINT('Ctrl Pts',(-12.6433886636587,-9.05063526441502,-44.9519616467954));
#8533=CARTESIAN_POINT('Ctrl Pts',(-12.4124532775878,-8.96418176982866,-45.149999905284));
#8534=CARTESIAN_POINT('Ctrl Pts',(-12.4269441913047,-8.98586910657425,-45.150025449603));
#8535=CARTESIAN_POINT('Ctrl Pts',(-12.4414322078766,-9.00755210740557,-45.1448838179756));
#8536=CARTESIAN_POINT('Ctrl Pts',(-12.4548334310556,-9.02760859559969,-45.1349606286081));
#8537=CARTESIAN_POINT('Ctrl Pts',(-12.4682015262065,-9.04761550384915,-45.125061969516));
#8538=CARTESIAN_POINT('Ctrl Pts',(-12.4804779309672,-9.06598857053567,-45.1104129634314));
#8539=CARTESIAN_POINT('Ctrl Pts',(-12.4907485727294,-9.08135977975277,-45.0921043413509));
#8540=CARTESIAN_POINT('Ctrl Pts',(-12.5010192144915,-9.09673098896986,-45.0737957192705));
#8541=CARTESIAN_POINT('Ctrl Pts',(-12.5092762078619,-9.10908853930983,-45.0518415378315));
#8542=CARTESIAN_POINT('Ctrl Pts',(-12.5149047562764,-9.11751231625296,-45.027876454434));
#8543=CARTESIAN_POINT('Ctrl Pts',(-12.5205333046908,-9.12593609319609,-45.0039113710366));
#8544=CARTESIAN_POINT('Ctrl Pts',(-12.5235290867721,-9.13041962929895,-44.9779537851258));
#8545=CARTESIAN_POINT('Ctrl Pts',(-12.5236690435388,-9.13062909086841,-44.9519364383079));
#8546=CARTESIAN_POINT('Ctrl Pts',(-12.303627617362,-9.03689622359694,-45.1499999052685));
#8547=CARTESIAN_POINT('Ctrl Pts',(-12.3167002483808,-9.05953375280608,-45.1500254537631));
#8548=CARTESIAN_POINT('Ctrl Pts',(-12.3297702644378,-9.08216675407742,-45.1448829815945));
#8549=CARTESIAN_POINT('Ctrl Pts',(-12.3418596834824,-9.10310172196579,-45.1349582308787));
#8550=CARTESIAN_POINT('Ctrl Pts',(-12.3539192172989,-9.12398493829433,-45.1250580142981));
#8551=CARTESIAN_POINT('Ctrl Pts',(-12.3649937340754,-9.14316246774014,-45.1104067371185));
#8552=CARTESIAN_POINT('Ctrl Pts',(-12.3742585066811,-9.15920617998583,-45.0920954716404));
#8553=CARTESIAN_POINT('Ctrl Pts',(-12.3835232792869,-9.17524989223152,-45.0737842061623));
#8554=CARTESIAN_POINT('Ctrl Pts',(-12.3909711920576,-9.18814746575046,-45.051827015576));
#8555=CARTESIAN_POINT('Ctrl Pts',(-12.3960475936297,-9.19693843188363,-45.0278590394135));
#8556=CARTESIAN_POINT('Ctrl Pts',(-12.4011239952017,-9.20572939801681,-45.003891063251));
#8557=CARTESIAN_POINT('Ctrl Pts',(-12.4038249867238,-9.21040700532621,-44.9779307090993));
#8558=CARTESIAN_POINT('Ctrl Pts',(-12.403949423419,-9.21062291732179,-44.9519112298204));
#8559=CARTESIAN_POINT('Ctrl Pts',(-12.1876427744187,-9.09889073085651,-45.1499999052454));
#8560=CARTESIAN_POINT('Ctrl Pts',(-12.1992039891342,-9.12233974026561,-45.1500254599832));
#8561=CARTESIAN_POINT('Ctrl Pts',(-12.2107628894103,-9.14578405613469,-45.1448817310273));
#8562=CARTESIAN_POINT('Ctrl Pts',(-12.2214543387235,-9.16746905636986,-45.1349546457876));
#8563=CARTESIAN_POINT('Ctrl Pts',(-12.232119358611,-9.18910045095377,-45.1250521004539));
#8564=CARTESIAN_POINT('Ctrl Pts',(-12.2419130154765,-9.20896459648975,-45.1103974275523));
#8565=CARTESIAN_POINT('Ctrl Pts',(-12.2501057782853,-9.22558188496691,-45.0920822097626));
#8566=CARTESIAN_POINT('Ctrl Pts',(-12.2582985410941,-9.24219917344407,-45.073766991973));
#8567=CARTESIAN_POINT('Ctrl Pts',(-12.264884114173,-9.25555683674428,-45.0518053022857));
#8568=CARTESIAN_POINT('Ctrl Pts',(-12.2693719371323,-9.26465991101827,-45.0278330011873));
#8569=CARTESIAN_POINT('Ctrl Pts',(-12.2738597600915,-9.27376298529225,-45.0038607000889));
#8570=CARTESIAN_POINT('Ctrl Pts',(-12.2762463842934,-9.27860447606842,-44.9778962073425));
#8571=CARTESIAN_POINT('Ctrl Pts',(-12.2763540296868,-9.27882375817791,-44.9518735402816));
#8572=CARTESIAN_POINT('Ctrl Pts',(-12.0667215513539,-9.1489771934193,-45.149999905215));
#8573=CARTESIAN_POINT('Ctrl Pts',(-12.0767065848017,-9.17308354063773,-45.1500254681465));
#8574=CARTESIAN_POINT('Ctrl Pts',(-12.0866896177425,-9.19718505813581,-45.1448800897948));
#8575=CARTESIAN_POINT('Ctrl Pts',(-12.0959232611023,-9.21947736332289,-45.1349499408858));
#8576=CARTESIAN_POINT('Ctrl Pts',(-12.105134078755,-9.24171456159162,-45.1250443394564));
#8577=CARTESIAN_POINT('Ctrl Pts',(-12.1135921254027,-9.26213438395317,-45.1103852103248));
#8578=CARTESIAN_POINT('Ctrl Pts',(-12.1206671913354,-9.27921534786366,-45.0920648063367));
#8579=CARTESIAN_POINT('Ctrl Pts',(-12.1277422572682,-9.29629631177415,-45.0737444023485));
#8580=CARTESIAN_POINT('Ctrl Pts',(-12.1334289027352,-9.31002528432609,-45.05177680937));
#8581=CARTESIAN_POINT('Ctrl Pts',(-12.1373034153428,-9.31937931871253,-45.0277988344534));
#8582=CARTESIAN_POINT('Ctrl Pts',(-12.1411779279504,-9.32873335309897,-45.0038208595367));
#8583=CARTESIAN_POINT('Ctrl Pts',(-12.1432373287323,-9.33370525735646,-44.9778509384405));
#8584=CARTESIAN_POINT('Ctrl Pts',(-12.143328171577,-9.33392457451414,-44.9518240919947));
#8585=CARTESIAN_POINT('Ctrl Pts',(-11.9458003282891,-9.19906365598209,-45.1499999051846));
#8586=CARTESIAN_POINT('Ctrl Pts',(-11.9542091804693,-9.22382734100985,-45.1500254763098));
#8587=CARTESIAN_POINT('Ctrl Pts',(-11.9626163460746,-9.24858606013693,-45.1448784485622));
#8588=CARTESIAN_POINT('Ctrl Pts',(-11.9703921834811,-9.27148567027592,-45.1349452359841));
#8589=CARTESIAN_POINT('Ctrl Pts',(-11.978148798899,-9.29432867222947,-45.1250365784589));
#8590=CARTESIAN_POINT('Ctrl Pts',(-11.9852712353289,-9.3153041714166,-45.1103729930972));
#8591=CARTESIAN_POINT('Ctrl Pts',(-11.9912286043856,-9.33284881076042,-45.0920474029107));
#8592=CARTESIAN_POINT('Ctrl Pts',(-11.9971859734423,-9.35039345010423,-45.0737218127241));
#8593=CARTESIAN_POINT('Ctrl Pts',(-12.0019736912974,-9.3644937319079,-45.0517483164544));
#8594=CARTESIAN_POINT('Ctrl Pts',(-12.0052348935534,-9.37409872640679,-45.0277646677195));
#8595=CARTESIAN_POINT('Ctrl Pts',(-12.0084960958093,-9.38370372090569,-45.0037810189847));
#8596=CARTESIAN_POINT('Ctrl Pts',(-12.0102282731713,-9.38880603864451,-44.9778056695385));
#8597=CARTESIAN_POINT('Ctrl Pts',(-12.0103023134671,-9.38902539085036,-44.9517746437079));
#8598=CARTESIAN_POINT('Ctrl Pts',(-11.8199487044499,-9.23723959718152,-45.149999905147));
#8599=CARTESIAN_POINT('Ctrl Pts',(-11.8267166805999,-9.26250644521495,-45.1500254864159));
#8600=CARTESIAN_POINT('Ctrl Pts',(-11.8334832975119,-9.28776822059571,-45.1448764167382));
#8601=CARTESIAN_POINT('Ctrl Pts',(-11.8397415588366,-9.31113237832955,-45.1349394114857));
#8602=CARTESIAN_POINT('Ctrl Pts',(-11.845984349644,-9.33443877950922,-45.1250269706618));
#8603=CARTESIAN_POINT('Ctrl Pts',(-11.8517164873677,-9.35583898882449,-45.1103578687668));
#8604=CARTESIAN_POINT('Ctrl Pts',(-11.85651052655,-9.37373737988314,-45.0920258587397));
#8605=CARTESIAN_POINT('Ctrl Pts',(-11.8613045657322,-9.39163577094178,-45.0736938487127));
#8606=CARTESIAN_POINT('Ctrl Pts',(-11.8651568143738,-9.4060185630775,-45.0517130452459));
#8607=CARTESIAN_POINT('Ctrl Pts',(-11.8677800103109,-9.41581335718626,-45.0277223740976));
#8608=CARTESIAN_POINT('Ctrl Pts',(-11.870403206248,-9.42560815129503,-45.0037317029492));
#8609=CARTESIAN_POINT('Ctrl Pts',(-11.871795329297,-9.43080740598125,-44.9777496356871));
#8610=CARTESIAN_POINT('Ctrl Pts',(-11.871852568817,-9.43102345805197,-44.9517134391181));
#8611=CARTESIAN_POINT('Ctrl Pts',(-11.6915785749356,-9.26277339285504,-45.1499999051028));
#8612=CARTESIAN_POINT('Ctrl Pts',(-11.6966718279014,-9.28837947156111,-45.1500254982744));
#8613=CARTESIAN_POINT('Ctrl Pts',(-11.7017640569333,-9.31398040248975,-45.144874032593));
#8614=CARTESIAN_POINT('Ctrl Pts',(-11.7064735920842,-9.33765735876006,-45.134932577282));
#8615=CARTESIAN_POINT('Ctrl Pts',(-11.7111714851925,-9.36127578523343,-45.1250156974002));
#8616=CARTESIAN_POINT('Ctrl Pts',(-11.7154849536827,-9.38296153585235,-45.1103401229531));
#8617=CARTESIAN_POINT('Ctrl Pts',(-11.7190922334954,-9.40109695763852,-45.0920005814017));
#8618=CARTESIAN_POINT('Ctrl Pts',(-11.7226995133081,-9.41923237942469,-45.0736610398503));
#8619=CARTESIAN_POINT('Ctrl Pts',(-11.7255978244796,-9.43380349624774,-45.0516716646306));
#8620=CARTESIAN_POINT('Ctrl Pts',(-11.7275709668987,-9.4437233726845,-45.0276727576597));
#8621=CARTESIAN_POINT('Ctrl Pts',(-11.7295441093179,-9.45364324912126,-45.0036738506888));
#8622=CARTESIAN_POINT('Ctrl Pts',(-11.7305905623749,-9.45890424038198,-44.9776839068137));
#8623=CARTESIAN_POINT('Ctrl Pts',(-11.7306322656913,-9.45911390175351,-44.9516416511843));
#8624=CARTESIAN_POINT('Ctrl Pts',(-11.5628033907659,-9.28838775698203,-45.1499999050586));
#8625=CARTESIAN_POINT('Ctrl Pts',(-11.5662166361841,-9.31433413675744,-45.1500255101703));
#8626=CARTESIAN_POINT('Ctrl Pts',(-11.5696291940304,-9.34027529339361,-45.1448716409249));
#8627=CARTESIAN_POINT('Ctrl Pts',(-11.5727851162107,-9.36426603519404,-45.1349257215139));
#8628=CARTESIAN_POINT('Ctrl Pts',(-11.5759332369033,-9.38819747151492,-45.1250043885674));
#8629=CARTESIAN_POINT('Ctrl Pts',(-11.5788235597402,-9.4101696644246,-45.110322321145));
#8630=CARTESIAN_POINT('Ctrl Pts',(-11.581240335524,-9.42854286485683,-45.0919752243045));
#8631=CARTESIAN_POINT('Ctrl Pts',(-11.5836571113078,-9.44691606528907,-45.073628127464));
#8632=CARTESIAN_POINT('Ctrl Pts',(-11.5855984749881,-9.46167610103265,-45.0516301534444));
#8633=CARTESIAN_POINT('Ctrl Pts',(-11.5869195127329,-9.47172145447784,-45.0276229846638));
#8634=CARTESIAN_POINT('Ctrl Pts',(-11.5882405504776,-9.48176680792303,-45.0036158158833));
#8635=CARTESIAN_POINT('Ctrl Pts',(-11.5889402428277,-9.48708973055972,-44.9776179705418));
#8636=CARTESIAN_POINT('Ctrl Pts',(-11.5889663609181,-9.48729298106704,-44.9515696367334));
#8637=CARTESIAN_POINT('Ctrl Pts',(-11.4315001700321,-9.30127879798902,-45.1499999050078));
#8638=CARTESIAN_POINT('Ctrl Pts',(-11.4331994228823,-9.32740049059085,-45.1500255238291));
#8639=CARTESIAN_POINT('Ctrl Pts',(-11.4348983325336,-9.35351691652624,-45.1448688948179));
#8640=CARTESIAN_POINT('Ctrl Pts',(-11.4364693662031,-9.37766871785323,-45.1349178499739));
#8641=CARTESIAN_POINT('Ctrl Pts',(-11.4380365162534,-9.40176081555906,-45.1249914042644));
#8642=CARTESIAN_POINT('Ctrl Pts',(-11.4394752102198,-9.42387938651275,-45.1103018821068));
#8643=CARTESIAN_POINT('Ctrl Pts',(-11.4406779623335,-9.4423728946044,-45.0919461116262));
#8644=CARTESIAN_POINT('Ctrl Pts',(-11.4418807144471,-9.46086640269604,-45.0735903411456));
#8645=CARTESIAN_POINT('Ctrl Pts',(-11.442846594876,-9.47572056770829,-45.0515824961939));
#8646=CARTESIAN_POINT('Ctrl Pts',(-11.4435034420602,-9.48582626761311,-45.0275658449434));
#8647=CARTESIAN_POINT('Ctrl Pts',(-11.4441602892443,-9.49593196751793,-45.0035491936929));
#8648=CARTESIAN_POINT('Ctrl Pts',(-11.4445075953838,-9.50128139894507,-44.9775422811833));
#8649=CARTESIAN_POINT('Ctrl Pts',(-11.4445194130089,-9.5014751333553,-44.9514869756166));
#8650=CARTESIAN_POINT('Ctrl Pts',(-11.3002010364787,-9.30119713393089,-45.1499999049513));
#8651=CARTESIAN_POINT('Ctrl Pts',(-11.300184849078,-9.32732542247646,-45.1500255389915));
#8652=CARTESIAN_POINT('Ctrl Pts',(-11.3001686649465,-9.35344843396776,-45.1448658464123));
#8653=CARTESIAN_POINT('Ctrl Pts',(-11.3001536989789,-9.37760519197679,-45.1349091123389));
#8654=CARTESIAN_POINT('Ctrl Pts',(-11.3001387700073,-9.40170223411167,-45.124976991464));
#8655=CARTESIAN_POINT('Ctrl Pts',(-11.3001250647256,-9.42382410306933,-45.1102791948059));
#8656=CARTESIAN_POINT('Ctrl Pts',(-11.3001136070587,-9.44231806874192,-45.0919137982597));
#8657=CARTESIAN_POINT('Ctrl Pts',(-11.3001021493918,-9.46081203441449,-45.0735484017134));
#8658=CARTESIAN_POINT('Ctrl Pts',(-11.3000929481973,-9.4756637995213,-45.0515296031657));
#8659=CARTESIAN_POINT('Ctrl Pts',(-11.3000866908988,-9.48576378514773,-45.0275024323094));
#8660=CARTESIAN_POINT('Ctrl Pts',(-11.3000804336002,-9.49586377077416,-45.0034752614532));
#8661=CARTESIAN_POINT('Ctrl Pts',(-11.300077125035,-9.50120416884207,-44.977458293169));
#8662=CARTESIAN_POINT('Ctrl Pts',(-11.3000770123868,-9.50138599693763,-44.9513952613648));
#8663=CARTESIAN_POINT('',(-11.3014400172837,-9.30139128745707,-45.15));
#8664=CARTESIAN_POINT('Origin',(-11.3014602004056,-7.30146020040564,-45.15));
#8665=CARTESIAN_POINT('',(-11.3014400172837,-9.50138641447441,-44.9513961265411));
#8666=CARTESIAN_POINT('Origin',(-11.3014400172837,-9.30139128745707,-44.95));
#8667=CARTESIAN_POINT('Origin',(-11.3014495063613,-7.30144950636134,-44.9500001357328));
#8668=CARTESIAN_POINT('Origin',(-13.5,-9.5,-45.15));
#8669=CARTESIAN_POINT('',(-9.7,9.30139128745707,-45.15));
#8670=CARTESIAN_POINT('',(-9.49999999999999,9.30139128745707,-45.15));
#8671=CARTESIAN_POINT('',(-9.7,5.9642135623731,-45.15));
#8672=CARTESIAN_POINT('',(-9.7,-9.5,-45.15));
#8673=CARTESIAN_POINT('',(-9.34852813742386,5.11568542494924,-45.15));
#8674=CARTESIAN_POINT('Origin',(-8.5,5.9642135623731,-45.15));
#8675=CARTESIAN_POINT('',(-6.52010101267768,2.28725830020309,-45.15));
#8676=CARTESIAN_POINT('',(-4.11642135623733,-0.116421356237241,-45.15));
#8677=CARTESIAN_POINT('',(-5.7,0.307359312880746,-45.15));
#8678=CARTESIAN_POINT('Origin',(-8.5,0.307359312880746,-45.15));
#8679=CARTESIAN_POINT('',(-5.7,-9.30139128745707,-45.15));
#8680=CARTESIAN_POINT('',(-5.7,-9.5,-45.15));
#8681=CARTESIAN_POINT('',(-11.3000536028093,-9.30139128745707,-45.15));
#8682=CARTESIAN_POINT('',(-12.25,0.800000000000002,-45.15));
#8683=CARTESIAN_POINT('',(-8.75,0.800000000000002,-45.15));
#8684=CARTESIAN_POINT('',(-8.75,0.800000000000002,-45.15));
#8685=CARTESIAN_POINT('',(-12.25,-9.,-45.15));
#8686=CARTESIAN_POINT('',(-12.25,0.800000000000002,-45.15));
#8687=CARTESIAN_POINT('',(-8.75,-9.,-45.15));
#8688=CARTESIAN_POINT('',(-8.75,-9.,-45.15));
#8689=CARTESIAN_POINT('',(-8.75,0.800000000000002,-45.15));
#8690=CARTESIAN_POINT('Origin',(13.7,9.30139128745707,-44.95));
#8691=CARTESIAN_POINT('',(-9.5000048729543,9.50138641448831,-44.9513961245495));
#8692=CARTESIAN_POINT('Origin',(-9.70000000000001,9.30139128745707,-44.95));
#8693=CARTESIAN_POINT('',(-11.3000536028093,9.50138641447441,-44.9513961265411));
#8694=CARTESIAN_POINT('Origin',(-11.5001607992862,7.50016079928619,-16.46928671273));
#8695=CARTESIAN_POINT('',(-11.3220431316051,9.52198952879581,-42.));
#8696=CARTESIAN_POINT('Origin',(-11.3220653330392,7.32206533303924,-42.));
#8697=CARTESIAN_POINT('',(-11.498825683362,9.69877208055267,-16.6758994608301));
#8698=CARTESIAN_POINT('Origin',(-11.5001607992862,-7.50016079928619,-16.46928671273));
#8699=CARTESIAN_POINT('',(-11.3220431316051,-9.52198952879581,-42.));
#8700=CARTESIAN_POINT('',(-11.5001607992862,-9.70010719647691,-16.4846441046825));
#8701=CARTESIAN_POINT('Origin',(-11.3220653330392,-7.32206533303924,-42.));
#8702=CARTESIAN_POINT('Origin',(-11.75,7.75,-42.));
#8703=CARTESIAN_POINT('',(-9.,10.,-42.));
#8704=CARTESIAN_POINT('',(-11.75,10.,-42.));
#8705=CARTESIAN_POINT('',(-11.75,10.,-42.));
#8706=CARTESIAN_POINT('',(-9.,9.75,-42.));
#8707=CARTESIAN_POINT('',(-9.,9.75,-42.));
#8708=CARTESIAN_POINT('',(9.,9.75,-42.));
#8709=CARTESIAN_POINT('',(9.,9.75,-42.));
#8710=CARTESIAN_POINT('',(9.,10.,-42.));
#8711=CARTESIAN_POINT('',(9.,9.75,-42.));
#8712=CARTESIAN_POINT('',(11.75,10.,-42.));
#8713=CARTESIAN_POINT('',(-11.75,10.,-42.));
#8714=CARTESIAN_POINT('',(14.,7.75,-42.));
#8715=CARTESIAN_POINT('Origin',(11.75,7.75,-42.));
#8716=CARTESIAN_POINT('',(14.,-7.75,-42.));
#8717=CARTESIAN_POINT('',(14.,7.75,-42.));
#8718=CARTESIAN_POINT('',(11.75,-10.,-42.));
#8719=CARTESIAN_POINT('Origin',(11.75,-7.75,-42.));
#8720=CARTESIAN_POINT('',(-11.75,-10.,-42.));
#8721=CARTESIAN_POINT('',(-11.75,-10.,-42.));
#8722=CARTESIAN_POINT('',(-14.,-7.75,-42.));
#8723=CARTESIAN_POINT('Origin',(-11.75,-7.75,-42.));
#8724=CARTESIAN_POINT('',(-14.,7.75,-42.));
#8725=CARTESIAN_POINT('',(-14.,7.75,-42.));
#8726=CARTESIAN_POINT('Origin',(-11.75,7.75,-42.));
#8727=CARTESIAN_POINT('',(11.3220431316051,9.52198952879581,-42.));
#8728=CARTESIAN_POINT('',(13.7,9.52198952879581,-42.));
#8729=CARTESIAN_POINT('',(-2.75,-9.52198952879581,-42.));
#8730=CARTESIAN_POINT('',(-13.7,-9.52198952879581,-42.));
#8731=CARTESIAN_POINT('',(-2.75,-9.4897888041005,-42.));
#8732=CARTESIAN_POINT('',(-2.75,-9.36000828407052,-42.));
#8733=CARTESIAN_POINT('',(2.75,-9.4897888041005,-42.));
#8734=CARTESIAN_POINT('',(-11.3077324858808,-9.4897888041005,-42.));
#8735=CARTESIAN_POINT('',(2.75,-9.52198952879581,-42.));
#8736=CARTESIAN_POINT('',(2.75,-9.36000828407052,-42.));
#8737=CARTESIAN_POINT('',(11.3220431316051,-9.52198952879581,-42.));
#8738=CARTESIAN_POINT('',(-13.7,-9.52198952879581,-42.));
#8739=CARTESIAN_POINT('',(13.5219895287958,-7.32204313160509,-42.));
#8740=CARTESIAN_POINT('Origin',(11.3220653330392,-7.32206533303923,-42.));
#8741=CARTESIAN_POINT('',(13.5219895287958,7.3220431316051,-42.));
#8742=CARTESIAN_POINT('',(13.5219895287958,-9.7,-42.));
#8743=CARTESIAN_POINT('Origin',(11.3220653330392,7.32206533303924,-42.));
#8744=CARTESIAN_POINT('Origin',(-13.7,-9.30139128745707,-44.95));
#8745=CARTESIAN_POINT('',(-5.7,-9.50138641447441,-44.9513961265411));
#8746=CARTESIAN_POINT('Origin',(-5.7,-9.30139128745707,-44.95));
#8747=CARTESIAN_POINT('',(-5.50000000000001,-9.50138641447441,-44.9513961265411));
#8748=CARTESIAN_POINT('Origin',(-12.25,0.800000000000002,-45.15));
#8749=CARTESIAN_POINT('',(-11.6726497308104,-8.42264973081037,-46.15));
#8750=CARTESIAN_POINT('',(-11.55,-8.30000000000001,-46.3624355652982));
#8751=CARTESIAN_POINT('',(-11.6726497308104,0.222649730810369,-46.15));
#8752=CARTESIAN_POINT('',(-12.25,0.800000000000002,-45.15));
#8753=CARTESIAN_POINT('',(-11.6726497308104,9.7,-46.15));
#8754=CARTESIAN_POINT('Origin',(-8.5,0.307359312880746,-44.95));
#8755=CARTESIAN_POINT('',(-6.37867965644037,2.4286796564404,-44.95));
#8756=CARTESIAN_POINT('Origin',(-6.52010101267768,2.28725830020309,-44.95));
#8757=CARTESIAN_POINT('',(-5.5,0.307359312880746,-44.95));
#8758=CARTESIAN_POINT('Origin',(-8.5,0.307359312880746,-44.95));
#8759=CARTESIAN_POINT('Origin',(-5.7,0.307359312880746,-44.95));
#8760=CARTESIAN_POINT('Origin',(-9.7,9.7,-44.95));
#8761=CARTESIAN_POINT('',(-9.5,5.9642135623731,-44.95));
#8762=CARTESIAN_POINT('Origin',(-9.7,5.9642135623731,-44.95));
#8763=CARTESIAN_POINT('',(-9.5,9.50139616055847,-44.95));
#8764=CARTESIAN_POINT('Origin',(-9.7,9.50139616055847,-44.95));
#8765=CARTESIAN_POINT('',(-9.5,9.7,-44.95));
#8766=CARTESIAN_POINT('Origin',(-8.75,-9.,-45.15));
#8767=CARTESIAN_POINT('',(-9.32735026918964,-8.42264973081037,-46.15));
#8768=CARTESIAN_POINT('',(-13.7,-8.42264973081037,-46.15));
#8769=CARTESIAN_POINT('',(-8.75,-9.,-45.15));
#8770=CARTESIAN_POINT('Origin',(-8.75,0.800000000000002,-45.15));
#8771=CARTESIAN_POINT('',(-9.32735026918964,0.222649730810369,-46.15));
#8772=CARTESIAN_POINT('',(-8.75,0.800000000000002,-45.15));
#8773=CARTESIAN_POINT('',(-13.7,0.222649730810369,-46.15));
#8774=CARTESIAN_POINT('Origin',(-9.34852813742386,5.11568542494924,-44.95));
#8775=CARTESIAN_POINT('',(-9.20710678118655,5.25710678118655,-44.95));
#8776=CARTESIAN_POINT('Origin',(-9.34852813742386,5.11568542494924,-44.95));
#8777=CARTESIAN_POINT('',(-9.20710678118655,5.25710678118655,-44.95));
#8778=CARTESIAN_POINT('Origin',(-5.7,0.307359312880746,-44.95));
#8779=CARTESIAN_POINT('',(-5.5,-9.30139128745707,-44.95));
#8780=CARTESIAN_POINT('',(-5.5,0.307359312880746,-44.95));
#8781=CARTESIAN_POINT('Origin',(-5.7,-9.30139128745707,-44.95));
#8782=CARTESIAN_POINT('Origin',(-8.5,5.9642135623731,-44.95));
#8783=CARTESIAN_POINT('Origin',(-8.5,5.9642135623731,-44.95));
#8784=CARTESIAN_POINT('Origin',(-8.75,0.800000000000002,-45.15));
#8785=CARTESIAN_POINT('',(-9.32735026918964,9.7,-46.15));
#8786=CARTESIAN_POINT('Origin',(13.7,9.7,-16.5));
#8787=CARTESIAN_POINT('',(11.3014400172837,9.50138641447441,-44.9513961265411));
#8788=CARTESIAN_POINT('',(11.5001607992862,9.70010719647691,-16.4846441046825));
#8789=CARTESIAN_POINT('',(9.50000487295429,9.50138641448831,-44.9513961245495));
#8790=CARTESIAN_POINT('',(9.5,9.50138641447441,-44.9513961265411));
#8791=CARTESIAN_POINT('',(9.5,9.50139616055847,-44.95));
#8792=CARTESIAN_POINT('Origin',(9.7,9.50139616055847,-44.95));
#8793=CARTESIAN_POINT('',(9.5,9.50767888307155,-44.05));
#8794=CARTESIAN_POINT('',(9.5,9.7,-16.5));
#8795=CARTESIAN_POINT('',(9.5,9.51396143549799,-43.1500243649133));
#8796=CARTESIAN_POINT('',(9.5,9.7,-16.5));
#8797=CARTESIAN_POINT('',(-9.5,9.51396143549799,-43.1500243649133));
#8798=CARTESIAN_POINT('',(-9.5,9.51396143549799,-43.1500243649133));
#8799=CARTESIAN_POINT('',(-9.50000000000001,9.50767888307156,-44.05));
#8800=CARTESIAN_POINT('',(-9.5,9.7,-16.5));
#8801=CARTESIAN_POINT('',(-9.5,9.7,-16.5));
#8802=CARTESIAN_POINT('Origin',(-13.7,-9.7,-16.5));
#8803=CARTESIAN_POINT('',(-2.75,-9.50836721726672,-43.9513961265411));
#8804=CARTESIAN_POINT('',(-2.75,-9.7,-16.5));
#8805=CARTESIAN_POINT('',(-5.7,-9.5055748961498,-44.3513961265411));
#8806=CARTESIAN_POINT('',(-5.7,-9.50698080279232,-44.15));
#8807=CARTESIAN_POINT('',(-5.56297813394198,-9.50767887789005,-44.0500007408644));
#8808=CARTESIAN_POINT('Ctrl Pts',(-5.56297830793785,-9.507678840719,-44.0500060670035));
#8809=CARTESIAN_POINT('Ctrl Pts',(-5.56975731950743,-9.5076375550961,-44.0559202324838));
#8810=CARTESIAN_POINT('Ctrl Pts',(-5.57638804396769,-9.50759435919373,-44.062108032094));
#8811=CARTESIAN_POINT('Ctrl Pts',(-5.58283631455696,-9.50754932047918,-44.068559811671));
#8812=CARTESIAN_POINT('Ctrl Pts',(-5.59566023624134,-9.50745975026959,-44.0813907118131));
#8813=CARTESIAN_POINT('Ctrl Pts',(-5.60775735006442,-9.50736289456028,-44.0952652514821));
#8814=CARTESIAN_POINT('Ctrl Pts',(-5.61891780882518,-9.50725986496658,-44.1100242214747));
#8815=CARTESIAN_POINT('Ctrl Pts',(-5.63028143514087,-9.50715495979849,-44.1250518671473));
#8816=CARTESIAN_POINT('Ctrl Pts',(-5.64067316177305,-9.50704365903519,-44.1409957016015));
#8817=CARTESIAN_POINT('Ctrl Pts',(-5.64990209125523,-9.50692744660517,-44.1576431453785));
#8818=CARTESIAN_POINT('Ctrl Pts',(-5.65719915869227,-9.50683556054834,-44.1708058334378));
#8819=CARTESIAN_POINT('Ctrl Pts',(-5.663769764315,-9.50674061132839,-44.1844073268718));
#8820=CARTESIAN_POINT('Ctrl Pts',(-5.66953787705053,-9.50664343030866,-44.1983285257709));
#8821=CARTESIAN_POINT('Ctrl Pts',(-5.67683650856798,-9.50652046314661,-44.2159435942872));
#8822=CARTESIAN_POINT('Ctrl Pts',(-5.68284639543708,-9.50639396028427,-44.234065151345));
#8823=CARTESIAN_POINT('Ctrl Pts',(-5.6875279756894,-9.50626591352502,-44.2524078636557));
#8824=CARTESIAN_POINT('Ctrl Pts',(-5.69212412141315,-9.50614020350121,-44.2704158383576));
#8825=CARTESIAN_POINT('Ctrl Pts',(-5.69544001836906,-9.5060130133198,-44.2886358381855));
#8826=CARTESIAN_POINT('Ctrl Pts',(-5.69748749597769,-9.50588622630623,-44.3067980801286));
#8827=CARTESIAN_POINT('Ctrl Pts',(-5.69917318455975,-9.50578184254143,-44.3217510562876));
#8828=CARTESIAN_POINT('Ctrl Pts',(-5.7,-9.50567773374706,-44.3366646407343));
#8829=CARTESIAN_POINT('Ctrl Pts',(-5.7,-9.5055748961498,-44.3513961265411));
#8830=CARTESIAN_POINT('',(-5.3,-9.50836721726673,-43.9513961265411));
#8831=CARTESIAN_POINT('Ctrl Pts',(-5.30000000000001,-9.50836721726673,-43.9513961265411));
#8832=CARTESIAN_POINT('Ctrl Pts',(-5.31805457628168,-9.50836721726673,-43.9513961265411));
#8833=CARTESIAN_POINT('Ctrl Pts',(-5.33633620321753,-9.50835856350018,-43.9526357785987));
#8834=CARTESIAN_POINT('Ctrl Pts',(-5.35458470169975,-9.50834098594716,-43.9551537630689));
#8835=CARTESIAN_POINT('Ctrl Pts',(-5.37315693022315,-9.50832309656674,-43.9577164168151));
#8836=CARTESIAN_POINT('Ctrl Pts',(-5.39169373591983,-9.50829596343288,-43.9616032382395));
#8837=CARTESIAN_POINT('Ctrl Pts',(-5.40991121910622,-9.50825967086738,-43.9668021482481));
#8838=CARTESIAN_POINT('Ctrl Pts',(-5.42047868092914,-9.50823861854657,-43.9698178932044));
#8839=CARTESIAN_POINT('Ctrl Pts',(-5.43093860252705,-9.50821449113382,-43.9732741450807));
#8840=CARTESIAN_POINT('Ctrl Pts',(-5.44123647861637,-9.50818736081759,-43.977160562881));
#8841=CARTESIAN_POINT('Ctrl Pts',(-5.45899271103232,-9.50814058105481,-43.9838617638983));
#8842=CARTESIAN_POINT('Ctrl Pts',(-5.47626153159284,-9.50808486708181,-43.9918427905304));
#8843=CARTESIAN_POINT('Ctrl Pts',(-5.49280424911863,-9.50802130322729,-44.0009483126906));
#8844=CARTESIAN_POINT('Ctrl Pts',(-5.50911233007869,-9.50795864094196,-44.0099246850636));
#8845=CARTESIAN_POINT('Ctrl Pts',(-5.52471389040123,-9.50788835515007,-44.0199931247526));
#8846=CARTESIAN_POINT('Ctrl Pts',(-5.53941301174712,-9.50781174740881,-44.0309671836883));
#8847=CARTESIAN_POINT('Ctrl Pts',(-5.54755428461765,-9.50776931735391,-44.0370452890518));
#8848=CARTESIAN_POINT('Ctrl Pts',(-5.55541938512535,-9.50772495218941,-44.0434005988662));
#8849=CARTESIAN_POINT('Ctrl Pts',(-5.56298083882413,-9.50767889954129,-44.0499976407107));
#8850=CARTESIAN_POINT('',(-2.75,-9.50836721726673,-43.9513961265411));
#8851=CARTESIAN_POINT('Origin',(-11.75,10.,-42.));
#8852=CARTESIAN_POINT('',(11.75,10.,-5.));
#8853=CARTESIAN_POINT('',(-11.75,10.,-5.));
#8854=CARTESIAN_POINT('',(-11.75,10.,-5.));
#8855=CARTESIAN_POINT('',(11.75,10.,-42.));
#8856=CARTESIAN_POINT('',(9.,10.,-44.0947177821084));
#8857=CARTESIAN_POINT('',(9.,10.,-42.));
#8858=CARTESIAN_POINT('',(-9.,10.,-44.0947177821084));
#8859=CARTESIAN_POINT('',(9.,10.,-44.0947177821084));
#8860=CARTESIAN_POINT('',(-9.,10.,-42.));
#8861=CARTESIAN_POINT('',(-11.75,10.,-42.));
#8862=CARTESIAN_POINT('Origin',(9.,9.75000000000001,-44.0947177821084));
#8863=CARTESIAN_POINT('',(-9.,9.75000000000001,-44.0947177821084));
#8864=CARTESIAN_POINT('',(-9.,9.75000000000001,-44.0947177821084));
#8865=CARTESIAN_POINT('',(9.,9.75000000000001,-44.0947177821084));
#8866=CARTESIAN_POINT('',(9.,9.75000000000001,-44.0947177821084));
#8867=CARTESIAN_POINT('',(9.,9.75000000000001,-44.0947177821084));
#8868=CARTESIAN_POINT('Origin',(-9.,9.45,-44.0947177821084));
#8869=CARTESIAN_POINT('',(-9.,6.9974108176587,-44.3519533771015));
#8870=CARTESIAN_POINT('',(-9.,6.99304771604937,-44.6019153008906));
#8871=CARTESIAN_POINT('',(-9.,7.00264653958988,-44.0519990685546));
#8872=CARTESIAN_POINT('',(-9.,9.44476427806882,-44.3946720906553));
#8873=CARTESIAN_POINT('',(-9.,-10.,-44.0552624676677));
#8874=CARTESIAN_POINT('Origin',(-9.,9.45,-44.0947177821084));
#8875=CARTESIAN_POINT('',(-9.,9.4404011764595,-44.6446340144444));
#8876=CARTESIAN_POINT('Origin',(-9.,9.45,-44.0947177821084));
#8877=CARTESIAN_POINT('',(-9.,9.4404011764595,-44.6446340144444));
#8878=CARTESIAN_POINT('Origin',(-11.75,7.75,-42.));
#8879=CARTESIAN_POINT('',(-14.,7.75,-5.));
#8880=CARTESIAN_POINT('Origin',(-11.75,7.75,-5.));
#8881=CARTESIAN_POINT('',(-14.,7.75,-42.));
#8882=CARTESIAN_POINT('Origin',(-14.,7.75,-42.));
#8883=CARTESIAN_POINT('',(-14.,-7.00000000000001,-5.25));
#8884=CARTESIAN_POINT('',(-14.,-7.00000000000001,-5.));
#8885=CARTESIAN_POINT('',(-14.,-7.00000000000001,-5.25));
#8886=CARTESIAN_POINT('',(-14.,7.,-5.25));
#8887=CARTESIAN_POINT('',(-14.,-7.00000000000001,-5.25));
#8888=CARTESIAN_POINT('',(-14.,7.,-5.));
#8889=CARTESIAN_POINT('',(-14.,7.,-5.25));
#8890=CARTESIAN_POINT('',(-14.,7.75,-5.));
#8891=CARTESIAN_POINT('',(-14.,-7.75,-5.));
#8892=CARTESIAN_POINT('',(-14.,-7.75,-42.));
#8893=CARTESIAN_POINT('',(-14.,7.75,-5.));
#8894=CARTESIAN_POINT('Origin',(-2.75,-9.36000828407052,-16.4976265848801));
#8895=CARTESIAN_POINT('',(-2.75,-9.50700958052103,-43.9733055242075));
#8896=CARTESIAN_POINT('Origin',(-2.75,-9.3083720902494,-43.95));
#8897=CARTESIAN_POINT('',(-2.75,-9.26724002802157,-16.4984361611858));
#8898=CARTESIAN_POINT('Origin',(-13.7,-9.7,-16.5));
#8899=CARTESIAN_POINT('',(11.3014400172837,-9.50138641447441,-44.9513961265411));
#8900=CARTESIAN_POINT('',(11.498825683362,-9.69877208055267,-16.6758994608301));
#8901=CARTESIAN_POINT('',(2.75,-9.50836721726672,-43.9513961265411));
#8902=CARTESIAN_POINT('',(2.75,-9.69999999999999,-16.5));
#8903=CARTESIAN_POINT('',(5.3,-9.50836721726673,-43.9513961265411));
#8904=CARTESIAN_POINT('',(5.5,-9.50836721726673,-43.9513961265411));
#8905=CARTESIAN_POINT('',(5.56297813394198,-9.50767887789005,-44.0500007408645));
#8906=CARTESIAN_POINT('Ctrl Pts',(5.56298083882414,-9.50767889954129,-44.0499976407107));
#8907=CARTESIAN_POINT('Ctrl Pts',(5.54937282883218,-9.50776177843215,-44.0381252395941));
#8908=CARTESIAN_POINT('Ctrl Pts',(5.53477872856724,-9.50783918139443,-44.0270372652473));
#8909=CARTESIAN_POINT('Ctrl Pts',(5.51936893626898,-9.50790970569818,-44.0169346587357));
#8910=CARTESIAN_POINT('Ctrl Pts',(5.50368915796789,-9.50798146561721,-44.0066550503348));
#8911=CARTESIAN_POINT('Ctrl Pts',(5.48716563864139,-9.50804609821478,-43.9973964307332));
#8912=CARTESIAN_POINT('Ctrl Pts',(5.47001985697052,-9.50810235916701,-43.989337049326));
#8913=CARTESIAN_POINT('Ctrl Pts',(5.46059907119469,-9.50813327186546,-43.9849088052726));
#8914=CARTESIAN_POINT('Ctrl Pts',(5.45099109188138,-9.50816166175689,-43.9808419533248));
#8915=CARTESIAN_POINT('Ctrl Pts',(5.44123647861667,-9.50818736081758,-43.9771605628811));
#8916=CARTESIAN_POINT('Ctrl Pts',(5.42348096980175,-9.50823413867399,-43.9704596349507));
#8917=CARTESIAN_POINT('Ctrl Pts',(5.40524317649915,-9.5082719696004,-43.9650403547429));
#8918=CARTESIAN_POINT('Ctrl Pts',(5.38680460958268,-9.5083005586903,-43.9609449676142));
#8919=CARTESIAN_POINT('Ctrl Pts',(5.36862775283141,-9.50832874199729,-43.9569077088881));
#8920=CARTESIAN_POINT('Ctrl Pts',(5.35025693462085,-9.50834794388799,-43.9541570380448));
#8921=CARTESIAN_POINT('Ctrl Pts',(5.33196243301564,-9.50835822993109,-43.9526835623717));
#8922=CARTESIAN_POINT('Ctrl Pts',(5.32126499847087,-9.50836424454002,-43.9518219696426));
#8923=CARTESIAN_POINT('Ctrl Pts',(5.31059357706635,-9.50836721726673,-43.9513961265411));
#8924=CARTESIAN_POINT('Ctrl Pts',(5.3,-9.50836721726673,-43.9513961265411));
#8925=CARTESIAN_POINT('',(5.7,-9.5055748961498,-44.3513961265411));
#8926=CARTESIAN_POINT('Ctrl Pts',(5.7,-9.5055748961498,-44.3513961265411));
#8927=CARTESIAN_POINT('Ctrl Pts',(5.7,-9.50569915416953,-44.3335961652148));
#8928=CARTESIAN_POINT('Ctrl Pts',(5.6987915805261,-9.505825271769,-44.3155298197061));
#8929=CARTESIAN_POINT('Ctrl Pts',(5.69632242676623,-9.50595147948001,-44.2974505614846));
#8930=CARTESIAN_POINT('Ctrl Pts',(5.69379680760922,-9.50608057334929,-44.2789578610094));
#8931=CARTESIAN_POINT('Ctrl Pts',(5.68995198932982,-9.50620975426953,-44.2604526850247));
#8932=CARTESIAN_POINT('Ctrl Pts',(5.6847849190999,-9.50633702887146,-44.2422205817486));
#8933=CARTESIAN_POINT('Ctrl Pts',(5.68057238816347,-9.50644079138565,-44.2273565880986));
#8934=CARTESIAN_POINT('Ctrl Pts',(5.67548205651935,-9.50654328292099,-44.2126746574213));
#8935=CARTESIAN_POINT('Ctrl Pts',(5.66953787705051,-9.50664343030866,-44.1983285257709));
#8936=CARTESIAN_POINT('Ctrl Pts',(5.66224433192447,-9.50676631177532,-44.1807257331358));
#8937=CARTESIAN_POINT('Ctrl Pts',(5.65366631495471,-9.50688561904004,-44.1636349451932));
#8938=CARTESIAN_POINT('Ctrl Pts',(5.64396222992086,-9.50699969098647,-44.147294131139));
#8939=CARTESIAN_POINT('Ctrl Pts',(5.6343838829074,-9.50711228487694,-44.1311650487013));
#8940=CARTESIAN_POINT('Ctrl Pts',(5.62370925361901,-9.50721977218559,-44.1157674999621));
#8941=CARTESIAN_POINT('Ctrl Pts',(5.6121286835908,-9.50732078055882,-44.101298076423));
#8942=CARTESIAN_POINT('Ctrl Pts',(5.60290243540881,-9.50740125399991,-44.0897702766431));
#8943=CARTESIAN_POINT('Ctrl Pts',(5.59310202215311,-9.50747761842082,-44.0788311056087));
#8944=CARTESIAN_POINT('Ctrl Pts',(5.58283631455694,-9.50754932047917,-44.068559811671));
#8945=CARTESIAN_POINT('Ctrl Pts',(5.57638804396768,-9.50759435919373,-44.062108032094));
#8946=CARTESIAN_POINT('Ctrl Pts',(5.56975731950742,-9.5076375550961,-44.0559202324838));
#8947=CARTESIAN_POINT('Ctrl Pts',(5.56297830793785,-9.507678840719,-44.0500060670035));
#8948=CARTESIAN_POINT('',(5.7,-9.50138641447441,-44.9513961265411));
#8949=CARTESIAN_POINT('',(5.7,-9.5,-45.15));
#8950=CARTESIAN_POINT('',(11.3000536028093,-9.50138641447441,-44.9513961265411));
#8951=CARTESIAN_POINT('Origin',(11.75,7.75,-42.));
#8952=CARTESIAN_POINT('',(14.,7.75,-5.));
#8953=CARTESIAN_POINT('Origin',(11.75,7.75,-5.));
#8954=CARTESIAN_POINT('',(14.,7.75,-42.));
#8955=CARTESIAN_POINT('Origin',(-11.75,-7.75,-42.));
#8956=CARTESIAN_POINT('',(-11.75,-10.,-5.));
#8957=CARTESIAN_POINT('Origin',(-11.75,-7.75,-5.));
#8958=CARTESIAN_POINT('',(-11.75,-10.,-42.));
#8959=CARTESIAN_POINT('Origin',(11.5001607992862,-7.50016079928619,-16.46928671273));
#8960=CARTESIAN_POINT('',(13.5013864144744,-7.30144001728369,-44.9513961265411));
#8961=CARTESIAN_POINT('',(13.7001071964769,-7.50016079928619,-16.4846441046825));
#8962=CARTESIAN_POINT('Origin',(11.3014495063613,-7.30144950636134,-44.9500001357328));
#8963=CARTESIAN_POINT('Origin',(14.,7.75,-42.));
#8964=CARTESIAN_POINT('',(14.,-7.00000000000001,-5.25));
#8965=CARTESIAN_POINT('',(14.,-7.00000000000001,-5.));
#8966=CARTESIAN_POINT('',(14.,-7.00000000000001,-5.25));
#8967=CARTESIAN_POINT('',(14.,-7.75,-5.));
#8968=CARTESIAN_POINT('',(14.,7.75,-5.));
#8969=CARTESIAN_POINT('',(14.,-7.75,-42.));
#8970=CARTESIAN_POINT('',(14.,7.,-5.));
#8971=CARTESIAN_POINT('',(14.,7.75,-5.));
#8972=CARTESIAN_POINT('',(14.,7.,-5.25));
#8973=CARTESIAN_POINT('',(14.,7.,-5.25));
#8974=CARTESIAN_POINT('',(14.,-7.00000000000001,-5.25));
#8975=CARTESIAN_POINT('Origin',(11.5001607992862,7.50016079928619,-16.46928671273));
#8976=CARTESIAN_POINT('',(13.5013864144744,7.30144001728369,-44.9513961265411));
#8977=CARTESIAN_POINT('',(13.6991618954211,7.49921549823035,-16.620058480933));
#8978=CARTESIAN_POINT('Origin',(11.3014495063613,7.30144950636134,-44.9500001357328));
#8979=CARTESIAN_POINT('Origin',(13.7,-9.7,-16.5));
#8980=CARTESIAN_POINT('',(13.5013864144744,7.30005360280928,-44.9513961265411));
#8981=CARTESIAN_POINT('Origin',(-11.3077324858808,-9.50767888307155,-44.05));
#8982=CARTESIAN_POINT('',(-5.3,-9.50700958052103,-43.9733055242075));
#8983=CARTESIAN_POINT('',(-8.5,-9.50700958052103,-43.9733055242075));
#8984=CARTESIAN_POINT('Ctrl Pts',(-5.56297813449459,-9.50767888305399,-44.0499999979873));
#8985=CARTESIAN_POINT('Ctrl Pts',(-5.56105102757527,-9.50767887054297,-44.0499985643662));
#8986=CARTESIAN_POINT('Ctrl Pts',(-5.5585205420708,-9.50767218483309,-44.0492324578963));
#8987=CARTESIAN_POINT('Ctrl Pts',(-5.55316585954353,-9.50765500150223,-44.0472634432077));
#8988=CARTESIAN_POINT('Ctrl Pts',(-5.54954462048545,-9.50764054302292,-44.0456066655812));
#8989=CARTESIAN_POINT('Ctrl Pts',(-5.53712625823528,-9.50758790106355,-44.0395744945168));
#8990=CARTESIAN_POINT('Ctrl Pts',(-5.52597455164642,-9.50753551691097,-44.0335718651846));
#8991=CARTESIAN_POINT('Ctrl Pts',(-5.49272311374076,-9.50739061230927,-44.0169674424784));
#8992=CARTESIAN_POINT('Ctrl Pts',(-5.46717021257683,-9.5072873335266,-44.0051328661935));
#8993=CARTESIAN_POINT('Ctrl Pts',(-5.41409180632863,-9.50713710296297,-43.9879181486984));
#8994=CARTESIAN_POINT('Ctrl Pts',(-5.39143476766946,-9.50708922103391,-43.9824314230765));
#8995=CARTESIAN_POINT('Ctrl Pts',(-5.34575043632814,-9.50702563265825,-43.9751449169461));
#8996=CARTESIAN_POINT('Ctrl Pts',(-5.32289434304131,-9.50700958051799,-43.9733055238594));
#8997=CARTESIAN_POINT('Ctrl Pts',(-5.30000000000001,-9.50700958051799,-43.9733055238594));
#8998=CARTESIAN_POINT('',(-11.3077324858808,-9.50767888307155,-44.05));
#8999=CARTESIAN_POINT('',(5.29999999999999,-9.50700958052103,-43.9733055242075));
#9000=CARTESIAN_POINT('Ctrl Pts',(5.29999999999999,-9.50700958051799,-43.9733055238594));
#9001=CARTESIAN_POINT('Ctrl Pts',(5.32285149697936,-9.50700958051799,-43.9733055238594));
#9002=CARTESIAN_POINT('Ctrl Pts',(5.34566497801267,-9.50702557266934,-43.9751380428981));
#9003=CARTESIAN_POINT('Ctrl Pts',(5.39126584216321,-9.50708892608458,-43.9823976252319));
#9004=CARTESIAN_POINT('Ctrl Pts',(5.41388547388615,-9.50713663991927,-43.9878650891714));
#9005=CARTESIAN_POINT('Ctrl Pts',(5.46694114076056,-9.50728651922075,-44.0050395560099));
#9006=CARTESIAN_POINT('Ctrl Pts',(5.49251765084315,-9.5073897667582,-44.0168705519231));
#9007=CARTESIAN_POINT('Ctrl Pts',(5.5258493885369,-9.50753493795141,-44.0335055229902));
#9008=CARTESIAN_POINT('Ctrl Pts',(5.53704412295207,-9.50758753266986,-44.039532280781));
#9009=CARTESIAN_POINT('Ctrl Pts',(5.54950334655005,-9.50764037653734,-44.0455875882228));
#9010=CARTESIAN_POINT('Ctrl Pts',(5.55313776075629,-9.50765490031167,-44.0472518479183));
#9011=CARTESIAN_POINT('Ctrl Pts',(5.55850715740488,-9.50767214978999,-44.0492284423554));
#9012=CARTESIAN_POINT('Ctrl Pts',(5.56104615498485,-9.50767887051133,-44.0499985607414));
#9013=CARTESIAN_POINT('Ctrl Pts',(5.56297813449459,-9.50767888305399,-44.0499999979873));
#9014=CARTESIAN_POINT('',(2.75,-9.50700958052103,-43.9733055242075));
#9015=CARTESIAN_POINT('',(-8.5,-9.50700958052103,-43.9733055242075));
#9016=CARTESIAN_POINT('',(2.75,-9.26724002802157,-16.4984361611858));
#9017=CARTESIAN_POINT('Origin',(2.75,-9.36000828407052,-16.4976265848801));
#9018=CARTESIAN_POINT('Origin',(2.75,-9.30837209024939,-43.95));
#9019=CARTESIAN_POINT('Origin',(-11.75,-10.,-42.));
#9020=CARTESIAN_POINT('',(11.75,-10.,-5.));
#9021=CARTESIAN_POINT('',(-11.75,-10.,-5.));
#9022=CARTESIAN_POINT('',(11.75,-10.,-42.));
#9023=CARTESIAN_POINT('Origin',(9.,9.45,-44.0947177821084));
#9024=CARTESIAN_POINT('',(9.,9.44476427806882,-44.3946720906553));
#9025=CARTESIAN_POINT('',(9.,6.9974108176587,-44.3519533771015));
#9026=CARTESIAN_POINT('',(9.,-10.,-44.0552624676677));
#9027=CARTESIAN_POINT('',(9.,6.99304771604938,-44.6019153008906));
#9028=CARTESIAN_POINT('',(9.,7.00264653958988,-44.0519990685546));
#9029=CARTESIAN_POINT('',(9.,9.4404011764595,-44.6446340144444));
#9030=CARTESIAN_POINT('',(9.,9.4404011764595,-44.6446340144444));
#9031=CARTESIAN_POINT('Origin',(9.,9.45,-44.0947177821084));
#9032=CARTESIAN_POINT('Origin',(9.,9.45,-44.0947177821084));
#9033=CARTESIAN_POINT('Origin',(11.75,-7.75,-42.));
#9034=CARTESIAN_POINT('Origin',(11.75,-7.75,-5.));
#9035=CARTESIAN_POINT('Origin',(-5.7,-9.30139128745707,-44.95));
#9036=CARTESIAN_POINT('Origin',(-5.7,-9.30139128745707,-44.95));
#9037=CARTESIAN_POINT('Origin',(-13.7,9.7,-46.15));
#9038=CARTESIAN_POINT('',(-10.145,-0.920000000000005,-46.15));
#9039=CARTESIAN_POINT('',(-10.145,-7.28000000000001,-46.15));
#9040=CARTESIAN_POINT('',(-10.145,-7.45000000000001,-46.15));
#9041=CARTESIAN_POINT('',(-10.925,-0.920000000000004,-46.15));
#9042=CARTESIAN_POINT('',(-10.145,-0.920000000000005,-46.15));
#9043=CARTESIAN_POINT('',(-10.925,-7.28000000000001,-46.15));
#9044=CARTESIAN_POINT('',(-10.925,-7.45000000000001,-46.15));
#9045=CARTESIAN_POINT('',(-10.145,-7.28000000000001,-46.15));
#9046=CARTESIAN_POINT('Origin',(-8.5,0.307359312880746,-44.15));
#9047=CARTESIAN_POINT('',(-6.37867965644037,2.4286796564404,-44.35));
#9048=CARTESIAN_POINT('',(-6.37867965644037,2.4286796564404,-44.15));
#9049=CARTESIAN_POINT('',(-5.5,0.307359312880746,-44.35));
#9050=CARTESIAN_POINT('Origin',(-8.5,0.307359312880746,-44.35));
#9051=CARTESIAN_POINT('',(-5.5,0.307359312880746,-44.15));
#9052=CARTESIAN_POINT('Origin',(-9.5,9.7,-44.15));
#9053=CARTESIAN_POINT('',(-9.5,8.6013323644171,-44.05));
#9054=CARTESIAN_POINT('',(-9.5,9.7,-44.05));
#9055=CARTESIAN_POINT('',(-9.5,8.29711443823082,-44.35));
#9056=CARTESIAN_POINT('',(-9.5,9.10834026349731,-43.5500216731774));
#9057=CARTESIAN_POINT('',(-9.5,5.9642135623731,-44.35));
#9058=CARTESIAN_POINT('',(-9.5,5.9642135623731,-44.35));
#9059=CARTESIAN_POINT('',(-9.5,5.9642135623731,-44.15));
#9060=CARTESIAN_POINT('Origin',(-9.20710678118655,5.25710678118655,-44.15));
#9061=CARTESIAN_POINT('',(-9.20710678118655,5.25710678118655,-44.35));
#9062=CARTESIAN_POINT('',(-9.20710678118655,5.25710678118655,-44.15));
#9063=CARTESIAN_POINT('',(-6.37867965644037,2.4286796564404,-44.35));
#9064=CARTESIAN_POINT('Origin',(-5.5,0.307359312880746,-44.15));
#9065=CARTESIAN_POINT('',(-5.5,-9.30557976913246,-44.35));
#9066=CARTESIAN_POINT('',(-5.5,-9.50698080279232,-44.35));
#9067=CARTESIAN_POINT('',(-5.5,-9.30000487298266,-45.1486038734589));
#9068=CARTESIAN_POINT('Origin',(-8.5,5.9642135623731,-44.15));
#9069=CARTESIAN_POINT('Origin',(-8.5,5.9642135623731,-44.35));
#9070=CARTESIAN_POINT('Origin',(9.5,5.9642135623731,-44.15));
#9071=CARTESIAN_POINT('',(9.49999999999999,9.49994553373676,-43.1638459387472));
#9072=CARTESIAN_POINT('',(9.5,9.50828165992767,-44.1190713862712));
#9073=CARTESIAN_POINT('',(9.5,7.21436952708791,-45.4177328499832));
#9074=CARTESIAN_POINT('Origin',(13.7,9.30139128745707,-44.95));
#9075=CARTESIAN_POINT('',(11.3014400172837,9.30139128745707,-45.15));
#9076=CARTESIAN_POINT('Origin',(11.3014400172837,9.30139128745707,-44.95));
#9077=CARTESIAN_POINT('',(9.7,9.30139128745707,-45.15));
#9078=CARTESIAN_POINT('',(11.3000536028093,9.30139128745707,-45.15));
#9079=CARTESIAN_POINT('Origin',(9.7,9.30139128745707,-44.95));
#9080=CARTESIAN_POINT('Origin',(-9.5,9.7,-44.15));
#9081=CARTESIAN_POINT('',(-9.5,9.49994553373676,-43.1638459387472));
#9082=CARTESIAN_POINT('',(-9.5,9.50856614911224,-44.1516706179074));
#9083=CARTESIAN_POINT('',(-9.5,9.10834026349731,-43.5500216731774));
#9084=CARTESIAN_POINT('Origin',(-8.5,8.49992638902168,-44.15));
#9085=CARTESIAN_POINT('',(-8.5,9.49994553373676,-43.1638459387472));
#9086=CARTESIAN_POINT('Origin',(9.5,5.9642135623731,-44.15));
#9087=CARTESIAN_POINT('',(9.5,8.6013323644171,-44.05));
#9088=CARTESIAN_POINT('',(9.5,5.9642135623731,-44.05));
#9089=CARTESIAN_POINT('',(9.5,5.9642135623731,-44.95));
#9090=CARTESIAN_POINT('',(9.5,5.9642135623731,-44.95));
#9091=CARTESIAN_POINT('',(9.5,5.9642135623731,-44.35));
#9092=CARTESIAN_POINT('',(9.5,5.9642135623731,-44.15));
#9093=CARTESIAN_POINT('',(9.5,8.29711443823081,-44.35));
#9094=CARTESIAN_POINT('',(9.5,8.49992638902168,-44.35));
#9095=CARTESIAN_POINT('',(9.5,7.21436952708791,-45.4177328499832));
#9096=CARTESIAN_POINT('Origin',(9.7,5.9642135623731,-44.95));
#9097=CARTESIAN_POINT('',(9.7,5.9642135623731,-45.15));
#9098=CARTESIAN_POINT('',(9.7,-9.5,-45.15));
#9099=CARTESIAN_POINT('Origin',(9.7,5.9642135623731,-44.95));
#9100=CARTESIAN_POINT('Ctrl Pts',(-5.30000000000001,-9.50836721726673,-43.9513961265411));
#9101=CARTESIAN_POINT('Ctrl Pts',(-5.30000000000001,-9.50818527689033,-43.9774590854605));
#9102=CARTESIAN_POINT('Ctrl Pts',(-5.30000000000001,-9.50284479463568,-44.0034759588845));
#9103=CARTESIAN_POINT('Ctrl Pts',(-5.30000000000001,-9.49274475704823,-44.0275030305052));
#9104=CARTESIAN_POINT('Ctrl Pts',(-5.30000000000001,-9.48264471946078,-44.0515301021259));
#9105=CARTESIAN_POINT('Ctrl Pts',(-5.30000000000001,-9.46779293457275,-44.0735487973441));
#9106=CARTESIAN_POINT('Ctrl Pts',(-5.30000000000001,-9.4492989767753,-44.0919141030839));
#9107=CARTESIAN_POINT('Ctrl Pts',(-5.30000000000001,-9.43080501897785,-44.1102794088238));
#9108=CARTESIAN_POINT('Ctrl Pts',(-5.30000000000001,-9.40868318538793,-44.1249771274254));
#9109=CARTESIAN_POINT('Ctrl Pts',(-5.30000000000001,-9.38458619453205,-44.1349091947643));
#9110=CARTESIAN_POINT('Ctrl Pts',(-5.30000000000001,-9.36048920367618,-44.1448412621033));
#9111=CARTESIAN_POINT('Ctrl Pts',(-5.30000000000001,-9.33443568420597,-44.15));
#9112=CARTESIAN_POINT('Ctrl Pts',(-5.30000000000001,-9.3083720902494,-44.15));
#9113=CARTESIAN_POINT('Ctrl Pts',(-5.35235987755984,-9.50836721726673,-43.9513961265411));
#9114=CARTESIAN_POINT('Ctrl Pts',(-5.3489480779608,-9.50818527689033,-43.9774590854605));
#9115=CARTESIAN_POINT('Ctrl Pts',(-5.34553759714107,-9.50284479463568,-44.0034759588845));
#9116=CARTESIAN_POINT('Ctrl Pts',(-5.34238323155829,-9.49274475704823,-44.0275030305052));
#9117=CARTESIAN_POINT('Ctrl Pts',(-5.33922886597551,-9.48264471946078,-44.0515301021259));
#9118=CARTESIAN_POINT('Ctrl Pts',(-5.33633305417389,-9.46779293457275,-44.0735487973441));
#9119=CARTESIAN_POINT('Ctrl Pts',(-5.33391214177389,-9.4492989767753,-44.0919141030839));
#9120=CARTESIAN_POINT('Ctrl Pts',(-5.33149122937389,-9.43080501897785,-44.1102794088238));
#9121=CARTESIAN_POINT('Ctrl Pts',(-5.32954708790935,-9.40868318538793,-44.1249771274254));
#9122=CARTESIAN_POINT('Ctrl Pts',(-5.32822496386734,-9.38458619453205,-44.1349091947643));
#9123=CARTESIAN_POINT('Ctrl Pts',(-5.32690283982533,-9.36048920367618,-44.1448412621033));
#9124=CARTESIAN_POINT('Ctrl Pts',(-5.32620375529979,-9.33443568420597,-44.15));
#9125=CARTESIAN_POINT('Ctrl Pts',(-5.32617993877992,-9.3083720902494,-44.15));
#9126=CARTESIAN_POINT('Ctrl Pts',(-5.40469915374372,-9.50829454062217,-43.9618070558738));
#9127=CARTESIAN_POINT('Ctrl Pts',(-5.39787681098861,-9.5081173132934,-43.9871948707209));
#9128=CARTESIAN_POINT('Ctrl Pts',(-5.39105710543893,-9.50278032917146,-44.0125368475803));
#9129=CARTESIAN_POINT('Ctrl Pts',(-5.38474954883374,-9.49268240423985,-44.0359392190471));
#9130=CARTESIAN_POINT('Ctrl Pts',(-5.37844199222854,-9.48258447930823,-44.0593415905138));
#9131=CARTESIAN_POINT('Ctrl Pts',(-5.37265146099351,-9.46773342358178,-44.0807862557223));
#9132=CARTESIAN_POINT('Ctrl Pts',(-5.36781057554527,-9.44923900902801,-44.0986706872707));
#9133=CARTESIAN_POINT('Ctrl Pts',(-5.36296969009702,-9.43074459447425,-44.1165551188192));
#9134=CARTESIAN_POINT('Ctrl Pts',(-5.35908219296628,-9.40862112517993,-44.1308654837596));
#9135=CARTESIAN_POINT('Ctrl Pts',(-5.35643852572617,-9.38452181718261,-44.1405323899158));
#9136=CARTESIAN_POINT('Ctrl Pts',(-5.35379485848606,-9.36042250918529,-44.1501992960721));
#9137=CARTESIAN_POINT('Ctrl Pts',(-5.35239706498051,-9.33436600154755,-44.1552152664425));
#9138=CARTESIAN_POINT('Ctrl Pts',(-5.35234957687186,-9.30829941360484,-44.1552054646663));
#9139=CARTESIAN_POINT('Ctrl Pts',(-5.45307337294605,-9.50815466447793,-43.9818443135366));
#9140=CARTESIAN_POINT('Ctrl Pts',(-5.44309567066903,-9.5079865169711,-44.0059314438905));
#9141=CARTESIAN_POINT('Ctrl Pts',(-5.43312183034686,-9.50265627318048,-44.0299732150845));
#9142=CARTESIAN_POINT('Ctrl Pts',(-5.42389749106536,-9.49256241934398,-44.0521722768788));
#9143=CARTESIAN_POINT('Ctrl Pts',(-5.41467315178387,-9.48246856550747,-44.0743713386731));
#9144=CARTESIAN_POINT('Ctrl Pts',(-5.40620545426158,-9.46761891544967,-44.0947105063949));
#9145=CARTESIAN_POINT('Ctrl Pts',(-5.39912743913637,-9.44912362124202,-44.1116692345034));
#9146=CARTESIAN_POINT('Ctrl Pts',(-5.39204942401116,-9.43062832703437,-44.1286279626119));
#9147=CARTESIAN_POINT('Ctrl Pts',(-5.38636657049538,-9.4085017061999,-44.1421931230661));
#9148=CARTESIAN_POINT('Ctrl Pts',(-5.38250372574556,-9.38439793333924,-44.1513505915656));
#9149=CARTESIAN_POINT('Ctrl Pts',(-5.37864088099574,-9.36029416047857,-44.1605080600651));
#9150=CARTESIAN_POINT('Ctrl Pts',(-5.37660103530594,-9.33423189473381,-44.1652507476571));
#9151=CARTESIAN_POINT('Ctrl Pts',(-5.37653668647302,-9.3081595374606,-44.1652240934977));
#9152=CARTESIAN_POINT('Ctrl Pts',(-5.50144759214837,-9.50801478833369,-44.0018815711994));
#9153=CARTESIAN_POINT('Ctrl Pts',(-5.48831453034945,-9.5078557206488,-44.0246680170602));
#9154=CARTESIAN_POINT('Ctrl Pts',(-5.47518655525479,-9.5025322171895,-44.0474095825887));
#9155=CARTESIAN_POINT('Ctrl Pts',(-5.46304543329699,-9.4924424344481,-44.0684053347105));
#9156=CARTESIAN_POINT('Ctrl Pts',(-5.4509043113392,-9.48235265170671,-44.0894010868323));
#9157=CARTESIAN_POINT('Ctrl Pts',(-5.43975944752965,-9.46750440731755,-44.1086347570674));
#9158=CARTESIAN_POINT('Ctrl Pts',(-5.43044430272747,-9.44900823345602,-44.124667781736));
#9159=CARTESIAN_POINT('Ctrl Pts',(-5.42112915792529,-9.43051205959449,-44.1407008064045));
#9160=CARTESIAN_POINT('Ctrl Pts',(-5.41365094802448,-9.40838228721988,-44.1535207623727));
#9161=CARTESIAN_POINT('Ctrl Pts',(-5.40856892576495,-9.38427404949587,-44.1621687932154));
#9162=CARTESIAN_POINT('Ctrl Pts',(-5.40348690350541,-9.36016581177185,-44.1708168240581));
#9163=CARTESIAN_POINT('Ctrl Pts',(-5.40080500563137,-9.33409778792008,-44.1752862288716));
#9164=CARTESIAN_POINT('Ctrl Pts',(-5.40072379607419,-9.30801966131635,-44.1752427223292));
#9165=CARTESIAN_POINT('Ctrl Pts',(-5.54581868798997,-9.50780782276034,-44.0315293895819));
#9166=CARTESIAN_POINT('Ctrl Pts',(-5.52978781056999,-9.50766219536968,-44.0523905132941));
#9167=CARTESIAN_POINT('Ctrl Pts',(-5.51376315020165,-9.50234866986341,-44.073207466676));
#9168=CARTESIAN_POINT('Ctrl Pts',(-5.49894385418569,-9.49226491392503,-44.0924221529874));
#9169=CARTESIAN_POINT('Ctrl Pts',(-5.48412455816972,-9.48218115798666,-44.1116368392989));
#9170=CARTESIAN_POINT('Ctrl Pts',(-5.47052212086663,-9.46733499488381,-44.1292343484064));
#9171=CARTESIAN_POINT('Ctrl Pts',(-5.45915443146314,-9.44883751910956,-44.1438975502685));
#9172=CARTESIAN_POINT('Ctrl Pts',(-5.44778674205965,-9.4303400433353,-44.1585607521307));
#9173=CARTESIAN_POINT('Ctrl Pts',(-5.43866261773524,-9.40820560574317,-44.1702782684414));
#9174=CARTESIAN_POINT('Ctrl Pts',(-5.43246482964639,-9.38409075845543,-44.1781730712333));
#9175=CARTESIAN_POINT('Ctrl Pts',(-5.42626704155753,-9.35997591116768,-44.1860678740252));
#9176=CARTESIAN_POINT('Ctrl Pts',(-5.4230003969353,-9.33389936314226,-44.1901338370923));
#9177=CARTESIAN_POINT('Ctrl Pts',(-5.42290934399499,-9.307812695743,-44.1900666315204));
#9178=CARTESIAN_POINT('Ctrl Pts',(-5.58284271247463,-9.50754936534683,-44.0685534140665));
#9179=CARTESIAN_POINT('Ctrl Pts',(-5.56438864759326,-9.50742054743668,-44.0870065796955));
#9180=CARTESIAN_POINT('Ctrl Pts',(-5.54594175309192,-9.50211950419682,-44.1054164686594));
#9181=CARTESIAN_POINT('Ctrl Pts',(-5.52888371852343,-9.49204328869561,-44.1224041631545));
#9182=CARTESIAN_POINT('Ctrl Pts',(-5.51182568395493,-9.4819670731944,-44.1393918576497));
#9183=CARTESIAN_POINT('Ctrl Pts',(-5.49616976521614,-9.46712351571691,-44.154944156441));
#9184=CARTESIAN_POINT('Ctrl Pts',(-5.48308860517979,-9.44862441252196,-44.1678961778861));
#9185=CARTESIAN_POINT('Ctrl Pts',(-5.47000744514344,-9.43012530932701,-44.1808481993312));
#9186=CARTESIAN_POINT('Ctrl Pts',(-5.45951120925429,-9.40798503617418,-44.1911898783397));
#9187=CARTESIAN_POINT('Ctrl Pts',(-5.45238607534142,-9.38386192011194,-44.1981466135367));
#9188=CARTESIAN_POINT('Ctrl Pts',(-5.44526094142855,-9.3597388040497,-44.2051033487336));
#9189=CARTESIAN_POINT('Ctrl Pts',(-5.44151244647453,-9.3336515912904,-44.2086697339999));
#9190=CARTESIAN_POINT('Ctrl Pts',(-5.44142135623732,-9.3075542383295,-44.2085786437627));
#9191=CARTESIAN_POINT('Ctrl Pts',(-5.61986673695928,-9.50729090793333,-44.1055774385512));
#9192=CARTESIAN_POINT('Ctrl Pts',(-5.59898948461654,-9.50717889950369,-44.1216226460968));
#9193=CARTESIAN_POINT('Ctrl Pts',(-5.57812035598219,-9.50189033853023,-44.1376254706427));
#9194=CARTESIAN_POINT('Ctrl Pts',(-5.55882358286117,-9.49182166346618,-44.1523861733216));
#9195=CARTESIAN_POINT('Ctrl Pts',(-5.53952680974015,-9.48175298840215,-44.1671468760006));
#9196=CARTESIAN_POINT('Ctrl Pts',(-5.52181740956564,-9.46691203655002,-44.1806539644757));
#9197=CARTESIAN_POINT('Ctrl Pts',(-5.50702277889643,-9.44841130593437,-44.1918948055037));
#9198=CARTESIAN_POINT('Ctrl Pts',(-5.49222814822723,-9.42991057531873,-44.2031356465318));
#9199=CARTESIAN_POINT('Ctrl Pts',(-5.48035980077335,-9.40776446660519,-44.2121014882381));
#9200=CARTESIAN_POINT('Ctrl Pts',(-5.47230732103646,-9.38363308176845,-44.21812015584));
#9201=CARTESIAN_POINT('Ctrl Pts',(-5.46425484129957,-9.35950169693172,-44.2241388234419));
#9202=CARTESIAN_POINT('Ctrl Pts',(-5.46002449601375,-9.33340381943854,-44.2272056309075));
#9203=CARTESIAN_POINT('Ctrl Pts',(-5.45993336847964,-9.30729578091599,-44.227090656005));
#9204=CARTESIAN_POINT('Ctrl Pts',(-5.64951455534171,-9.50698116206358,-44.1499485343928));
#9205=CARTESIAN_POINT('Ctrl Pts',(-5.62669064795708,-9.50688932028042,-44.1631048698304));
#9206=CARTESIAN_POINT('Ctrl Pts',(-5.60387563984913,-9.50161573710631,-44.1762198992277));
#9207=CARTESIAN_POINT('Ctrl Pts',(-5.58278132345508,-9.4915561108569,-44.1883093026663));
#9208=CARTESIAN_POINT('Ctrl Pts',(-5.56168700706102,-9.48149648460748,-44.200398706105));
#9209=CARTESIAN_POINT('Ctrl Pts',(-5.54232983216695,-9.46665866098043,-44.2114530499535));
#9210=CARTESIAN_POINT('Ctrl Pts',(-5.52616215298026,-9.44815597864043,-44.2206426730733));
#9211=CARTESIAN_POINT('Ctrl Pts',(-5.50999447379356,-9.42965329630043,-44.2298322961931));
#9212=CARTESIAN_POINT('Ctrl Pts',(-5.49702889821643,-9.40750018581431,-44.2371500276825));
#9213=CARTESIAN_POINT('Ctrl Pts',(-5.48823822424832,-9.38335887879403,-44.2420466483566));
#9214=CARTESIAN_POINT('Ctrl Pts',(-5.4794475502802,-9.35921757177374,-44.2469432690307));
#9215=CARTESIAN_POINT('Ctrl Pts',(-5.47483863309488,-9.33310689643499,-44.2494149578834));
#9216=CARTESIAN_POINT('Ctrl Pts',(-5.47475727767086,-9.30698603504624,-44.2492762039258));
#9217=CARTESIAN_POINT('Ctrl Pts',(-5.66955181300452,-9.50664347117909,-44.1983227535951));
#9218=CARTESIAN_POINT('Ctrl Pts',(-5.64540575106888,-9.50657365520031,-44.2083238925552));
#9219=CARTESIAN_POINT('Ctrl Pts',(-5.62126912535017,-9.50131643542456,-44.2182849106633));
#9220=CARTESIAN_POINT('Ctrl Pts',(-5.59895490683571,-9.4912666966646,-44.2274576073613));
#9221=CARTESIAN_POINT('Ctrl Pts',(-5.57664068832126,-9.48121695790463,-44.2366303040594));
#9222=CARTESIAN_POINT('Ctrl Pts',(-5.5561663176858,-9.46638255498292,-44.2450075100163));
#9223=CARTESIAN_POINT('Ctrl Pts',(-5.53906968346351,-9.4478777423286,-44.2519599893343));
#9224=CARTESIAN_POINT('Ctrl Pts',(-5.52197304924122,-9.42937292967428,-44.2589124686522));
#9225=CARTESIAN_POINT('Ctrl Pts',(-5.50826751407065,-9.4072121705507,-44.2644347873103));
#9226=CARTESIAN_POINT('Ctrl Pts',(-5.49898253989564,-9.38306002295436,-44.2681121481605));
#9227=CARTESIAN_POINT('Ctrl Pts',(-5.48969756572063,-9.35890787535801,-44.2717895090107));
#9228=CARTESIAN_POINT('Ctrl Pts',(-5.48484040962771,-9.33278321647925,-44.2736190378473));
#9229=CARTESIAN_POINT('Ctrl Pts',(-5.48477590650226,-9.30664834416176,-44.273463313527));
#9230=CARTESIAN_POINT('Ctrl Pts',(-5.68958907066733,-9.50630578029461,-44.2466969727974));
#9231=CARTESIAN_POINT('Ctrl Pts',(-5.66412085418068,-9.50625799012021,-44.25354291528));
#9232=CARTESIAN_POINT('Ctrl Pts',(-5.63866261085121,-9.50101713374282,-44.2603499220989));
#9233=CARTESIAN_POINT('Ctrl Pts',(-5.61512849021635,-9.4909772824723,-44.2666059120563));
#9234=CARTESIAN_POINT('Ctrl Pts',(-5.59159436958149,-9.48093743120178,-44.2728619020138));
#9235=CARTESIAN_POINT('Ctrl Pts',(-5.57000280320465,-9.46610644898541,-44.2785619700792));
#9236=CARTESIAN_POINT('Ctrl Pts',(-5.55197721394676,-9.44759950601678,-44.2832773055953));
#9237=CARTESIAN_POINT('Ctrl Pts',(-5.53395162468887,-9.42909256304814,-44.2879926411114));
#9238=CARTESIAN_POINT('Ctrl Pts',(-5.51950612992486,-9.40692415528709,-44.2917195469381));
#9239=CARTESIAN_POINT('Ctrl Pts',(-5.50972685554296,-9.38276116711469,-44.2941776479644));
#9240=CARTESIAN_POINT('Ctrl Pts',(-5.49994758116105,-9.35859817894228,-44.2966357489907));
#9241=CARTESIAN_POINT('Ctrl Pts',(-5.49484218616055,-9.33245953652352,-44.2978231178111));
#9242=CARTESIAN_POINT('Ctrl Pts',(-5.49479453533367,-9.30631065327727,-44.2976504231282));
#9243=CARTESIAN_POINT('Ctrl Pts',(-5.7,-9.50594041012928,-44.2990362489813));
#9244=CARTESIAN_POINT('Ctrl Pts',(-5.67383529059816,-9.505916488461,-44.3024630279615));
#9245=CARTESIAN_POINT('Ctrl Pts',(-5.64768085201183,-9.50069336896167,-44.30585216401));
#9246=CARTESIAN_POINT('Ctrl Pts',(-5.62350552385907,-9.49066423656718,-44.3089482378577));
#9247=CARTESIAN_POINT('Ctrl Pts',(-5.59933019570631,-9.4806351041727,-44.3120443117053));
#9248=CARTESIAN_POINT('Ctrl Pts',(-5.57715295778057,-9.46580783267695,-44.3148448868789));
#9249=CARTESIAN_POINT('Ctrl Pts',(-5.55864325654175,-9.4472985824254,-44.3171388941891));
#9250=CARTESIAN_POINT('Ctrl Pts',(-5.54013355530293,-9.42878933217384,-44.3194329014992));
#9251=CARTESIAN_POINT('Ctrl Pts',(-5.52530592253319,-9.40661263459458,-44.3212185355223));
#9252=CARTESIAN_POINT('Ctrl Pts',(-5.51527654577381,-9.3824378954716,-44.3223612118833));
#9253=CARTESIAN_POINT('Ctrl Pts',(-5.50524716901443,-9.35826315634861,-44.3235038882442));
#9254=CARTESIAN_POINT('Ctrl Pts',(-5.50002392225114,-9.33210935501291,-44.3240027074463));
#9255=CARTESIAN_POINT('Ctrl Pts',(-5.50000000000001,-9.30594528311194,-44.3238200612201));
#9256=CARTESIAN_POINT('Ctrl Pts',(-5.7,-9.5055748961498,-44.3513961265411));
#9257=CARTESIAN_POINT('Ctrl Pts',(-5.67382006122009,-9.5055748961498,-44.3513961265411));
#9258=CARTESIAN_POINT('Ctrl Pts',(-5.64765042312815,-9.50036955831416,-44.3513597891042));
#9259=CARTESIAN_POINT('Ctrl Pts',(-5.62346331352699,-9.49035117358578,-44.3512898527362));
#9260=CARTESIAN_POINT('Ctrl Pts',(-5.59927620392583,-9.4803327888574,-44.3512199163681));
#9261=CARTESIAN_POINT('Ctrl Pts',(-5.57709065600502,-9.46550924084944,-44.3511164361028));
#9262=CARTESIAN_POINT('Ctrl Pts',(-5.55857864376269,-9.44699767965069,-44.3509872105446));
#9263=CARTESIAN_POINT('Ctrl Pts',(-5.54006663152037,-9.42848611845194,-44.3508579849865));
#9264=CARTESIAN_POINT('Ctrl Pts',(-5.52524272232915,-9.40630111108008,-44.3507031158251));
#9265=CARTESIAN_POINT('Ctrl Pts',(-5.51522409349775,-9.38211459079575,-44.3505342744968));
#9266=CARTESIAN_POINT('Ctrl Pts',(-5.50520546466634,-9.35792807051142,-44.3503654331684));
#9267=CARTESIAN_POINT('Ctrl Pts',(-5.5,-9.33175907004044,-44.3501827525369));
#9268=CARTESIAN_POINT('Ctrl Pts',(-5.5,-9.30557976913247,-44.35));
#9269=CARTESIAN_POINT('',(-5.3,-9.3083720902494,-44.15));
#9270=CARTESIAN_POINT('',(-5.30000000000001,-9.48157187030354,-44.0499999748251));
#9271=CARTESIAN_POINT('Origin',(-5.3,-9.3083720902494,-43.95));
#9272=CARTESIAN_POINT('Ctrl Pts',(-5.30000000000001,-9.48156651854851,-44.05));
#9273=CARTESIAN_POINT('Ctrl Pts',(-5.31963142005091,-9.48156651854851,-44.05));
#9274=CARTESIAN_POINT('Ctrl Pts',(-5.33861501666258,-9.48267484553512,-44.05));
#9275=CARTESIAN_POINT('Ctrl Pts',(-5.38223108238112,-9.48705143349135,-44.05));
#9276=CARTESIAN_POINT('Ctrl Pts',(-5.40430431020814,-9.4903994592846,-44.05));
#9277=CARTESIAN_POINT('Ctrl Pts',(-5.4476074162788,-9.4970171784166,-44.05));
#9278=CARTESIAN_POINT('Ctrl Pts',(-5.47088285183697,-9.50058629468567,-44.05));
#9279=CARTESIAN_POINT('Ctrl Pts',(-5.51565150880537,-9.50584355553123,-44.05));
#9280=CARTESIAN_POINT('Ctrl Pts',(-5.53924873934486,-9.50767908601179,-44.05));
#9281=CARTESIAN_POINT('Ctrl Pts',(-5.56297526075254,-9.50767888305482,-44.05));
#9282=CARTESIAN_POINT('Origin',(-5.7,-9.30557976913246,-44.35));
#9283=CARTESIAN_POINT('Ctrl Pts',(-5.5,-9.30557976913247,-44.35));
#9284=CARTESIAN_POINT('Ctrl Pts',(-5.50000000000001,-9.30594528311194,-44.3238200612201));
#9285=CARTESIAN_POINT('Ctrl Pts',(-5.49479453533367,-9.30631065327727,-44.2976504231282));
#9286=CARTESIAN_POINT('Ctrl Pts',(-5.48477590650226,-9.30664834416176,-44.273463313527));
#9287=CARTESIAN_POINT('Ctrl Pts',(-5.47475727767086,-9.30698603504624,-44.2492762039258));
#9288=CARTESIAN_POINT('Ctrl Pts',(-5.45993336847964,-9.30729578091599,-44.227090656005));
#9289=CARTESIAN_POINT('Ctrl Pts',(-5.44142135623732,-9.3075542383295,-44.2085786437627));
#9290=CARTESIAN_POINT('Ctrl Pts',(-5.42290934399499,-9.307812695743,-44.1900666315204));
#9291=CARTESIAN_POINT('Ctrl Pts',(-5.40072379607419,-9.30801966131635,-44.1752427223292));
#9292=CARTESIAN_POINT('Ctrl Pts',(-5.37653668647302,-9.3081595374606,-44.1652240934977));
#9293=CARTESIAN_POINT('Ctrl Pts',(-5.35234957687186,-9.30829941360484,-44.1552054646663));
#9294=CARTESIAN_POINT('Ctrl Pts',(-5.32617993877992,-9.3083720902494,-44.15));
#9295=CARTESIAN_POINT('Ctrl Pts',(-5.30000000000001,-9.3083720902494,-44.15));
#9296=CARTESIAN_POINT('Origin',(-5.7,-9.30650743050902,-44.2171125078073));
#9297=CARTESIAN_POINT('Origin',(-8.5,-9.3083720902494,-43.95));
#9298=CARTESIAN_POINT('Origin',(-5.3,-9.3083720902494,-43.95));
#9299=CARTESIAN_POINT('Ctrl Pts',(-5.30000000000001,-9.50836721726673,-43.9513961265411));
#9300=CARTESIAN_POINT('Ctrl Pts',(-5.30000000000001,-9.5083158067008,-43.9587606901104));
#9301=CARTESIAN_POINT('Ctrl Pts',(-5.30000000000001,-9.50785719718458,-43.9661223928332));
#9302=CARTESIAN_POINT('Ctrl Pts',(-5.30000000000001,-9.50699418201112,-43.9734363961435));
#9303=CARTESIAN_POINT('Ctrl Pts',(-5.34811640850541,-9.50836721726673,-43.9513961265411));
#9304=CARTESIAN_POINT('Ctrl Pts',(-5.34723047446162,-9.5083158067008,-43.9587606901104));
#9305=CARTESIAN_POINT('Ctrl Pts',(-5.34634454261565,-9.50785719718458,-43.9661223928332));
#9306=CARTESIAN_POINT('Ctrl Pts',(-5.34546400899001,-9.50699418201112,-43.9734363961435));
#9307=CARTESIAN_POINT('Ctrl Pts',(-5.39621930047056,-9.50830596102877,-43.9601710826285));
#9308=CARTESIAN_POINT('Ctrl Pts',(-5.39444766526154,-9.508255672998,-43.9673748430366));
#9309=CARTESIAN_POINT('Ctrl Pts',(-5.39267603444776,-9.50779810619206,-43.9745757424323));
#9310=CARTESIAN_POINT('Ctrl Pts',(-5.39091519885198,-9.5069360481025,-43.9817299123767));
#9311=CARTESIAN_POINT('Ctrl Pts',(-5.44123647861637,-9.50818736081759,-43.977160562881));
#9312=CARTESIAN_POINT('Ctrl Pts',(-5.43863524952285,-9.5081392479786,-43.9840527270654));
#9313=CARTESIAN_POINT('Ctrl Pts',(-5.43603402688989,-9.50768370174804,-43.9909420299191));
#9314=CARTESIAN_POINT('Ctrl Pts',(-5.43344866330702,-9.50682349835401,-43.9977864860737));
#9315=CARTESIAN_POINT('Ctrl Pts',(-5.48625365676217,-9.5080687606064,-43.9941500431334));
#9316=CARTESIAN_POINT('Ctrl Pts',(-5.48282283378416,-9.5080228229592,-44.0007306110942));
#9317=CARTESIAN_POINT('Ctrl Pts',(-5.47939201933202,-9.50756929730402,-44.0073083174059));
#9318=CARTESIAN_POINT('Ctrl Pts',(-5.47598212776206,-9.50671094860551,-44.0138430597707));
#9319=CARTESIAN_POINT('Ctrl Pts',(-5.52815982923833,-9.50789288305474,-44.0193445024081));
#9320=CARTESIAN_POINT('Ctrl Pts',(-5.52395596154489,-9.50785017218034,-44.0254628351666));
#9321=CARTESIAN_POINT('Ctrl Pts',(-5.5197521043097,-9.50739964397161,-44.0315783058055));
#9322=CARTESIAN_POINT('Ctrl Pts',(-5.51557389822321,-9.50654404667169,-44.037653607368));
#9323=CARTESIAN_POINT('Ctrl Pts',(-5.56427856592186,-9.50767096097032,-44.0511348410009));
#9324=CARTESIAN_POINT('Ctrl Pts',(-5.55940722371402,-9.50763232691978,-44.0566691687413));
#9325=CARTESIAN_POINT('Ctrl Pts',(-5.55453589364488,-9.5071855859825,-44.0622006337766));
#9326=CARTESIAN_POINT('Ctrl Pts',(-5.54969431191582,-9.50633346521214,-44.0676954702243));
#9327=CARTESIAN_POINT('Origin',(9.,9.45,-44.0947177821084));
#9328=CARTESIAN_POINT('',(9.,9.4404011764595,-44.6446340144444));
#9329=CARTESIAN_POINT('Origin',(-20.2,-5.75953269231712E-15,-5.));
#9330=CARTESIAN_POINT('',(-23.6641016151376,1.99999999999988,-5.));
#9331=CARTESIAN_POINT('',(-23.6641016151376,-1.99999999999988,-5.));
#9332=CARTESIAN_POINT('Origin',(-20.2,-5.75953269231712E-15,-5.));
#9333=CARTESIAN_POINT('',(-18.4679491924306,11.,-5.));
#9334=CARTESIAN_POINT('',(-23.6641016151376,1.99999999999988,-5.));
#9335=CARTESIAN_POINT('',(-17.6019237886461,11.4999999999999,-5.));
#9336=CARTESIAN_POINT('Origin',(-17.6019237886465,10.5,-5.));
#9337=CARTESIAN_POINT('',(17.6019237886465,11.5,-5.));
#9338=CARTESIAN_POINT('',(-17.6019237886461,11.5,-5.));
#9339=CARTESIAN_POINT('',(18.4679491924309,11.,-5.));
#9340=CARTESIAN_POINT('Origin',(17.6019237886465,10.5,-5.));
#9341=CARTESIAN_POINT('',(23.6641016151376,1.99999999999988,-5.));
#9342=CARTESIAN_POINT('',(18.4679491924309,11.,-5.));
#9343=CARTESIAN_POINT('',(23.6641016151376,-1.99999999999988,-5.));
#9344=CARTESIAN_POINT('Origin',(20.2,-1.07069423617595E-14,-5.));
#9345=CARTESIAN_POINT('',(18.4679491924309,-11.,-5.));
#9346=CARTESIAN_POINT('',(23.6641016151376,-1.99999999999988,-5.));
#9347=CARTESIAN_POINT('',(17.6019237886465,-11.5,-5.));
#9348=CARTESIAN_POINT('Origin',(17.6019237886465,-10.5,-5.));
#9349=CARTESIAN_POINT('',(-17.6019237886465,-11.5,-5.));
#9350=CARTESIAN_POINT('',(17.6019237886465,-11.5,-5.));
#9351=CARTESIAN_POINT('',(-18.4679491924309,-11.,-5.));
#9352=CARTESIAN_POINT('Origin',(-17.6019237886465,-10.5,-5.));
#9353=CARTESIAN_POINT('',(-18.4679491924309,-11.,-5.));
#9354=CARTESIAN_POINT('',(-20.5773502691896,7.,-5.));
#9355=CARTESIAN_POINT('',(-14.,7.,-5.));
#9356=CARTESIAN_POINT('',(-23.4641016151377,2.,-5.));
#9357=CARTESIAN_POINT('',(-20.5773502691896,7.,-5.));
#9358=CARTESIAN_POINT('',(-23.4641016151377,-2.00000000000001,-5.));
#9359=CARTESIAN_POINT('Origin',(-20.,1.75154260506842E-16,-5.));
#9360=CARTESIAN_POINT('',(-20.5773502691896,-7.00000000000001,-5.));
#9361=CARTESIAN_POINT('',(-23.4641016151377,-2.00000000000001,-5.));
#9362=CARTESIAN_POINT('',(-20.5773502691896,-7.00000000000001,-5.));
#9363=CARTESIAN_POINT('',(20.5773502691896,-7.00000000000001,-5.));
#9364=CARTESIAN_POINT('',(20.5773502691896,-7.00000000000001,-5.));
#9365=CARTESIAN_POINT('',(23.4641016151377,-2.00000000000001,-5.));
#9366=CARTESIAN_POINT('',(23.4641016151377,-2.00000000000001,-5.));
#9367=CARTESIAN_POINT('',(23.4641016151377,2.,-5.));
#9368=CARTESIAN_POINT('Origin',(20.,-4.33680868994202E-15,-5.));
#9369=CARTESIAN_POINT('',(20.5773502691896,7.,-5.));
#9370=CARTESIAN_POINT('',(20.5773502691896,7.,-5.));
#9371=CARTESIAN_POINT('',(14.,7.,-5.));
#9372=CARTESIAN_POINT('Origin',(9.,9.45,-44.0947177821084));
#9373=CARTESIAN_POINT('',(9.,9.44476427806882,-44.3946720906553));
#9374=CARTESIAN_POINT('Origin',(9.,9.4404011764595,-44.6446340144444));
#9375=CARTESIAN_POINT('',(-5.,2.99365693542377,-44.5321056751415));
#9376=CARTESIAN_POINT('',(-5.,-10.0043631016093,-44.3052243914567));
#9377=CARTESIAN_POINT('',(-5.,-10.0043631016093,-44.3052243914567));
#9378=CARTESIAN_POINT('',(-5.,2.99365693542377,-44.5321056751415));
#9379=CARTESIAN_POINT('',(5.,2.99365693542377,-44.5321056751415));
#9380=CARTESIAN_POINT('',(9.,6.99304771604937,-44.6019153008906));
#9381=CARTESIAN_POINT('',(5.,-10.0043631016093,-44.3052243914567));
#9382=CARTESIAN_POINT('',(5.,2.99365693542377,-44.5321056751415));
#9383=CARTESIAN_POINT('',(9.,-10.0043631016093,-44.3052243914568));
#9384=CARTESIAN_POINT('',(3.18,-8.23999999999999,-44.3360214639523));
#9385=CARTESIAN_POINT('',(3.18,-7.45999999999999,-44.3496364145963));
#9386=CARTESIAN_POINT('',(3.18,-7.89833133410967,-44.3419853126993));
#9387=CARTESIAN_POINT('',(-3.18,-7.45999999999999,-44.3496364145963));
#9388=CARTESIAN_POINT('',(-3.18,-7.45999999999999,-44.3496364145963));
#9389=CARTESIAN_POINT('',(-3.18,-8.23999999999999,-44.3360214639523));
#9390=CARTESIAN_POINT('',(-3.18,-7.89833133410967,-44.3419853126993));
#9391=CARTESIAN_POINT('',(-3.18,-8.23999999999999,-44.3360214639523));
#9392=CARTESIAN_POINT('Origin',(9.,-10.,-44.0552624676677));
#9393=CARTESIAN_POINT('',(-5.,2.99802003703309,-44.2821437513524));
#9394=CARTESIAN_POINT('',(-5.,-4.57249040768978,-44.15));
#9395=CARTESIAN_POINT('',(-5.,-10.,-44.0552624676677));
#9396=CARTESIAN_POINT('',(5.,-4.57249040768794,-44.15));
#9397=CARTESIAN_POINT('',(-8.5,-4.57249040768794,-44.15));
#9398=CARTESIAN_POINT('',(5.,2.99802003703309,-44.2821437513524));
#9399=CARTESIAN_POINT('',(5.,-10.,-44.0552624676677));
#9400=CARTESIAN_POINT('',(0.499999999999973,-1.50129459117075,-44.2036079223846));
#9401=CARTESIAN_POINT('',(8.49999999999993,-10.4999238475783,-44.046536264449));
#9402=CARTESIAN_POINT('Origin',(-5.,3.34130054576939,-24.6156165772661));
#9403=CARTESIAN_POINT('',(-5.,3.34130054576939,-24.6156165772661));
#9404=CARTESIAN_POINT('Origin',(-14.,7.,-5.25));
#9405=CARTESIAN_POINT('',(-20.5773502691896,7.,-5.25));
#9406=CARTESIAN_POINT('',(-14.,7.,-5.25));
#9407=CARTESIAN_POINT('',(-20.5773502691896,7.,-5.25));
#9408=CARTESIAN_POINT('Origin',(-20.5773502691896,-7.00000000000001,-5.25));
#9409=CARTESIAN_POINT('',(-20.5773502691896,-7.00000000000001,-5.25));
#9410=CARTESIAN_POINT('',(-20.5773502691896,-7.00000000000001,-5.25));
#9411=CARTESIAN_POINT('',(-20.5773502691896,-7.00000000000001,-5.25));
#9412=CARTESIAN_POINT('Origin',(-20.,1.75154260506842E-16,-5.25));
#9413=CARTESIAN_POINT('',(-23.4641016151377,-2.00000000000001,-5.25));
#9414=CARTESIAN_POINT('',(-23.4641016151377,-2.00000000000001,-5.25));
#9415=CARTESIAN_POINT('',(-23.4641016151377,2.,-5.25));
#9416=CARTESIAN_POINT('Origin',(-20.,1.75154260506842E-16,-5.25));
#9417=CARTESIAN_POINT('',(-20.5773502691896,7.,-5.25));
#9418=CARTESIAN_POINT('',(-22.,-4.58173804977149E-15,-5.25));
#9419=CARTESIAN_POINT('Origin',(-20.,-4.33680868994202E-15,-5.25));
#9420=CARTESIAN_POINT('Origin',(-8.5,-9.3083720902494,-43.95));
#9421=CARTESIAN_POINT('Origin',(5.3,-9.30837209024939,-43.95));
#9422=CARTESIAN_POINT('Origin',(5.7,-9.30699508145241,-44.1472565101672));
#9423=CARTESIAN_POINT('',(5.5,-9.30139128745707,-44.95));
#9424=CARTESIAN_POINT('Origin',(5.7,-9.30139128745707,-44.95));
#9425=CARTESIAN_POINT('',(5.5,-9.30557976913246,-44.35));
#9426=CARTESIAN_POINT('Origin',(5.7,-9.30557976913246,-44.35));
#9427=CARTESIAN_POINT('',(5.5,-9.30698567577498,-44.1486038734589));
#9428=CARTESIAN_POINT('Ctrl Pts',(5.56427856592236,-9.50767096097032,-44.0511348410013));
#9429=CARTESIAN_POINT('Ctrl Pts',(5.55940722371451,-9.50763232691978,-44.0566691687417));
#9430=CARTESIAN_POINT('Ctrl Pts',(5.55453589364537,-9.5071855859825,-44.062200633777));
#9431=CARTESIAN_POINT('Ctrl Pts',(5.5496943119163,-9.50633346521214,-44.0676954702247));
#9432=CARTESIAN_POINT('Ctrl Pts',(5.5281598292388,-9.50789288305474,-44.0193445024084));
#9433=CARTESIAN_POINT('Ctrl Pts',(5.52395596154535,-9.50785017218034,-44.0254628351669));
#9434=CARTESIAN_POINT('Ctrl Pts',(5.51975210431015,-9.50739964397161,-44.0315783058058));
#9435=CARTESIAN_POINT('Ctrl Pts',(5.51557389822366,-9.50654404667169,-44.0376536073683));
#9436=CARTESIAN_POINT('Ctrl Pts',(5.48625365676257,-9.5080687606064,-43.9941500431336));
#9437=CARTESIAN_POINT('Ctrl Pts',(5.48282283378455,-9.5080228229592,-44.0007306110944));
#9438=CARTESIAN_POINT('Ctrl Pts',(5.47939201933241,-9.50756929730401,-44.007308317406));
#9439=CARTESIAN_POINT('Ctrl Pts',(5.47598212776244,-9.50671094860551,-44.0138430597709));
#9440=CARTESIAN_POINT('Ctrl Pts',(5.44123647861667,-9.50818736081758,-43.9771605628811));
#9441=CARTESIAN_POINT('Ctrl Pts',(5.43863524952315,-9.5081392479786,-43.9840527270655));
#9442=CARTESIAN_POINT('Ctrl Pts',(5.43603402689019,-9.50768370174804,-43.9909420299192));
#9443=CARTESIAN_POINT('Ctrl Pts',(5.43344866330731,-9.50682349835401,-43.9977864860738));
#9444=CARTESIAN_POINT('Ctrl Pts',(5.39621930047077,-9.50830596102877,-43.9601710826286));
#9445=CARTESIAN_POINT('Ctrl Pts',(5.39444766526175,-9.508255672998,-43.9673748430366));
#9446=CARTESIAN_POINT('Ctrl Pts',(5.39267603444796,-9.50779810619206,-43.9745757424323));
#9447=CARTESIAN_POINT('Ctrl Pts',(5.39091519885218,-9.5069360481025,-43.9817299123767));
#9448=CARTESIAN_POINT('Ctrl Pts',(5.34811640850551,-9.50836721726673,-43.9513961265411));
#9449=CARTESIAN_POINT('Ctrl Pts',(5.34723047446171,-9.5083158067008,-43.9587606901104));
#9450=CARTESIAN_POINT('Ctrl Pts',(5.34634454261574,-9.50785719718458,-43.9661223928332));
#9451=CARTESIAN_POINT('Ctrl Pts',(5.3454640089901,-9.50699418201112,-43.9734363961435));
#9452=CARTESIAN_POINT('Ctrl Pts',(5.29999999999999,-9.50836721726673,-43.9513961265411));
#9453=CARTESIAN_POINT('Ctrl Pts',(5.29999999999999,-9.5083158067008,-43.9587606901104));
#9454=CARTESIAN_POINT('Ctrl Pts',(5.29999999999999,-9.50785719718458,-43.9661223928332));
#9455=CARTESIAN_POINT('Ctrl Pts',(5.29999999999999,-9.50699418201112,-43.9734363961435));
#9456=CARTESIAN_POINT('Origin',(-13.7,-9.30139128745707,-44.95));
#9457=CARTESIAN_POINT('',(11.3014400172837,-9.30139128745707,-45.15));
#9458=CARTESIAN_POINT('Origin',(11.3014400172837,-9.30139128745707,-44.95));
#9459=CARTESIAN_POINT('',(5.7,-9.30139128745707,-45.15));
#9460=CARTESIAN_POINT('Origin',(5.7,-9.30139128745707,-44.95));
#9461=CARTESIAN_POINT('',(5.49999999999999,-9.30139128745707,-45.15));
#9462=CARTESIAN_POINT('Ctrl Pts',(5.7,-9.5055748961498,-44.3513961265411));
#9463=CARTESIAN_POINT('Ctrl Pts',(5.67382006122008,-9.5055748961498,-44.3513961265411));
#9464=CARTESIAN_POINT('Ctrl Pts',(5.64765042312814,-9.50036955831416,-44.3513597891042));
#9465=CARTESIAN_POINT('Ctrl Pts',(5.62346331352698,-9.49035117358578,-44.3512898527361));
#9466=CARTESIAN_POINT('Ctrl Pts',(5.59927620392582,-9.48033278885739,-44.3512199163681));
#9467=CARTESIAN_POINT('Ctrl Pts',(5.57709065600501,-9.46550924084944,-44.3511164361027));
#9468=CARTESIAN_POINT('Ctrl Pts',(5.55857864376269,-9.44699767965069,-44.3509872105446));
#9469=CARTESIAN_POINT('Ctrl Pts',(5.54006663152036,-9.42848611845194,-44.3508579849865));
#9470=CARTESIAN_POINT('Ctrl Pts',(5.52524272232914,-9.40630111108008,-44.3507031158251));
#9471=CARTESIAN_POINT('Ctrl Pts',(5.51522409349774,-9.38211459079575,-44.3505342744968));
#9472=CARTESIAN_POINT('Ctrl Pts',(5.50520546466633,-9.35792807051142,-44.3503654331684));
#9473=CARTESIAN_POINT('Ctrl Pts',(5.5,-9.33175907004044,-44.3501827525369));
#9474=CARTESIAN_POINT('Ctrl Pts',(5.5,-9.30557976913247,-44.35));
#9475=CARTESIAN_POINT('Ctrl Pts',(5.69999999999999,-9.50594041012928,-44.2990362489813));
#9476=CARTESIAN_POINT('Ctrl Pts',(5.67383529059815,-9.505916488461,-44.3024630279615));
#9477=CARTESIAN_POINT('Ctrl Pts',(5.64768085201182,-9.50069336896167,-44.30585216401));
#9478=CARTESIAN_POINT('Ctrl Pts',(5.62350552385906,-9.49066423656718,-44.3089482378576));
#9479=CARTESIAN_POINT('Ctrl Pts',(5.5993301957063,-9.4806351041727,-44.3120443117053));
#9480=CARTESIAN_POINT('Ctrl Pts',(5.57715295778056,-9.46580783267695,-44.3148448868789));
#9481=CARTESIAN_POINT('Ctrl Pts',(5.55864325654174,-9.4472985824254,-44.317138894189));
#9482=CARTESIAN_POINT('Ctrl Pts',(5.54013355530292,-9.42878933217384,-44.3194329014992));
#9483=CARTESIAN_POINT('Ctrl Pts',(5.52530592253318,-9.40661263459458,-44.3212185355223));
#9484=CARTESIAN_POINT('Ctrl Pts',(5.5152765457738,-9.38243789547159,-44.3223612118833));
#9485=CARTESIAN_POINT('Ctrl Pts',(5.50524716901442,-9.35826315634861,-44.3235038882442));
#9486=CARTESIAN_POINT('Ctrl Pts',(5.50002392225113,-9.33210935501291,-44.3240027074463));
#9487=CARTESIAN_POINT('Ctrl Pts',(5.49999999999999,-9.30594528311194,-44.3238200612201));
#9488=CARTESIAN_POINT('Ctrl Pts',(5.68958907066732,-9.50630578029461,-44.2466969727974));
#9489=CARTESIAN_POINT('Ctrl Pts',(5.66412085418067,-9.50625799012021,-44.25354291528));
#9490=CARTESIAN_POINT('Ctrl Pts',(5.6386626108512,-9.50101713374282,-44.2603499220989));
#9491=CARTESIAN_POINT('Ctrl Pts',(5.61512849021634,-9.4909772824723,-44.2666059120563));
#9492=CARTESIAN_POINT('Ctrl Pts',(5.59159436958148,-9.48093743120178,-44.2728619020138));
#9493=CARTESIAN_POINT('Ctrl Pts',(5.57000280320464,-9.46610644898541,-44.2785619700791));
#9494=CARTESIAN_POINT('Ctrl Pts',(5.55197721394675,-9.44759950601677,-44.2832773055952));
#9495=CARTESIAN_POINT('Ctrl Pts',(5.53395162468886,-9.42909256304814,-44.2879926411113));
#9496=CARTESIAN_POINT('Ctrl Pts',(5.51950612992485,-9.40692415528709,-44.2917195469381));
#9497=CARTESIAN_POINT('Ctrl Pts',(5.50972685554295,-9.38276116711469,-44.2941776479644));
#9498=CARTESIAN_POINT('Ctrl Pts',(5.49994758116104,-9.35859817894228,-44.2966357489907));
#9499=CARTESIAN_POINT('Ctrl Pts',(5.49484218616054,-9.33245953652352,-44.2978231178111));
#9500=CARTESIAN_POINT('Ctrl Pts',(5.49479453533366,-9.30631065327727,-44.2976504231282));
#9501=CARTESIAN_POINT('Ctrl Pts',(5.66955181300451,-9.50664347117909,-44.1983227535951));
#9502=CARTESIAN_POINT('Ctrl Pts',(5.64540575106887,-9.50657365520031,-44.2083238925551));
#9503=CARTESIAN_POINT('Ctrl Pts',(5.62126912535016,-9.50131643542456,-44.2182849106633));
#9504=CARTESIAN_POINT('Ctrl Pts',(5.5989549068357,-9.4912666966646,-44.2274576073613));
#9505=CARTESIAN_POINT('Ctrl Pts',(5.57664068832124,-9.48121695790463,-44.2366303040594));
#9506=CARTESIAN_POINT('Ctrl Pts',(5.55616631768579,-9.46638255498292,-44.2450075100163));
#9507=CARTESIAN_POINT('Ctrl Pts',(5.5390696834635,-9.4478777423286,-44.2519599893342));
#9508=CARTESIAN_POINT('Ctrl Pts',(5.52197304924121,-9.42937292967428,-44.2589124686522));
#9509=CARTESIAN_POINT('Ctrl Pts',(5.50826751407064,-9.4072121705507,-44.2644347873103));
#9510=CARTESIAN_POINT('Ctrl Pts',(5.49898253989563,-9.38306002295436,-44.2681121481605));
#9511=CARTESIAN_POINT('Ctrl Pts',(5.48969756572062,-9.35890787535801,-44.2717895090107));
#9512=CARTESIAN_POINT('Ctrl Pts',(5.4848404096277,-9.33278321647925,-44.2736190378473));
#9513=CARTESIAN_POINT('Ctrl Pts',(5.48477590650225,-9.30664834416176,-44.273463313527));
#9514=CARTESIAN_POINT('Ctrl Pts',(5.6495145553417,-9.50698116206357,-44.1499485343928));
#9515=CARTESIAN_POINT('Ctrl Pts',(5.62669064795707,-9.50688932028042,-44.1631048698303));
#9516=CARTESIAN_POINT('Ctrl Pts',(5.60387563984912,-9.50161573710631,-44.1762198992277));
#9517=CARTESIAN_POINT('Ctrl Pts',(5.58278132345506,-9.49155611085689,-44.1883093026663));
#9518=CARTESIAN_POINT('Ctrl Pts',(5.561687007061,-9.48149648460748,-44.200398706105));
#9519=CARTESIAN_POINT('Ctrl Pts',(5.54232983216694,-9.46665866098043,-44.2114530499534));
#9520=CARTESIAN_POINT('Ctrl Pts',(5.52616215298025,-9.44815597864043,-44.2206426730733));
#9521=CARTESIAN_POINT('Ctrl Pts',(5.50999447379355,-9.42965329630042,-44.2298322961931));
#9522=CARTESIAN_POINT('Ctrl Pts',(5.49702889821642,-9.40750018581431,-44.2371500276825));
#9523=CARTESIAN_POINT('Ctrl Pts',(5.48823822424831,-9.38335887879403,-44.2420466483566));
#9524=CARTESIAN_POINT('Ctrl Pts',(5.47944755028019,-9.35921757177374,-44.2469432690306));
#9525=CARTESIAN_POINT('Ctrl Pts',(5.47483863309486,-9.33310689643499,-44.2494149578834));
#9526=CARTESIAN_POINT('Ctrl Pts',(5.47475727767084,-9.30698603504624,-44.2492762039258));
#9527=CARTESIAN_POINT('Ctrl Pts',(5.61986673695926,-9.50729090793332,-44.1055774385512));
#9528=CARTESIAN_POINT('Ctrl Pts',(5.59898948461652,-9.50717889950369,-44.1216226460968));
#9529=CARTESIAN_POINT('Ctrl Pts',(5.57812035598217,-9.50189033853023,-44.1376254706427));
#9530=CARTESIAN_POINT('Ctrl Pts',(5.55882358286115,-9.49182166346618,-44.1523861733216));
#9531=CARTESIAN_POINT('Ctrl Pts',(5.53952680974013,-9.48175298840215,-44.1671468760006));
#9532=CARTESIAN_POINT('Ctrl Pts',(5.52181740956563,-9.46691203655001,-44.1806539644757));
#9533=CARTESIAN_POINT('Ctrl Pts',(5.50702277889642,-9.44841130593437,-44.1918948055037));
#9534=CARTESIAN_POINT('Ctrl Pts',(5.49222814822722,-9.42991057531873,-44.2031356465318));
#9535=CARTESIAN_POINT('Ctrl Pts',(5.48035980077334,-9.40776446660519,-44.2121014882381));
#9536=CARTESIAN_POINT('Ctrl Pts',(5.47230732103645,-9.38363308176845,-44.21812015584));
#9537=CARTESIAN_POINT('Ctrl Pts',(5.46425484129955,-9.35950169693172,-44.2241388234419));
#9538=CARTESIAN_POINT('Ctrl Pts',(5.46002449601374,-9.33340381943854,-44.2272056309075));
#9539=CARTESIAN_POINT('Ctrl Pts',(5.45993336847963,-9.30729578091599,-44.227090656005));
#9540=CARTESIAN_POINT('Ctrl Pts',(5.58284271247461,-9.50754936534683,-44.0685534140665));
#9541=CARTESIAN_POINT('Ctrl Pts',(5.56438864759325,-9.50742054743668,-44.0870065796954));
#9542=CARTESIAN_POINT('Ctrl Pts',(5.5459417530919,-9.50211950419682,-44.1054164686593));
#9543=CARTESIAN_POINT('Ctrl Pts',(5.52888371852341,-9.49204328869561,-44.1224041631545));
#9544=CARTESIAN_POINT('Ctrl Pts',(5.51182568395492,-9.4819670731944,-44.1393918576497));
#9545=CARTESIAN_POINT('Ctrl Pts',(5.49616976521612,-9.46712351571691,-44.154944156441));
#9546=CARTESIAN_POINT('Ctrl Pts',(5.48308860517977,-9.44862441252196,-44.1678961778861));
#9547=CARTESIAN_POINT('Ctrl Pts',(5.47000744514342,-9.43012530932701,-44.1808481993312));
#9548=CARTESIAN_POINT('Ctrl Pts',(5.45951120925428,-9.40798503617418,-44.1911898783397));
#9549=CARTESIAN_POINT('Ctrl Pts',(5.45238607534141,-9.38386192011194,-44.1981466135367));
#9550=CARTESIAN_POINT('Ctrl Pts',(5.44526094142854,-9.3597388040497,-44.2051033487336));
#9551=CARTESIAN_POINT('Ctrl Pts',(5.44151244647451,-9.3336515912904,-44.2086697339999));
#9552=CARTESIAN_POINT('Ctrl Pts',(5.4414213562373,-9.3075542383295,-44.2085786437627));
#9553=CARTESIAN_POINT('Ctrl Pts',(5.54581868798996,-9.50780782276034,-44.0315293895819));
#9554=CARTESIAN_POINT('Ctrl Pts',(5.52978781056997,-9.50766219536968,-44.0523905132941));
#9555=CARTESIAN_POINT('Ctrl Pts',(5.51376315020164,-9.50234866986341,-44.073207466676));
#9556=CARTESIAN_POINT('Ctrl Pts',(5.49894385418567,-9.49226491392503,-44.0924221529874));
#9557=CARTESIAN_POINT('Ctrl Pts',(5.4841245581697,-9.48218115798666,-44.1116368392989));
#9558=CARTESIAN_POINT('Ctrl Pts',(5.47052212086662,-9.46733499488381,-44.1292343484064));
#9559=CARTESIAN_POINT('Ctrl Pts',(5.45915443146312,-9.44883751910955,-44.1438975502685));
#9560=CARTESIAN_POINT('Ctrl Pts',(5.44778674205963,-9.4303400433353,-44.1585607521307));
#9561=CARTESIAN_POINT('Ctrl Pts',(5.43866261773523,-9.40820560574316,-44.1702782684414));
#9562=CARTESIAN_POINT('Ctrl Pts',(5.43246482964637,-9.38409075845542,-44.1781730712333));
#9563=CARTESIAN_POINT('Ctrl Pts',(5.42626704155752,-9.35997591116768,-44.1860678740252));
#9564=CARTESIAN_POINT('Ctrl Pts',(5.42300039693529,-9.33389936314226,-44.1901338370923));
#9565=CARTESIAN_POINT('Ctrl Pts',(5.42290934399498,-9.307812695743,-44.1900666315204));
#9566=CARTESIAN_POINT('Ctrl Pts',(5.50144759214835,-9.50801478833369,-44.0018815711994));
#9567=CARTESIAN_POINT('Ctrl Pts',(5.48831453034943,-9.50785572064879,-44.0246680170601));
#9568=CARTESIAN_POINT('Ctrl Pts',(5.47518655525477,-9.5025322171895,-44.0474095825887));
#9569=CARTESIAN_POINT('Ctrl Pts',(5.46304543329697,-9.4924424344481,-44.0684053347105));
#9570=CARTESIAN_POINT('Ctrl Pts',(5.45090431133918,-9.48235265170671,-44.0894010868323));
#9571=CARTESIAN_POINT('Ctrl Pts',(5.43975944752963,-9.46750440731755,-44.1086347570674));
#9572=CARTESIAN_POINT('Ctrl Pts',(5.43044430272745,-9.44900823345602,-44.124667781736));
#9573=CARTESIAN_POINT('Ctrl Pts',(5.42112915792528,-9.43051205959449,-44.1407008064045));
#9574=CARTESIAN_POINT('Ctrl Pts',(5.41365094802447,-9.40838228721988,-44.1535207623727));
#9575=CARTESIAN_POINT('Ctrl Pts',(5.40856892576493,-9.38427404949587,-44.1621687932154));
#9576=CARTESIAN_POINT('Ctrl Pts',(5.4034869035054,-9.36016581177185,-44.1708168240581));
#9577=CARTESIAN_POINT('Ctrl Pts',(5.40080500563135,-9.33409778792008,-44.1752862288716));
#9578=CARTESIAN_POINT('Ctrl Pts',(5.40072379607417,-9.30801966131635,-44.1752427223291));
#9579=CARTESIAN_POINT('Ctrl Pts',(5.45307337294603,-9.50815466447793,-43.9818443135366));
#9580=CARTESIAN_POINT('Ctrl Pts',(5.44309567066901,-9.5079865169711,-44.0059314438905));
#9581=CARTESIAN_POINT('Ctrl Pts',(5.43312183034684,-9.50265627318048,-44.0299732150845));
#9582=CARTESIAN_POINT('Ctrl Pts',(5.42389749106535,-9.49256241934398,-44.0521722768788));
#9583=CARTESIAN_POINT('Ctrl Pts',(5.41467315178385,-9.48246856550747,-44.074371338673));
#9584=CARTESIAN_POINT('Ctrl Pts',(5.40620545426156,-9.46761891544966,-44.0947105063948));
#9585=CARTESIAN_POINT('Ctrl Pts',(5.39912743913635,-9.44912362124202,-44.1116692345034));
#9586=CARTESIAN_POINT('Ctrl Pts',(5.39204942401114,-9.43062832703437,-44.1286279626119));
#9587=CARTESIAN_POINT('Ctrl Pts',(5.38636657049537,-9.4085017061999,-44.1421931230661));
#9588=CARTESIAN_POINT('Ctrl Pts',(5.38250372574554,-9.38439793333924,-44.1513505915656));
#9589=CARTESIAN_POINT('Ctrl Pts',(5.37864088099572,-9.36029416047857,-44.1605080600651));
#9590=CARTESIAN_POINT('Ctrl Pts',(5.37660103530592,-9.33423189473381,-44.1652507476571));
#9591=CARTESIAN_POINT('Ctrl Pts',(5.37653668647301,-9.3081595374606,-44.1652240934977));
#9592=CARTESIAN_POINT('Ctrl Pts',(5.4046991537437,-9.50829454062217,-43.9618070558738));
#9593=CARTESIAN_POINT('Ctrl Pts',(5.39787681098859,-9.5081173132934,-43.9871948707209));
#9594=CARTESIAN_POINT('Ctrl Pts',(5.39105710543891,-9.50278032917146,-44.0125368475803));
#9595=CARTESIAN_POINT('Ctrl Pts',(5.38474954883372,-9.49268240423985,-44.0359392190471));
#9596=CARTESIAN_POINT('Ctrl Pts',(5.37844199222852,-9.48258447930823,-44.0593415905138));
#9597=CARTESIAN_POINT('Ctrl Pts',(5.37265146099349,-9.46773342358178,-44.0807862557222));
#9598=CARTESIAN_POINT('Ctrl Pts',(5.36781057554525,-9.44923900902801,-44.0986706872707));
#9599=CARTESIAN_POINT('Ctrl Pts',(5.36296969009701,-9.43074459447425,-44.1165551188192));
#9600=CARTESIAN_POINT('Ctrl Pts',(5.35908219296627,-9.40862112517993,-44.1308654837596));
#9601=CARTESIAN_POINT('Ctrl Pts',(5.35643852572616,-9.38452181718261,-44.1405323899158));
#9602=CARTESIAN_POINT('Ctrl Pts',(5.35379485848605,-9.36042250918529,-44.1501992960721));
#9603=CARTESIAN_POINT('Ctrl Pts',(5.35239706498049,-9.33436600154755,-44.1552152664425));
#9604=CARTESIAN_POINT('Ctrl Pts',(5.35234957687185,-9.30829941360484,-44.1552054646663));
#9605=CARTESIAN_POINT('Ctrl Pts',(5.35235987755982,-9.50836721726673,-43.9513961265411));
#9606=CARTESIAN_POINT('Ctrl Pts',(5.34894807796078,-9.50818527689033,-43.9774590854605));
#9607=CARTESIAN_POINT('Ctrl Pts',(5.34553759714105,-9.50284479463568,-44.0034759588845));
#9608=CARTESIAN_POINT('Ctrl Pts',(5.34238323155828,-9.49274475704823,-44.0275030305052));
#9609=CARTESIAN_POINT('Ctrl Pts',(5.3392288659755,-9.48264471946078,-44.0515301021259));
#9610=CARTESIAN_POINT('Ctrl Pts',(5.33633305417387,-9.46779293457275,-44.0735487973441));
#9611=CARTESIAN_POINT('Ctrl Pts',(5.33391214177388,-9.4492989767753,-44.0919141030839));
#9612=CARTESIAN_POINT('Ctrl Pts',(5.33149122937388,-9.43080501897785,-44.1102794088238));
#9613=CARTESIAN_POINT('Ctrl Pts',(5.32954708790934,-9.40868318538793,-44.1249771274254));
#9614=CARTESIAN_POINT('Ctrl Pts',(5.32822496386733,-9.38458619453205,-44.1349091947643));
#9615=CARTESIAN_POINT('Ctrl Pts',(5.32690283982532,-9.36048920367618,-44.1448412621033));
#9616=CARTESIAN_POINT('Ctrl Pts',(5.32620375529977,-9.33443568420597,-44.15));
#9617=CARTESIAN_POINT('Ctrl Pts',(5.32617993877991,-9.3083720902494,-44.15));
#9618=CARTESIAN_POINT('Ctrl Pts',(5.29999999999999,-9.50836721726673,-43.9513961265411));
#9619=CARTESIAN_POINT('Ctrl Pts',(5.29999999999999,-9.50818527689033,-43.9774590854605));
#9620=CARTESIAN_POINT('Ctrl Pts',(5.29999999999999,-9.50284479463568,-44.0034759588845));
#9621=CARTESIAN_POINT('Ctrl Pts',(5.29999999999999,-9.49274475704823,-44.0275030305052));
#9622=CARTESIAN_POINT('Ctrl Pts',(5.29999999999999,-9.48264471946078,-44.0515301021259));
#9623=CARTESIAN_POINT('Ctrl Pts',(5.29999999999999,-9.46779293457275,-44.0735487973441));
#9624=CARTESIAN_POINT('Ctrl Pts',(5.29999999999999,-9.4492989767753,-44.0919141030839));
#9625=CARTESIAN_POINT('Ctrl Pts',(5.29999999999999,-9.43080501897785,-44.1102794088238));
#9626=CARTESIAN_POINT('Ctrl Pts',(5.29999999999999,-9.40868318538793,-44.1249771274254));
#9627=CARTESIAN_POINT('Ctrl Pts',(5.29999999999999,-9.38458619453205,-44.1349091947643));
#9628=CARTESIAN_POINT('Ctrl Pts',(5.29999999999999,-9.36048920367618,-44.1448412621033));
#9629=CARTESIAN_POINT('Ctrl Pts',(5.29999999999999,-9.33443568420597,-44.15));
#9630=CARTESIAN_POINT('Ctrl Pts',(5.29999999999999,-9.3083720902494,-44.15));
#9631=CARTESIAN_POINT('',(5.3,-9.48156651854851,-44.05));
#9632=CARTESIAN_POINT('Ctrl Pts',(5.56297526075255,-9.50767888305482,-44.05));
#9633=CARTESIAN_POINT('Ctrl Pts',(5.51699788622479,-9.50767927634587,-44.05));
#9634=CARTESIAN_POINT('Ctrl Pts',(5.47201143225029,-9.50074689827918,-44.05));
#9635=CARTESIAN_POINT('Ctrl Pts',(5.40416574606369,-9.490378150459,-44.05));
#9636=CARTESIAN_POINT('Ctrl Pts',(5.38235779948088,-9.48706687116047,-44.05));
#9637=CARTESIAN_POINT('Ctrl Pts',(5.33866840907545,-9.48267800062607,-44.05));
#9638=CARTESIAN_POINT('Ctrl Pts',(5.3196594230377,-9.48156651854851,-44.05));
#9639=CARTESIAN_POINT('Ctrl Pts',(5.3,-9.48156651854851,-44.05));
#9640=CARTESIAN_POINT('',(5.3,-9.30837209024939,-44.15));
#9641=CARTESIAN_POINT('Origin',(5.3,-9.30837209024939,-43.95));
#9642=CARTESIAN_POINT('Ctrl Pts',(5.3,-9.3083720902494,-44.15));
#9643=CARTESIAN_POINT('Ctrl Pts',(5.32617993877991,-9.3083720902494,-44.15));
#9644=CARTESIAN_POINT('Ctrl Pts',(5.35234957687185,-9.30829941360484,-44.1552054646663));
#9645=CARTESIAN_POINT('Ctrl Pts',(5.37653668647301,-9.3081595374606,-44.1652240934977));
#9646=CARTESIAN_POINT('Ctrl Pts',(5.40072379607417,-9.30801966131635,-44.1752427223291));
#9647=CARTESIAN_POINT('Ctrl Pts',(5.42290934399498,-9.307812695743,-44.1900666315204));
#9648=CARTESIAN_POINT('Ctrl Pts',(5.4414213562373,-9.3075542383295,-44.2085786437627));
#9649=CARTESIAN_POINT('Ctrl Pts',(5.45993336847963,-9.30729578091599,-44.227090656005));
#9650=CARTESIAN_POINT('Ctrl Pts',(5.47475727767084,-9.30698603504624,-44.2492762039258));
#9651=CARTESIAN_POINT('Ctrl Pts',(5.48477590650225,-9.30664834416176,-44.273463313527));
#9652=CARTESIAN_POINT('Ctrl Pts',(5.49479453533366,-9.30631065327727,-44.2976504231282));
#9653=CARTESIAN_POINT('Ctrl Pts',(5.49999999999999,-9.30594528311194,-44.3238200612201));
#9654=CARTESIAN_POINT('Ctrl Pts',(5.5,-9.30557976913247,-44.35));
#9655=CARTESIAN_POINT('Ctrl Pts',(11.3002010364787,-9.30119713393088,-45.1499999049513));
#9656=CARTESIAN_POINT('Ctrl Pts',(11.3001848490779,-9.32732542247645,-45.1500255389915));
#9657=CARTESIAN_POINT('Ctrl Pts',(11.3001686649465,-9.35344843396775,-45.1448658464123));
#9658=CARTESIAN_POINT('Ctrl Pts',(11.3001536989788,-9.37760519197678,-45.1349091123389));
#9659=CARTESIAN_POINT('Ctrl Pts',(11.3001387700072,-9.40170223411166,-45.124976991464));
#9660=CARTESIAN_POINT('Ctrl Pts',(11.3001250647255,-9.42382410306933,-45.1102791948059));
#9661=CARTESIAN_POINT('Ctrl Pts',(11.3001136070586,-9.44231806874191,-45.0919137982596));
#9662=CARTESIAN_POINT('Ctrl Pts',(11.3001021493917,-9.46081203441448,-45.0735484017134));
#9663=CARTESIAN_POINT('Ctrl Pts',(11.3000929481972,-9.47566379952129,-45.0515296031657));
#9664=CARTESIAN_POINT('Ctrl Pts',(11.3000866908987,-9.48576378514773,-45.0275024323094));
#9665=CARTESIAN_POINT('Ctrl Pts',(11.3000804336002,-9.49586377077416,-45.0034752614532));
#9666=CARTESIAN_POINT('Ctrl Pts',(11.3000771250349,-9.50120416884207,-44.977458293169));
#9667=CARTESIAN_POINT('Ctrl Pts',(11.3000770123867,-9.50138599693763,-44.9513952613648));
#9668=CARTESIAN_POINT('Ctrl Pts',(11.431500170032,-9.30127879798901,-45.1499999050078));
#9669=CARTESIAN_POINT('Ctrl Pts',(11.4331994228822,-9.32740049059084,-45.1500255238291));
#9670=CARTESIAN_POINT('Ctrl Pts',(11.4348983325336,-9.35351691652624,-45.1448688948179));
#9671=CARTESIAN_POINT('Ctrl Pts',(11.436469366203,-9.37766871785323,-45.1349178499739));
#9672=CARTESIAN_POINT('Ctrl Pts',(11.4380365162533,-9.40176081555906,-45.1249914042644));
#9673=CARTESIAN_POINT('Ctrl Pts',(11.4394752102198,-9.42387938651275,-45.1103018821068));
#9674=CARTESIAN_POINT('Ctrl Pts',(11.4406779623334,-9.4423728946044,-45.0919461116262));
#9675=CARTESIAN_POINT('Ctrl Pts',(11.4418807144471,-9.46086640269604,-45.0735903411456));
#9676=CARTESIAN_POINT('Ctrl Pts',(11.442846594876,-9.47572056770829,-45.0515824961939));
#9677=CARTESIAN_POINT('Ctrl Pts',(11.4435034420601,-9.48582626761311,-45.0275658449434));
#9678=CARTESIAN_POINT('Ctrl Pts',(11.4441602892443,-9.49593196751793,-45.0035491936929));
#9679=CARTESIAN_POINT('Ctrl Pts',(11.4445075953837,-9.50128139894506,-44.9775422811833));
#9680=CARTESIAN_POINT('Ctrl Pts',(11.4445194130089,-9.5014751333553,-44.9514869756166));
#9681=CARTESIAN_POINT('Ctrl Pts',(11.5628033907659,-9.28838775698202,-45.1499999050586));
#9682=CARTESIAN_POINT('Ctrl Pts',(11.566216636184,-9.31433413675743,-45.1500255101703));
#9683=CARTESIAN_POINT('Ctrl Pts',(11.5696291940304,-9.34027529339361,-45.1448716409249));
#9684=CARTESIAN_POINT('Ctrl Pts',(11.5727851162107,-9.36426603519404,-45.1349257215139));
#9685=CARTESIAN_POINT('Ctrl Pts',(11.5759332369033,-9.38819747151492,-45.1250043885674));
#9686=CARTESIAN_POINT('Ctrl Pts',(11.5788235597401,-9.4101696644246,-45.110322321145));
#9687=CARTESIAN_POINT('Ctrl Pts',(11.5812403355239,-9.42854286485683,-45.0919752243045));
#9688=CARTESIAN_POINT('Ctrl Pts',(11.5836571113077,-9.44691606528907,-45.073628127464));
#9689=CARTESIAN_POINT('Ctrl Pts',(11.585598474988,-9.46167610103265,-45.0516301534444));
#9690=CARTESIAN_POINT('Ctrl Pts',(11.5869195127328,-9.47172145447784,-45.0276229846638));
#9691=CARTESIAN_POINT('Ctrl Pts',(11.5882405504776,-9.48176680792303,-45.0036158158833));
#9692=CARTESIAN_POINT('Ctrl Pts',(11.5889402428277,-9.48708973055972,-44.9776179705418));
#9693=CARTESIAN_POINT('Ctrl Pts',(11.5889663609181,-9.48729298106704,-44.9515696367334));
#9694=CARTESIAN_POINT('Ctrl Pts',(11.6915785749356,-9.26277339285503,-45.1499999051029));
#9695=CARTESIAN_POINT('Ctrl Pts',(11.6966718279014,-9.2883794715611,-45.1500254982744));
#9696=CARTESIAN_POINT('Ctrl Pts',(11.7017640569333,-9.31398040248974,-45.144874032593));
#9697=CARTESIAN_POINT('Ctrl Pts',(11.7064735920842,-9.33765735876005,-45.134932577282));
#9698=CARTESIAN_POINT('Ctrl Pts',(11.7111714851925,-9.36127578523343,-45.1250156974002));
#9699=CARTESIAN_POINT('Ctrl Pts',(11.7154849536827,-9.38296153585234,-45.1103401229531));
#9700=CARTESIAN_POINT('Ctrl Pts',(11.7190922334954,-9.40109695763851,-45.0920005814017));
#9701=CARTESIAN_POINT('Ctrl Pts',(11.7226995133081,-9.41923237942468,-45.0736610398503));
#9702=CARTESIAN_POINT('Ctrl Pts',(11.7255978244796,-9.43380349624774,-45.0516716646306));
#9703=CARTESIAN_POINT('Ctrl Pts',(11.7275709668987,-9.4437233726845,-45.0276727576597));
#9704=CARTESIAN_POINT('Ctrl Pts',(11.7295441093178,-9.45364324912125,-45.0036738506888));
#9705=CARTESIAN_POINT('Ctrl Pts',(11.7305905623749,-9.45890424038198,-44.9776839068137));
#9706=CARTESIAN_POINT('Ctrl Pts',(11.7306322656913,-9.4591139017535,-44.9516416511843));
#9707=CARTESIAN_POINT('Ctrl Pts',(11.8199487044499,-9.23723959718151,-45.149999905147));
#9708=CARTESIAN_POINT('Ctrl Pts',(11.8267166805999,-9.26250644521494,-45.1500254864159));
#9709=CARTESIAN_POINT('Ctrl Pts',(11.8334832975119,-9.28776822059571,-45.1448764167382));
#9710=CARTESIAN_POINT('Ctrl Pts',(11.8397415588366,-9.31113237832955,-45.1349394114857));
#9711=CARTESIAN_POINT('Ctrl Pts',(11.845984349644,-9.33443877950921,-45.1250269706618));
#9712=CARTESIAN_POINT('Ctrl Pts',(11.8517164873677,-9.35583898882449,-45.1103578687668));
#9713=CARTESIAN_POINT('Ctrl Pts',(11.8565105265499,-9.37373737988313,-45.0920258587397));
#9714=CARTESIAN_POINT('Ctrl Pts',(11.8613045657322,-9.39163577094178,-45.0736938487127));
#9715=CARTESIAN_POINT('Ctrl Pts',(11.8651568143738,-9.40601856307749,-45.0517130452459));
#9716=CARTESIAN_POINT('Ctrl Pts',(11.8677800103109,-9.41581335718626,-45.0277223740976));
#9717=CARTESIAN_POINT('Ctrl Pts',(11.870403206248,-9.42560815129502,-45.0037317029492));
#9718=CARTESIAN_POINT('Ctrl Pts',(11.871795329297,-9.43080740598124,-44.9777496356871));
#9719=CARTESIAN_POINT('Ctrl Pts',(11.871852568817,-9.43102345805197,-44.9517134391181));
#9720=CARTESIAN_POINT('Ctrl Pts',(11.9458003282891,-9.19906365598208,-45.1499999051846));
#9721=CARTESIAN_POINT('Ctrl Pts',(11.9542091804693,-9.22382734100984,-45.1500254763099));
#9722=CARTESIAN_POINT('Ctrl Pts',(11.9626163460746,-9.24858606013692,-45.1448784485622));
#9723=CARTESIAN_POINT('Ctrl Pts',(11.9703921834811,-9.27148567027592,-45.1349452359841));
#9724=CARTESIAN_POINT('Ctrl Pts',(11.978148798899,-9.29432867222947,-45.1250365784589));
#9725=CARTESIAN_POINT('Ctrl Pts',(11.9852712353289,-9.3153041714166,-45.1103729930972));
#9726=CARTESIAN_POINT('Ctrl Pts',(11.9912286043856,-9.33284881076041,-45.0920474029107));
#9727=CARTESIAN_POINT('Ctrl Pts',(11.9971859734422,-9.35039345010423,-45.0737218127241));
#9728=CARTESIAN_POINT('Ctrl Pts',(12.0019736912974,-9.3644937319079,-45.0517483164544));
#9729=CARTESIAN_POINT('Ctrl Pts',(12.0052348935534,-9.37409872640679,-45.0277646677195));
#9730=CARTESIAN_POINT('Ctrl Pts',(12.0084960958093,-9.38370372090569,-45.0037810189847));
#9731=CARTESIAN_POINT('Ctrl Pts',(12.0102282731712,-9.38880603864451,-44.9778056695385));
#9732=CARTESIAN_POINT('Ctrl Pts',(12.0103023134671,-9.38902539085036,-44.9517746437079));
#9733=CARTESIAN_POINT('Ctrl Pts',(12.0667215513538,-9.14897719341929,-45.149999905215));
#9734=CARTESIAN_POINT('Ctrl Pts',(12.0767065848017,-9.17308354063772,-45.1500254681466));
#9735=CARTESIAN_POINT('Ctrl Pts',(12.0866896177425,-9.19718505813581,-45.1448800897948));
#9736=CARTESIAN_POINT('Ctrl Pts',(12.0959232611023,-9.21947736332288,-45.1349499408858));
#9737=CARTESIAN_POINT('Ctrl Pts',(12.105134078755,-9.24171456159162,-45.1250443394564));
#9738=CARTESIAN_POINT('Ctrl Pts',(12.1135921254027,-9.26213438395317,-45.1103852103248));
#9739=CARTESIAN_POINT('Ctrl Pts',(12.1206671913354,-9.27921534786366,-45.0920648063367));
#9740=CARTESIAN_POINT('Ctrl Pts',(12.1277422572682,-9.29629631177415,-45.0737444023485));
#9741=CARTESIAN_POINT('Ctrl Pts',(12.1334289027352,-9.31002528432609,-45.05177680937));
#9742=CARTESIAN_POINT('Ctrl Pts',(12.1373034153428,-9.31937931871253,-45.0277988344534));
#9743=CARTESIAN_POINT('Ctrl Pts',(12.1411779279504,-9.32873335309897,-45.0038208595367));
#9744=CARTESIAN_POINT('Ctrl Pts',(12.1432373287323,-9.33370525735646,-44.9778509384405));
#9745=CARTESIAN_POINT('Ctrl Pts',(12.143328171577,-9.33392457451413,-44.9518240919947));
#9746=CARTESIAN_POINT('Ctrl Pts',(12.1876427744186,-9.0988907308565,-45.1499999052454));
#9747=CARTESIAN_POINT('Ctrl Pts',(12.1992039891342,-9.1223397402656,-45.1500254599832));
#9748=CARTESIAN_POINT('Ctrl Pts',(12.2107628894103,-9.14578405613469,-45.1448817310273));
#9749=CARTESIAN_POINT('Ctrl Pts',(12.2214543387235,-9.16746905636985,-45.1349546457876));
#9750=CARTESIAN_POINT('Ctrl Pts',(12.232119358611,-9.18910045095377,-45.1250521004539));
#9751=CARTESIAN_POINT('Ctrl Pts',(12.2419130154765,-9.20896459648975,-45.1103974275523));
#9752=CARTESIAN_POINT('Ctrl Pts',(12.2501057782853,-9.22558188496691,-45.0920822097626));
#9753=CARTESIAN_POINT('Ctrl Pts',(12.2582985410941,-9.24219917344407,-45.073766991973));
#9754=CARTESIAN_POINT('Ctrl Pts',(12.264884114173,-9.25555683674428,-45.0518053022857));
#9755=CARTESIAN_POINT('Ctrl Pts',(12.2693719371323,-9.26465991101827,-45.0278330011873));
#9756=CARTESIAN_POINT('Ctrl Pts',(12.2738597600915,-9.27376298529225,-45.0038607000889));
#9757=CARTESIAN_POINT('Ctrl Pts',(12.2762463842934,-9.27860447606841,-44.9778962073425));
#9758=CARTESIAN_POINT('Ctrl Pts',(12.2763540296868,-9.27882375817791,-44.9518735402816));
#9759=CARTESIAN_POINT('Ctrl Pts',(12.303627617362,-9.03689622359693,-45.1499999052685));
#9760=CARTESIAN_POINT('Ctrl Pts',(12.3167002483808,-9.05953375280608,-45.1500254537631));
#9761=CARTESIAN_POINT('Ctrl Pts',(12.3297702644378,-9.08216675407741,-45.1448829815945));
#9762=CARTESIAN_POINT('Ctrl Pts',(12.3418596834824,-9.10310172196579,-45.1349582308787));
#9763=CARTESIAN_POINT('Ctrl Pts',(12.3539192172989,-9.12398493829433,-45.1250580142981));
#9764=CARTESIAN_POINT('Ctrl Pts',(12.3649937340754,-9.14316246774013,-45.1104067371185));
#9765=CARTESIAN_POINT('Ctrl Pts',(12.3742585066811,-9.15920617998582,-45.0920954716404));
#9766=CARTESIAN_POINT('Ctrl Pts',(12.3835232792869,-9.17524989223151,-45.0737842061623));
#9767=CARTESIAN_POINT('Ctrl Pts',(12.3909711920576,-9.18814746575045,-45.051827015576));
#9768=CARTESIAN_POINT('Ctrl Pts',(12.3960475936297,-9.19693843188363,-45.0278590394135));
#9769=CARTESIAN_POINT('Ctrl Pts',(12.4011239952017,-9.2057293980168,-45.003891063251));
#9770=CARTESIAN_POINT('Ctrl Pts',(12.4038249867238,-9.21040700532621,-44.9779307090993));
#9771=CARTESIAN_POINT('Ctrl Pts',(12.403949423419,-9.21062291732179,-44.9519112298204));
#9772=CARTESIAN_POINT('Ctrl Pts',(12.4124532775878,-8.96418176982865,-45.149999905284));
#9773=CARTESIAN_POINT('Ctrl Pts',(12.4269441913047,-8.98586910657424,-45.150025449603));
#9774=CARTESIAN_POINT('Ctrl Pts',(12.4414322078766,-9.00755210740557,-45.1448838179756));
#9775=CARTESIAN_POINT('Ctrl Pts',(12.4548334310556,-9.02760859559968,-45.1349606286081));
#9776=CARTESIAN_POINT('Ctrl Pts',(12.4682015262065,-9.04761550384915,-45.125061969516));
#9777=CARTESIAN_POINT('Ctrl Pts',(12.4804779309672,-9.06598857053567,-45.1104129634314));
#9778=CARTESIAN_POINT('Ctrl Pts',(12.4907485727294,-9.08135977975276,-45.0921043413509));
#9779=CARTESIAN_POINT('Ctrl Pts',(12.5010192144915,-9.09673098896985,-45.0737957192705));
#9780=CARTESIAN_POINT('Ctrl Pts',(12.5092762078619,-9.10908853930983,-45.0518415378315));
#9781=CARTESIAN_POINT('Ctrl Pts',(12.5149047562763,-9.11751231625296,-45.027876454434));
#9782=CARTESIAN_POINT('Ctrl Pts',(12.5205333046908,-9.12593609319608,-45.0039113710366));
#9783=CARTESIAN_POINT('Ctrl Pts',(12.5235290867721,-9.13041962929894,-44.9779537851258));
#9784=CARTESIAN_POINT('Ctrl Pts',(12.5236690435388,-9.1306290908684,-44.9519364383079));
#9785=CARTESIAN_POINT('Ctrl Pts',(12.5212789378137,-8.89146731606037,-45.1499999052995));
#9786=CARTESIAN_POINT('Ctrl Pts',(12.5371881342287,-8.9122044603424,-45.1500254454429));
#9787=CARTESIAN_POINT('Ctrl Pts',(12.5530941513155,-8.93293746073372,-45.1448846543567));
#9788=CARTESIAN_POINT('Ctrl Pts',(12.5678071786288,-8.95211546923357,-45.1349630263374));
#9789=CARTESIAN_POINT('Ctrl Pts',(12.5824838351142,-8.97124606940397,-45.1250659247339));
#9790=CARTESIAN_POINT('Ctrl Pts',(12.595962127859,-8.98881467333121,-45.1104191897443));
#9791=CARTESIAN_POINT('Ctrl Pts',(12.6072386387776,-9.0035133795197,-45.0921132110615));
#9792=CARTESIAN_POINT('Ctrl Pts',(12.6185151496962,-9.01821208570819,-45.0738072323786));
#9793=CARTESIAN_POINT('Ctrl Pts',(12.6275812236662,-9.03002961286921,-45.0518560600869));
#9794=CARTESIAN_POINT('Ctrl Pts',(12.633761918923,-9.03808620062229,-45.0278938694545));
#9795=CARTESIAN_POINT('Ctrl Pts',(12.6399426141799,-9.04614278837537,-45.0039316788222));
#9796=CARTESIAN_POINT('Ctrl Pts',(12.6432331868204,-9.05043225327167,-44.9779768611523));
#9797=CARTESIAN_POINT('Ctrl Pts',(12.6433886636587,-9.05063526441502,-44.9519616467954));
#9798=CARTESIAN_POINT('Ctrl Pts',(12.6229400340787,-8.80803651137614,-45.1499999053073));
#9799=CARTESIAN_POINT('Ctrl Pts',(12.6401743165739,-8.82768479491734,-45.1500254433432));
#9800=CARTESIAN_POINT('Ctrl Pts',(12.6574051559015,-8.8473291530074,-45.1448850765142));
#9801=CARTESIAN_POINT('Ctrl Pts',(12.6733437623997,-8.86550027558329,-45.1349642365965));
#9802=CARTESIAN_POINT('Ctrl Pts',(12.6892429684197,-8.88362647886709,-45.1250679211462));
#9803=CARTESIAN_POINT('Ctrl Pts',(12.7038441216794,-8.90027281150987,-45.1104223325208));
#9804=CARTESIAN_POINT('Ctrl Pts',(12.7160603124701,-8.91420012066913,-45.0921176881971));
#9805=CARTESIAN_POINT('Ctrl Pts',(12.7282765032608,-8.9281274298284,-45.0738130438735));
#9806=CARTESIAN_POINT('Ctrl Pts',(12.7380983570145,-8.93932502784304,-45.0518633906307));
#9807=CARTESIAN_POINT('Ctrl Pts',(12.7447947350318,-8.94695936562409,-45.0279026604459));
#9808=CARTESIAN_POINT('Ctrl Pts',(12.7514911130491,-8.95459370340514,-45.0039419302612));
#9809=CARTESIAN_POINT('Ctrl Pts',(12.7550568766045,-8.95865892244728,-44.9779885103305));
#9810=CARTESIAN_POINT('Ctrl Pts',(12.755226590293,-8.95885240788394,-44.951974372985));
#9811=CARTESIAN_POINT('Ctrl Pts',(12.7154882727274,-8.71548827272741,-45.1499999053073));
#9812=CARTESIAN_POINT('Ctrl Pts',(12.7339295557456,-8.73392955574563,-45.1500254433432));
#9813=CARTESIAN_POINT('Ctrl Pts',(12.7523671544545,-8.75236715445446,-45.1448850765142));
#9814=CARTESIAN_POINT('Ctrl Pts',(12.7694220189915,-8.76942201899152,-45.1349642365965));
#9815=CARTESIAN_POINT('Ctrl Pts',(12.7864347236434,-8.78643472364338,-45.1250679211462));
#9816=CARTESIAN_POINT('Ctrl Pts',(12.8020584665946,-8.80205846659463,-45.1104223325208));
#9817=CARTESIAN_POINT('Ctrl Pts',(12.8151302165696,-8.81513021656962,-45.0921176881971));
#9818=CARTESIAN_POINT('Ctrl Pts',(12.8282019665446,-8.82820196654461,-45.0738130438735));
#9819=CARTESIAN_POINT('Ctrl Pts',(12.8387116924288,-8.83871169242876,-45.0518633906307));
#9820=CARTESIAN_POINT('Ctrl Pts',(12.8458770503279,-8.84587705032794,-45.0279026604459));
#9821=CARTESIAN_POINT('Ctrl Pts',(12.8530424082271,-8.85304240822711,-45.0039419302612));
#9822=CARTESIAN_POINT('Ctrl Pts',(12.8568578995259,-8.85685789952587,-44.9779885103305));
#9823=CARTESIAN_POINT('Ctrl Pts',(12.8570394990885,-8.85703949908849,-44.951974372985));
#9824=CARTESIAN_POINT('Ctrl Pts',(12.8080365113761,-8.62294003407868,-45.1499999053073));
#9825=CARTESIAN_POINT('Ctrl Pts',(12.8276847949173,-8.64017431657392,-45.1500254433432));
#9826=CARTESIAN_POINT('Ctrl Pts',(12.8473291530074,-8.65740515590153,-45.1448850765142));
#9827=CARTESIAN_POINT('Ctrl Pts',(12.8655002755833,-8.67334376239975,-45.1349642365965));
#9828=CARTESIAN_POINT('Ctrl Pts',(12.8836264788671,-8.68924296841967,-45.1250679211462));
#9829=CARTESIAN_POINT('Ctrl Pts',(12.9002728115099,-8.70384412167939,-45.1104223325208));
#9830=CARTESIAN_POINT('Ctrl Pts',(12.9142001206691,-8.7160603124701,-45.0921176881971));
#9831=CARTESIAN_POINT('Ctrl Pts',(12.9281274298284,-8.72827650326082,-45.0738130438735));
#9832=CARTESIAN_POINT('Ctrl Pts',(12.939325027843,-8.73809835701449,-45.0518633906307));
#9833=CARTESIAN_POINT('Ctrl Pts',(12.9469593656241,-8.74479473503178,-45.0279026604459));
#9834=CARTESIAN_POINT('Ctrl Pts',(12.9545937034051,-8.75149111304907,-45.0039419302612));
#9835=CARTESIAN_POINT('Ctrl Pts',(12.9586589224473,-8.75505687660446,-44.9779885103305));
#9836=CARTESIAN_POINT('Ctrl Pts',(12.9588524078839,-8.75522659029305,-44.951974372985));
#9837=CARTESIAN_POINT('Ctrl Pts',(12.8914673160604,-8.52127893781369,-45.1499999052995));
#9838=CARTESIAN_POINT('Ctrl Pts',(12.9122044603424,-8.53718813422867,-45.1500254454429));
#9839=CARTESIAN_POINT('Ctrl Pts',(12.9329374607337,-8.5530941513155,-45.1448846543567));
#9840=CARTESIAN_POINT('Ctrl Pts',(12.9521154692336,-8.56780717862879,-45.1349630263374));
#9841=CARTESIAN_POINT('Ctrl Pts',(12.971246069404,-8.58248383511422,-45.1250659247339));
#9842=CARTESIAN_POINT('Ctrl Pts',(12.9888146733312,-8.59596212785898,-45.1104191897443));
#9843=CARTESIAN_POINT('Ctrl Pts',(13.0035133795197,-8.60723863877758,-45.0921132110615));
#9844=CARTESIAN_POINT('Ctrl Pts',(13.0182120857082,-8.61851514969618,-45.0738072323786));
#9845=CARTESIAN_POINT('Ctrl Pts',(13.0300296128692,-8.62758122366616,-45.0518560600869));
#9846=CARTESIAN_POINT('Ctrl Pts',(13.0380862006223,-8.63376191892303,-45.0278938694545));
#9847=CARTESIAN_POINT('Ctrl Pts',(13.0461427883754,-8.6399426141799,-45.0039316788222));
#9848=CARTESIAN_POINT('Ctrl Pts',(13.0504322532717,-8.64323318682044,-44.9779768611523));
#9849=CARTESIAN_POINT('Ctrl Pts',(13.050635264415,-8.64338866365865,-44.9519616467954));
#9850=CARTESIAN_POINT('Ctrl Pts',(12.9641817698287,-8.41245327758782,-45.149999905284));
#9851=CARTESIAN_POINT('Ctrl Pts',(12.9858691065742,-8.42694419130473,-45.150025449603));
#9852=CARTESIAN_POINT('Ctrl Pts',(13.0075521074056,-8.44143220787664,-45.1448838179756));
#9853=CARTESIAN_POINT('Ctrl Pts',(13.0276085955997,-8.45483343105561,-45.1349606286081));
#9854=CARTESIAN_POINT('Ctrl Pts',(13.0476155038492,-8.46820152620654,-45.125061969516));
#9855=CARTESIAN_POINT('Ctrl Pts',(13.0659885705357,-8.48047793096719,-45.1104129634314));
#9856=CARTESIAN_POINT('Ctrl Pts',(13.0813597797528,-8.49074857272936,-45.0921043413509));
#9857=CARTESIAN_POINT('Ctrl Pts',(13.0967309889699,-8.50101921449153,-45.0737957192705));
#9858=CARTESIAN_POINT('Ctrl Pts',(13.1090885393098,-8.50927620786188,-45.0518415378315));
#9859=CARTESIAN_POINT('Ctrl Pts',(13.117512316253,-8.51490475627635,-45.027876454434));
#9860=CARTESIAN_POINT('Ctrl Pts',(13.1259360931961,-8.52053330469081,-45.0039113710366));
#9861=CARTESIAN_POINT('Ctrl Pts',(13.1304196292989,-8.52352908677209,-44.9779537851258));
#9862=CARTESIAN_POINT('Ctrl Pts',(13.1306290908684,-8.52366904353883,-44.9519364383079));
#9863=CARTESIAN_POINT('Ctrl Pts',(13.0368962235969,-8.30362761736196,-45.1499999052685));
#9864=CARTESIAN_POINT('Ctrl Pts',(13.0595337528061,-8.3167002483808,-45.1500254537631));
#9865=CARTESIAN_POINT('Ctrl Pts',(13.0821667540774,-8.32977026443777,-45.1448829815945));
#9866=CARTESIAN_POINT('Ctrl Pts',(13.1031017219658,-8.34185968348243,-45.1349582308787));
#9867=CARTESIAN_POINT('Ctrl Pts',(13.1239849382943,-8.35391921729886,-45.1250580142981));
#9868=CARTESIAN_POINT('Ctrl Pts',(13.1431624677401,-8.3649937340754,-45.1104067371185));
#9869=CARTESIAN_POINT('Ctrl Pts',(13.1592061799858,-8.37425850668114,-45.0920954716404));
#9870=CARTESIAN_POINT('Ctrl Pts',(13.1752498922315,-8.38352327928687,-45.0737842061623));
#9871=CARTESIAN_POINT('Ctrl Pts',(13.1881474657505,-8.3909711920576,-45.051827015576));
#9872=CARTESIAN_POINT('Ctrl Pts',(13.1969384318836,-8.39604759362966,-45.0278590394135));
#9873=CARTESIAN_POINT('Ctrl Pts',(13.2057293980168,-8.40112399520172,-45.003891063251));
#9874=CARTESIAN_POINT('Ctrl Pts',(13.2104070053262,-8.40382498672375,-44.9779307090993));
#9875=CARTESIAN_POINT('Ctrl Pts',(13.2106229173218,-8.40394942341901,-44.9519112298204));
#9876=CARTESIAN_POINT('Ctrl Pts',(13.0988907308565,-8.18764277441864,-45.1499999052454));
#9877=CARTESIAN_POINT('Ctrl Pts',(13.1223397402656,-8.19920398913415,-45.1500254599832));
#9878=CARTESIAN_POINT('Ctrl Pts',(13.1457840561347,-8.21076288941034,-45.1448817310273));
#9879=CARTESIAN_POINT('Ctrl Pts',(13.1674690563699,-8.22145433872351,-45.1349546457876));
#9880=CARTESIAN_POINT('Ctrl Pts',(13.1891004509538,-8.23211935861096,-45.1250521004539));
#9881=CARTESIAN_POINT('Ctrl Pts',(13.2089645964897,-8.24191301547652,-45.1103974275523));
#9882=CARTESIAN_POINT('Ctrl Pts',(13.2255818849669,-8.25010577828533,-45.0920822097626));
#9883=CARTESIAN_POINT('Ctrl Pts',(13.2421991734441,-8.25829854109413,-45.073766991973));
#9884=CARTESIAN_POINT('Ctrl Pts',(13.2555568367443,-8.26488411417301,-45.0518053022857));
#9885=CARTESIAN_POINT('Ctrl Pts',(13.2646599110183,-8.26937193713227,-45.0278330011873));
#9886=CARTESIAN_POINT('Ctrl Pts',(13.2737629852923,-8.27385976009152,-45.0038607000889));
#9887=CARTESIAN_POINT('Ctrl Pts',(13.2786044760684,-8.27624638429343,-44.9778962073425));
#9888=CARTESIAN_POINT('Ctrl Pts',(13.2788237581779,-8.27635402968684,-44.9518735402816));
#9889=CARTESIAN_POINT('Ctrl Pts',(13.1489771934193,-8.06672155135385,-45.149999905215));
#9890=CARTESIAN_POINT('Ctrl Pts',(13.1730835406377,-8.07670658480173,-45.1500254681466));
#9891=CARTESIAN_POINT('Ctrl Pts',(13.1971850581358,-8.08668961774248,-45.1448800897948));
#9892=CARTESIAN_POINT('Ctrl Pts',(13.2194773633229,-8.09592326110231,-45.1349499408858));
#9893=CARTESIAN_POINT('Ctrl Pts',(13.2417145615916,-8.10513407875496,-45.1250443394564));
#9894=CARTESIAN_POINT('Ctrl Pts',(13.2621343839532,-8.11359212540269,-45.1103852103248));
#9895=CARTESIAN_POINT('Ctrl Pts',(13.2792153478637,-8.12066719133544,-45.0920648063367));
#9896=CARTESIAN_POINT('Ctrl Pts',(13.2962963117741,-8.12774225726819,-45.0737444023485));
#9897=CARTESIAN_POINT('Ctrl Pts',(13.3100252843261,-8.13342890273521,-45.05177680937));
#9898=CARTESIAN_POINT('Ctrl Pts',(13.3193793187125,-8.13730341534282,-45.0277988344534));
#9899=CARTESIAN_POINT('Ctrl Pts',(13.328733353099,-8.14117792795043,-45.0038208595367));
#9900=CARTESIAN_POINT('Ctrl Pts',(13.3337052573565,-8.14323732873234,-44.9778509384405));
#9901=CARTESIAN_POINT('Ctrl Pts',(13.3339245745141,-8.14332817157697,-44.9518240919947));
#9902=CARTESIAN_POINT('Ctrl Pts',(13.1990636559821,-7.94580032828906,-45.1499999051846));
#9903=CARTESIAN_POINT('Ctrl Pts',(13.2238273410098,-7.95420918046931,-45.1500254763099));
#9904=CARTESIAN_POINT('Ctrl Pts',(13.2485860601369,-7.96261634607463,-45.1448784485622));
#9905=CARTESIAN_POINT('Ctrl Pts',(13.2714856702759,-7.97039218348112,-45.1349452359841));
#9906=CARTESIAN_POINT('Ctrl Pts',(13.2943286722295,-7.97814879889897,-45.1250365784589));
#9907=CARTESIAN_POINT('Ctrl Pts',(13.3153041714166,-7.98527123532886,-45.1103729930972));
#9908=CARTESIAN_POINT('Ctrl Pts',(13.3328488107604,-7.99122860438555,-45.0920474029107));
#9909=CARTESIAN_POINT('Ctrl Pts',(13.3503934501042,-7.99718597344225,-45.0737218127241));
#9910=CARTESIAN_POINT('Ctrl Pts',(13.3644937319079,-8.0019736912974,-45.0517483164544));
#9911=CARTESIAN_POINT('Ctrl Pts',(13.3740987264068,-8.00523489355337,-45.0277646677195));
#9912=CARTESIAN_POINT('Ctrl Pts',(13.3837037209057,-8.00849609580933,-45.0037810189847));
#9913=CARTESIAN_POINT('Ctrl Pts',(13.3888060386445,-8.01022827317124,-44.9778056695385));
#9914=CARTESIAN_POINT('Ctrl Pts',(13.3890253908504,-8.01030231346711,-44.9517746437079));
#9915=CARTESIAN_POINT('Ctrl Pts',(13.2372395971815,-7.8199487044499,-45.149999905147));
#9916=CARTESIAN_POINT('Ctrl Pts',(13.2625064452149,-7.82671668059988,-45.1500254864159));
#9917=CARTESIAN_POINT('Ctrl Pts',(13.2877682205957,-7.83348329751185,-45.1448764167382));
#9918=CARTESIAN_POINT('Ctrl Pts',(13.3111323783296,-7.83974155883662,-45.1349394114857));
#9919=CARTESIAN_POINT('Ctrl Pts',(13.3344387795092,-7.84598434964396,-45.1250269706618));
#9920=CARTESIAN_POINT('Ctrl Pts',(13.3558389888245,-7.85171648736773,-45.1103578687668));
#9921=CARTESIAN_POINT('Ctrl Pts',(13.3737373798831,-7.85651052654995,-45.0920258587397));
#9922=CARTESIAN_POINT('Ctrl Pts',(13.3916357709418,-7.86130456573217,-45.0736938487127));
#9923=CARTESIAN_POINT('Ctrl Pts',(13.4060185630775,-7.8651568143738,-45.0517130452459));
#9924=CARTESIAN_POINT('Ctrl Pts',(13.4158133571863,-7.86778001031089,-45.0277223740976));
#9925=CARTESIAN_POINT('Ctrl Pts',(13.425608151295,-7.87040320624799,-45.0037317029492));
#9926=CARTESIAN_POINT('Ctrl Pts',(13.4308074059812,-7.87179532929698,-44.9777496356871));
#9927=CARTESIAN_POINT('Ctrl Pts',(13.431023458052,-7.87185256881697,-44.9517134391181));
#9928=CARTESIAN_POINT('Ctrl Pts',(13.262773392855,-7.69157857493557,-45.1499999051029));
#9929=CARTESIAN_POINT('Ctrl Pts',(13.2883794715611,-7.69667182790137,-45.1500254982744));
#9930=CARTESIAN_POINT('Ctrl Pts',(13.3139804024897,-7.70176405693325,-45.144874032593));
#9931=CARTESIAN_POINT('Ctrl Pts',(13.3376573587601,-7.70647359208423,-45.134932577282));
#9932=CARTESIAN_POINT('Ctrl Pts',(13.3612757852334,-7.71117148519251,-45.1250156974002));
#9933=CARTESIAN_POINT('Ctrl Pts',(13.3829615358523,-7.71548495368268,-45.1103401229531));
#9934=CARTESIAN_POINT('Ctrl Pts',(13.4010969576385,-7.71909223349537,-45.0920005814017));
#9935=CARTESIAN_POINT('Ctrl Pts',(13.4192323794247,-7.72269951330806,-45.0736610398503));
#9936=CARTESIAN_POINT('Ctrl Pts',(13.4338034962477,-7.72559782447963,-45.0516716646306));
#9937=CARTESIAN_POINT('Ctrl Pts',(13.4437233726845,-7.72757096689874,-45.0276727576597));
#9938=CARTESIAN_POINT('Ctrl Pts',(13.4536432491213,-7.72954410931785,-45.0036738506888));
#9939=CARTESIAN_POINT('Ctrl Pts',(13.458904240382,-7.73059056237493,-44.9776839068137));
#9940=CARTESIAN_POINT('Ctrl Pts',(13.4591139017535,-7.73063226569134,-44.9516416511843));
#9941=CARTESIAN_POINT('Ctrl Pts',(13.288387756982,-7.56280339076587,-45.1499999050586));
#9942=CARTESIAN_POINT('Ctrl Pts',(13.3143341367574,-7.56621663618404,-45.1500255101703));
#9943=CARTESIAN_POINT('Ctrl Pts',(13.3402752933936,-7.56962919403037,-45.1448716409249));
#9944=CARTESIAN_POINT('Ctrl Pts',(13.364266035194,-7.5727851162107,-45.1349257215139));
#9945=CARTESIAN_POINT('Ctrl Pts',(13.3881974715149,-7.57593323690327,-45.1250043885674));
#9946=CARTESIAN_POINT('Ctrl Pts',(13.4101696644246,-7.57882355974014,-45.110322321145));
#9947=CARTESIAN_POINT('Ctrl Pts',(13.4285428648568,-7.58124033552393,-45.0919752243045));
#9948=CARTESIAN_POINT('Ctrl Pts',(13.4469160652891,-7.58365711130773,-45.073628127464));
#9949=CARTESIAN_POINT('Ctrl Pts',(13.4616761010326,-7.58559847498804,-45.0516301534444));
#9950=CARTESIAN_POINT('Ctrl Pts',(13.4717214544778,-7.58691951273283,-45.0276229846638));
#9951=CARTESIAN_POINT('Ctrl Pts',(13.481766807923,-7.58824055047762,-45.0036158158833));
#9952=CARTESIAN_POINT('Ctrl Pts',(13.4870897305597,-7.58894024282767,-44.9776179705418));
#9953=CARTESIAN_POINT('Ctrl Pts',(13.487292981067,-7.58896636091811,-44.9515696367334));
#9954=CARTESIAN_POINT('Ctrl Pts',(13.301278797989,-7.43150017003202,-45.1499999050078));
#9955=CARTESIAN_POINT('Ctrl Pts',(13.3274004905908,-7.43319942288224,-45.1500255238291));
#9956=CARTESIAN_POINT('Ctrl Pts',(13.3535169165262,-7.4348983325336,-45.1448688948179));
#9957=CARTESIAN_POINT('Ctrl Pts',(13.3776687178532,-7.43646936620305,-45.1349178499739));
#9958=CARTESIAN_POINT('Ctrl Pts',(13.4017608155591,-7.43803651625332,-45.1249914042644));
#9959=CARTESIAN_POINT('Ctrl Pts',(13.4238793865128,-7.43947521021979,-45.1103018821068));
#9960=CARTESIAN_POINT('Ctrl Pts',(13.4423728946044,-7.44067796233343,-45.0919461116262));
#9961=CARTESIAN_POINT('Ctrl Pts',(13.460866402696,-7.44188071444708,-45.0735903411456));
#9962=CARTESIAN_POINT('Ctrl Pts',(13.4757205677083,-7.44284659487595,-45.0515824961939));
#9963=CARTESIAN_POINT('Ctrl Pts',(13.4858262676131,-7.44350344206011,-45.0275658449434));
#9964=CARTESIAN_POINT('Ctrl Pts',(13.4959319675179,-7.44416028924426,-45.0035491936929));
#9965=CARTESIAN_POINT('Ctrl Pts',(13.5012813989451,-7.44450759538373,-44.9775422811833));
#9966=CARTESIAN_POINT('Ctrl Pts',(13.5014751333553,-7.44451941300889,-44.9514869756166));
#9967=CARTESIAN_POINT('Ctrl Pts',(13.3011971339309,-7.30020103647868,-45.1499999049513));
#9968=CARTESIAN_POINT('Ctrl Pts',(13.3273254224765,-7.30018484907791,-45.1500255389915));
#9969=CARTESIAN_POINT('Ctrl Pts',(13.3534484339677,-7.30016866494646,-45.1448658464123));
#9970=CARTESIAN_POINT('Ctrl Pts',(13.3776051919768,-7.3001536989788,-45.1349091123389));
#9971=CARTESIAN_POINT('Ctrl Pts',(13.4017022341117,-7.30013877000724,-45.124976991464));
#9972=CARTESIAN_POINT('Ctrl Pts',(13.4238241030693,-7.30012506472554,-45.1102791948059));
#9973=CARTESIAN_POINT('Ctrl Pts',(13.4423180687419,-7.30011360705862,-45.0919137982596));
#9974=CARTESIAN_POINT('Ctrl Pts',(13.4608120344145,-7.3001021493917,-45.0735484017134));
#9975=CARTESIAN_POINT('Ctrl Pts',(13.4756637995213,-7.30009294819724,-45.0515296031657));
#9976=CARTESIAN_POINT('Ctrl Pts',(13.4857637851477,-7.3000866908987,-45.0275024323094));
#9977=CARTESIAN_POINT('Ctrl Pts',(13.4958637707742,-7.30008043360016,-45.0034752614532));
#9978=CARTESIAN_POINT('Ctrl Pts',(13.5012041688421,-7.30007712503493,-44.977458293169));
#9979=CARTESIAN_POINT('Ctrl Pts',(13.5013859969376,-7.30007701238673,-44.9513952613648));
#9980=CARTESIAN_POINT('',(13.3013912874571,-7.30144001728369,-45.15));
#9981=CARTESIAN_POINT('Origin',(13.3013912874571,-7.30144001728369,-44.95));
#9982=CARTESIAN_POINT('Origin',(11.3014602004056,-7.30146020040563,-45.15));
#9983=CARTESIAN_POINT('Origin',(14.,7.,-5.25));
#9984=CARTESIAN_POINT('',(20.5773502691896,7.,-5.25));
#9985=CARTESIAN_POINT('',(20.5773502691896,7.,-5.25));
#9986=CARTESIAN_POINT('',(14.,7.,-5.25));
#9987=CARTESIAN_POINT('Origin',(20.5773502691896,-7.00000000000001,-5.25));
#9988=CARTESIAN_POINT('',(20.5773502691896,-7.00000000000001,-5.25));
#9989=CARTESIAN_POINT('',(20.5773502691896,-7.00000000000001,-5.25));
#9990=CARTESIAN_POINT('',(20.5773502691896,-7.00000000000001,-5.25));
#9991=CARTESIAN_POINT('Origin',(20.,-4.33680868994202E-15,-5.25));
#9992=CARTESIAN_POINT('',(23.4641016151377,-2.00000000000001,-5.25));
#9993=CARTESIAN_POINT('',(23.4641016151377,2.,-5.25));
#9994=CARTESIAN_POINT('Origin',(20.,-4.33680868994202E-15,-5.25));
#9995=CARTESIAN_POINT('',(23.4641016151377,-2.00000000000001,-5.25));
#9996=CARTESIAN_POINT('',(20.5773502691896,7.,-5.25));
#9997=CARTESIAN_POINT('',(18.,-4.58173804977149E-15,-5.25));
#9998=CARTESIAN_POINT('Origin',(20.,-4.33680868994202E-15,-5.25));
#9999=CARTESIAN_POINT('Ctrl Pts',(13.3011971339309,7.30020103647867,-45.1499999049513));
#10000=CARTESIAN_POINT('Ctrl Pts',(13.3273254224764,7.3001848490779,-45.1500255389915));
#10001=CARTESIAN_POINT('Ctrl Pts',(13.3534484339677,7.30016866494646,-45.1448658464123));
#10002=CARTESIAN_POINT('Ctrl Pts',(13.3776051919768,7.3001536989788,-45.1349091123389));
#10003=CARTESIAN_POINT('Ctrl Pts',(13.4017022341117,7.30013877000724,-45.124976991464));
#10004=CARTESIAN_POINT('Ctrl Pts',(13.4238241030693,7.30012506472554,-45.1102791948059));
#10005=CARTESIAN_POINT('Ctrl Pts',(13.4423180687419,7.30011360705862,-45.0919137982596));
#10006=CARTESIAN_POINT('Ctrl Pts',(13.4608120344145,7.3001021493917,-45.0735484017134));
#10007=CARTESIAN_POINT('Ctrl Pts',(13.4756637995213,7.30009294819724,-45.0515296031657));
#10008=CARTESIAN_POINT('Ctrl Pts',(13.4857637851477,7.3000866908987,-45.0275024323094));
#10009=CARTESIAN_POINT('Ctrl Pts',(13.4958637707742,7.30008043360016,-45.0034752614531));
#10010=CARTESIAN_POINT('Ctrl Pts',(13.5012041688421,7.30007712503493,-44.977458293169));
#10011=CARTESIAN_POINT('Ctrl Pts',(13.5013859969376,7.30007701238673,-44.9513952613648));
#10012=CARTESIAN_POINT('Ctrl Pts',(13.301278797989,7.43150017003202,-45.1499999050078));
#10013=CARTESIAN_POINT('Ctrl Pts',(13.3274004905908,7.43319942288224,-45.1500255238291));
#10014=CARTESIAN_POINT('Ctrl Pts',(13.3535169165262,7.43489833253359,-45.1448688948179));
#10015=CARTESIAN_POINT('Ctrl Pts',(13.3776687178532,7.43646936620305,-45.1349178499739));
#10016=CARTESIAN_POINT('Ctrl Pts',(13.4017608155591,7.43803651625332,-45.1249914042644));
#10017=CARTESIAN_POINT('Ctrl Pts',(13.4238793865127,7.43947521021979,-45.1103018821068));
#10018=CARTESIAN_POINT('Ctrl Pts',(13.4423728946044,7.44067796233343,-45.0919461116262));
#10019=CARTESIAN_POINT('Ctrl Pts',(13.460866402696,7.44188071444708,-45.0735903411456));
#10020=CARTESIAN_POINT('Ctrl Pts',(13.4757205677083,7.44284659487595,-45.0515824961939));
#10021=CARTESIAN_POINT('Ctrl Pts',(13.4858262676131,7.44350344206011,-45.0275658449434));
#10022=CARTESIAN_POINT('Ctrl Pts',(13.4959319675179,7.44416028924427,-45.0035491936929));
#10023=CARTESIAN_POINT('Ctrl Pts',(13.5012813989451,7.44450759538372,-44.9775422811833));
#10024=CARTESIAN_POINT('Ctrl Pts',(13.5014751333553,7.44451941300889,-44.9514869756166));
#10025=CARTESIAN_POINT('Ctrl Pts',(13.288387756982,7.56280339076587,-45.1499999050586));
#10026=CARTESIAN_POINT('Ctrl Pts',(13.3143341367574,7.56621663618404,-45.1500255101703));
#10027=CARTESIAN_POINT('Ctrl Pts',(13.3402752933936,7.56962919403037,-45.1448716409249));
#10028=CARTESIAN_POINT('Ctrl Pts',(13.364266035194,7.5727851162107,-45.1349257215139));
#10029=CARTESIAN_POINT('Ctrl Pts',(13.3881974715149,7.57593323690327,-45.1250043885674));
#10030=CARTESIAN_POINT('Ctrl Pts',(13.4101696644246,7.57882355974014,-45.110322321145));
#10031=CARTESIAN_POINT('Ctrl Pts',(13.4285428648568,7.58124033552394,-45.0919752243045));
#10032=CARTESIAN_POINT('Ctrl Pts',(13.4469160652891,7.58365711130773,-45.073628127464));
#10033=CARTESIAN_POINT('Ctrl Pts',(13.4616761010326,7.58559847498804,-45.0516301534444));
#10034=CARTESIAN_POINT('Ctrl Pts',(13.4717214544778,7.58691951273283,-45.0276229846638));
#10035=CARTESIAN_POINT('Ctrl Pts',(13.481766807923,7.58824055047762,-45.0036158158833));
#10036=CARTESIAN_POINT('Ctrl Pts',(13.4870897305597,7.58894024282768,-44.9776179705418));
#10037=CARTESIAN_POINT('Ctrl Pts',(13.487292981067,7.58896636091812,-44.9515696367334));
#10038=CARTESIAN_POINT('Ctrl Pts',(13.262773392855,7.69157857493557,-45.1499999051028));
#10039=CARTESIAN_POINT('Ctrl Pts',(13.2883794715611,7.69667182790138,-45.1500254982744));
#10040=CARTESIAN_POINT('Ctrl Pts',(13.3139804024897,7.70176405693326,-45.144874032593));
#10041=CARTESIAN_POINT('Ctrl Pts',(13.3376573587601,7.70647359208424,-45.134932577282));
#10042=CARTESIAN_POINT('Ctrl Pts',(13.3612757852334,7.71117148519251,-45.1250156974002));
#10043=CARTESIAN_POINT('Ctrl Pts',(13.3829615358523,7.71548495368268,-45.1103401229531));
#10044=CARTESIAN_POINT('Ctrl Pts',(13.4010969576385,7.71909223349537,-45.0920005814017));
#10045=CARTESIAN_POINT('Ctrl Pts',(13.4192323794247,7.72269951330806,-45.0736610398503));
#10046=CARTESIAN_POINT('Ctrl Pts',(13.4338034962477,7.72559782447964,-45.0516716646306));
#10047=CARTESIAN_POINT('Ctrl Pts',(13.4437233726845,7.72757096689875,-45.0276727576597));
#10048=CARTESIAN_POINT('Ctrl Pts',(13.4536432491213,7.72954410931785,-45.0036738506888));
#10049=CARTESIAN_POINT('Ctrl Pts',(13.458904240382,7.73059056237493,-44.9776839068137));
#10050=CARTESIAN_POINT('Ctrl Pts',(13.4591139017535,7.73063226569134,-44.9516416511843));
#10051=CARTESIAN_POINT('Ctrl Pts',(13.2372395971815,7.8199487044499,-45.149999905147));
#10052=CARTESIAN_POINT('Ctrl Pts',(13.2625064452149,7.82671668059988,-45.1500254864159));
#10053=CARTESIAN_POINT('Ctrl Pts',(13.2877682205957,7.83348329751186,-45.1448764167382));
#10054=CARTESIAN_POINT('Ctrl Pts',(13.3111323783296,7.83974155883662,-45.1349394114857));
#10055=CARTESIAN_POINT('Ctrl Pts',(13.3344387795092,7.84598434964396,-45.1250269706618));
#10056=CARTESIAN_POINT('Ctrl Pts',(13.3558389888245,7.85171648736774,-45.1103578687668));
#10057=CARTESIAN_POINT('Ctrl Pts',(13.3737373798831,7.85651052654995,-45.0920258587397));
#10058=CARTESIAN_POINT('Ctrl Pts',(13.3916357709418,7.86130456573217,-45.0736938487127));
#10059=CARTESIAN_POINT('Ctrl Pts',(13.4060185630775,7.8651568143738,-45.0517130452459));
#10060=CARTESIAN_POINT('Ctrl Pts',(13.4158133571863,7.8677800103109,-45.0277223740976));
#10061=CARTESIAN_POINT('Ctrl Pts',(13.425608151295,7.87040320624799,-45.0037317029492));
#10062=CARTESIAN_POINT('Ctrl Pts',(13.4308074059812,7.87179532929699,-44.9777496356871));
#10063=CARTESIAN_POINT('Ctrl Pts',(13.431023458052,7.87185256881697,-44.9517134391181));
#10064=CARTESIAN_POINT('Ctrl Pts',(13.1990636559821,7.94580032828906,-45.1499999051846));
#10065=CARTESIAN_POINT('Ctrl Pts',(13.2238273410098,7.95420918046931,-45.1500254763098));
#10066=CARTESIAN_POINT('Ctrl Pts',(13.2485860601369,7.96261634607464,-45.1448784485622));
#10067=CARTESIAN_POINT('Ctrl Pts',(13.2714856702759,7.97039218348112,-45.1349452359841));
#10068=CARTESIAN_POINT('Ctrl Pts',(13.2943286722295,7.97814879889897,-45.1250365784589));
#10069=CARTESIAN_POINT('Ctrl Pts',(13.3153041714166,7.98527123532886,-45.1103729930972));
#10070=CARTESIAN_POINT('Ctrl Pts',(13.3328488107604,7.99122860438556,-45.0920474029107));
#10071=CARTESIAN_POINT('Ctrl Pts',(13.3503934501042,7.99718597344226,-45.0737218127241));
#10072=CARTESIAN_POINT('Ctrl Pts',(13.3644937319079,8.00197369129741,-45.0517483164544));
#10073=CARTESIAN_POINT('Ctrl Pts',(13.3740987264068,8.00523489355337,-45.0277646677195));
#10074=CARTESIAN_POINT('Ctrl Pts',(13.3837037209057,8.00849609580933,-45.0037810189847));
#10075=CARTESIAN_POINT('Ctrl Pts',(13.3888060386445,8.01022827317125,-44.9778056695385));
#10076=CARTESIAN_POINT('Ctrl Pts',(13.3890253908504,8.01030231346711,-44.9517746437079));
#10077=CARTESIAN_POINT('Ctrl Pts',(13.1489771934193,8.06672155135385,-45.149999905215));
#10078=CARTESIAN_POINT('Ctrl Pts',(13.1730835406377,8.07670658480173,-45.1500254681465));
#10079=CARTESIAN_POINT('Ctrl Pts',(13.1971850581358,8.08668961774249,-45.1448800897948));
#10080=CARTESIAN_POINT('Ctrl Pts',(13.2194773633229,8.09592326110232,-45.1349499408858));
#10081=CARTESIAN_POINT('Ctrl Pts',(13.2417145615916,8.10513407875497,-45.1250443394564));
#10082=CARTESIAN_POINT('Ctrl Pts',(13.2621343839532,8.1135921254027,-45.1103852103248));
#10083=CARTESIAN_POINT('Ctrl Pts',(13.2792153478637,8.12066719133545,-45.0920648063367));
#10084=CARTESIAN_POINT('Ctrl Pts',(13.2962963117741,8.1277422572682,-45.0737444023485));
#10085=CARTESIAN_POINT('Ctrl Pts',(13.3100252843261,8.13342890273521,-45.05177680937));
#10086=CARTESIAN_POINT('Ctrl Pts',(13.3193793187125,8.13730341534282,-45.0277988344534));
#10087=CARTESIAN_POINT('Ctrl Pts',(13.328733353099,8.14117792795043,-45.0038208595367));
#10088=CARTESIAN_POINT('Ctrl Pts',(13.3337052573565,8.14323732873234,-44.9778509384405));
#10089=CARTESIAN_POINT('Ctrl Pts',(13.3339245745141,8.14332817157698,-44.9518240919947));
#10090=CARTESIAN_POINT('Ctrl Pts',(13.0988907308565,8.18764277441865,-45.1499999052454));
#10091=CARTESIAN_POINT('Ctrl Pts',(13.1223397402656,8.19920398913415,-45.1500254599832));
#10092=CARTESIAN_POINT('Ctrl Pts',(13.1457840561347,8.21076288941034,-45.1448817310273));
#10093=CARTESIAN_POINT('Ctrl Pts',(13.1674690563699,8.22145433872352,-45.1349546457876));
#10094=CARTESIAN_POINT('Ctrl Pts',(13.1891004509538,8.23211935861097,-45.1250521004539));
#10095=CARTESIAN_POINT('Ctrl Pts',(13.2089645964897,8.24191301547653,-45.1103974275523));
#10096=CARTESIAN_POINT('Ctrl Pts',(13.2255818849669,8.25010577828533,-45.0920822097626));
#10097=CARTESIAN_POINT('Ctrl Pts',(13.2421991734441,8.25829854109414,-45.073766991973));
#10098=CARTESIAN_POINT('Ctrl Pts',(13.2555568367443,8.26488411417302,-45.0518053022857));
#10099=CARTESIAN_POINT('Ctrl Pts',(13.2646599110183,8.26937193713227,-45.0278330011873));
#10100=CARTESIAN_POINT('Ctrl Pts',(13.2737629852923,8.27385976009153,-45.0038607000889));
#10101=CARTESIAN_POINT('Ctrl Pts',(13.2786044760684,8.27624638429344,-44.9778962073425));
#10102=CARTESIAN_POINT('Ctrl Pts',(13.2788237581779,8.27635402968685,-44.9518735402816));
#10103=CARTESIAN_POINT('Ctrl Pts',(13.0368962235969,8.30362761736196,-45.1499999052685));
#10104=CARTESIAN_POINT('Ctrl Pts',(13.0595337528061,8.3167002483808,-45.1500254537631));
#10105=CARTESIAN_POINT('Ctrl Pts',(13.0821667540774,8.32977026443778,-45.1448829815945));
#10106=CARTESIAN_POINT('Ctrl Pts',(13.1031017219658,8.34185968348243,-45.1349582308787));
#10107=CARTESIAN_POINT('Ctrl Pts',(13.1239849382943,8.35391921729886,-45.1250580142981));
#10108=CARTESIAN_POINT('Ctrl Pts',(13.1431624677401,8.3649937340754,-45.1104067371185));
#10109=CARTESIAN_POINT('Ctrl Pts',(13.1592061799858,8.37425850668114,-45.0920954716404));
#10110=CARTESIAN_POINT('Ctrl Pts',(13.1752498922315,8.38352327928688,-45.0737842061623));
#10111=CARTESIAN_POINT('Ctrl Pts',(13.1881474657505,8.39097119205761,-45.051827015576));
#10112=CARTESIAN_POINT('Ctrl Pts',(13.1969384318836,8.39604759362967,-45.0278590394135));
#10113=CARTESIAN_POINT('Ctrl Pts',(13.2057293980168,8.40112399520173,-45.003891063251));
#10114=CARTESIAN_POINT('Ctrl Pts',(13.2104070053262,8.40382498672376,-44.9779307090993));
#10115=CARTESIAN_POINT('Ctrl Pts',(13.2106229173218,8.40394942341901,-44.9519112298204));
#10116=CARTESIAN_POINT('Ctrl Pts',(12.9641817698286,8.41245327758782,-45.149999905284));
#10117=CARTESIAN_POINT('Ctrl Pts',(12.9858691065742,8.42694419130474,-45.150025449603));
#10118=CARTESIAN_POINT('Ctrl Pts',(13.0075521074056,8.44143220787664,-45.1448838179756));
#10119=CARTESIAN_POINT('Ctrl Pts',(13.0276085955997,8.45483343105561,-45.1349606286081));
#10120=CARTESIAN_POINT('Ctrl Pts',(13.0476155038492,8.46820152620654,-45.125061969516));
#10121=CARTESIAN_POINT('Ctrl Pts',(13.0659885705357,8.48047793096719,-45.1104129634314));
#10122=CARTESIAN_POINT('Ctrl Pts',(13.0813597797528,8.49074857272936,-45.0921043413509));
#10123=CARTESIAN_POINT('Ctrl Pts',(13.0967309889699,8.50101921449153,-45.0737957192705));
#10124=CARTESIAN_POINT('Ctrl Pts',(13.1090885393098,8.50927620786189,-45.0518415378315));
#10125=CARTESIAN_POINT('Ctrl Pts',(13.117512316253,8.51490475627635,-45.027876454434));
#10126=CARTESIAN_POINT('Ctrl Pts',(13.1259360931961,8.52053330469082,-45.0039113710366));
#10127=CARTESIAN_POINT('Ctrl Pts',(13.1304196292989,8.5235290867721,-44.9779537851258));
#10128=CARTESIAN_POINT('Ctrl Pts',(13.1306290908684,8.52366904353883,-44.9519364383079));
#10129=CARTESIAN_POINT('Ctrl Pts',(12.8914673160604,8.52127893781369,-45.1499999052995));
#10130=CARTESIAN_POINT('Ctrl Pts',(12.9122044603424,8.53718813422867,-45.1500254454429));
#10131=CARTESIAN_POINT('Ctrl Pts',(12.9329374607337,8.5530941513155,-45.1448846543567));
#10132=CARTESIAN_POINT('Ctrl Pts',(12.9521154692336,8.56780717862879,-45.1349630263374));
#10133=CARTESIAN_POINT('Ctrl Pts',(12.971246069404,8.58248383511422,-45.1250659247339));
#10134=CARTESIAN_POINT('Ctrl Pts',(12.9888146733312,8.59596212785898,-45.1104191897443));
#10135=CARTESIAN_POINT('Ctrl Pts',(13.0035133795197,8.60723863877758,-45.0921132110615));
#10136=CARTESIAN_POINT('Ctrl Pts',(13.0182120857082,8.61851514969618,-45.0738072323786));
#10137=CARTESIAN_POINT('Ctrl Pts',(13.0300296128692,8.62758122366616,-45.0518560600869));
#10138=CARTESIAN_POINT('Ctrl Pts',(13.0380862006223,8.63376191892304,-45.0278938694545));
#10139=CARTESIAN_POINT('Ctrl Pts',(13.0461427883754,8.63994261417991,-45.0039316788222));
#10140=CARTESIAN_POINT('Ctrl Pts',(13.0504322532717,8.64323318682044,-44.9779768611523));
#10141=CARTESIAN_POINT('Ctrl Pts',(13.050635264415,8.64338866365866,-44.9519616467954));
#10142=CARTESIAN_POINT('Ctrl Pts',(12.8080365113761,8.62294003407868,-45.1499999053073));
#10143=CARTESIAN_POINT('Ctrl Pts',(12.8276847949173,8.64017431657393,-45.1500254433432));
#10144=CARTESIAN_POINT('Ctrl Pts',(12.8473291530074,8.65740515590153,-45.1448850765142));
#10145=CARTESIAN_POINT('Ctrl Pts',(12.8655002755833,8.67334376239975,-45.1349642365965));
#10146=CARTESIAN_POINT('Ctrl Pts',(12.8836264788671,8.68924296841967,-45.1250679211462));
#10147=CARTESIAN_POINT('Ctrl Pts',(12.9002728115099,8.70384412167939,-45.1104223325208));
#10148=CARTESIAN_POINT('Ctrl Pts',(12.9142001206691,8.71606031247011,-45.0921176881971));
#10149=CARTESIAN_POINT('Ctrl Pts',(12.9281274298284,8.72827650326082,-45.0738130438735));
#10150=CARTESIAN_POINT('Ctrl Pts',(12.939325027843,8.73809835701449,-45.0518633906307));
#10151=CARTESIAN_POINT('Ctrl Pts',(12.9469593656241,8.74479473503179,-45.0279026604459));
#10152=CARTESIAN_POINT('Ctrl Pts',(12.9545937034051,8.75149111304908,-45.0039419302612));
#10153=CARTESIAN_POINT('Ctrl Pts',(12.9586589224473,8.75505687660447,-44.9779885103305));
#10154=CARTESIAN_POINT('Ctrl Pts',(12.9588524078839,8.75522659029305,-44.951974372985));
#10155=CARTESIAN_POINT('Ctrl Pts',(12.7154882727274,8.71548827272741,-45.1499999053073));
#10156=CARTESIAN_POINT('Ctrl Pts',(12.7339295557456,8.73392955574564,-45.1500254433432));
#10157=CARTESIAN_POINT('Ctrl Pts',(12.7523671544545,8.75236715445446,-45.1448850765142));
#10158=CARTESIAN_POINT('Ctrl Pts',(12.7694220189915,8.76942201899152,-45.1349642365965));
#10159=CARTESIAN_POINT('Ctrl Pts',(12.7864347236434,8.78643472364339,-45.1250679211462));
#10160=CARTESIAN_POINT('Ctrl Pts',(12.8020584665946,8.80205846659463,-45.1104223325208));
#10161=CARTESIAN_POINT('Ctrl Pts',(12.8151302165696,8.81513021656962,-45.0921176881971));
#10162=CARTESIAN_POINT('Ctrl Pts',(12.8282019665446,8.82820196654461,-45.0738130438735));
#10163=CARTESIAN_POINT('Ctrl Pts',(12.8387116924288,8.83871169242877,-45.0518633906307));
#10164=CARTESIAN_POINT('Ctrl Pts',(12.8458770503279,8.84587705032794,-45.0279026604459));
#10165=CARTESIAN_POINT('Ctrl Pts',(12.8530424082271,8.85304240822711,-45.0039419302612));
#10166=CARTESIAN_POINT('Ctrl Pts',(12.8568578995259,8.85685789952588,-44.9779885103305));
#10167=CARTESIAN_POINT('Ctrl Pts',(12.8570394990885,8.8570394990885,-44.951974372985));
#10168=CARTESIAN_POINT('Ctrl Pts',(12.6229400340787,8.80803651137615,-45.1499999053073));
#10169=CARTESIAN_POINT('Ctrl Pts',(12.6401743165739,8.82768479491734,-45.1500254433432));
#10170=CARTESIAN_POINT('Ctrl Pts',(12.6574051559015,8.8473291530074,-45.1448850765142));
#10171=CARTESIAN_POINT('Ctrl Pts',(12.6733437623997,8.86550027558329,-45.1349642365965));
#10172=CARTESIAN_POINT('Ctrl Pts',(12.6892429684197,8.8836264788671,-45.1250679211462));
#10173=CARTESIAN_POINT('Ctrl Pts',(12.7038441216794,8.90027281150988,-45.1104223325208));
#10174=CARTESIAN_POINT('Ctrl Pts',(12.7160603124701,8.91420012066914,-45.0921176881971));
#10175=CARTESIAN_POINT('Ctrl Pts',(12.7282765032608,8.9281274298284,-45.0738130438735));
#10176=CARTESIAN_POINT('Ctrl Pts',(12.7380983570145,8.93932502784304,-45.0518633906307));
#10177=CARTESIAN_POINT('Ctrl Pts',(12.7447947350318,8.94695936562409,-45.0279026604459));
#10178=CARTESIAN_POINT('Ctrl Pts',(12.7514911130491,8.95459370340515,-45.0039419302612));
#10179=CARTESIAN_POINT('Ctrl Pts',(12.7550568766045,8.95865892244728,-44.9779885103305));
#10180=CARTESIAN_POINT('Ctrl Pts',(12.755226590293,8.95885240788394,-44.951974372985));
#10181=CARTESIAN_POINT('Ctrl Pts',(12.5212789378137,8.89146731606037,-45.1499999052995));
#10182=CARTESIAN_POINT('Ctrl Pts',(12.5371881342287,8.9122044603424,-45.1500254454429));
#10183=CARTESIAN_POINT('Ctrl Pts',(12.5530941513155,8.93293746073373,-45.1448846543567));
#10184=CARTESIAN_POINT('Ctrl Pts',(12.5678071786288,8.95211546923358,-45.1349630263374));
#10185=CARTESIAN_POINT('Ctrl Pts',(12.5824838351142,8.97124606940398,-45.1250659247339));
#10186=CARTESIAN_POINT('Ctrl Pts',(12.595962127859,8.98881467333122,-45.1104191897443));
#10187=CARTESIAN_POINT('Ctrl Pts',(12.6072386387776,9.00351337951971,-45.0921132110615));
#10188=CARTESIAN_POINT('Ctrl Pts',(12.6185151496962,9.0182120857082,-45.0738072323786));
#10189=CARTESIAN_POINT('Ctrl Pts',(12.6275812236662,9.03002961286921,-45.0518560600869));
#10190=CARTESIAN_POINT('Ctrl Pts',(12.633761918923,9.03808620062229,-45.0278938694545));
#10191=CARTESIAN_POINT('Ctrl Pts',(12.6399426141799,9.04614278837537,-45.0039316788222));
#10192=CARTESIAN_POINT('Ctrl Pts',(12.6432331868204,9.05043225327168,-44.9779768611523));
#10193=CARTESIAN_POINT('Ctrl Pts',(12.6433886636587,9.05063526441502,-44.9519616467954));
#10194=CARTESIAN_POINT('Ctrl Pts',(12.4124532775878,8.96418176982865,-45.149999905284));
#10195=CARTESIAN_POINT('Ctrl Pts',(12.4269441913047,8.98586910657424,-45.150025449603));
#10196=CARTESIAN_POINT('Ctrl Pts',(12.4414322078766,9.00755210740557,-45.1448838179756));
#10197=CARTESIAN_POINT('Ctrl Pts',(12.4548334310556,9.02760859559969,-45.1349606286081));
#10198=CARTESIAN_POINT('Ctrl Pts',(12.4682015262065,9.04761550384915,-45.125061969516));
#10199=CARTESIAN_POINT('Ctrl Pts',(12.4804779309672,9.06598857053568,-45.1104129634314));
#10200=CARTESIAN_POINT('Ctrl Pts',(12.4907485727294,9.08135977975277,-45.0921043413509));
#10201=CARTESIAN_POINT('Ctrl Pts',(12.5010192144915,9.09673098896986,-45.0737957192705));
#10202=CARTESIAN_POINT('Ctrl Pts',(12.5092762078619,9.10908853930983,-45.0518415378315));
#10203=CARTESIAN_POINT('Ctrl Pts',(12.5149047562763,9.11751231625296,-45.027876454434));
#10204=CARTESIAN_POINT('Ctrl Pts',(12.5205333046908,9.12593609319609,-45.0039113710366));
#10205=CARTESIAN_POINT('Ctrl Pts',(12.5235290867721,9.13041962929895,-44.9779537851258));
#10206=CARTESIAN_POINT('Ctrl Pts',(12.5236690435388,9.13062909086841,-44.9519364383079));
#10207=CARTESIAN_POINT('Ctrl Pts',(12.303627617362,9.03689622359693,-45.1499999052685));
#10208=CARTESIAN_POINT('Ctrl Pts',(12.3167002483808,9.05953375280608,-45.1500254537631));
#10209=CARTESIAN_POINT('Ctrl Pts',(12.3297702644378,9.08216675407741,-45.1448829815945));
#10210=CARTESIAN_POINT('Ctrl Pts',(12.3418596834824,9.1031017219658,-45.1349582308787));
#10211=CARTESIAN_POINT('Ctrl Pts',(12.3539192172989,9.12398493829433,-45.1250580142981));
#10212=CARTESIAN_POINT('Ctrl Pts',(12.3649937340754,9.14316246774014,-45.1104067371185));
#10213=CARTESIAN_POINT('Ctrl Pts',(12.3742585066811,9.15920617998583,-45.0920954716404));
#10214=CARTESIAN_POINT('Ctrl Pts',(12.3835232792869,9.17524989223152,-45.0737842061623));
#10215=CARTESIAN_POINT('Ctrl Pts',(12.3909711920576,9.18814746575046,-45.051827015576));
#10216=CARTESIAN_POINT('Ctrl Pts',(12.3960475936297,9.19693843188363,-45.0278590394135));
#10217=CARTESIAN_POINT('Ctrl Pts',(12.4011239952017,9.20572939801681,-45.003891063251));
#10218=CARTESIAN_POINT('Ctrl Pts',(12.4038249867237,9.21040700532621,-44.9779307090993));
#10219=CARTESIAN_POINT('Ctrl Pts',(12.403949423419,9.21062291732179,-44.9519112298204));
#10220=CARTESIAN_POINT('Ctrl Pts',(12.1876427744186,9.0988907308565,-45.1499999052454));
#10221=CARTESIAN_POINT('Ctrl Pts',(12.1992039891341,9.1223397402656,-45.1500254599832));
#10222=CARTESIAN_POINT('Ctrl Pts',(12.2107628894103,9.14578405613469,-45.1448817310273));
#10223=CARTESIAN_POINT('Ctrl Pts',(12.2214543387235,9.16746905636986,-45.1349546457876));
#10224=CARTESIAN_POINT('Ctrl Pts',(12.232119358611,9.18910045095377,-45.1250521004539));
#10225=CARTESIAN_POINT('Ctrl Pts',(12.2419130154765,9.20896459648975,-45.1103974275523));
#10226=CARTESIAN_POINT('Ctrl Pts',(12.2501057782853,9.22558188496691,-45.0920822097626));
#10227=CARTESIAN_POINT('Ctrl Pts',(12.2582985410941,9.24219917344407,-45.073766991973));
#10228=CARTESIAN_POINT('Ctrl Pts',(12.264884114173,9.25555683674428,-45.0518053022857));
#10229=CARTESIAN_POINT('Ctrl Pts',(12.2693719371323,9.26465991101827,-45.0278330011873));
#10230=CARTESIAN_POINT('Ctrl Pts',(12.2738597600915,9.27376298529225,-45.0038607000889));
#10231=CARTESIAN_POINT('Ctrl Pts',(12.2762463842934,9.27860447606842,-44.9778962073425));
#10232=CARTESIAN_POINT('Ctrl Pts',(12.2763540296868,9.27882375817791,-44.9518735402816));
#10233=CARTESIAN_POINT('Ctrl Pts',(12.0667215513538,9.14897719341929,-45.149999905215));
#10234=CARTESIAN_POINT('Ctrl Pts',(12.0767065848017,9.17308354063772,-45.1500254681465));
#10235=CARTESIAN_POINT('Ctrl Pts',(12.0866896177425,9.19718505813581,-45.1448800897948));
#10236=CARTESIAN_POINT('Ctrl Pts',(12.0959232611023,9.21947736332289,-45.1349499408858));
#10237=CARTESIAN_POINT('Ctrl Pts',(12.105134078755,9.24171456159162,-45.1250443394564));
#10238=CARTESIAN_POINT('Ctrl Pts',(12.1135921254027,9.26213438395317,-45.1103852103248));
#10239=CARTESIAN_POINT('Ctrl Pts',(12.1206671913354,9.27921534786366,-45.0920648063367));
#10240=CARTESIAN_POINT('Ctrl Pts',(12.1277422572682,9.29629631177415,-45.0737444023485));
#10241=CARTESIAN_POINT('Ctrl Pts',(12.1334289027352,9.31002528432609,-45.05177680937));
#10242=CARTESIAN_POINT('Ctrl Pts',(12.1373034153428,9.31937931871253,-45.0277988344534));
#10243=CARTESIAN_POINT('Ctrl Pts',(12.1411779279504,9.32873335309898,-45.0038208595367));
#10244=CARTESIAN_POINT('Ctrl Pts',(12.1432373287323,9.33370525735646,-44.9778509384405));
#10245=CARTESIAN_POINT('Ctrl Pts',(12.143328171577,9.33392457451414,-44.9518240919947));
#10246=CARTESIAN_POINT('Ctrl Pts',(11.9458003282891,9.19906365598208,-45.1499999051846));
#10247=CARTESIAN_POINT('Ctrl Pts',(11.9542091804693,9.22382734100984,-45.1500254763098));
#10248=CARTESIAN_POINT('Ctrl Pts',(11.9626163460746,9.24858606013693,-45.1448784485622));
#10249=CARTESIAN_POINT('Ctrl Pts',(11.9703921834811,9.27148567027592,-45.1349452359841));
#10250=CARTESIAN_POINT('Ctrl Pts',(11.978148798899,9.29432867222947,-45.1250365784589));
#10251=CARTESIAN_POINT('Ctrl Pts',(11.9852712353289,9.3153041714166,-45.1103729930972));
#10252=CARTESIAN_POINT('Ctrl Pts',(11.9912286043856,9.33284881076042,-45.0920474029107));
#10253=CARTESIAN_POINT('Ctrl Pts',(11.9971859734422,9.35039345010423,-45.0737218127241));
#10254=CARTESIAN_POINT('Ctrl Pts',(12.0019736912974,9.3644937319079,-45.0517483164544));
#10255=CARTESIAN_POINT('Ctrl Pts',(12.0052348935534,9.3740987264068,-45.0277646677195));
#10256=CARTESIAN_POINT('Ctrl Pts',(12.0084960958093,9.38370372090569,-45.0037810189847));
#10257=CARTESIAN_POINT('Ctrl Pts',(12.0102282731712,9.38880603864451,-44.9778056695385));
#10258=CARTESIAN_POINT('Ctrl Pts',(12.0103023134671,9.38902539085036,-44.9517746437079));
#10259=CARTESIAN_POINT('Ctrl Pts',(11.8199487044499,9.23723959718151,-45.149999905147));
#10260=CARTESIAN_POINT('Ctrl Pts',(11.8267166805999,9.26250644521494,-45.1500254864159));
#10261=CARTESIAN_POINT('Ctrl Pts',(11.8334832975119,9.28776822059571,-45.1448764167382));
#10262=CARTESIAN_POINT('Ctrl Pts',(11.8397415588366,9.31113237832955,-45.1349394114857));
#10263=CARTESIAN_POINT('Ctrl Pts',(11.845984349644,9.33443877950922,-45.1250269706618));
#10264=CARTESIAN_POINT('Ctrl Pts',(11.8517164873677,9.35583898882449,-45.1103578687668));
#10265=CARTESIAN_POINT('Ctrl Pts',(11.8565105265499,9.37373737988314,-45.0920258587397));
#10266=CARTESIAN_POINT('Ctrl Pts',(11.8613045657322,9.39163577094178,-45.0736938487127));
#10267=CARTESIAN_POINT('Ctrl Pts',(11.8651568143738,9.4060185630775,-45.0517130452459));
#10268=CARTESIAN_POINT('Ctrl Pts',(11.8677800103109,9.41581335718626,-45.0277223740976));
#10269=CARTESIAN_POINT('Ctrl Pts',(11.870403206248,9.42560815129503,-45.0037317029492));
#10270=CARTESIAN_POINT('Ctrl Pts',(11.871795329297,9.43080740598125,-44.9777496356871));
#10271=CARTESIAN_POINT('Ctrl Pts',(11.871852568817,9.43102345805197,-44.9517134391181));
#10272=CARTESIAN_POINT('Ctrl Pts',(11.6915785749356,9.26277339285503,-45.1499999051028));
#10273=CARTESIAN_POINT('Ctrl Pts',(11.6966718279014,9.2883794715611,-45.1500254982744));
#10274=CARTESIAN_POINT('Ctrl Pts',(11.7017640569333,9.31398040248975,-45.144874032593));
#10275=CARTESIAN_POINT('Ctrl Pts',(11.7064735920842,9.33765735876006,-45.134932577282));
#10276=CARTESIAN_POINT('Ctrl Pts',(11.7111714851925,9.36127578523343,-45.1250156974002));
#10277=CARTESIAN_POINT('Ctrl Pts',(11.7154849536827,9.38296153585235,-45.1103401229531));
#10278=CARTESIAN_POINT('Ctrl Pts',(11.7190922334954,9.40109695763852,-45.0920005814017));
#10279=CARTESIAN_POINT('Ctrl Pts',(11.7226995133081,9.41923237942469,-45.0736610398503));
#10280=CARTESIAN_POINT('Ctrl Pts',(11.7255978244796,9.43380349624774,-45.0516716646306));
#10281=CARTESIAN_POINT('Ctrl Pts',(11.7275709668987,9.4437233726845,-45.0276727576597));
#10282=CARTESIAN_POINT('Ctrl Pts',(11.7295441093178,9.45364324912126,-45.0036738506888));
#10283=CARTESIAN_POINT('Ctrl Pts',(11.7305905623749,9.45890424038198,-44.9776839068137));
#10284=CARTESIAN_POINT('Ctrl Pts',(11.7306322656913,9.45911390175351,-44.9516416511843));
#10285=CARTESIAN_POINT('Ctrl Pts',(11.5628033907659,9.28838775698202,-45.1499999050586));
#10286=CARTESIAN_POINT('Ctrl Pts',(11.566216636184,9.31433413675743,-45.1500255101703));
#10287=CARTESIAN_POINT('Ctrl Pts',(11.5696291940304,9.34027529339361,-45.1448716409249));
#10288=CARTESIAN_POINT('Ctrl Pts',(11.5727851162107,9.36426603519404,-45.1349257215139));
#10289=CARTESIAN_POINT('Ctrl Pts',(11.5759332369033,9.38819747151492,-45.1250043885674));
#10290=CARTESIAN_POINT('Ctrl Pts',(11.5788235597401,9.4101696644246,-45.110322321145));
#10291=CARTESIAN_POINT('Ctrl Pts',(11.5812403355239,9.42854286485684,-45.0919752243045));
#10292=CARTESIAN_POINT('Ctrl Pts',(11.5836571113077,9.44691606528908,-45.073628127464));
#10293=CARTESIAN_POINT('Ctrl Pts',(11.585598474988,9.46167610103265,-45.0516301534444));
#10294=CARTESIAN_POINT('Ctrl Pts',(11.5869195127328,9.47172145447784,-45.0276229846638));
#10295=CARTESIAN_POINT('Ctrl Pts',(11.5882405504776,9.48176680792304,-45.0036158158833));
#10296=CARTESIAN_POINT('Ctrl Pts',(11.5889402428277,9.48708973055972,-44.9776179705418));
#10297=CARTESIAN_POINT('Ctrl Pts',(11.5889663609181,9.48729298106705,-44.9515696367334));
#10298=CARTESIAN_POINT('Ctrl Pts',(11.431500170032,9.30127879798901,-45.1499999050078));
#10299=CARTESIAN_POINT('Ctrl Pts',(11.4331994228822,9.32740049059084,-45.1500255238291));
#10300=CARTESIAN_POINT('Ctrl Pts',(11.4348983325336,9.35351691652624,-45.1448688948179));
#10301=CARTESIAN_POINT('Ctrl Pts',(11.436469366203,9.37766871785323,-45.1349178499739));
#10302=CARTESIAN_POINT('Ctrl Pts',(11.4380365162533,9.40176081555906,-45.1249914042644));
#10303=CARTESIAN_POINT('Ctrl Pts',(11.4394752102198,9.42387938651275,-45.1103018821068));
#10304=CARTESIAN_POINT('Ctrl Pts',(11.4406779623334,9.4423728946044,-45.0919461116262));
#10305=CARTESIAN_POINT('Ctrl Pts',(11.4418807144471,9.46086640269604,-45.0735903411456));
#10306=CARTESIAN_POINT('Ctrl Pts',(11.4428465948759,9.47572056770829,-45.0515824961939));
#10307=CARTESIAN_POINT('Ctrl Pts',(11.4435034420601,9.48582626761311,-45.0275658449434));
#10308=CARTESIAN_POINT('Ctrl Pts',(11.4441602892443,9.49593196751793,-45.0035491936929));
#10309=CARTESIAN_POINT('Ctrl Pts',(11.4445075953837,9.50128139894507,-44.9775422811833));
#10310=CARTESIAN_POINT('Ctrl Pts',(11.4445194130089,9.5014751333553,-44.9514869756166));
#10311=CARTESIAN_POINT('Ctrl Pts',(11.3002010364787,9.30119713393087,-45.1499999049513));
#10312=CARTESIAN_POINT('Ctrl Pts',(11.3001848490779,9.32732542247645,-45.1500255389915));
#10313=CARTESIAN_POINT('Ctrl Pts',(11.3001686649464,9.35344843396775,-45.1448658464123));
#10314=CARTESIAN_POINT('Ctrl Pts',(11.3001536989788,9.37760519197678,-45.1349091123389));
#10315=CARTESIAN_POINT('Ctrl Pts',(11.3001387700072,9.40170223411167,-45.124976991464));
#10316=CARTESIAN_POINT('Ctrl Pts',(11.3001250647255,9.42382410306933,-45.1102791948059));
#10317=CARTESIAN_POINT('Ctrl Pts',(11.3001136070586,9.44231806874191,-45.0919137982596));
#10318=CARTESIAN_POINT('Ctrl Pts',(11.3001021493917,9.46081203441449,-45.0735484017134));
#10319=CARTESIAN_POINT('Ctrl Pts',(11.3000929481972,9.47566379952129,-45.0515296031657));
#10320=CARTESIAN_POINT('Ctrl Pts',(11.3000866908987,9.48576378514773,-45.0275024323094));
#10321=CARTESIAN_POINT('Ctrl Pts',(11.3000804336002,9.49586377077416,-45.0034752614531));
#10322=CARTESIAN_POINT('Ctrl Pts',(11.3000771250349,9.50120416884207,-44.977458293169));
#10323=CARTESIAN_POINT('Ctrl Pts',(11.3000770123867,9.50138599693762,-44.9513952613648));
#10324=CARTESIAN_POINT('',(13.3013912874571,7.30144001728369,-45.15));
#10325=CARTESIAN_POINT('Origin',(13.3013912874571,7.30144001728369,-44.95));
#10326=CARTESIAN_POINT('Origin',(11.3014602004056,7.30146020040564,-45.15));
#10327=CARTESIAN_POINT('Origin',(13.3013912874571,-9.7,-44.95));
#10328=CARTESIAN_POINT('',(13.3013912874571,-7.30005360280928,-45.15));
#10329=CARTESIAN_POINT('Origin',(-11.3076252789562,7.30762527895621,-44.05));
#10330=CARTESIAN_POINT('',(-2.75,-9.48157717100628,-44.05));
#10331=CARTESIAN_POINT('',(-8.5,-9.48157717100628,-44.05));
#10332=CARTESIAN_POINT('',(-2.75,-9.1415688867339,-44.05));
#10333=CARTESIAN_POINT('',(-2.75,-9.36000828407052,-44.05));
#10334=CARTESIAN_POINT('',(2.75,-9.1415688867339,-44.05));
#10335=CARTESIAN_POINT('',(-8.5,-9.1415688867339,-44.05));
#10336=CARTESIAN_POINT('',(2.75,-9.48157717100628,-44.05));
#10337=CARTESIAN_POINT('',(2.75,-9.36000828407052,-44.05));
#10338=CARTESIAN_POINT('',(-8.5,-9.48157717100628,-44.05));
#10339=CARTESIAN_POINT('Origin',(9.,7.340691326395,-24.6854262030152));
#10340=CARTESIAN_POINT('',(5.,3.34130054576939,-24.6156165772661));
#10341=CARTESIAN_POINT('Origin',(-10.145,-7.45000000000001,-41.22));
#10342=CARTESIAN_POINT('',(-10.145,-0.920000000000009,-54.65));
#10343=CARTESIAN_POINT('',(-10.145,-0.920000000000009,-54.65));
#10344=CARTESIAN_POINT('',(-10.145,-7.28000000000001,-54.65));
#10345=CARTESIAN_POINT('',(-10.145,-7.28000000000001,-54.65));
#10346=CARTESIAN_POINT('',(-10.145,-7.45000000000001,-54.65));
#10347=CARTESIAN_POINT('',(-10.145,-3.2,-51.05));
#10348=CARTESIAN_POINT('Origin',(-10.145,-4.1,-51.05));
#10349=CARTESIAN_POINT('Origin',(-10.925,-7.45000000000001,-41.22));
#10350=CARTESIAN_POINT('',(-10.925,-0.920000000000009,-54.65));
#10351=CARTESIAN_POINT('',(-10.925,-0.920000000000009,-54.65));
#10352=CARTESIAN_POINT('',(-10.925,-7.28000000000001,-54.65));
#10353=CARTESIAN_POINT('',(-10.925,-7.45000000000001,-54.65));
#10354=CARTESIAN_POINT('',(-10.925,-7.28000000000001,-54.65));
#10355=CARTESIAN_POINT('',(-10.925,-3.2,-51.05));
#10356=CARTESIAN_POINT('Origin',(-10.925,-4.1,-51.05));
#10357=CARTESIAN_POINT('Origin',(-10.145,-7.28000000000001,-54.65));
#10358=CARTESIAN_POINT('',(-10.145,-7.28000000000001,-54.65));
#10359=CARTESIAN_POINT('Origin',(-10.145,-0.920000000000009,-54.65));
#10360=CARTESIAN_POINT('',(-10.145,-0.920000000000009,-54.65));
#10361=CARTESIAN_POINT('Origin',(-8.5,0.307359312880746,-44.35));
#10362=CARTESIAN_POINT('',(-6.23725830020306,2.57010101267771,-44.15));
#10363=CARTESIAN_POINT('Origin',(-6.23725830020306,2.57010101267771,-44.35));
#10364=CARTESIAN_POINT('',(-5.3,0.307359312880746,-44.15));
#10365=CARTESIAN_POINT('Origin',(-8.5,0.307359312880746,-44.15));
#10366=CARTESIAN_POINT('Origin',(-5.3,0.307359312880746,-44.35));
#10367=CARTESIAN_POINT('Origin',(-9.3,5.9642135623731,-44.35));
#10368=CARTESIAN_POINT('',(-9.3,8.49992638902168,-44.15));
#10369=CARTESIAN_POINT('Origin',(-9.30000000000004,8.29711443823085,-44.35));
#10370=CARTESIAN_POINT('',(-9.3,5.9642135623731,-44.15));
#10371=CARTESIAN_POINT('',(-9.3,8.49992638902168,-44.15));
#10372=CARTESIAN_POINT('Origin',(-9.3,5.9642135623731,-44.35));
#10373=CARTESIAN_POINT('Origin',(-11.3076252789562,7.30762527895621,-44.05));
#10374=CARTESIAN_POINT('',(-8.5,8.6013323644171,-44.05));
#10375=CARTESIAN_POINT('',(11.3077324858808,9.50767888307155,-44.05));
#10376=CARTESIAN_POINT('Origin',(-8.5,8.49992638902168,-44.15));
#10377=CARTESIAN_POINT('',(9.3,8.49992638902168,-44.15));
#10378=CARTESIAN_POINT('Origin',(9.30000000000006,8.29711443823087,-44.3499999999999));
#10379=CARTESIAN_POINT('',(9.5,8.49992638902168,-44.15));
#10380=CARTESIAN_POINT('Origin',(-9.06568542494924,5.39852813742386,-44.35));
#10381=CARTESIAN_POINT('',(-9.06568542494924,5.39852813742386,-44.15));
#10382=CARTESIAN_POINT('Origin',(-9.06568542494924,5.39852813742386,-44.35));
#10383=CARTESIAN_POINT('',(-9.06568542494924,5.39852813742386,-44.15));
#10384=CARTESIAN_POINT('Origin',(-5.3,5.9642135623731,-44.35));
#10385=CARTESIAN_POINT('',(-5.3,0.307359312880747,-44.15));
#10386=CARTESIAN_POINT('Origin',(-8.5,5.9642135623731,-44.35));
#10387=CARTESIAN_POINT('Origin',(-8.5,5.9642135623731,-44.15));
#10388=CARTESIAN_POINT('Origin',(11.3077324858808,9.50767888307155,-44.05));
#10389=CARTESIAN_POINT('Origin',(-13.5,-9.5,-45.15));
#10390=CARTESIAN_POINT('',(5.7,0.307359312880746,-45.15));
#10391=CARTESIAN_POINT('',(5.7,-9.5,-45.15));
#10392=CARTESIAN_POINT('',(6.52010101267767,2.28725830020309,-45.15));
#10393=CARTESIAN_POINT('Origin',(8.5,0.307359312880746,-45.15));
#10394=CARTESIAN_POINT('',(9.34852813742385,5.11568542494924,-45.15));
#10395=CARTESIAN_POINT('',(-9.3835786437628,-13.6164213562372,-45.15));
#10396=CARTESIAN_POINT('Origin',(8.5,5.9642135623731,-45.15));
#10397=CARTESIAN_POINT('',(8.75,0.800000000000002,-45.15));
#10398=CARTESIAN_POINT('',(12.25,0.800000000000002,-45.15));
#10399=CARTESIAN_POINT('',(12.25,0.800000000000002,-45.15));
#10400=CARTESIAN_POINT('',(8.75,-9.,-45.15));
#10401=CARTESIAN_POINT('',(8.75,0.800000000000002,-45.15));
#10402=CARTESIAN_POINT('',(12.25,-9.,-45.15));
#10403=CARTESIAN_POINT('',(12.25,-9.,-45.15));
#10404=CARTESIAN_POINT('',(12.25,0.800000000000002,-45.15));
#10405=CARTESIAN_POINT('Origin',(9.3,5.9642135623731,-44.35));
#10406=CARTESIAN_POINT('',(9.3,5.9642135623731,-44.15));
#10407=CARTESIAN_POINT('Origin',(9.3,5.9642135623731,-44.35));
#10408=CARTESIAN_POINT('',(9.3,5.9642135623731,-44.15));
#10409=CARTESIAN_POINT('Origin',(8.5,5.9642135623731,-44.15));
#10410=CARTESIAN_POINT('',(9.20710678118654,5.25710678118655,-44.35));
#10411=CARTESIAN_POINT('',(9.20710678118654,5.25710678118655,-44.95));
#10412=CARTESIAN_POINT('',(9.20710678118654,5.25710678118655,-44.15));
#10413=CARTESIAN_POINT('Origin',(8.5,5.9642135623731,-44.35));
#10414=CARTESIAN_POINT('Origin',(8.5,5.9642135623731,-44.95));
#10415=CARTESIAN_POINT('Origin',(8.5,5.9642135623731,-44.95));
#10416=CARTESIAN_POINT('Origin',(9.34852813742385,5.11568542494924,-44.95));
#10417=CARTESIAN_POINT('Origin',(-8.5,-9.3083720902494,-43.95));
#10418=CARTESIAN_POINT('',(-5.,-9.3083720902494,-44.15));
#10419=CARTESIAN_POINT('',(-5.,-9.47237241322711,-44.0644722414527));
#10420=CARTESIAN_POINT('Origin',(-5.,-9.3083720902494,-43.95));
#10421=CARTESIAN_POINT('',(-2.75,-9.47237241322711,-44.0644722414527));
#10422=CARTESIAN_POINT('',(-8.5,-9.47237241322711,-44.0644722414527));
#10423=CARTESIAN_POINT('Origin',(-2.75,-9.3083720902494,-43.95));
#10424=CARTESIAN_POINT('',(-5.5,-9.3083720902494,-44.15));
#10425=CARTESIAN_POINT('Origin',(-18.4679491924309,-11.,-5.));
#10426=CARTESIAN_POINT('',(-18.4375842232161,-10.9824687768499,-2.99127379678136));
#10427=CARTESIAN_POINT('',(-18.4679491924309,-11.,-5.));
#10428=CARTESIAN_POINT('',(-23.6337366459228,-1.98246877684978,-2.99127379678136));
#10429=CARTESIAN_POINT('',(-23.6337366459228,-1.98246877684978,-2.99127379678136));
#10430=CARTESIAN_POINT('',(-23.6641016151376,-1.99999999999988,-5.));
#10431=CARTESIAN_POINT('Origin',(-23.6641016151376,1.99999999999988,-5.));
#10432=CARTESIAN_POINT('',(-23.6337366459228,1.98246877684978,-2.99127379678136));
#10433=CARTESIAN_POINT('',(-23.6641016151376,1.99999999999987,-5.));
#10434=CARTESIAN_POINT('',(-18.4375842232159,10.9824687768499,-2.99127379678136));
#10435=CARTESIAN_POINT('',(-18.4375842232159,10.9824687768499,-2.99127379678136));
#10436=CARTESIAN_POINT('',(-18.4679491924306,11.,-5.));
#10437=CARTESIAN_POINT('Origin',(-23.4641016151377,-2.00000000000001,-5.25));
#10438=CARTESIAN_POINT('',(-23.4641016151377,-2.00000000000001,-5.25));
#10439=CARTESIAN_POINT('Origin',(-17.6019237886465,10.5,-5.));
#10440=CARTESIAN_POINT('',(-17.6019237886461,11.4649375536997,-2.99127379678136));
#10441=CARTESIAN_POINT('Origin',(-17.6019237886465,10.5,-2.99127379678136));
#10442=CARTESIAN_POINT('',(-17.6019237886461,11.4999999999999,-5.));
#10443=CARTESIAN_POINT('Origin',(-20.2,-5.75953269231712E-15,-5.));
#10444=CARTESIAN_POINT('Origin',(-20.2,-5.75953269231712E-15,-2.99127379678136));
#10445=CARTESIAN_POINT('Origin',(-20.5773502691896,7.,-5.25));
#10446=CARTESIAN_POINT('',(-23.4641016151377,2.,-5.25));
#10447=CARTESIAN_POINT('Origin',(18.4679491924309,11.,-5.));
#10448=CARTESIAN_POINT('',(18.4375842232161,10.9824687768499,-2.99127379678136));
#10449=CARTESIAN_POINT('',(18.4679491924309,11.,-5.));
#10450=CARTESIAN_POINT('',(23.6337366459228,1.98246877684979,-2.99127379678136));
#10451=CARTESIAN_POINT('',(23.6337366459228,1.98246877684979,-2.99127379678136));
#10452=CARTESIAN_POINT('',(23.6641016151376,1.99999999999988,-5.));
#10453=CARTESIAN_POINT('Origin',(-20.,1.75154260506842E-16,-5.25));
#10454=CARTESIAN_POINT('Origin',(-17.6019237886461,11.5,-5.));
#10455=CARTESIAN_POINT('',(17.6019237886465,11.4649375536998,-2.99127379678136));
#10456=CARTESIAN_POINT('',(17.6019237886465,11.4649375536998,-2.99127379678136));
#10457=CARTESIAN_POINT('',(17.6019237886465,11.5,-5.));
#10458=CARTESIAN_POINT('Origin',(23.6641016151376,-1.99999999999988,-5.));
#10459=CARTESIAN_POINT('',(23.6337366459228,-1.98246877684979,-2.99127379678136));
#10460=CARTESIAN_POINT('',(23.6641016151376,-1.99999999999988,-5.));
#10461=CARTESIAN_POINT('',(18.4375842232161,-10.9824687768499,-2.99127379678136));
#10462=CARTESIAN_POINT('',(18.4375842232161,-10.9824687768499,-2.99127379678136));
#10463=CARTESIAN_POINT('',(18.4679491924309,-11.,-5.));
#10464=CARTESIAN_POINT('Origin',(20.,-4.33680868994202E-15,-5.25));
#10465=CARTESIAN_POINT('',(23.4641016151377,2.,-5.25));
#10466=CARTESIAN_POINT('',(23.4641016151377,-2.00000000000001,-5.25));
#10467=CARTESIAN_POINT('Origin',(17.6019237886465,10.5,-5.));
#10468=CARTESIAN_POINT('Origin',(17.6019237886465,10.5,-2.99127379678136));
#10469=CARTESIAN_POINT('Origin',(20.5773502691896,7.,-5.25));
#10470=CARTESIAN_POINT('Origin',(-17.6019237886465,-10.5,-5.));
#10471=CARTESIAN_POINT('',(-17.6019237886465,-11.4649375536998,-2.99127379678136));
#10472=CARTESIAN_POINT('',(-17.6019237886465,-11.5,-5.));
#10473=CARTESIAN_POINT('Origin',(-17.6019237886465,-10.5,-2.99127379678136));
#10474=CARTESIAN_POINT('Origin',(17.6019237886465,-11.5,-5.));
#10475=CARTESIAN_POINT('',(17.6019237886465,-11.4649375536998,-2.99127379678136));
#10476=CARTESIAN_POINT('',(17.6019237886465,-11.5,-5.));
#10477=CARTESIAN_POINT('',(-17.6019237886465,-11.4649375536998,-2.99127379678136));
#10478=CARTESIAN_POINT('Origin',(20.2,-1.07069423617595E-14,-5.));
#10479=CARTESIAN_POINT('Origin',(20.2,-1.07069423617595E-14,-2.99127379678136));
#10480=CARTESIAN_POINT('Origin',(23.4641016151377,-2.00000000000001,-5.25));
#10481=CARTESIAN_POINT('Origin',(17.6019237886465,-10.5,-5.));
#10482=CARTESIAN_POINT('Origin',(17.6019237886465,-10.5,-2.99127379678136));
#10483=CARTESIAN_POINT('Origin',(-3.18,-7.45999999999999,-19.23));
#10484=CARTESIAN_POINT('',(-3.18,-8.23999999999999,-54.55));
#10485=CARTESIAN_POINT('',(-3.18,-8.23999999999999,-18.45));
#10486=CARTESIAN_POINT('',(-3.18,-7.45999999999999,-54.55));
#10487=CARTESIAN_POINT('',(-3.18,-7.45999999999999,-18.45));
#10488=CARTESIAN_POINT('',(-3.18,-7.45999999999999,-54.55));
#10489=CARTESIAN_POINT('Origin',(5.,3.34130054576939,-24.6156165772661));
#10490=CARTESIAN_POINT('',(5.,-9.47237241322711,-44.0644722414527));
#10491=CARTESIAN_POINT('',(5.,-9.30837209024939,-44.15));
#10492=CARTESIAN_POINT('Origin',(5.,-9.30837209024939,-43.95));
#10493=CARTESIAN_POINT('',(5.,-10.,-44.0552624676676));
#10494=CARTESIAN_POINT('',(5.,-10.,-44.0552624676677));
#10495=CARTESIAN_POINT('',(5.,-9.65671949126369,-24.3887352935813));
#10496=CARTESIAN_POINT('',(5.,5.9642135623731,-44.15));
#10497=CARTESIAN_POINT('Origin',(-3.18,-7.45999999999999,-18.45));
#10498=CARTESIAN_POINT('',(3.18,-7.45999999999999,-54.55));
#10499=CARTESIAN_POINT('',(3.18,-7.45999999999999,-18.45));
#10500=CARTESIAN_POINT('',(4.09388395069717,-7.45999999999999,-54.55));
#10501=CARTESIAN_POINT('',(-7.24472087526405E-16,-7.45999999999999,-50.05));
#10502=CARTESIAN_POINT('Origin',(-8.70814794753447E-16,-7.45999999999999,
-50.95));
#10503=CARTESIAN_POINT('Origin',(-5.,-9.65671949126369,-24.3887352935813));
#10504=CARTESIAN_POINT('',(-5.,5.9642135623731,-44.15));
#10505=CARTESIAN_POINT('',(-5.,-10.,-44.0552624676676));
#10506=CARTESIAN_POINT('',(-5.,-9.65671949126369,-24.3887352935813));
#10507=CARTESIAN_POINT('',(-5.,-10.,-44.0552624676677));
#10508=CARTESIAN_POINT('Origin',(3.18,-7.45999999999999,-19.23));
#10509=CARTESIAN_POINT('',(3.18,-8.23999999999999,-54.55));
#10510=CARTESIAN_POINT('',(3.18,-8.23999999999999,-18.45));
#10511=CARTESIAN_POINT('',(3.18,-7.45999999999999,-54.55));
#10512=CARTESIAN_POINT('Origin',(9.,-10.0043631016093,-44.3052243914568));
#10513=CARTESIAN_POINT('',(9.,-10.,-44.0552624676677));
#10514=CARTESIAN_POINT('Origin',(-3.18,-8.23999999999999,-18.45));
#10515=CARTESIAN_POINT('',(4.09388395069717,-8.23999999999999,-54.55));
#10516=CARTESIAN_POINT('',(-7.24472087526405E-16,-8.23999999999999,-50.05));
#10517=CARTESIAN_POINT('Origin',(-8.70814794753447E-16,-8.23999999999999,
-50.95));
#10518=CARTESIAN_POINT('Origin',(-8.5,5.9642135623731,-44.15));
#10519=CARTESIAN_POINT('',(9.06568542494923,5.39852813742386,-44.15));
#10520=CARTESIAN_POINT('Origin',(8.5,5.9642135623731,-44.15));
#10521=CARTESIAN_POINT('',(6.23725830020306,2.57010101267771,-44.15));
#10522=CARTESIAN_POINT('',(6.23725830020306,2.57010101267771,-44.15));
#10523=CARTESIAN_POINT('',(5.3,0.307359312880746,-44.15));
#10524=CARTESIAN_POINT('Origin',(8.5,0.307359312880746,-44.15));
#10525=CARTESIAN_POINT('',(5.3,-9.50698080279232,-44.15));
#10526=CARTESIAN_POINT('',(2.75,-9.30837209024939,-44.15));
#10527=CARTESIAN_POINT('Origin',(-20.,-4.33680868994202E-15,-5.25));
#10528=CARTESIAN_POINT('',(-22.,-4.58173804977149E-15,-5.));
#10529=CARTESIAN_POINT('',(-22.,-4.58173804977149E-15,-5.25));
#10530=CARTESIAN_POINT('Origin',(-20.,-4.33680868994202E-15,-5.));
#10531=CARTESIAN_POINT('Origin',(5.7,-9.30139128745707,-44.95));
#10532=CARTESIAN_POINT('Origin',(5.7,-9.30139128745707,-44.95));
#10533=CARTESIAN_POINT('Origin',(5.5,-9.7,-44.15));
#10534=CARTESIAN_POINT('',(5.5,0.307359312880746,-44.35));
#10535=CARTESIAN_POINT('',(5.5,0.307359312880746,-44.95));
#10536=CARTESIAN_POINT('',(5.5,0.307359312880746,-44.15));
#10537=CARTESIAN_POINT('',(5.5,-9.7,-44.95));
#10538=CARTESIAN_POINT('',(5.5,0.307359312880747,-44.35));
#10539=CARTESIAN_POINT('Origin',(-8.5,-9.3083720902494,-43.95));
#10540=CARTESIAN_POINT('',(2.75,-9.47237241322711,-44.0644722414527));
#10541=CARTESIAN_POINT('Origin',(2.75,-9.30837209024939,-43.95));
#10542=CARTESIAN_POINT('',(-8.5,-9.47237241322711,-44.0644722414527));
#10543=CARTESIAN_POINT('Origin',(5.3,5.9642135623731,-44.35));
#10544=CARTESIAN_POINT('Origin',(5.3,0.307359312880746,-44.35));
#10545=CARTESIAN_POINT('Origin',(20.,-4.33680868994202E-15,-5.25));
#10546=CARTESIAN_POINT('',(18.,-4.58173804977149E-15,-5.));
#10547=CARTESIAN_POINT('',(18.,-4.58173804977149E-15,-5.25));
#10548=CARTESIAN_POINT('Origin',(20.,-4.33680868994202E-15,-5.));
#10549=CARTESIAN_POINT('Origin',(-2.75,-9.36000828407052,-16.4976265848801));
#10550=CARTESIAN_POINT('',(-2.75,-9.1280002023882,-44.0704832807524));
#10551=CARTESIAN_POINT('',(-2.75,-9.84107702821129,-44.0580364784588));
#10552=CARTESIAN_POINT('Origin',(-2.75,-8.96836380597702,-43.95));
#10553=CARTESIAN_POINT('Origin',(2.75,-9.36000828407052,-16.4976265848801));
#10554=CARTESIAN_POINT('',(2.75,-9.1280002023882,-44.0704832807524));
#10555=CARTESIAN_POINT('',(2.75,-9.84107702821128,-44.0580364784588));
#10556=CARTESIAN_POINT('Origin',(2.75,-8.96836380597701,-43.95));
#10557=CARTESIAN_POINT('Origin',(-8.5,-8.96836380597702,-43.95));
#10558=CARTESIAN_POINT('',(-8.5,-9.1280002023882,-44.0704832807524));
#10559=CARTESIAN_POINT('Origin',(-10.925,-4.1,-51.05));
#10560=CARTESIAN_POINT('',(-10.925,-3.2,-51.05));
#10561=CARTESIAN_POINT('Origin',(-10.3036942826376,-0.6,-55.55));
#10562=CARTESIAN_POINT('',(-10.3036942826376,-1.82000000000001,-55.55));
#10563=CARTESIAN_POINT('',(-10.3036942826376,-6.38,-55.55));
#10564=CARTESIAN_POINT('',(-10.3036942826376,-0.6,-55.55));
#10565=CARTESIAN_POINT('',(-10.3012650483792,-1.80622312791453,-55.5362231279145));
#10566=CARTESIAN_POINT('',(-10.3012650483792,-6.39377687208548,-55.5362231279145));
#10567=CARTESIAN_POINT('Origin',(-10.7663057173624,-0.599999999999999,-55.55));
#10568=CARTESIAN_POINT('',(-10.7663057173624,-1.82000000000001,-55.55));
#10569=CARTESIAN_POINT('',(-10.7567949958134,-1.87393798221217,-55.6039379822122));
#10570=CARTESIAN_POINT('',(-10.7663057173624,-6.38,-55.55));
#10571=CARTESIAN_POINT('',(-10.7663057173624,-0.599999999999999,-55.55));
#10572=CARTESIAN_POINT('',(-10.7567949958134,-6.32606201778784,-55.6039379822122));
#10573=CARTESIAN_POINT('Origin',(-10.145,-6.38,-55.55));
#10574=CARTESIAN_POINT('',(-10.145,-6.38,-55.55));
#10575=CARTESIAN_POINT('Origin',(-10.145,-1.82000000000001,-55.55));
#10576=CARTESIAN_POINT('',(-10.145,-1.82000000000001,-55.55));
#10577=CARTESIAN_POINT('Origin',(12.25,-9.,-45.15));
#10578=CARTESIAN_POINT('',(9.32735026918963,-8.42264973081037,-46.15));
#10579=CARTESIAN_POINT('',(10.71,-7.04,-48.544819582835));
#10580=CARTESIAN_POINT('',(11.6726497308104,-8.42264973081037,-46.15));
#10581=CARTESIAN_POINT('',(-13.7,-8.42264973081037,-46.15));
#10582=CARTESIAN_POINT('',(10.29,-7.04,-48.544819582835));
#10583=CARTESIAN_POINT('Origin',(8.75,0.800000000000002,-45.15));
#10584=CARTESIAN_POINT('',(9.32735026918963,0.222649730810372,-46.15));
#10585=CARTESIAN_POINT('',(9.45,0.0999999999999989,-46.3624355652982));
#10586=CARTESIAN_POINT('',(9.32735026918963,9.7,-46.15));
#10587=CARTESIAN_POINT('Origin',(12.25,0.800000000000002,-45.15));
#10588=CARTESIAN_POINT('',(11.6726497308104,0.222649730810372,-46.15));
#10589=CARTESIAN_POINT('',(12.25,0.800000000000002,-45.15));
#10590=CARTESIAN_POINT('',(-13.7,0.222649730810372,-46.15));
#10591=CARTESIAN_POINT('Origin',(5.7,-9.7,-44.95));
#10592=CARTESIAN_POINT('Origin',(5.7,0.307359312880746,-44.95));
#10593=CARTESIAN_POINT('Origin',(6.52010101267767,2.28725830020309,-44.95));
#10594=CARTESIAN_POINT('',(6.37867965644037,2.4286796564404,-44.95));
#10595=CARTESIAN_POINT('Origin',(6.52010101267767,2.28725830020309,-44.95));
#10596=CARTESIAN_POINT('',(6.37867965644037,2.4286796564404,-44.95));
#10597=CARTESIAN_POINT('Origin',(8.5,0.307359312880746,-44.95));
#10598=CARTESIAN_POINT('Origin',(8.5,0.307359312880746,-44.95));
#10599=CARTESIAN_POINT('Origin',(12.25,0.800000000000002,-45.15));
#10600=CARTESIAN_POINT('',(11.6726497308104,9.7,-46.15));
#10601=CARTESIAN_POINT('Origin',(8.5,5.9642135623731,-44.35));
#10602=CARTESIAN_POINT('Origin',(9.06568542494923,5.39852813742386,-44.35));
#10603=CARTESIAN_POINT('Origin',(6.37867965644037,2.4286796564404,-44.15));
#10604=CARTESIAN_POINT('',(6.37867965644037,2.4286796564404,-44.35));
#10605=CARTESIAN_POINT('',(6.37867965644037,2.4286796564404,-44.15));
#10606=CARTESIAN_POINT('',(9.20710678118654,5.25710678118655,-44.35));
#10607=CARTESIAN_POINT('Origin',(9.,-10.,-44.0552624676677));
#10608=CARTESIAN_POINT('Origin',(-23.2007898939624,-1.73250685306068,-3.));
#10609=CARTESIAN_POINT('',(-18.0046374712558,-10.7325068530608,-2.5));
#10610=CARTESIAN_POINT('Origin',(-18.0046374712558,-10.7325068530608,-3.));
#10611=CARTESIAN_POINT('',(-23.2007898939624,-1.73250685306069,-2.5));
#10612=CARTESIAN_POINT('',(-18.0046374712558,-10.7325068530608,-2.5));
#10613=CARTESIAN_POINT('Origin',(-23.2007898939624,-1.73250685306068,-3.));
#10614=CARTESIAN_POINT('Origin',(-23.2007898939624,1.73250685306074,-3.));
#10615=CARTESIAN_POINT('',(-23.2007898939624,1.73250685306068,-2.5));
#10616=CARTESIAN_POINT('Origin',(-23.2007898939624,1.73250685306068,-3.));
#10617=CARTESIAN_POINT('',(-18.0046374712556,10.7325068530609,-2.5));
#10618=CARTESIAN_POINT('',(-23.2007898939624,1.73250685306068,-2.5));
#10619=CARTESIAN_POINT('Origin',(-18.0046374712555,10.7325068530608,-3.));
#10620=CARTESIAN_POINT('Ctrl Pts',(-17.6019237886465,11.4649375536997,-2.99127379678136));
#10621=CARTESIAN_POINT('Ctrl Pts',(-18.1590307450261,11.4649375536998,-2.99127379678136));
#10622=CARTESIAN_POINT('Ctrl Pts',(-18.437584223216,10.98246877685,-2.99127379678136));
#10623=CARTESIAN_POINT('Ctrl Pts',(-17.6019237886465,11.4563623376793,-2.5));
#10624=CARTESIAN_POINT('Ctrl Pts',(-18.1540798417484,11.4563623376795,-2.5));
#10625=CARTESIAN_POINT('Ctrl Pts',(-18.4301578682994,10.9781811688398,-2.5));
#10626=CARTESIAN_POINT('Ctrl Pts',(-17.6019237886465,10.9650137061215,-2.5));
#10627=CARTESIAN_POINT('Ctrl Pts',(-17.8703995770526,10.9650137061215,-2.5));
#10628=CARTESIAN_POINT('Ctrl Pts',(-18.0046374712556,10.7325068530608,-2.5));
#10629=CARTESIAN_POINT('',(-17.6019237886463,10.9650137061216,-2.5));
#10630=CARTESIAN_POINT('Origin',(-17.6019237886465,10.5,-2.5));
#10631=CARTESIAN_POINT('Origin',(-17.6019237886463,10.9650137061215,-3.));
#10632=CARTESIAN_POINT('Origin',(-20.2,-5.75953269231712E-15,-3.));
#10633=CARTESIAN_POINT('Origin',(-20.2,-5.75953269231712E-15,-2.5));
#10634=CARTESIAN_POINT('Origin',(13.1007898939626,19.2262200095063,-3.));
#10635=CARTESIAN_POINT('',(23.2007898939624,1.73250685306069,-2.5));
#10636=CARTESIAN_POINT('Origin',(23.2007898939624,1.73250685306069,-3.));
#10637=CARTESIAN_POINT('',(18.0046374712558,10.7325068530608,-2.5));
#10638=CARTESIAN_POINT('Origin',(18.0046374712558,10.7325068530608,-3.));
#10639=CARTESIAN_POINT('',(18.0046374712558,10.7325068530608,-2.5));
#10640=CARTESIAN_POINT('Origin',(-20.2,10.9650137061216,-3.));
#10641=CARTESIAN_POINT('',(17.6019237886465,10.9650137061216,-2.5));
#10642=CARTESIAN_POINT('',(-17.6019237886461,10.9650137061216,-2.5));
#10643=CARTESIAN_POINT('Origin',(17.6019237886465,10.9650137061216,-3.));
#10644=CARTESIAN_POINT('Origin',(13.1007898939626,-19.2262200095063,-3.));
#10645=CARTESIAN_POINT('',(18.0046374712558,-10.7325068530608,-2.5));
#10646=CARTESIAN_POINT('Origin',(18.0046374712558,-10.7325068530608,-3.));
#10647=CARTESIAN_POINT('',(23.2007898939624,-1.73250685306069,-2.5));
#10648=CARTESIAN_POINT('Origin',(23.2007898939624,-1.73250685306069,-3.));
#10649=CARTESIAN_POINT('',(23.2007898939624,-1.73250685306069,-2.5));
#10650=CARTESIAN_POINT('Ctrl Pts',(18.4375842232161,10.9824687768499,-2.99127379678136));
#10651=CARTESIAN_POINT('Ctrl Pts',(18.1590307450263,11.4649375536998,-2.99127379678136));
#10652=CARTESIAN_POINT('Ctrl Pts',(17.6019237886465,11.4649375536998,-2.99127379678136));
#10653=CARTESIAN_POINT('Ctrl Pts',(18.4301578682996,10.9781811688397,-2.5));
#10654=CARTESIAN_POINT('Ctrl Pts',(18.1540798417486,11.4563623376795,-2.5));
#10655=CARTESIAN_POINT('Ctrl Pts',(17.6019237886465,11.4563623376795,-2.5));
#10656=CARTESIAN_POINT('Ctrl Pts',(18.0046374712558,10.7325068530608,-2.5));
#10657=CARTESIAN_POINT('Ctrl Pts',(17.8703995770527,10.9650137061216,-2.5));
#10658=CARTESIAN_POINT('Ctrl Pts',(17.6019237886465,10.9650137061216,-2.5));
#10659=CARTESIAN_POINT('Origin',(17.6019237886465,10.5,-2.5));
#10660=CARTESIAN_POINT('Ctrl Pts',(-18.4375842232161,-10.9824687768499,
-2.99127379678136));
#10661=CARTESIAN_POINT('Ctrl Pts',(-18.1590307450263,-11.4649375536998,
-2.99127379678136));
#10662=CARTESIAN_POINT('Ctrl Pts',(-17.6019237886465,-11.4649375536998,
-2.99127379678136));
#10663=CARTESIAN_POINT('Ctrl Pts',(-18.4301578682996,-10.9781811688397,
-2.5));
#10664=CARTESIAN_POINT('Ctrl Pts',(-18.1540798417486,-11.4563623376795,
-2.5));
#10665=CARTESIAN_POINT('Ctrl Pts',(-17.6019237886465,-11.4563623376795,
-2.5));
#10666=CARTESIAN_POINT('Ctrl Pts',(-18.0046374712558,-10.7325068530608,
-2.5));
#10667=CARTESIAN_POINT('Ctrl Pts',(-17.8703995770527,-10.9650137061216,
-2.5));
#10668=CARTESIAN_POINT('Ctrl Pts',(-17.6019237886465,-10.9650137061216,
-2.5));
#10669=CARTESIAN_POINT('',(-17.6019237886465,-10.9650137061216,-2.5));
#10670=CARTESIAN_POINT('Origin',(-17.6019237886465,-10.9650137061216,-3.));
#10671=CARTESIAN_POINT('Origin',(-17.6019237886465,-10.5,-2.5));
#10672=CARTESIAN_POINT('Origin',(-20.2,-10.9650137061216,-3.));
#10673=CARTESIAN_POINT('',(17.6019237886465,-10.9650137061216,-2.5));
#10674=CARTESIAN_POINT('Origin',(17.6019237886465,-10.9650137061216,-3.));
#10675=CARTESIAN_POINT('',(17.6019237886465,-10.9650137061216,-2.5));
#10676=CARTESIAN_POINT('Origin',(20.2,-1.07069423617595E-14,-3.));
#10677=CARTESIAN_POINT('Origin',(20.2,-1.07069423617595E-14,-2.5));
#10678=CARTESIAN_POINT('Ctrl Pts',(17.6019237886465,-11.4649375536998,-2.99127379678136));
#10679=CARTESIAN_POINT('Ctrl Pts',(18.1590307450263,-11.4649375536998,-2.99127379678136));
#10680=CARTESIAN_POINT('Ctrl Pts',(18.4375842232161,-10.9824687768499,-2.99127379678136));
#10681=CARTESIAN_POINT('Ctrl Pts',(17.6019237886465,-11.4563623376795,-2.5));
#10682=CARTESIAN_POINT('Ctrl Pts',(18.1540798417486,-11.4563623376795,-2.5));
#10683=CARTESIAN_POINT('Ctrl Pts',(18.4301578682996,-10.9781811688397,-2.5));
#10684=CARTESIAN_POINT('Ctrl Pts',(17.6019237886465,-10.9650137061216,-2.5));
#10685=CARTESIAN_POINT('Ctrl Pts',(17.8703995770527,-10.9650137061216,-2.5));
#10686=CARTESIAN_POINT('Ctrl Pts',(18.0046374712558,-10.7325068530608,-2.5));
#10687=CARTESIAN_POINT('Origin',(17.6019237886465,-10.5,-2.5));
#10688=CARTESIAN_POINT('Origin',(-2.28,-8.23999999999999,-55.45));
#10689=CARTESIAN_POINT('',(-2.28,-8.08130571736238,-55.45));
#10690=CARTESIAN_POINT('',(-2.29377687208548,-8.08373495162082,-55.4362231279145));
#10691=CARTESIAN_POINT('',(-2.28,-7.6186942826376,-55.45));
#10692=CARTESIAN_POINT('',(-2.22606201778784,-7.62820500418658,-55.5039379822122));
#10693=CARTESIAN_POINT('',(-2.28,-8.23999999999999,-55.45));
#10694=CARTESIAN_POINT('Origin',(4.09388395069717,-7.6186942826376,-55.45));
#10695=CARTESIAN_POINT('',(2.28,-7.6186942826376,-55.45));
#10696=CARTESIAN_POINT('',(3.18,-7.45999999999999,-54.55));
#10697=CARTESIAN_POINT('',(4.09388395069717,-7.6186942826376,-55.45));
#10698=CARTESIAN_POINT('Origin',(-8.70814794753447E-16,-8.25999999999999,
-50.95));
#10699=CARTESIAN_POINT('',(-7.24472087526405E-16,-8.25999999999999,-50.05));
#10700=CARTESIAN_POINT('Origin',(3.18,-7.45999999999999,-54.55));
#10701=CARTESIAN_POINT('',(2.28,-8.08130571736238,-55.45));
#10702=CARTESIAN_POINT('',(3.11228514570236,-8.22806004419258,-54.6177148542976));
#10703=CARTESIAN_POINT('',(2.28,-8.23999999999999,-55.45));
#10704=CARTESIAN_POINT('Origin',(4.09388395069717,-8.08130571736238,-55.45));
#10705=CARTESIAN_POINT('',(4.09388395069717,-8.08130571736238,-55.45));
#10706=CARTESIAN_POINT('Origin',(8.5,0.307359312880746,-44.35));
#10707=CARTESIAN_POINT('Origin',(6.23725830020306,2.57010101267771,-44.35));
#10708=CARTESIAN_POINT('Origin',(8.5,0.307359312880746,-44.35));
#10709=CARTESIAN_POINT('Origin',(0.565685424949157,-3.10147186257614,-44.35));
#10710=CARTESIAN_POINT('Origin',(-20.2,-5.75953269231712E-15,-5.));
#10711=CARTESIAN_POINT('',(-21.6,-1.95943487863576E-16,-5.));
#10712=CARTESIAN_POINT('Origin',(-20.,0.,-5.));
#10713=CARTESIAN_POINT('Origin',(8.5,0.307359312880746,-44.15));
#10714=CARTESIAN_POINT('Origin',(-20.2,-5.75953269231712E-15,-5.));
#10715=CARTESIAN_POINT('',(18.4,4.70248192742593E-15,-5.));
#10716=CARTESIAN_POINT('Origin',(20.,4.89842541528951E-15,-5.));
#10717=CARTESIAN_POINT('Origin',(-10.145,-1.82000000000001,-55.55));
#10718=CARTESIAN_POINT('Origin',(-13.7,9.7,-46.15));
#10719=CARTESIAN_POINT('',(10.075,-7.28000000000001,-46.15));
#10720=CARTESIAN_POINT('',(10.075,-0.920000000000015,-46.15));
#10721=CARTESIAN_POINT('',(10.075,-0.750000000000015,-46.15));
#10722=CARTESIAN_POINT('',(10.855,-7.28000000000001,-46.15));
#10723=CARTESIAN_POINT('',(10.075,-7.28000000000001,-46.15));
#10724=CARTESIAN_POINT('',(10.855,-0.920000000000014,-46.15));
#10725=CARTESIAN_POINT('',(10.855,-0.750000000000015,-46.15));
#10726=CARTESIAN_POINT('',(10.075,-0.920000000000015,-46.15));
#10727=CARTESIAN_POINT('Origin',(-20.2,-5.75953269231712E-15,-2.5));
#10728=CARTESIAN_POINT('',(-23.15,-3.85763741731416E-16,-2.5));
#10729=CARTESIAN_POINT('Origin',(-20.,0.,-2.5));
#10730=CARTESIAN_POINT('',(16.85,4.51266167355809E-15,-2.5));
#10731=CARTESIAN_POINT('Origin',(20.,4.89842541528951E-15,-2.5));
#10732=CARTESIAN_POINT('',(-14.,5.74999999999997,-2.5));
#10733=CARTESIAN_POINT('',(-14.,-5.74999999999998,-2.5));
#10734=CARTESIAN_POINT('',(-14.,5.74999999999997,-2.5));
#10735=CARTESIAN_POINT('',(-9.49999999999997,10.25,-2.5));
#10736=CARTESIAN_POINT('Origin',(-9.5,5.75,-2.5));
#10737=CARTESIAN_POINT('',(9.49999999999997,10.25,-2.5));
#10738=CARTESIAN_POINT('',(9.49999999999997,10.25,-2.5));
#10739=CARTESIAN_POINT('',(14.,5.74999999999997,-2.5));
#10740=CARTESIAN_POINT('Origin',(9.5,5.75,-2.5));
#10741=CARTESIAN_POINT('',(14.,-5.74999999999997,-2.5));
#10742=CARTESIAN_POINT('',(14.,-5.74999999999997,-2.5));
#10743=CARTESIAN_POINT('',(9.49999999999997,-10.25,-2.5));
#10744=CARTESIAN_POINT('Origin',(9.5,-5.75,-2.5));
#10745=CARTESIAN_POINT('',(-9.49999999999996,-10.25,-2.5));
#10746=CARTESIAN_POINT('',(-9.49999999999996,-10.25,-2.5));
#10747=CARTESIAN_POINT('Origin',(-9.5,-5.75,-2.5));
#10748=CARTESIAN_POINT('Origin',(-3.18,-8.23999999999999,-55.45));
#10749=CARTESIAN_POINT('Origin',(-20.,0.,-2.5));
#10750=CARTESIAN_POINT('',(-21.6,-1.95943487863576E-16,-4.25));
#10751=CARTESIAN_POINT('',(-21.6,-1.95943487863576E-16,-2.5));
#10752=CARTESIAN_POINT('Origin',(-20.,0.,-4.25));
#10753=CARTESIAN_POINT('Origin',(20.,4.89842541528951E-15,-2.5));
#10754=CARTESIAN_POINT('',(18.4,4.70248192742593E-15,-4.25));
#10755=CARTESIAN_POINT('',(18.4,4.70248192742593E-15,-2.5));
#10756=CARTESIAN_POINT('Origin',(20.,4.89842541528951E-15,-4.25));
#10757=CARTESIAN_POINT('Origin',(10.075,-0.92000000000001,-54.65));
#10758=CARTESIAN_POINT('',(10.855,-0.920000000000009,-54.65));
#10759=CARTESIAN_POINT('',(10.855,-0.920000000000009,-54.65));
#10760=CARTESIAN_POINT('',(10.075,-0.920000000000008,-54.65));
#10761=CARTESIAN_POINT('',(10.075,-0.92000000000001,-54.65));
#10762=CARTESIAN_POINT('',(10.075,-0.92000000000001,-54.65));
#10763=CARTESIAN_POINT('Origin',(10.075,-0.750000000000015,-41.22));
#10764=CARTESIAN_POINT('',(10.075,-7.28000000000001,-54.65));
#10765=CARTESIAN_POINT('',(10.075,-7.28000000000001,-54.65));
#10766=CARTESIAN_POINT('',(10.075,-0.750000000000013,-54.65));
#10767=CARTESIAN_POINT('',(10.075,-5.00000000000002,-51.05));
#10768=CARTESIAN_POINT('Origin',(10.075,-4.10000000000002,-51.05));
#10769=CARTESIAN_POINT('Origin',(10.855,-0.750000000000015,-41.22));
#10770=CARTESIAN_POINT('',(10.855,-7.28000000000001,-54.65));
#10771=CARTESIAN_POINT('',(10.855,-7.28000000000001,-54.65));
#10772=CARTESIAN_POINT('',(10.855,-0.750000000000013,-54.65));
#10773=CARTESIAN_POINT('',(10.855,-5.00000000000002,-51.05));
#10774=CARTESIAN_POINT('Origin',(10.855,-4.10000000000002,-51.05));
#10775=CARTESIAN_POINT('Origin',(10.075,-7.28000000000001,-54.65));
#10776=CARTESIAN_POINT('',(10.075,-7.28000000000001,-54.65));
#10777=CARTESIAN_POINT('Origin',(-9.5,5.75,-2.5));
#10778=CARTESIAN_POINT('',(-13.9649375536998,5.74999999999997,-0.491273796781357));
#10779=CARTESIAN_POINT('',(-14.,5.74999999999997,-2.5));
#10780=CARTESIAN_POINT('',(-9.49999999999997,10.2149375536998,-0.491273796781357));
#10781=CARTESIAN_POINT('Origin',(-9.5,5.75,-0.491273796781357));
#10782=CARTESIAN_POINT('',(-9.49999999999997,10.25,-2.5));
#10783=CARTESIAN_POINT('Origin',(20.,4.89842541528951E-15,-2.5));
#10784=CARTESIAN_POINT('',(16.85,4.51266167355809E-15,-2.7));
#10785=CARTESIAN_POINT('Origin',(20.,4.89842541528951E-15,-2.7));
#10786=CARTESIAN_POINT('',(16.85,4.51266167355809E-15,-2.5));
#10787=CARTESIAN_POINT('Origin',(-9.5,-5.75,-2.5));
#10788=CARTESIAN_POINT('',(-9.49999999999996,-10.2149375536998,-0.491273796781357));
#10789=CARTESIAN_POINT('',(-9.49999999999996,-10.25,-2.5));
#10790=CARTESIAN_POINT('',(-13.9649375536998,-5.74999999999998,-0.491273796781357));
#10791=CARTESIAN_POINT('Origin',(-9.5,-5.75,-0.491273796781357));
#10792=CARTESIAN_POINT('',(-14.,-5.74999999999998,-2.5));
#10793=CARTESIAN_POINT('Origin',(9.49999999999997,10.25,-2.5));
#10794=CARTESIAN_POINT('',(9.49999999999997,10.2149375536998,-0.491273796781357));
#10795=CARTESIAN_POINT('',(9.49999999999997,10.2149375536998,-0.491273796781357));
#10796=CARTESIAN_POINT('',(9.49999999999997,10.25,-2.5));
#10797=CARTESIAN_POINT('Origin',(-9.49999999999996,-10.25,-2.5));
#10798=CARTESIAN_POINT('',(9.49999999999997,-10.2149375536998,-0.491273796781357));
#10799=CARTESIAN_POINT('',(9.49999999999997,-10.25,-2.5));
#10800=CARTESIAN_POINT('',(-9.49999999999996,-10.2149375536998,-0.491273796781357));
#10801=CARTESIAN_POINT('Origin',(9.5,-5.75,-2.5));
#10802=CARTESIAN_POINT('',(13.9649375536998,-5.74999999999997,-0.491273796781357));
#10803=CARTESIAN_POINT('',(14.,-5.74999999999997,-2.5));
#10804=CARTESIAN_POINT('Origin',(9.5,-5.75,-0.491273796781357));
#10805=CARTESIAN_POINT('Origin',(14.,-5.74999999999997,-2.5));
#10806=CARTESIAN_POINT('',(13.9649375536998,5.74999999999997,-0.491273796781357));
#10807=CARTESIAN_POINT('',(14.,5.74999999999997,-2.5));
#10808=CARTESIAN_POINT('',(13.9649375536998,-5.74999999999997,-0.491273796781357));
#10809=CARTESIAN_POINT('Origin',(9.5,5.75,-2.5));
#10810=CARTESIAN_POINT('Origin',(9.5,5.75,-0.491273796781357));
#10811=CARTESIAN_POINT('Origin',(-14.,5.74999999999997,-2.5));
#10812=CARTESIAN_POINT('',(-13.9649375536998,5.74999999999997,-0.491273796781357));
#10813=CARTESIAN_POINT('Origin',(-20.,0.,-2.5));
#10814=CARTESIAN_POINT('',(-23.15,-3.85763741731416E-16,-2.7));
#10815=CARTESIAN_POINT('Origin',(-20.,0.,-2.7));
#10816=CARTESIAN_POINT('',(-23.15,-3.85763741731416E-16,-2.5));
#10817=CARTESIAN_POINT('Origin',(-20.,0.,-2.7));
#10818=CARTESIAN_POINT('',(-23.15,-3.85763741731416E-16,-2.7));
#10819=CARTESIAN_POINT('Origin',(20.,4.89842541528951E-15,-2.7));
#10820=CARTESIAN_POINT('',(16.85,4.51266167355809E-15,-2.7));
#10821=CARTESIAN_POINT('Origin',(10.075,-1.82000000000001,-55.55));
#10822=CARTESIAN_POINT('',(10.2336942826376,-1.82000000000001,-55.55));
#10823=CARTESIAN_POINT('',(10.6963057173624,-1.82000000000001,-55.55));
#10824=CARTESIAN_POINT('',(10.075,-1.82000000000001,-55.55));
#10825=CARTESIAN_POINT('',(10.2312650483792,-1.80622312791453,-55.5362231279145));
#10826=CARTESIAN_POINT('',(10.6867949958134,-1.87393798221217,-55.6039379822122));
#10827=CARTESIAN_POINT('Origin',(10.855,-4.10000000000002,-51.05));
#10828=CARTESIAN_POINT('',(10.855,-5.00000000000002,-51.05));
#10829=CARTESIAN_POINT('Origin',(10.2336942826376,-7.60000000000002,-55.55));
#10830=CARTESIAN_POINT('',(10.2336942826376,-6.38,-55.55));
#10831=CARTESIAN_POINT('',(10.2336942826376,-7.60000000000002,-55.55));
#10832=CARTESIAN_POINT('',(10.2312650483792,-6.39377687208548,-55.5362231279145));
#10833=CARTESIAN_POINT('Origin',(10.6963057173624,-7.60000000000002,-55.55));
#10834=CARTESIAN_POINT('',(10.6963057173624,-6.38,-55.55));
#10835=CARTESIAN_POINT('',(10.6867949958134,-6.32606201778784,-55.6039379822122));
#10836=CARTESIAN_POINT('',(10.6963057173624,-7.60000000000002,-55.55));
#10837=CARTESIAN_POINT('Origin',(10.075,-6.38,-55.55));
#10838=CARTESIAN_POINT('',(10.075,-6.38,-55.55));
#10839=CARTESIAN_POINT('Origin',(-9.5,5.75,-0.5));
#10840=CARTESIAN_POINT('',(-13.4650137061216,5.74999999999997,0.));
#10841=CARTESIAN_POINT('Origin',(-13.4650137061216,5.74999999999997,-0.5));
#10842=CARTESIAN_POINT('',(-9.49999999999997,9.71501370612161,0.));
#10843=CARTESIAN_POINT('Origin',(-9.5,5.75,0.));
#10844=CARTESIAN_POINT('Origin',(-9.49999999999997,9.71501370612161,-0.5));
#10845=CARTESIAN_POINT('Origin',(-9.5,-5.75,-0.5));
#10846=CARTESIAN_POINT('',(-13.4650137061216,-5.74999999999998,0.));
#10847=CARTESIAN_POINT('Origin',(-13.4650137061216,-5.74999999999998,-0.5));
#10848=CARTESIAN_POINT('',(-9.49999999999996,-9.71501370612161,0.));
#10849=CARTESIAN_POINT('Origin',(-9.49999999999996,-9.71501370612161,-0.5));
#10850=CARTESIAN_POINT('Origin',(-9.5,-5.75,0.));
#10851=CARTESIAN_POINT('Origin',(-20.2,9.71501370612161,-0.5));
#10852=CARTESIAN_POINT('',(9.49999999999997,9.71501370612161,0.));
#10853=CARTESIAN_POINT('',(-9.49999999999997,9.71501370612161,0.));
#10854=CARTESIAN_POINT('Origin',(9.49999999999997,9.71501370612161,-0.5));
#10855=CARTESIAN_POINT('Origin',(-20.2,-9.71501370612161,-0.5));
#10856=CARTESIAN_POINT('',(9.49999999999997,-9.71501370612161,0.));
#10857=CARTESIAN_POINT('Origin',(9.49999999999997,-9.71501370612161,-0.5));
#10858=CARTESIAN_POINT('',(9.49999999999997,-9.71501370612161,0.));
#10859=CARTESIAN_POINT('Origin',(9.5,-5.75,-0.5));
#10860=CARTESIAN_POINT('',(13.4650137061216,-5.74999999999997,0.));
#10861=CARTESIAN_POINT('Origin',(13.4650137061216,-5.74999999999997,-0.5));
#10862=CARTESIAN_POINT('Origin',(9.5,-5.75,0.));
#10863=CARTESIAN_POINT('Origin',(13.4650137061216,-6.81316205787511E-16,
-0.5));
#10864=CARTESIAN_POINT('',(13.4650137061216,5.74999999999997,0.));
#10865=CARTESIAN_POINT('Origin',(13.4650137061216,5.74999999999997,-0.5));
#10866=CARTESIAN_POINT('',(13.4650137061216,5.74999999999997,0.));
#10867=CARTESIAN_POINT('Origin',(9.5,5.75,-0.5));
#10868=CARTESIAN_POINT('Origin',(9.5,5.75,0.));
#10869=CARTESIAN_POINT('Origin',(-13.4650137061216,-2.71170517030678E-15,
-0.5));
#10870=CARTESIAN_POINT('',(-13.4650137061216,-5.74999999999998,0.));
#10871=CARTESIAN_POINT('Origin',(10.075,-6.38,-55.55));
#10872=CARTESIAN_POINT('Origin',(-20.2,-5.75953269231712E-15,0.));
#10873=CARTESIAN_POINT('',(-12.4973014041628,-2.56217348106457,0.));
#10874=CARTESIAN_POINT('',(-12.4973014041628,6.19739529810807,0.));
#10875=CARTESIAN_POINT('',(-12.4973014041628,6.20008164690891,0.));
#10876=CARTESIAN_POINT('',(-11.8236858919148,7.82368589191481,5.42101086242752E-17));
#10877=CARTESIAN_POINT('Origin',(-10.1973965808269,6.19741860958128,-2.72383246916347E-29));
#10878=CARTESIAN_POINT('',(-10.1973952981081,8.49730140416283,0.));
#10879=CARTESIAN_POINT('Origin',(-10.1974186095813,6.19739658082685,-7.86352823190181E-31));
#10880=CARTESIAN_POINT('',(10.1973952981081,8.49730140416283,0.));
#10881=CARTESIAN_POINT('',(10.2000816469089,8.49730140416283,0.));
#10882=CARTESIAN_POINT('',(11.8236858919148,7.82368589191481,9.21571846612679E-16));
#10883=CARTESIAN_POINT('Origin',(10.1974186095813,6.19739658082687,-3.33230616808148E-30));
#10884=CARTESIAN_POINT('',(12.4973014041628,6.19739529810807,0.));
#10885=CARTESIAN_POINT('Origin',(10.1973965808269,6.19741860958126,-6.16550106915194E-31));
#10886=CARTESIAN_POINT('',(12.4973014041628,-2.56217348106458,0.));
#10887=CARTESIAN_POINT('',(12.4973014041628,-2.56331376847809,0.));
#10888=CARTESIAN_POINT('',(12.3542164862948,-3.26546101467649,4.39101879856629E-15));
#10889=CARTESIAN_POINT('Origin',(10.697376182658,-2.56217514729622,-4.53038175008473E-29));
#10890=CARTESIAN_POINT('',(11.9477089081692,-3.85693226299011,0.));
#10891=CARTESIAN_POINT('Origin',(10.6973769854374,-2.56217325606655,-1.36601241332399E-46));
#10892=CARTESIAN_POINT('',(7.66558249933488,-7.99213366830638,0.));
#10893=CARTESIAN_POINT('',(7.66480176002168,-7.99288761949718,0.));
#10894=CARTESIAN_POINT('',(7.08951298853824,-8.36623811326165,9.21571846612679E-16));
#10895=CARTESIAN_POINT('Origin',(6.41524827458301,-6.69737675425628,-1.25759894261876E-30));
#10896=CARTESIAN_POINT('',(6.4152484775465,-8.49730140416283,0.));
#10897=CARTESIAN_POINT('Origin',(6.41524992108153,-6.69737608902775,2.31532580944947E-47));
#10898=CARTESIAN_POINT('',(-6.4152484775465,-8.49730140416283,0.));
#10899=CARTESIAN_POINT('',(-6.41633383291378,-8.49730140416283,0.));
#10900=CARTESIAN_POINT('',(-7.08951298853818,-8.36623811326167,0.));
#10901=CARTESIAN_POINT('Origin',(-6.41524992108152,-6.69737608902774,0.));
#10902=CARTESIAN_POINT('',(-7.66558249933487,-7.99213366830638,0.));
#10903=CARTESIAN_POINT('Origin',(-6.41524827458299,-6.69737675425625,-1.33849025068302E-30));
#10904=CARTESIAN_POINT('',(-11.9477089081692,-3.85693226299011,0.));
#10905=CARTESIAN_POINT('',(-11.9485291622896,-3.85614015279358,0.));
#10906=CARTESIAN_POINT('',(-12.3542164862948,-3.26546101467643,8.94466792300541E-16));
#10907=CARTESIAN_POINT('Origin',(-10.6973769854373,-2.56217325606652,0.));
#10908=CARTESIAN_POINT('Origin',(-10.697376182658,-2.56217514729623,-1.01910103894402E-47));
#10909=CARTESIAN_POINT('Ctrl Pts',(-7.08951298853818,-8.36623811326167,
0.));
#10910=CARTESIAN_POINT('Ctrl Pts',(-7.07489349011017,-8.33005358489896,
2.11758236813575E-19));
#10911=CARTESIAN_POINT('Ctrl Pts',(-7.06027960291441,-8.29388294482343,
-0.00771043707931585));
#10912=CARTESIAN_POINT('Ctrl Pts',(-7.04675935701887,-8.26041916195242,
-0.0225572553918157));
#10913=CARTESIAN_POINT('Ctrl Pts',(-7.03323911112333,-8.22695537908141,
-0.0374040737043155));
#10914=CARTESIAN_POINT('Ctrl Pts',(-7.02082288516585,-8.19622414144501,
-0.059375876286392));
#10915=CARTESIAN_POINT('Ctrl Pts',(-7.01043508940029,-8.17051344470969,
-0.0868368230951854));
#10916=CARTESIAN_POINT('Ctrl Pts',(-7.00004729363472,-8.14480274797436,
-0.114297769903979));
#10917=CARTESIAN_POINT('Ctrl Pts',(-6.99169590211503,-8.12413232861623,
-0.147226780907066));
#10918=CARTESIAN_POINT('Ctrl Pts',(-6.98600269089305,-8.11004113636699,
-0.183172232275706));
#10919=CARTESIAN_POINT('Ctrl Pts',(-6.98030947967107,-8.09594994411775,
-0.219117683644346));
#10920=CARTESIAN_POINT('Ctrl Pts',(-6.97727881906507,-8.08844879589466,
-0.258051982328468));
#10921=CARTESIAN_POINT('Ctrl Pts',(-6.97713634718357,-8.08809616561378,
-0.297076400078978));
#10922=CARTESIAN_POINT('Ctrl Pts',(-6.98271366352221,-8.40938784146961,
0.));
#10923=CARTESIAN_POINT('Ctrl Pts',(-6.9704098191681,-8.37226772813109,2.11758236813575E-19));
#10924=CARTESIAN_POINT('Ctrl Pts',(-6.95811069725564,-8.33516186217445,
-0.00771043707931585));
#10925=CARTESIAN_POINT('Ctrl Pts',(-6.94673198943285,-8.30083284175842,
-0.0225572553918157));
#10926=CARTESIAN_POINT('Ctrl Pts',(-6.93535328161007,-8.2665038213424,-0.0374040737043155));
#10927=CARTESIAN_POINT('Ctrl Pts',(-6.92490372259143,-8.23497799868522,
-0.059375876286392));
#10928=CARTESIAN_POINT('Ctrl Pts',(-6.91616130075588,-8.20860252773086,
-0.0868368230951854));
#10929=CARTESIAN_POINT('Ctrl Pts',(-6.90741887892034,-8.18222705677651,
-0.114297769903979));
#10930=CARTESIAN_POINT('Ctrl Pts',(-6.9003903052723,-8.16102218430622,-0.147226780907066));
#10931=CARTESIAN_POINT('Ctrl Pts',(-6.89559886970458,-8.14656665104284,
-0.183172232275706));
#10932=CARTESIAN_POINT('Ctrl Pts',(-6.89080743413685,-8.13211111777946,
-0.219117683644346));
#10933=CARTESIAN_POINT('Ctrl Pts',(-6.88825681473154,-8.12441602032182,
-0.258051982328468));
#10934=CARTESIAN_POINT('Ctrl Pts',(-6.88813690967027,-8.12405427245373,
-0.297076400078978));
#10935=CARTESIAN_POINT('Ctrl Pts',(-6.87176198198979,-8.44225317770139,
0.));
#10936=CARTESIAN_POINT('Ctrl Pts',(-6.86186325676882,-8.40441905023709,
2.8326927326593E-19));
#10937=CARTESIAN_POINT('Ctrl Pts',(-6.85196833172887,-8.36659944637636,
-0.00771103743687113));
#10938=CARTESIAN_POINT('Ctrl Pts',(-6.84281398435827,-8.33161030979637,
-0.0225589686015472));
#10939=CARTESIAN_POINT('Ctrl Pts',(-6.83365963698768,-8.29662117321639,
-0.0374068997662232));
#10940=CARTESIAN_POINT('Ctrl Pts',(-6.82525289610609,-8.26448936687844,
-0.0593803250942815));
#10941=CARTESIAN_POINT('Ctrl Pts',(-6.8182197288048,-8.23760733671071,-0.0868431607206172));
#10942=CARTESIAN_POINT('Ctrl Pts',(-6.81118656150351,-8.21072530654299,
-0.114305996346953));
#10943=CARTESIAN_POINT('Ctrl Pts',(-6.80553236793426,-8.18911369126416,
-0.14723715755871));
#10944=CARTESIAN_POINT('Ctrl Pts',(-6.80167816013679,-8.17438163232946,
-0.183184676087417));
#10945=CARTESIAN_POINT('Ctrl Pts',(-6.79782395233933,-8.15964957339475,
-0.219132194616125));
#10946=CARTESIAN_POINT('Ctrl Pts',(-6.79577268962153,-8.15180838136488,
-0.258068471596119));
#10947=CARTESIAN_POINT('Ctrl Pts',(-6.79567710929578,-8.15144188987493,
-0.297094413507974));
#10948=CARTESIAN_POINT('Ctrl Pts',(-6.75869129537028,-8.46423181672394,
0.));
#10949=CARTESIAN_POINT('Ctrl Pts',(-6.75124390255212,-8.42591816961364,
2.82344315751433E-19));
#10950=CARTESIAN_POINT('Ctrl Pts',(-6.74379936948707,-8.38761923470858,
-0.00771222735955976));
#10951=CARTESIAN_POINT('Ctrl Pts',(-6.73691207929841,-8.35218707579371,
-0.0225623641659759));
#10952=CARTESIAN_POINT('Ctrl Pts',(-6.73002478910974,-8.31675491687884,
-0.0374125009723921));
#10953=CARTESIAN_POINT('Ctrl Pts',(-6.72370003115176,-8.2842167454171,-0.0593891425029568));
#10954=CARTESIAN_POINT('Ctrl Pts',(-6.71840880058829,-8.25699562984849,
-0.0868557214855162));
#10955=CARTESIAN_POINT('Ctrl Pts',(-6.71311757002482,-8.22977451427987,
-0.114322300468076));
#10956=CARTESIAN_POINT('Ctrl Pts',(-6.70886393045596,-8.20789136008688,
-0.147257722907261));
#10957=CARTESIAN_POINT('Ctrl Pts',(-6.70596464399007,-8.19297577268094,
-0.18320933768331));
#10958=CARTESIAN_POINT('Ctrl Pts',(-6.70306535752418,-8.17806018527501,
-0.219160952459359));
#10959=CARTESIAN_POINT('Ctrl Pts',(-6.70152265077768,-8.17012361964411,
-0.25810114917361));
#10960=CARTESIAN_POINT('Ctrl Pts',(-6.70145140678981,-8.16975709983286,
-0.297130110243601));
#10961=CARTESIAN_POINT('Ctrl Pts',(-6.64562060875077,-8.4862104557465,0.));
#10962=CARTESIAN_POINT('Ctrl Pts',(-6.64062454833541,-8.44741728899019,
2.81419358236937E-19));
#10963=CARTESIAN_POINT('Ctrl Pts',(-6.63563040724527,-8.40863902304081,
-0.00771341728224839));
#10964=CARTESIAN_POINT('Ctrl Pts',(-6.63101017423854,-8.37276384179106,
-0.0225657597304047));
#10965=CARTESIAN_POINT('Ctrl Pts',(-6.62638994123181,-8.3368886605413,-0.0374181021785609));
#10966=CARTESIAN_POINT('Ctrl Pts',(-6.62214716619743,-8.30394412395576,
-0.0593979599116321));
#10967=CARTESIAN_POINT('Ctrl Pts',(-6.61859787237178,-8.27638392298626,
-0.0868682822504153));
#10968=CARTESIAN_POINT('Ctrl Pts',(-6.61504857854612,-8.24882372201675,
-0.114338604589199));
#10969=CARTESIAN_POINT('Ctrl Pts',(-6.61219549297765,-8.22666902890959,
-0.147278288255812));
#10970=CARTESIAN_POINT('Ctrl Pts',(-6.61025112784335,-8.21156991303243,
-0.183233999279202));
#10971=CARTESIAN_POINT('Ctrl Pts',(-6.60830676270904,-8.19647079715526,
-0.219189710302593));
#10972=CARTESIAN_POINT('Ctrl Pts',(-6.60727261193382,-8.18843885792333,
-0.258133826751101));
#10973=CARTESIAN_POINT('Ctrl Pts',(-6.60722570428383,-8.1880723097908,-0.297165806979228));
#10974=CARTESIAN_POINT('Ctrl Pts',(-6.5304360276464,-8.49730140416283,0.));
#10975=CARTESIAN_POINT('Ctrl Pts',(-6.52793741231054,-8.45826323385469,
-6.23931057822521E-20));
#10976=CARTESIAN_POINT('Ctrl Pts',(-6.52543975772774,-8.41924006532686,
-0.00771519672128975));
#10977=CARTESIAN_POINT('Ctrl Pts',(-6.5231291840676,-8.38313897555114,-0.0225708375089704));
#10978=CARTESIAN_POINT('Ctrl Pts',(-6.52081861040747,-8.34703788577542,
-0.0374264782966511));
#10979=CARTESIAN_POINT('Ctrl Pts',(-6.51869689456673,-8.31388662096129,
-0.0594111455541063));
#10980=CARTESIAN_POINT('Ctrl Pts',(-6.51692214252005,-8.28615482372464,
-0.0868870656266305));
#10981=CARTESIAN_POINT('Ctrl Pts',(-6.51514739047336,-8.25842302648798,
-0.114362985699155));
#10982=CARTESIAN_POINT('Ctrl Pts',(-6.51372096705542,-8.23613201065346,
-0.147309041424517));
#10983=CARTESIAN_POINT('Ctrl Pts',(-6.51274916645531,-8.22094237184256,
-0.183270877592886));
#10984=CARTESIAN_POINT('Ctrl Pts',(-6.51177736585521,-8.20575273303166,
-0.219232713761255));
#10985=CARTESIAN_POINT('Ctrl Pts',(-6.51126093541517,-8.19767614554568,
-0.25818269119089));
#10986=CARTESIAN_POINT('Ctrl Pts',(-6.51123835848746,-8.1973142844692,-0.297219185408053));
#10987=CARTESIAN_POINT('Ctrl Pts',(-6.4152484775465,-8.49730140416283,0.));
#10988=CARTESIAN_POINT('Ctrl Pts',(-6.4152484775465,-8.45825739345923,-7.05860789378584E-20));
#10989=CARTESIAN_POINT('Ctrl Pts',(-6.4152484775465,-8.41922839573188,-0.00771753366586651));
#10990=CARTESIAN_POINT('Ctrl Pts',(-6.4152484775465,-8.38312277298039,-0.0225775059925646));
#10991=CARTESIAN_POINT('Ctrl Pts',(-6.4152484775465,-8.34701715022891,-0.0374374783192628));
#10992=CARTESIAN_POINT('Ctrl Pts',(-6.4152484775465,-8.31386266870204,-0.0594284615662695));
#10993=CARTESIAN_POINT('Ctrl Pts',(-6.4152484775465,-8.28612993332959,-0.08691173212463));
#10994=CARTESIAN_POINT('Ctrl Pts',(-6.4152484775465,-8.25839719795713,-0.11439500268299));
#10995=CARTESIAN_POINT('Ctrl Pts',(-6.4152484775465,-8.23610753599977,-0.147349425137526));
#10996=CARTESIAN_POINT('Ctrl Pts',(-6.4152484775465,-8.22092192800009,-0.183319302556038));
#10997=CARTESIAN_POINT('Ctrl Pts',(-6.4152484775465,-8.2057363200004,-0.21928917997455));
#10998=CARTESIAN_POINT('Ctrl Pts',(-6.4152484775465,-8.19766644412199,-0.258246850500289));
#10999=CARTESIAN_POINT('Ctrl Pts',(-6.4152484775465,-8.19731365119916,-0.297289267292497));
#11000=CARTESIAN_POINT('',(-6.97713634718357,-8.08809616561378,-0.297076400078978));
#11001=CARTESIAN_POINT('Origin',(-7.08951298853818,-8.36623811326167,-0.3));
#11002=CARTESIAN_POINT('',(-6.4152484775465,-8.19731365119916,-0.297289267292497));
#11003=CARTESIAN_POINT('Origin',(-6.4152484775465,-8.49730140416283,-0.3));
#11004=CARTESIAN_POINT('Origin',(-6.4152620838872,-6.69740571898257,-0.299999625426002));
#11005=CARTESIAN_POINT('Origin',(12.2,8.49730140416283,-0.3));
#11006=CARTESIAN_POINT('',(10.1973952981081,8.19731365119916,-0.297289267292496));
#11007=CARTESIAN_POINT('Origin',(10.1973952981081,8.49730140416283,-0.3));
#11008=CARTESIAN_POINT('',(-10.1973952981081,8.19731365119916,-0.297289267292495));
#11009=CARTESIAN_POINT('Origin',(-10.1973952981081,8.49730140416283,-0.3));
#11010=CARTESIAN_POINT('',(-10.2000816469089,8.19731365119916,-0.297289267292497));
#11011=CARTESIAN_POINT('Origin',(-12.4973014041628,8.05,-0.299999999999999));
#11012=CARTESIAN_POINT('',(-12.1973136511992,-2.56217348106457,-0.297289267292494));
#11013=CARTESIAN_POINT('Origin',(-12.4973014041628,-2.56217348106457,-0.3));
#11014=CARTESIAN_POINT('',(-12.1973136511992,6.19739529810807,-0.297289267292496));
#11015=CARTESIAN_POINT('',(-12.1973136511992,-2.56331376847807,-0.297289267292496));
#11016=CARTESIAN_POINT('Origin',(-12.4973014041628,6.19739529810807,-0.3));
#11017=CARTESIAN_POINT('Ctrl Pts',(11.9477089081692,-3.85693226299011,0.));
#11018=CARTESIAN_POINT('Ctrl Pts',(11.9205866593177,-3.82884635212617,5.36454199927724E-18));
#11019=CARTESIAN_POINT('Ctrl Pts',(11.8934748393557,-3.80077124069356,-0.00771753366586638));
#11020=CARTESIAN_POINT('Ctrl Pts',(11.8683937662908,-3.7747990292324,-0.0225775059925643));
#11021=CARTESIAN_POINT('Ctrl Pts',(11.8433126932258,-3.74882681777124,-0.0374374783192623));
#11022=CARTESIAN_POINT('Ctrl Pts',(11.820281655115,-3.72497747964938,-0.0594284615662688));
#11023=CARTESIAN_POINT('Ctrl Pts',(11.8010168783528,-3.70502821932371,-0.0869117321246289));
#11024=CARTESIAN_POINT('Ctrl Pts',(11.7817521015906,-3.68507895899804,-0.114395002682989));
#11025=CARTESIAN_POINT('Ctrl Pts',(11.7662684013372,-3.66904511801602,-0.147349425137524));
#11026=CARTESIAN_POINT('Ctrl Pts',(11.7557195916297,-3.65812150578951,-0.183319302556036));
#11027=CARTESIAN_POINT('Ctrl Pts',(11.7451707819222,-3.64719789356299,-0.219289179974547));
#11028=CARTESIAN_POINT('Ctrl Pts',(11.7395649750947,-3.64139291065985,-0.258246850500286));
#11029=CARTESIAN_POINT('Ctrl Pts',(11.7393199045378,-3.64113913266919,-0.297289267292493));
#11030=CARTESIAN_POINT('Ctrl Pts',(12.0343342567079,-3.77327913629256,0.));
#11031=CARTESIAN_POINT('Ctrl Pts',(12.0053374143717,-3.74701241706421,5.65518253026006E-18));
#11032=CARTESIAN_POINT('Ctrl Pts',(11.976351714904,-3.72075579069064,-0.0077149668450782));
#11033=CARTESIAN_POINT('Ctrl Pts',(11.9495364649892,-3.69646517578667,-0.0225701815559964));
#11034=CARTESIAN_POINT('Ctrl Pts',(11.9227212150744,-3.67217456088269,-0.0374253962669145));
#11035=CARTESIAN_POINT('Ctrl Pts',(11.8980970237708,-3.64986862454193,-0.0594094422448734));
#11036=CARTESIAN_POINT('Ctrl Pts',(11.8774982846835,-3.63120898910727,-0.0868846392784971));
#11037=CARTESIAN_POINT('Ctrl Pts',(11.8568995455962,-3.61254935367261,-0.114359836312121));
#11038=CARTESIAN_POINT('Ctrl Pts',(11.8403420900391,-3.59755035888758,-0.147305069034651));
#11039=CARTESIAN_POINT('Ctrl Pts',(11.8290593754563,-3.58732931568059,-0.183266114216303));
#11040=CARTESIAN_POINT('Ctrl Pts',(11.8177766608734,-3.5771082724736,-0.219227159397955));
#11041=CARTESIAN_POINT('Ctrl Pts',(11.8117773586806,-3.57167303561624,-0.258176380087441));
#11042=CARTESIAN_POINT('Ctrl Pts',(11.8115083905491,-3.57142848900327,-0.297212291723773));
#11043=CARTESIAN_POINT('Ctrl Pts',(12.1125338493239,-3.68090616816329,0.));
#11044=CARTESIAN_POINT('Ctrl Pts',(12.0818450171121,-3.65664578821804,5.28490536349328E-18));
#11045=CARTESIAN_POINT('Ctrl Pts',(12.0511679717659,-3.6323947256935,-0.00771300960616528));
#11046=CARTESIAN_POINT('Ctrl Pts',(12.0227874283146,-3.60995907119909,-0.0225645963955082));
#11047=CARTESIAN_POINT('Ctrl Pts',(11.9944068848634,-3.58752341670467,-0.037416183184851));
#11048=CARTESIAN_POINT('Ctrl Pts',(11.9683446439185,-3.56692040347687,-0.0593949390442354));
#11049=CARTESIAN_POINT('Ctrl Pts',(11.9465417266321,-3.54968443475379,-0.0868639789384661));
#11050=CARTESIAN_POINT('Ctrl Pts',(11.9247388093456,-3.5324484660307,-0.114333018832697));
#11051=CARTESIAN_POINT('Ctrl Pts',(11.9072119637033,-3.51859278107528,-0.147271242665151));
#11052=CARTESIAN_POINT('Ctrl Pts',(11.8952665256022,-3.50914927788624,-0.183225550442946));
#11053=CARTESIAN_POINT('Ctrl Pts',(11.8833210875011,-3.49970577469721,-0.219179858220742));
#11054=CARTESIAN_POINT('Ctrl Pts',(11.8769662328711,-3.4946817070025,-0.258122631964609));
#11055=CARTESIAN_POINT('Ctrl Pts',(11.8766752482738,-3.49445124076506,-0.297153578113651));
#11056=CARTESIAN_POINT('Ctrl Pts',(12.180742120504,-3.58166267684581,0.));
#11057=CARTESIAN_POINT('Ctrl Pts',(12.148576961967,-3.55955614041793,5.43512807821509E-18));
#11058=CARTESIAN_POINT('Ctrl Pts',(12.116424152992,-3.53745809162243,-0.00771170041053245));
#11059=CARTESIAN_POINT('Ctrl Pts',(12.0866779066333,-3.51701403014,-0.0225608604612667));
#11060=CARTESIAN_POINT('Ctrl Pts',(12.0569316602745,-3.49656996865757,-0.0374100205120009));
#11061=CARTESIAN_POINT('Ctrl Pts',(12.029614818211,-3.47779559316435,-0.0593852377643909));
#11062=CARTESIAN_POINT('Ctrl Pts',(12.0067614901195,-3.46208891074979,-0.0868501590133818));
#11063=CARTESIAN_POINT('Ctrl Pts',(11.9839081620279,-3.44638222833524,-0.114315080262373));
#11064=CARTESIAN_POINT('Ctrl Pts',(11.9655358966228,-3.43375529991596,-0.147248615623039));
#11065=CARTESIAN_POINT('Ctrl Pts',(11.9530127584394,-3.42514837170439,-0.183198416364432));
#11066=CARTESIAN_POINT('Ctrl Pts',(11.9404896202561,-3.41654144349281,-0.219148217105825));
#11067=CARTESIAN_POINT('Ctrl Pts',(11.9338252256171,-3.41196112461496,-0.258086677936313));
#11068=CARTESIAN_POINT('Ctrl Pts',(11.9335158291626,-3.41174848198223,-0.297114301915862));
#11069=CARTESIAN_POINT('Ctrl Pts',(12.2489503916841,-3.48241918552833,0.));
#11070=CARTESIAN_POINT('Ctrl Pts',(12.215308906822,-3.46246649261782,5.58535079293691E-18));
#11071=CARTESIAN_POINT('Ctrl Pts',(12.1816803342181,-3.44252145755137,-0.00771039121489963));
#11072=CARTESIAN_POINT('Ctrl Pts',(12.1505683849519,-3.42406898908091,-0.0225571245270252));
#11073=CARTESIAN_POINT('Ctrl Pts',(12.1194564356857,-3.40561652061046,-0.0374038578391508));
#11074=CARTESIAN_POINT('Ctrl Pts',(12.0908849925035,-3.38867078285182,-0.0593755364845464));
#11075=CARTESIAN_POINT('Ctrl Pts',(12.0669812536069,-3.3744933867458,-0.0868363390882974));
#11076=CARTESIAN_POINT('Ctrl Pts',(12.0430775147102,-3.36031599063978,-0.114297141692048));
#11077=CARTESIAN_POINT('Ctrl Pts',(12.0238598295422,-3.34891781875665,-0.147225988580927));
#11078=CARTESIAN_POINT('Ctrl Pts',(12.0107589912766,-3.34114746552253,-0.183171282285917));
#11079=CARTESIAN_POINT('Ctrl Pts',(11.997658153011,-3.33337711228841,-0.219116575990908));
#11080=CARTESIAN_POINT('Ctrl Pts',(11.9906842183632,-3.32924054222741,-0.258050723908016));
#11081=CARTESIAN_POINT('Ctrl Pts',(11.9903564100514,-3.3290457231994,-0.297075025718073));
#11082=CARTESIAN_POINT('Ctrl Pts',(12.3071636592189,-3.37631052866176,0.));
#11083=CARTESIAN_POINT('Ctrl Pts',(12.2722615821105,-3.35865907619283,4.94102552565009E-18));
#11084=CARTESIAN_POINT('Ctrl Pts',(12.2373728986428,-3.34101439745291,-0.0077097301266183));
#11085=CARTESIAN_POINT('Ctrl Pts',(12.2050949037211,-3.32469005402247,-0.0225552380036608));
#11086=CARTESIAN_POINT('Ctrl Pts',(12.1728169087994,-3.30836571059203,-0.0374007458807033));
#11087=CARTESIAN_POINT('Ctrl Pts',(12.1431743757266,-3.2933742313753,-0.0593706376075591));
#11088=CARTESIAN_POINT('Ctrl Pts',(12.1183740487098,-3.28083165999219,-0.0868293602719647));
#11089=CARTESIAN_POINT('Ctrl Pts',(12.0935737216931,-3.26828908860909,-0.11428808293637));
#11090=CARTESIAN_POINT('Ctrl Pts',(12.0736346349386,-3.2582050514606,-0.147214562018037));
#11091=CARTESIAN_POINT('Ctrl Pts',(12.0600411576829,-3.25133025667633,-0.183157579303325));
#11092=CARTESIAN_POINT('Ctrl Pts',(12.0464476804273,-3.24445546189206,-0.219100596588612));
#11093=CARTESIAN_POINT('Ctrl Pts',(12.0392102456399,-3.24079518586463,-0.25803256587636));
#11094=CARTESIAN_POINT('Ctrl Pts',(12.0388676455774,-3.24062191856309,-0.297055189052934));
#11095=CARTESIAN_POINT('Ctrl Pts',(12.3542164862948,-3.26546101467649,0.));
#11096=CARTESIAN_POINT('Ctrl Pts',(12.3182942415883,-3.25021292645689,4.94102552565009E-18));
#11097=CARTESIAN_POINT('Ctrl Pts',(12.282385782011,-3.23497068967744,-0.0077097301266183));
#11098=CARTESIAN_POINT('Ctrl Pts',(12.2491643199012,-3.22086901565415,-0.0225552380036608));
#11099=CARTESIAN_POINT('Ctrl Pts',(12.2159428577913,-3.20676734163086,-0.0374007458807033));
#11100=CARTESIAN_POINT('Ctrl Pts',(12.1854338905614,-3.1938170533732,-0.0593706376075591));
#11101=CARTESIAN_POINT('Ctrl Pts',(12.1599086642796,-3.18298223763853,-0.0868293602719647));
#11102=CARTESIAN_POINT('Ctrl Pts',(12.1343834379978,-3.17214742190386,-0.11428808293637));
#11103=CARTESIAN_POINT('Ctrl Pts',(12.1138615432295,-3.16343639439377,-0.147214562018037));
#11104=CARTESIAN_POINT('Ctrl Pts',(12.0998707364683,-3.15749764926519,-0.183157579303325));
#11105=CARTESIAN_POINT('Ctrl Pts',(12.0858799297071,-3.15155890413661,-0.219100596588612));
#11106=CARTESIAN_POINT('Ctrl Pts',(12.0784309488721,-3.14839699936574,-0.25803256587636));
#11107=CARTESIAN_POINT('Ctrl Pts',(12.0780783348073,-3.14824732357537,-0.297055189052934));
#11108=CARTESIAN_POINT('',(12.0780783348073,-3.14824732357537,-0.297055189052933));
#11109=CARTESIAN_POINT('Origin',(12.3542164862948,-3.26546101467649,-0.299999999999996));
#11110=CARTESIAN_POINT('',(11.7393199045378,-3.64113913266919,-0.297289267292494));
#11111=CARTESIAN_POINT('Origin',(10.6974067946105,-2.56218568611095,-0.299999619555773));
#11112=CARTESIAN_POINT('Origin',(11.9477089081692,-3.85693226299011,-0.299999999999999));
#11113=CARTESIAN_POINT('Origin',(-12.4065229089509,-3.41386073271089,-0.3));
#11114=CARTESIAN_POINT('',(-7.45719349570348,-7.77634053798546,-0.297289267292494));
#11115=CARTESIAN_POINT('Origin',(-7.66558249933487,-7.99213366830638,-0.3));
#11116=CARTESIAN_POINT('',(-11.7393199045378,-3.64113913266919,-0.297289267292497));
#11117=CARTESIAN_POINT('',(-7.45641275639028,-7.77709448917626,-0.297289267292497));
#11118=CARTESIAN_POINT('Origin',(-11.9477089081692,-3.85693226299011,-0.3));
#11119=CARTESIAN_POINT('Ctrl Pts',(11.8236858919148,7.82368589191481,0.));
#11120=CARTESIAN_POINT('Ctrl Pts',(11.79614376487,7.79614376487001,6.35274710440725E-19));
#11121=CARTESIAN_POINT('Ctrl Pts',(11.7686121273826,7.76861212738262,-0.00768014360155159));
#11122=CARTESIAN_POINT('Ctrl Pts',(11.7431329791586,7.74313297915864,-0.022470800647948));
#11123=CARTESIAN_POINT('Ctrl Pts',(11.7176538309346,7.71765383093465,-0.0372614576943445));
#11124=CARTESIAN_POINT('Ctrl Pts',(11.6942465796972,7.6942465796972,-0.0591513619935455));
#11125=CARTESIAN_POINT('Ctrl Pts',(11.6746473226968,7.67464732269683,-0.0865169567133934));
#11126=CARTESIAN_POINT('Ctrl Pts',(11.6550480656965,7.65504806569646,-0.113882551433241));
#11127=CARTESIAN_POINT('Ctrl Pts',(11.6392717318841,7.6392717318841,-0.146702991925358));
#11128=CARTESIAN_POINT('Ctrl Pts',(11.62848843942,7.62848843942004,-0.182544012161576));
#11129=CARTESIAN_POINT('Ctrl Pts',(11.617705146956,7.61770514695598,-0.218385032397794));
#11130=CARTESIAN_POINT('Ctrl Pts',(11.6119231095824,7.6119231095824,-0.257219331912985));
#11131=CARTESIAN_POINT('Ctrl Pts',(11.6115711764232,7.61157117642323,-0.296166601527259));
#11132=CARTESIAN_POINT('Ctrl Pts',(11.7172473541623,7.93012442966734,0.));
#11133=CARTESIAN_POINT('Ctrl Pts',(11.6915079085964,7.90077962114357,6.35274710440725E-19));
#11134=CARTESIAN_POINT('Ctrl Pts',(11.6657782660277,7.87144598873752,-0.00768014360155159));
#11135=CARTESIAN_POINT('Ctrl Pts',(11.6419667736289,7.84429918468839,-0.022470800647948));
#11136=CARTESIAN_POINT('Ctrl Pts',(11.61815528123,7.81715238063926,-0.0372614576943445));
#11137=CARTESIAN_POINT('Ctrl Pts',(11.596280076454,7.79221308294038,-0.0591513619935455));
#11138=CARTESIAN_POINT('Ctrl Pts',(11.577963625881,7.77133101951266,-0.0865169567133934));
#11139=CARTESIAN_POINT('Ctrl Pts',(11.559647175308,7.75044895608494,-0.113882551433241));
#11140=CARTESIAN_POINT('Ctrl Pts',(11.5449034307623,7.73364003300585,-0.146702991925358));
#11141=CARTESIAN_POINT('Ctrl Pts',(11.5348259240778,7.72215095476223,-0.182544012161576));
#11142=CARTESIAN_POINT('Ctrl Pts',(11.5247484173933,7.7106618765186,-0.218385032397794));
#11143=CARTESIAN_POINT('Ctrl Pts',(11.519344824708,7.70450139445674,-0.257219331912985));
#11144=CARTESIAN_POINT('Ctrl Pts',(11.5190159262036,7.70412642664282,-0.296166601527259));
#11145=CARTESIAN_POINT('Ctrl Pts',(11.6003281184905,8.02607700678871,0.));
#11146=CARTESIAN_POINT('Ctrl Pts',(11.5765673818398,7.99510562287677,2.15677022820623E-18));
#11147=CARTESIAN_POINT('Ctrl Pts',(11.5528156968279,7.96414603683089,-0.00768096540813194));
#11148=CARTESIAN_POINT('Ctrl Pts',(11.5308349213494,7.93549471238993,-0.0224731462490752));
#11149=CARTESIAN_POINT('Ctrl Pts',(11.508854145871,7.90684338794897,-0.0372653270900185));
#11150=CARTESIAN_POINT('Ctrl Pts',(11.4886610270534,7.88052215329418,-0.0591574536385203));
#11151=CARTESIAN_POINT('Ctrl Pts',(11.4717534546677,7.85848341700591,-0.0865256364580658));
#11152=CARTESIAN_POINT('Ctrl Pts',(11.454845882282,7.83644468071764,-0.113893819277611));
#11153=CARTESIAN_POINT('Ctrl Pts',(11.4412367381884,7.81870523313819,-0.146717207358703));
#11154=CARTESIAN_POINT('Ctrl Pts',(11.4319355245987,7.80658091871667,-0.182561064481868));
#11155=CARTESIAN_POINT('Ctrl Pts',(11.422634311009,7.79445660429515,-0.218404921605033));
#11156=CARTESIAN_POINT('Ctrl Pts',(11.4176481145077,7.78795666001349,-0.25724193939471));
#11157=CARTESIAN_POINT('Ctrl Pts',(11.4173468023558,7.78756322696295,-0.29619130937385));
#11158=CARTESIAN_POINT('Ctrl Pts',(11.4751687969213,8.10970481124273,0.));
#11159=CARTESIAN_POINT('Ctrl Pts',(11.4535258519125,8.07731347523021,2.11758236813575E-18));
#11160=CARTESIAN_POINT('Ctrl Pts',(11.4318911549062,8.0449344833705,-0.0076825936652591));
#11161=CARTESIAN_POINT('Ctrl Pts',(11.4118698287273,8.01497009989985,-0.022477793514897));
#11162=CARTESIAN_POINT('Ctrl Pts',(11.3918485025484,7.9850057164292,-0.0372729933645349));
#11163=CARTESIAN_POINT('Ctrl Pts',(11.3734558072226,7.95747877985778,-0.0591695226665352));
#11164=CARTESIAN_POINT('Ctrl Pts',(11.3580563347785,7.93443157042536,-0.0865428327175991));
#11165=CARTESIAN_POINT('Ctrl Pts',(11.3426568623344,7.91138436099294,-0.113916142768663));
#11166=CARTESIAN_POINT('Ctrl Pts',(11.3302623500738,7.89283444501881,-0.146745369945116));
#11167=CARTESIAN_POINT('Ctrl Pts',(11.3217923724434,7.88015807905607,-0.182594846123292));
#11168=CARTESIAN_POINT('Ctrl Pts',(11.3133223948131,7.86748171309333,-0.218444322301468));
#11169=CARTESIAN_POINT('Ctrl Pts',(11.3087834075331,7.86068855892305,-0.257286723420868));
#11170=CARTESIAN_POINT('Ctrl Pts',(11.3085121674381,7.86028261467419,-0.296240251571821));
#11171=CARTESIAN_POINT('Ctrl Pts',(11.350009475352,8.19333261569674,0.));
#11172=CARTESIAN_POINT('Ctrl Pts',(11.3304843219852,8.15952132758364,2.07839450806527E-18));
#11173=CARTESIAN_POINT('Ctrl Pts',(11.3109666129845,8.12572292991012,-0.00768422192238626));
#11174=CARTESIAN_POINT('Ctrl Pts',(11.2929047361052,8.09444548740977,-0.0224824407807188));
#11175=CARTESIAN_POINT('Ctrl Pts',(11.2748428592259,8.06316804490943,-0.0372806596390514));
#11176=CARTESIAN_POINT('Ctrl Pts',(11.2582505873917,8.03443540642139,-0.0591815916945501));
#11177=CARTESIAN_POINT('Ctrl Pts',(11.2443592148893,8.01037972384481,-0.0865600289771323));
#11178=CARTESIAN_POINT('Ctrl Pts',(11.2304678423868,7.98632404126824,-0.113938466259714));
#11179=CARTESIAN_POINT('Ctrl Pts',(11.2192879619591,7.96696365689944,-0.146773532531529));
#11180=CARTESIAN_POINT('Ctrl Pts',(11.2116492202882,7.95373523939547,-0.182628627764716));
#11181=CARTESIAN_POINT('Ctrl Pts',(11.2040104786172,7.9405068218915,-0.218483722997903));
#11182=CARTESIAN_POINT('Ctrl Pts',(11.1999187005584,7.93342045783262,-0.257331507447025));
#11183=CARTESIAN_POINT('Ctrl Pts',(11.1996775325205,7.93300200238542,-0.296289193769791));
#11184=CARTESIAN_POINT('Ctrl Pts',(11.2166162562215,8.26463151261786,0.));
#11185=CARTESIAN_POINT('Ctrl Pts',(11.1993478861663,8.22960696011934,7.15824048598685E-19));
#11186=CARTESIAN_POINT('Ctrl Pts',(11.1820861045764,8.19459576886969,-0.00768665655928978));
#11187=CARTESIAN_POINT('Ctrl Pts',(11.1661123230734,8.16219678914929,-0.0224893895065992));
#11188=CARTESIAN_POINT('Ctrl Pts',(11.1501385415704,8.12979780942888,-0.0372921224539085));
#11189=CARTESIAN_POINT('Ctrl Pts',(11.1354649492268,8.10003576051678,-0.0591996375702923));
#11190=CARTESIAN_POINT('Ctrl Pts',(11.1231808259679,8.0751198534894,-0.0865857409783519));
#11191=CARTESIAN_POINT('Ctrl Pts',(11.110896702709,8.05020394646203,-0.113971844386411));
#11192=CARTESIAN_POINT('Ctrl Pts',(11.10101142215,8.03015319127992,-0.146815640981346));
#11193=CARTESIAN_POINT('Ctrl Pts',(11.0942588085727,8.01645593824498,-0.182679137151046));
#11194=CARTESIAN_POINT('Ctrl Pts',(11.0875061949954,8.00275868521003,-0.218542633320746));
#11195=CARTESIAN_POINT('Ctrl Pts',(11.0838914011011,7.99542538484814,-0.257398465860719));
#11196=CARTESIAN_POINT('Ctrl Pts',(11.0836827677167,7.99500038197438,-0.296362367899261));
#11197=CARTESIAN_POINT('Ctrl Pts',(11.0775454549955,8.3222351471487,0.));
#11198=CARTESIAN_POINT('Ctrl Pts',(11.0626307623353,8.28622703281365,6.35274710440725E-19));
#11199=CARTESIAN_POINT('Ctrl Pts',(11.047721764157,8.25023266650294,-0.00768985203941334));
#11200=CARTESIAN_POINT('Ctrl Pts',(11.0339255993411,8.21692498183316,-0.022498509420395));
#11201=CARTESIAN_POINT('Ctrl Pts',(11.0201294345253,8.18361729716337,-0.0373071668013766));
#11202=CARTESIAN_POINT('Ctrl Pts',(11.0074566379201,8.15302172811614,-0.059223321529282));
#11203=CARTESIAN_POINT('Ctrl Pts',(10.9968482885758,8.12741029482705,-0.0866194848406491));
#11204=CARTESIAN_POINT('Ctrl Pts',(10.9862399392315,8.10179886153795,-0.114015648152016));
#11205=CARTESIAN_POINT('Ctrl Pts',(10.977704137758,8.08119112107709,-0.146870900144383));
#11206=CARTESIAN_POINT('Ctrl Pts',(10.9718747508697,8.06711739965618,-0.182745417130512));
#11207=CARTESIAN_POINT('Ctrl Pts',(10.9660453639813,8.05304367823527,-0.218619934116642));
#11208=CARTESIAN_POINT('Ctrl Pts',(10.9629268430388,8.04551472264671,-0.257486322063739));
#11209=CARTESIAN_POINT('Ctrl Pts',(10.9627507687119,8.04508963145378,-0.296458371668867));
#11210=CARTESIAN_POINT('Ctrl Pts',(10.9384746537695,8.37983878167954,0.));
#11211=CARTESIAN_POINT('Ctrl Pts',(10.9259136385042,8.34284710550797,5.54725372282765E-19));
#11212=CARTESIAN_POINT('Ctrl Pts',(10.9133574237375,8.30586956413619,-0.00769304751953689));
#11213=CARTESIAN_POINT('Ctrl Pts',(10.9017388756088,8.27165317451703,-0.0225076293341908));
#11214=CARTESIAN_POINT('Ctrl Pts',(10.8901203274801,8.23743678489786,-0.0373222111488447));
#11215=CARTESIAN_POINT('Ctrl Pts',(10.8794483266133,8.20600769571551,-0.0592470054882716));
#11216=CARTESIAN_POINT('Ctrl Pts',(10.8705157511836,8.17970073616469,-0.0866532287029464));
#11217=CARTESIAN_POINT('Ctrl Pts',(10.8615831757539,8.15339377661387,-0.114059451917621));
#11218=CARTESIAN_POINT('Ctrl Pts',(10.8543968533661,8.13222905087425,-0.14692615930742));
#11219=CARTESIAN_POINT('Ctrl Pts',(10.8494906931667,8.11777886106738,-0.182811697109979));
#11220=CARTESIAN_POINT('Ctrl Pts',(10.8445845329672,8.10332867126051,-0.218697234912538));
#11221=CARTESIAN_POINT('Ctrl Pts',(10.8419622849764,8.09560406044528,-0.257574178266758));
#11222=CARTESIAN_POINT('Ctrl Pts',(10.8418187697071,8.09517888093317,-0.296554375438473));
#11223=CARTESIAN_POINT('Ctrl Pts',(10.7937331466189,8.42374430568503,0.));
#11224=CARTESIAN_POINT('Ctrl Pts',(10.7836226013158,8.38599881863089,1.87171697017705E-18));
#11225=CARTESIAN_POINT('Ctrl Pts',(10.7735159244616,8.34826776909983,-0.00769700370294407));
#11226=CARTESIAN_POINT('Ctrl Pts',(10.7641644181722,8.31335555156342,-0.022518920031611));
#11227=CARTESIAN_POINT('Ctrl Pts',(10.7548129118828,8.27844333402701,-0.0373408363602779));
#11228=CARTESIAN_POINT('Ctrl Pts',(10.7462237322163,8.24637665610065,-0.0592763264734054));
#11229=CARTESIAN_POINT('Ctrl Pts',(10.7390353748101,8.21953890284811,-0.0866950029008291));
#11230=CARTESIAN_POINT('Ctrl Pts',(10.7318470174038,8.19270114959556,-0.114113679328253));
#11231=CARTESIAN_POINT('Ctrl Pts',(10.726064983009,8.17111285172504,-0.146994566642073));
#11232=CARTESIAN_POINT('Ctrl Pts',(10.7221190919648,8.15637857945263,-0.182893744579854));
#11233=CARTESIAN_POINT('Ctrl Pts',(10.7181732009206,8.14164430718022,-0.218792922517635));
#11234=CARTESIAN_POINT('Ctrl Pts',(10.7160664727448,8.13377533213736,-0.257682928021539));
#11235=CARTESIAN_POINT('Ctrl Pts',(10.7159555158231,8.1333565237067,-0.296673204101438));
#11236=CARTESIAN_POINT('Ctrl Pts',(10.6460947248629,8.45311032429678,0.));
#11237=CARTESIAN_POINT('Ctrl Pts',(10.6384856378935,8.4148554418079,1.76465197344646E-18));
#11238=CARTESIAN_POINT('Ctrl Pts',(10.6308794648797,8.37661520930642,-0.00770164645519797));
#11239=CARTESIAN_POINT('Ctrl Pts',(10.6238418753676,8.34123354513633,-0.0225321694790052));
#11240=CARTESIAN_POINT('Ctrl Pts',(10.6168042858555,8.30585188096625,-0.0373626925028125));
#11241=CARTESIAN_POINT('Ctrl Pts',(10.610340670038,8.27335588446236,-0.0593107331804337));
#11242=CARTESIAN_POINT('Ctrl Pts',(10.6049317257139,8.24616227630128,-0.0867440201731501));
#11243=CARTESIAN_POINT('Ctrl Pts',(10.5995227813897,8.21896866814019,-0.114177307165867));
#11244=CARTESIAN_POINT('Ctrl Pts',(10.5951726513487,8.19709827630466,-0.147074828917376));
#11245=CARTESIAN_POINT('Ctrl Pts',(10.5922048538807,8.18217759740478,-0.182990003399761));
#11246=CARTESIAN_POINT('Ctrl Pts',(10.5892370564126,8.16725691850489,-0.218905177882146));
#11247=CARTESIAN_POINT('Ctrl Pts',(10.5876538645971,8.15929738050714,-0.257810497137248));
#11248=CARTESIAN_POINT('Ctrl Pts',(10.5875730200886,8.15889093263988,-0.296812580453934));
#11249=CARTESIAN_POINT('Ctrl Pts',(10.4984563031069,8.48247634290853,0.));
#11250=CARTESIAN_POINT('Ctrl Pts',(10.4933486744712,8.44371206498491,1.65758697671587E-18));
#11251=CARTESIAN_POINT('Ctrl Pts',(10.4882430052979,8.404962649513,-0.00770628920745187));
#11252=CARTESIAN_POINT('Ctrl Pts',(10.4835193325631,8.36911153870924,-0.0225454189263994));
#11253=CARTESIAN_POINT('Ctrl Pts',(10.4787956598283,8.33326042790549,-0.037384548645347));
#11254=CARTESIAN_POINT('Ctrl Pts',(10.4744576078596,8.30033511282407,-0.059345139887462));
#11255=CARTESIAN_POINT('Ctrl Pts',(10.4708280766177,8.27278564975444,-0.0867930374454711));
#11256=CARTESIAN_POINT('Ctrl Pts',(10.4671985453757,8.24523618668481,-0.11424093500348));
#11257=CARTESIAN_POINT('Ctrl Pts',(10.4642803196884,8.22308370088429,-0.147155091192679));
#11258=CARTESIAN_POINT('Ctrl Pts',(10.4622906157966,8.20797661535692,-0.183086262219668));
#11259=CARTESIAN_POINT('Ctrl Pts',(10.4603009119047,8.19286952982956,-0.219017433246657));
#11260=CARTESIAN_POINT('Ctrl Pts',(10.4592412564494,8.18481942887691,-0.257938066252958));
#11261=CARTESIAN_POINT('Ctrl Pts',(10.4591905243542,8.18442534157305,-0.296951956806431));
#11262=CARTESIAN_POINT('Ctrl Pts',(10.3479282665309,8.49730140416283,0.));
#11263=CARTESIAN_POINT('Ctrl Pts',(10.3453729748208,8.45827217684068,1.35020617323307E-19));
#11264=CARTESIAN_POINT('Ctrl Pts',(10.3428186656566,8.41925793415528,-0.00771161832274738));
#11265=CARTESIAN_POINT('Ctrl Pts',(10.3404556809928,8.38316378540591,-0.0225606265299807));
#11266=CARTESIAN_POINT('Ctrl Pts',(10.338092696329,8.34706963665654,-0.0374096347372141));
#11267=CARTESIAN_POINT('Ctrl Pts',(10.3359228533678,8.31392329736794,-0.0593846307649666));
#11268=CARTESIAN_POINT('Ctrl Pts',(10.3341078444197,8.28619293663252,-0.0868492955565296));
#11269=CARTESIAN_POINT('Ctrl Pts',(10.3322928354716,8.25846257589711,-0.114313960348092));
#11270=CARTESIAN_POINT('Ctrl Pts',(10.33083405633,8.23616948696589,-0.147247204690688));
#11271=CARTESIAN_POINT('Ctrl Pts',(10.3298402122669,8.22097367605784,-0.183196727859393));
#11272=CARTESIAN_POINT('Ctrl Pts',(10.3288463682039,8.20577786514979,-0.219146251028097));
#11273=CARTESIAN_POINT('Ctrl Pts',(10.3283182235138,8.1976910006521,-0.258084448561811));
#11274=CARTESIAN_POINT('Ctrl Pts',(10.3282951344711,8.19731525415099,-0.297111873957182));
#11275=CARTESIAN_POINT('Ctrl Pts',(10.1973952981081,8.49730140416283,0.));
#11276=CARTESIAN_POINT('Ctrl Pts',(10.1973952981081,8.45825739345923,0.));
#11277=CARTESIAN_POINT('Ctrl Pts',(10.1973952981081,8.41922839573188,-0.00771753366586646));
#11278=CARTESIAN_POINT('Ctrl Pts',(10.1973952981081,8.38312277298039,-0.0225775059925645));
#11279=CARTESIAN_POINT('Ctrl Pts',(10.1973952981081,8.34701715022891,-0.0374374783192626));
#11280=CARTESIAN_POINT('Ctrl Pts',(10.1973952981081,8.31386266870205,-0.0594284615662692));
#11281=CARTESIAN_POINT('Ctrl Pts',(10.1973952981081,8.28612993332959,-0.0869117321246296));
#11282=CARTESIAN_POINT('Ctrl Pts',(10.1973952981081,8.25839719795713,-0.11439500268299));
#11283=CARTESIAN_POINT('Ctrl Pts',(10.1973952981081,8.23610753599977,-0.147349425137526));
#11284=CARTESIAN_POINT('Ctrl Pts',(10.1973952981081,8.22092192800009,-0.183319302556037));
#11285=CARTESIAN_POINT('Ctrl Pts',(10.1973952981081,8.2057363200004,-0.219289179974549));
#11286=CARTESIAN_POINT('Ctrl Pts',(10.1973952981081,8.19766644412199,-0.258246850500288));
#11287=CARTESIAN_POINT('Ctrl Pts',(10.1973952981081,8.19731365119916,-0.297289267292496));
#11288=CARTESIAN_POINT('',(11.6115711764232,7.61157117642323,-0.296166601527259));
#11289=CARTESIAN_POINT('Origin',(11.8236858919148,7.82368589191481,-0.299999999999999));
#11290=CARTESIAN_POINT('Origin',(10.1974502685803,6.1974249355127,-0.299999376363818));
#11291=CARTESIAN_POINT('Ctrl Pts',(6.4152484775465,-8.49730140416283,0.));
#11292=CARTESIAN_POINT('Ctrl Pts',(6.4152484775465,-8.45825739345923,5.64688631502867E-19));
#11293=CARTESIAN_POINT('Ctrl Pts',(6.4152484775465,-8.41922839573188,-0.00771753366586652));
#11294=CARTESIAN_POINT('Ctrl Pts',(6.4152484775465,-8.38312277298039,-0.0225775059925646));
#11295=CARTESIAN_POINT('Ctrl Pts',(6.4152484775465,-8.34701715022891,-0.0374374783192627));
#11296=CARTESIAN_POINT('Ctrl Pts',(6.4152484775465,-8.31386266870204,-0.0594284615662693));
#11297=CARTESIAN_POINT('Ctrl Pts',(6.4152484775465,-8.28612993332959,-0.0869117321246297));
#11298=CARTESIAN_POINT('Ctrl Pts',(6.4152484775465,-8.25839719795713,-0.11439500268299));
#11299=CARTESIAN_POINT('Ctrl Pts',(6.4152484775465,-8.23610753599977,-0.147349425137526));
#11300=CARTESIAN_POINT('Ctrl Pts',(6.4152484775465,-8.22092192800009,-0.183319302556037));
#11301=CARTESIAN_POINT('Ctrl Pts',(6.4152484775465,-8.2057363200004,-0.219289179974549));
#11302=CARTESIAN_POINT('Ctrl Pts',(6.4152484775465,-8.19766644412199,-0.258246850500288));
#11303=CARTESIAN_POINT('Ctrl Pts',(6.4152484775465,-8.19731365119916,-0.297289267292496));
#11304=CARTESIAN_POINT('Ctrl Pts',(6.53043602764642,-8.49730140416283,0.));
#11305=CARTESIAN_POINT('Ctrl Pts',(6.52793741231055,-8.45826323385469,6.21497840302331E-19));
#11306=CARTESIAN_POINT('Ctrl Pts',(6.52543975772775,-8.41924006532686,-0.00771519672128975));
#11307=CARTESIAN_POINT('Ctrl Pts',(6.52312918406761,-8.38313897555114,-0.0225708375089704));
#11308=CARTESIAN_POINT('Ctrl Pts',(6.52081861040748,-8.34703788577542,-0.037426478296651));
#11309=CARTESIAN_POINT('Ctrl Pts',(6.51869689456675,-8.31388662096129,-0.0594111455541062));
#11310=CARTESIAN_POINT('Ctrl Pts',(6.51692214252006,-8.28615482372464,-0.0868870656266302));
#11311=CARTESIAN_POINT('Ctrl Pts',(6.51514739047337,-8.25842302648798,-0.114362985699154));
#11312=CARTESIAN_POINT('Ctrl Pts',(6.51372096705543,-8.23613201065346,-0.147309041424517));
#11313=CARTESIAN_POINT('Ctrl Pts',(6.51274916645533,-8.22094237184256,-0.183270877592886));
#11314=CARTESIAN_POINT('Ctrl Pts',(6.51177736585522,-8.20575273303166,-0.219232713761254));
#11315=CARTESIAN_POINT('Ctrl Pts',(6.51126093541518,-8.19767614554568,-0.258182691190889));
#11316=CARTESIAN_POINT('Ctrl Pts',(6.51123835848747,-8.1973142844692,-0.297219185408053));
#11317=CARTESIAN_POINT('Ctrl Pts',(6.64562060875079,-8.4862104557465,0.));
#11318=CARTESIAN_POINT('Ctrl Pts',(6.64062454833543,-8.44741728899019,3.94832796725466E-19));
#11319=CARTESIAN_POINT('Ctrl Pts',(6.63563040724529,-8.40863902304081,-0.00771341728224839));
#11320=CARTESIAN_POINT('Ctrl Pts',(6.63101017423856,-8.37276384179106,-0.0225657597304046));
#11321=CARTESIAN_POINT('Ctrl Pts',(6.62638994123183,-8.3368886605413,-0.0374181021785608));
#11322=CARTESIAN_POINT('Ctrl Pts',(6.62214716619745,-8.30394412395576,-0.0593979599116318));
#11323=CARTESIAN_POINT('Ctrl Pts',(6.6185978723718,-8.27638392298626,-0.086868282250415));
#11324=CARTESIAN_POINT('Ctrl Pts',(6.61504857854614,-8.24882372201675,-0.114338604589198));
#11325=CARTESIAN_POINT('Ctrl Pts',(6.61219549297767,-8.22666902890959,-0.147278288255811));
#11326=CARTESIAN_POINT('Ctrl Pts',(6.61025112784337,-8.21156991303242,-0.183233999279202));
#11327=CARTESIAN_POINT('Ctrl Pts',(6.60830676270906,-8.19647079715526,-0.219189710302592));
#11328=CARTESIAN_POINT('Ctrl Pts',(6.60727261193384,-8.18843885792333,-0.2581338267511));
#11329=CARTESIAN_POINT('Ctrl Pts',(6.60722570428385,-8.18807230979079,-0.297165806979227));
#11330=CARTESIAN_POINT('Ctrl Pts',(6.75869129537031,-8.46423181672394,0.));
#11331=CARTESIAN_POINT('Ctrl Pts',(6.75124390255215,-8.42591816961363,4.2351647362715E-19));
#11332=CARTESIAN_POINT('Ctrl Pts',(6.7437993694871,-8.38761923470858,-0.00771222735955976));
#11333=CARTESIAN_POINT('Ctrl Pts',(6.73691207929844,-8.35218707579371,-0.0225623641659759));
#11334=CARTESIAN_POINT('Ctrl Pts',(6.73002478910978,-8.31675491687884,-0.0374125009723919));
#11335=CARTESIAN_POINT('Ctrl Pts',(6.72370003115179,-8.28421674541709,-0.0593891425029565));
#11336=CARTESIAN_POINT('Ctrl Pts',(6.71840880058832,-8.25699562984848,-0.0868557214855159));
#11337=CARTESIAN_POINT('Ctrl Pts',(6.71311757002485,-8.22977451427987,-0.114322300468075));
#11338=CARTESIAN_POINT('Ctrl Pts',(6.70886393045599,-8.20789136008687,-0.14725772290726));
#11339=CARTESIAN_POINT('Ctrl Pts',(6.7059646439901,-8.19297577268094,-0.183209337683309));
#11340=CARTESIAN_POINT('Ctrl Pts',(6.70306535752421,-8.178060185275,-0.219160952459358));
#11341=CARTESIAN_POINT('Ctrl Pts',(6.7015226507777,-8.1701236196441,-0.258101149173609));
#11342=CARTESIAN_POINT('Ctrl Pts',(6.70145140678983,-8.16975709983286,-0.2971301102436));
#11343=CARTESIAN_POINT('Ctrl Pts',(6.87176198198984,-8.44225317770137,0.));
#11344=CARTESIAN_POINT('Ctrl Pts',(6.86186325676887,-8.40441905023708,4.52200150528834E-19));
#11345=CARTESIAN_POINT('Ctrl Pts',(6.85196833172891,-8.36659944637634,-0.00771103743687112));
#11346=CARTESIAN_POINT('Ctrl Pts',(6.84281398435831,-8.33161030979636,-0.0225589686015471));
#11347=CARTESIAN_POINT('Ctrl Pts',(6.83365963698772,-8.29662117321638,-0.0374068997662231));
#11348=CARTESIAN_POINT('Ctrl Pts',(6.82525289610613,-8.26448936687843,-0.0593803250942812));
#11349=CARTESIAN_POINT('Ctrl Pts',(6.81821972880484,-8.23760733671071,-0.0868431607206168));
#11350=CARTESIAN_POINT('Ctrl Pts',(6.81118656150355,-8.21072530654298,-0.114305996346952));
#11351=CARTESIAN_POINT('Ctrl Pts',(6.8055323679343,-8.18911369126415,-0.147237157558709));
#11352=CARTESIAN_POINT('Ctrl Pts',(6.80167816013683,-8.17438163232945,-0.183184676087417));
#11353=CARTESIAN_POINT('Ctrl Pts',(6.79782395233937,-8.15964957339474,-0.219132194616124));
#11354=CARTESIAN_POINT('Ctrl Pts',(6.79577268962157,-8.15180838136487,-0.258068471596118));
#11355=CARTESIAN_POINT('Ctrl Pts',(6.79567710929582,-8.15144188987492,-0.297094413507973));
#11356=CARTESIAN_POINT('Ctrl Pts',(6.98271366352226,-8.4093878414696,0.));
#11357=CARTESIAN_POINT('Ctrl Pts',(6.97040981916815,-8.37226772813107,1.41172157875717E-18));
#11358=CARTESIAN_POINT('Ctrl Pts',(6.95811069725569,-8.33516186217443,-0.00771043707931584));
#11359=CARTESIAN_POINT('Ctrl Pts',(6.9467319894329,-8.30083284175841,-0.0225572553918156));
#11360=CARTESIAN_POINT('Ctrl Pts',(6.93535328161011,-8.26650382134238,-0.0374040737043154));
#11361=CARTESIAN_POINT('Ctrl Pts',(6.92490372259148,-8.23497799868521,-0.0593758762863918));
#11362=CARTESIAN_POINT('Ctrl Pts',(6.91616130075593,-8.20860252773085,-0.086836823095185));
#11363=CARTESIAN_POINT('Ctrl Pts',(6.90741887892038,-8.18222705677649,-0.114297769903978));
#11364=CARTESIAN_POINT('Ctrl Pts',(6.90039030527235,-8.1610221843062,-0.147226780907066));
#11365=CARTESIAN_POINT('Ctrl Pts',(6.89559886970462,-8.14656665104282,-0.183172232275706));
#11366=CARTESIAN_POINT('Ctrl Pts',(6.8908074341369,-8.13211111777945,-0.219117683644346));
#11367=CARTESIAN_POINT('Ctrl Pts',(6.88825681473158,-8.1244160203218,-0.258051982328467));
#11368=CARTESIAN_POINT('Ctrl Pts',(6.88813690967031,-8.12405427245372,-0.297076400078977));
#11369=CARTESIAN_POINT('Ctrl Pts',(7.08951298853824,-8.36623811326165,0.));
#11370=CARTESIAN_POINT('Ctrl Pts',(7.07489349011023,-8.33005358489894,1.41172157875717E-18));
#11371=CARTESIAN_POINT('Ctrl Pts',(7.06027960291447,-8.29388294482341,-0.00771043707931584));
#11372=CARTESIAN_POINT('Ctrl Pts',(7.04675935701893,-8.2604191619524,-0.0225572553918156));
#11373=CARTESIAN_POINT('Ctrl Pts',(7.03323911112339,-8.22695537908139,-0.0374040737043154));
#11374=CARTESIAN_POINT('Ctrl Pts',(7.02082288516591,-8.19622414144499,-0.0593758762863918));
#11375=CARTESIAN_POINT('Ctrl Pts',(7.01043508940034,-8.17051344470967,-0.086836823095185));
#11376=CARTESIAN_POINT('Ctrl Pts',(7.00004729363478,-8.14480274797434,-0.114297769903978));
#11377=CARTESIAN_POINT('Ctrl Pts',(6.99169590211508,-8.12413232861621,-0.147226780907066));
#11378=CARTESIAN_POINT('Ctrl Pts',(6.9860026908931,-8.11004113636697,-0.183172232275706));
#11379=CARTESIAN_POINT('Ctrl Pts',(6.98030947967113,-8.09594994411773,-0.219117683644346));
#11380=CARTESIAN_POINT('Ctrl Pts',(6.97727881906512,-8.08844879589464,-0.258051982328467));
#11381=CARTESIAN_POINT('Ctrl Pts',(6.97713634718362,-8.08809616561376,-0.297076400078977));
#11382=CARTESIAN_POINT('',(6.97713634718362,-8.08809616561376,-0.297076400078977));
#11383=CARTESIAN_POINT('Origin',(7.08951298853824,-8.36623811326165,-0.299999999999999));
#11384=CARTESIAN_POINT('',(6.4152484775465,-8.19731365119916,-0.297289267292492));
#11385=CARTESIAN_POINT('Origin',(6.41526208388721,-6.69740571898267,-0.299999625425903));
#11386=CARTESIAN_POINT('Origin',(6.4152484775465,-8.49730140416283,-0.3));
#11387=CARTESIAN_POINT('Origin',(12.4973014041628,-3.13632877756856,-0.299999999999999));
#11388=CARTESIAN_POINT('',(12.1973136511992,-2.56217348106458,-0.297289267292497));
#11389=CARTESIAN_POINT('Origin',(12.4973014041628,-2.56217348106458,-0.3));
#11390=CARTESIAN_POINT('',(12.1973136511992,6.19739529810807,-0.297289267292492));
#11391=CARTESIAN_POINT('Origin',(12.4973014041628,6.19739529810807,-0.299999999999999));
#11392=CARTESIAN_POINT('',(12.1973136511992,6.2000816469089,-0.297289267292496));
#11393=CARTESIAN_POINT('Ctrl Pts',(-10.1973952981081,8.49730140416283,0.));
#11394=CARTESIAN_POINT('Ctrl Pts',(-10.1973952981081,8.45825739345923,-4.94102552565008E-19));
#11395=CARTESIAN_POINT('Ctrl Pts',(-10.1973952981081,8.41922839573188,-0.00771753366586653));
#11396=CARTESIAN_POINT('Ctrl Pts',(-10.1973952981081,8.38312277298039,-0.0225775059925647));
#11397=CARTESIAN_POINT('Ctrl Pts',(-10.1973952981081,8.34701715022891,-0.0374374783192628));
#11398=CARTESIAN_POINT('Ctrl Pts',(-10.1973952981081,8.31386266870204,-0.0594284615662696));
#11399=CARTESIAN_POINT('Ctrl Pts',(-10.1973952981081,8.28612993332959,-0.08691173212463));
#11400=CARTESIAN_POINT('Ctrl Pts',(-10.1973952981081,8.25839719795713,-0.11439500268299));
#11401=CARTESIAN_POINT('Ctrl Pts',(-10.1973952981081,8.23610753599977,-0.147349425137526));
#11402=CARTESIAN_POINT('Ctrl Pts',(-10.1973952981081,8.22092192800009,-0.183319302556038));
#11403=CARTESIAN_POINT('Ctrl Pts',(-10.1973952981081,8.2057363200004,-0.21928917997455));
#11404=CARTESIAN_POINT('Ctrl Pts',(-10.1973952981081,8.19766644412199,-0.258246850500289));
#11405=CARTESIAN_POINT('Ctrl Pts',(-10.1973952981081,8.19731365119916,-0.297289267292497));
#11406=CARTESIAN_POINT('Ctrl Pts',(-10.3479282665309,8.49730140416283,0.));
#11407=CARTESIAN_POINT('Ctrl Pts',(-10.3453729748208,8.45827217684068,-4.843056227922E-19));
#11408=CARTESIAN_POINT('Ctrl Pts',(-10.3428186656566,8.41925793415528,-0.00771161832274745));
#11409=CARTESIAN_POINT('Ctrl Pts',(-10.3404556809928,8.38316378540591,-0.0225606265299809));
#11410=CARTESIAN_POINT('Ctrl Pts',(-10.338092696329,8.34706963665654,-0.0374096347372143));
#11411=CARTESIAN_POINT('Ctrl Pts',(-10.3359228533678,8.31392329736793,-0.059384630764967));
#11412=CARTESIAN_POINT('Ctrl Pts',(-10.3341078444197,8.28619293663252,-0.08684929555653));
#11413=CARTESIAN_POINT('Ctrl Pts',(-10.3322928354716,8.25846257589711,-0.114313960348093));
#11414=CARTESIAN_POINT('Ctrl Pts',(-10.33083405633,8.23616948696589,-0.147247204690689));
#11415=CARTESIAN_POINT('Ctrl Pts',(-10.3298402122669,8.22097367605784,-0.183196727859394));
#11416=CARTESIAN_POINT('Ctrl Pts',(-10.3288463682039,8.20577786514979,-0.219146251028098));
#11417=CARTESIAN_POINT('Ctrl Pts',(-10.3283182235138,8.1976910006521,-0.258084448561813));
#11418=CARTESIAN_POINT('Ctrl Pts',(-10.3282951344711,8.19731525415099,-0.297111873957184));
#11419=CARTESIAN_POINT('Ctrl Pts',(-10.4984563031069,8.48247634290853,0.));
#11420=CARTESIAN_POINT('Ctrl Pts',(-10.4933486744712,8.44371206498491,-9.93227349794533E-19));
#11421=CARTESIAN_POINT('Ctrl Pts',(-10.4882430052979,8.404962649513,-0.00770628920745193));
#11422=CARTESIAN_POINT('Ctrl Pts',(-10.4835193325631,8.36911153870924,-0.0225454189263996));
#11423=CARTESIAN_POINT('Ctrl Pts',(-10.4787956598283,8.33326042790548,-0.0373845486453472));
#11424=CARTESIAN_POINT('Ctrl Pts',(-10.4744576078596,8.30033511282407,-0.0593451398874623));
#11425=CARTESIAN_POINT('Ctrl Pts',(-10.4708280766177,8.27278564975444,-0.0867930374454715));
#11426=CARTESIAN_POINT('Ctrl Pts',(-10.4671985453757,8.24523618668481,-0.114240935003481));
#11427=CARTESIAN_POINT('Ctrl Pts',(-10.4642803196884,8.22308370088429,-0.14715509119268));
#11428=CARTESIAN_POINT('Ctrl Pts',(-10.4622906157966,8.20797661535692,-0.183086262219669));
#11429=CARTESIAN_POINT('Ctrl Pts',(-10.4603009119047,8.19286952982956,-0.219017433246658));
#11430=CARTESIAN_POINT('Ctrl Pts',(-10.4592412564494,8.18481942887691,-0.257938066252959));
#11431=CARTESIAN_POINT('Ctrl Pts',(-10.4591905243542,8.18442534157305,-0.296951956806432));
#11432=CARTESIAN_POINT('Ctrl Pts',(-10.6460947248629,8.45311032429678,0.));
#11433=CARTESIAN_POINT('Ctrl Pts',(-10.6384856378935,8.4148554418079,-9.88205105130017E-19));
#11434=CARTESIAN_POINT('Ctrl Pts',(-10.6308794648797,8.37661520930641,-0.00770164645519803));
#11435=CARTESIAN_POINT('Ctrl Pts',(-10.6238418753676,8.34123354513633,-0.0225321694790053));
#11436=CARTESIAN_POINT('Ctrl Pts',(-10.6168042858555,8.30585188096625,-0.0373626925028127));
#11437=CARTESIAN_POINT('Ctrl Pts',(-10.610340670038,8.27335588446236,-0.059310733180434));
#11438=CARTESIAN_POINT('Ctrl Pts',(-10.6049317257139,8.24616227630127,-0.0867440201731505));
#11439=CARTESIAN_POINT('Ctrl Pts',(-10.5995227813897,8.21896866814018,-0.114177307165867));
#11440=CARTESIAN_POINT('Ctrl Pts',(-10.5951726513487,8.19709827630466,-0.147074828917377));
#11441=CARTESIAN_POINT('Ctrl Pts',(-10.5922048538807,8.18217759740478,-0.182990003399762));
#11442=CARTESIAN_POINT('Ctrl Pts',(-10.5892370564126,8.16725691850489,-0.218905177882147));
#11443=CARTESIAN_POINT('Ctrl Pts',(-10.5876538645971,8.15929738050714,-0.257810497137249));
#11444=CARTESIAN_POINT('Ctrl Pts',(-10.5875730200887,8.15889093263988,-0.296812580453936));
#11445=CARTESIAN_POINT('Ctrl Pts',(-10.7937331466189,8.42374430568503,0.));
#11446=CARTESIAN_POINT('Ctrl Pts',(-10.7836226013158,8.38599881863089,-9.83182860465501E-19));
#11447=CARTESIAN_POINT('Ctrl Pts',(-10.7735159244616,8.34826776909983,-0.00769700370294413));
#11448=CARTESIAN_POINT('Ctrl Pts',(-10.7641644181722,8.31335555156342,-0.0225189200316111));
#11449=CARTESIAN_POINT('Ctrl Pts',(-10.7548129118828,8.27844333402701,-0.0373408363602781));
#11450=CARTESIAN_POINT('Ctrl Pts',(-10.7462237322163,8.24637665610065,-0.0592763264734056));
#11451=CARTESIAN_POINT('Ctrl Pts',(-10.7390353748101,8.21953890284811,-0.0866950029008294));
#11452=CARTESIAN_POINT('Ctrl Pts',(-10.7318470174038,8.19270114959556,-0.114113679328253));
#11453=CARTESIAN_POINT('Ctrl Pts',(-10.726064983009,8.17111285172504,-0.146994566642073));
#11454=CARTESIAN_POINT('Ctrl Pts',(-10.7221190919648,8.15637857945262,-0.182893744579855));
#11455=CARTESIAN_POINT('Ctrl Pts',(-10.7181732009206,8.14164430718021,-0.218792922517636));
#11456=CARTESIAN_POINT('Ctrl Pts',(-10.7160664727448,8.13377533213736,-0.25768292802154));
#11457=CARTESIAN_POINT('Ctrl Pts',(-10.7159555158231,8.1333565237067,-0.296673204101439));
#11458=CARTESIAN_POINT('Ctrl Pts',(-10.9384746537695,8.37983878167954,0.));
#11459=CARTESIAN_POINT('Ctrl Pts',(-10.9259136385042,8.34284710550797,-1.34934133782017E-18));
#11460=CARTESIAN_POINT('Ctrl Pts',(-10.9133574237375,8.30586956413619,-0.00769304751953692));
#11461=CARTESIAN_POINT('Ctrl Pts',(-10.9017388756088,8.27165317451702,-0.0225076293341909));
#11462=CARTESIAN_POINT('Ctrl Pts',(-10.8901203274801,8.23743678489786,-0.0373222111488449));
#11463=CARTESIAN_POINT('Ctrl Pts',(-10.8794483266133,8.20600769571551,-0.059247005488272));
#11464=CARTESIAN_POINT('Ctrl Pts',(-10.8705157511836,8.17970073616469,-0.0866532287029469));
#11465=CARTESIAN_POINT('Ctrl Pts',(-10.8615831757539,8.15339377661387,-0.114059451917622));
#11466=CARTESIAN_POINT('Ctrl Pts',(-10.8543968533661,8.13222905087425,-0.146926159307421));
#11467=CARTESIAN_POINT('Ctrl Pts',(-10.8494906931667,8.11777886106738,-0.18281169710998));
#11468=CARTESIAN_POINT('Ctrl Pts',(-10.8445845329673,8.10332867126051,-0.218697234912539));
#11469=CARTESIAN_POINT('Ctrl Pts',(-10.8419622849765,8.09560406044528,-0.25757417826676));
#11470=CARTESIAN_POINT('Ctrl Pts',(-10.8418187697071,8.09517888093317,-0.296554375438475));
#11471=CARTESIAN_POINT('Ctrl Pts',(-11.0775454549955,8.3222351471487,0.));
#11472=CARTESIAN_POINT('Ctrl Pts',(-11.0626307623353,8.28622703281365,-1.34113549981931E-18));
#11473=CARTESIAN_POINT('Ctrl Pts',(-11.047721764157,8.25023266650294,-0.00768985203941337));
#11474=CARTESIAN_POINT('Ctrl Pts',(-11.0339255993411,8.21692498183316,-0.0224985094203951));
#11475=CARTESIAN_POINT('Ctrl Pts',(-11.0201294345253,8.18361729716337,-0.0373071668013768));
#11476=CARTESIAN_POINT('Ctrl Pts',(-11.0074566379201,8.15302172811614,-0.0592233215292823));
#11477=CARTESIAN_POINT('Ctrl Pts',(-10.9968482885758,8.12741029482705,-0.0866194848406497));
#11478=CARTESIAN_POINT('Ctrl Pts',(-10.9862399392315,8.10179886153795,-0.114015648152017));
#11479=CARTESIAN_POINT('Ctrl Pts',(-10.9777041377581,8.08119112107708,-0.146870900144384));
#11480=CARTESIAN_POINT('Ctrl Pts',(-10.9718747508697,8.06711739965618,-0.182745417130514));
#11481=CARTESIAN_POINT('Ctrl Pts',(-10.9660453639814,8.05304367823527,-0.218619934116643));
#11482=CARTESIAN_POINT('Ctrl Pts',(-10.9629268430388,8.04551472264671,-0.25748632206374));
#11483=CARTESIAN_POINT('Ctrl Pts',(-10.9627507687119,8.04508963145378,-0.296458371668868));
#11484=CARTESIAN_POINT('Ctrl Pts',(-11.2166162562215,8.26463151261786,0.));
#11485=CARTESIAN_POINT('Ctrl Pts',(-11.1993478861663,8.22960696011934,-1.33292966181844E-18));
#11486=CARTESIAN_POINT('Ctrl Pts',(-11.1820861045764,8.19459576886969,-0.00768665655928981));
#11487=CARTESIAN_POINT('Ctrl Pts',(-11.1661123230734,8.16219678914929,-0.0224893895065993));
#11488=CARTESIAN_POINT('Ctrl Pts',(-11.1501385415704,8.12979780942888,-0.0372921224539088));
#11489=CARTESIAN_POINT('Ctrl Pts',(-11.1354649492268,8.10003576051678,-0.0591996375702927));
#11490=CARTESIAN_POINT('Ctrl Pts',(-11.1231808259679,8.0751198534894,-0.0865857409783524));
#11491=CARTESIAN_POINT('Ctrl Pts',(-11.110896702709,8.05020394646203,-0.113971844386412));
#11492=CARTESIAN_POINT('Ctrl Pts',(-11.10101142215,8.03015319127992,-0.146815640981347));
#11493=CARTESIAN_POINT('Ctrl Pts',(-11.0942588085727,8.01645593824497,-0.182679137151047));
#11494=CARTESIAN_POINT('Ctrl Pts',(-11.0875061949955,8.00275868521003,-0.218542633320747));
#11495=CARTESIAN_POINT('Ctrl Pts',(-11.0838914011011,7.99542538484813,-0.257398465860721));
#11496=CARTESIAN_POINT('Ctrl Pts',(-11.0836827677167,7.99500038197438,-0.296362367899262));
#11497=CARTESIAN_POINT('Ctrl Pts',(-11.3500094753521,8.19333261569674,0.));
#11498=CARTESIAN_POINT('Ctrl Pts',(-11.3304843219852,8.15952132758364,-2.26061742576997E-18));
#11499=CARTESIAN_POINT('Ctrl Pts',(-11.3109666129845,8.12572292991012,-0.00768422192238633));
#11500=CARTESIAN_POINT('Ctrl Pts',(-11.2929047361052,8.09444548740977,-0.022482440780719));
#11501=CARTESIAN_POINT('Ctrl Pts',(-11.2748428592259,8.06316804490943,-0.0372806596390516));
#11502=CARTESIAN_POINT('Ctrl Pts',(-11.2582505873917,8.03443540642138,-0.0591815916945505));
#11503=CARTESIAN_POINT('Ctrl Pts',(-11.2443592148893,8.01037972384481,-0.0865600289771328));
#11504=CARTESIAN_POINT('Ctrl Pts',(-11.2304678423868,7.98632404126824,-0.113938466259715));
#11505=CARTESIAN_POINT('Ctrl Pts',(-11.2192879619591,7.96696365689944,-0.14677353253153));
#11506=CARTESIAN_POINT('Ctrl Pts',(-11.2116492202882,7.95373523939547,-0.182628627764717));
#11507=CARTESIAN_POINT('Ctrl Pts',(-11.2040104786172,7.9405068218915,-0.218483722997905));
#11508=CARTESIAN_POINT('Ctrl Pts',(-11.1999187005584,7.93342045783262,-0.257331507447027));
#11509=CARTESIAN_POINT('Ctrl Pts',(-11.1996775325205,7.93300200238542,-0.296289193769793));
#11510=CARTESIAN_POINT('Ctrl Pts',(-11.4751687969213,8.10970481124273,0.));
#11511=CARTESIAN_POINT('Ctrl Pts',(-11.4535258519125,8.07731347523021,-2.25875452601147E-18));
#11512=CARTESIAN_POINT('Ctrl Pts',(-11.4318911549062,8.0449344833705,-0.00768259366525917));
#11513=CARTESIAN_POINT('Ctrl Pts',(-11.4118698287273,8.01497009989985,-0.0224777935148972));
#11514=CARTESIAN_POINT('Ctrl Pts',(-11.3918485025484,7.9850057164292,-0.0372729933645352));
#11515=CARTESIAN_POINT('Ctrl Pts',(-11.3734558072226,7.95747877985778,-0.0591695226665356));
#11516=CARTESIAN_POINT('Ctrl Pts',(-11.3580563347785,7.93443157042536,-0.0865428327175996));
#11517=CARTESIAN_POINT('Ctrl Pts',(-11.3426568623344,7.91138436099294,-0.113916142768664));
#11518=CARTESIAN_POINT('Ctrl Pts',(-11.3302623500738,7.89283444501881,-0.146745369945117));
#11519=CARTESIAN_POINT('Ctrl Pts',(-11.3217923724434,7.88015807905607,-0.182594846123293));
#11520=CARTESIAN_POINT('Ctrl Pts',(-11.3133223948131,7.86748171309333,-0.218444322301469));
#11521=CARTESIAN_POINT('Ctrl Pts',(-11.3087834075331,7.86068855892305,-0.257286723420869));
#11522=CARTESIAN_POINT('Ctrl Pts',(-11.3085121674381,7.86028261467419,-0.296240251571822));
#11523=CARTESIAN_POINT('Ctrl Pts',(-11.6003281184905,8.02607700678871,0.));
#11524=CARTESIAN_POINT('Ctrl Pts',(-11.5765673818398,7.99510562287677,-2.25689162625296E-18));
#11525=CARTESIAN_POINT('Ctrl Pts',(-11.5528156968279,7.96414603683089,-0.007680965408132));
#11526=CARTESIAN_POINT('Ctrl Pts',(-11.5308349213495,7.93549471238993,-0.0224731462490754));
#11527=CARTESIAN_POINT('Ctrl Pts',(-11.508854145871,7.90684338794897,-0.0372653270900187));
#11528=CARTESIAN_POINT('Ctrl Pts',(-11.4886610270534,7.88052215329417,-0.0591574536385207));
#11529=CARTESIAN_POINT('Ctrl Pts',(-11.4717534546677,7.85848341700591,-0.0865256364580663));
#11530=CARTESIAN_POINT('Ctrl Pts',(-11.454845882282,7.83644468071764,-0.113893819277612));
#11531=CARTESIAN_POINT('Ctrl Pts',(-11.4412367381884,7.81870523313819,-0.146717207358704));
#11532=CARTESIAN_POINT('Ctrl Pts',(-11.4319355245987,7.80658091871667,-0.182561064481869));
#11533=CARTESIAN_POINT('Ctrl Pts',(-11.422634311009,7.79445660429515,-0.218404921605034));
#11534=CARTESIAN_POINT('Ctrl Pts',(-11.4176481145077,7.78795666001349,-0.257241939394711));
#11535=CARTESIAN_POINT('Ctrl Pts',(-11.4173468023558,7.78756322696295,-0.296191309373851));
#11536=CARTESIAN_POINT('Ctrl Pts',(-11.7172473541623,7.93012442966734,0.));
#11537=CARTESIAN_POINT('Ctrl Pts',(-11.6915079085964,7.90077962114357,-1.41172157875717E-18));
#11538=CARTESIAN_POINT('Ctrl Pts',(-11.6657782660277,7.87144598873752,-0.00768014360155164));
#11539=CARTESIAN_POINT('Ctrl Pts',(-11.6419667736289,7.84429918468839,-0.0224708006479482));
#11540=CARTESIAN_POINT('Ctrl Pts',(-11.61815528123,7.81715238063926,-0.0372614576943447));
#11541=CARTESIAN_POINT('Ctrl Pts',(-11.596280076454,7.79221308294038,-0.0591513619935459));
#11542=CARTESIAN_POINT('Ctrl Pts',(-11.577963625881,7.77133101951266,-0.0865169567133939));
#11543=CARTESIAN_POINT('Ctrl Pts',(-11.559647175308,7.75044895608494,-0.113882551433242));
#11544=CARTESIAN_POINT('Ctrl Pts',(-11.5449034307623,7.73364003300585,-0.146702991925359));
#11545=CARTESIAN_POINT('Ctrl Pts',(-11.5348259240779,7.72215095476223,-0.182544012161577));
#11546=CARTESIAN_POINT('Ctrl Pts',(-11.5247484173934,7.7106618765186,-0.218385032397795));
#11547=CARTESIAN_POINT('Ctrl Pts',(-11.5193448247081,7.70450139445674,-0.257219331912987));
#11548=CARTESIAN_POINT('Ctrl Pts',(-11.5190159262036,7.70412642664282,-0.29616660152726));
#11549=CARTESIAN_POINT('Ctrl Pts',(-11.8236858919148,7.82368589191481,0.));
#11550=CARTESIAN_POINT('Ctrl Pts',(-11.79614376487,7.79614376487001,-1.41172157875717E-18));
#11551=CARTESIAN_POINT('Ctrl Pts',(-11.7686121273826,7.76861212738262,-0.00768014360155164));
#11552=CARTESIAN_POINT('Ctrl Pts',(-11.7431329791586,7.74313297915864,-0.0224708006479482));
#11553=CARTESIAN_POINT('Ctrl Pts',(-11.7176538309346,7.71765383093465,-0.0372614576943447));
#11554=CARTESIAN_POINT('Ctrl Pts',(-11.6942465796972,7.6942465796972,-0.0591513619935459));
#11555=CARTESIAN_POINT('Ctrl Pts',(-11.6746473226968,7.67464732269683,-0.0865169567133939));
#11556=CARTESIAN_POINT('Ctrl Pts',(-11.6550480656965,7.65504806569646,-0.113882551433242));
#11557=CARTESIAN_POINT('Ctrl Pts',(-11.6392717318841,7.6392717318841,-0.146702991925359));
#11558=CARTESIAN_POINT('Ctrl Pts',(-11.62848843942,7.62848843942004,-0.182544012161577));
#11559=CARTESIAN_POINT('Ctrl Pts',(-11.617705146956,7.61770514695598,-0.218385032397795));
#11560=CARTESIAN_POINT('Ctrl Pts',(-11.6119231095824,7.6119231095824,-0.257219331912987));
#11561=CARTESIAN_POINT('Ctrl Pts',(-11.6115711764232,7.61157117642323,-0.29616660152726));
#11562=CARTESIAN_POINT('',(-11.6115711764232,7.61157117642323,-0.296166601527261));
#11563=CARTESIAN_POINT('Origin',(-11.8236858919148,7.82368589191481,-0.3));
#11564=CARTESIAN_POINT('Origin',(-10.1974502685802,6.19742493551267,-0.299999376363816));
#11565=CARTESIAN_POINT('Origin',(-6.9617444971719,-8.49730140416283,-0.299999999999999));
#11566=CARTESIAN_POINT('',(6.41633383291378,-8.19731365119916,-0.297289267292496));
#11567=CARTESIAN_POINT('Ctrl Pts',(-11.8236858919148,7.82368589191481,0.));
#11568=CARTESIAN_POINT('Ctrl Pts',(-11.79614376487,7.79614376487001,-1.41172157875717E-18));
#11569=CARTESIAN_POINT('Ctrl Pts',(-11.7686121273826,7.76861212738262,-0.00768014360155164));
#11570=CARTESIAN_POINT('Ctrl Pts',(-11.7431329791586,7.74313297915864,-0.0224708006479482));
#11571=CARTESIAN_POINT('Ctrl Pts',(-11.7176538309346,7.71765383093465,-0.0372614576943447));
#11572=CARTESIAN_POINT('Ctrl Pts',(-11.6942465796972,7.6942465796972,-0.0591513619935459));
#11573=CARTESIAN_POINT('Ctrl Pts',(-11.6746473226968,7.67464732269683,-0.0865169567133939));
#11574=CARTESIAN_POINT('Ctrl Pts',(-11.6550480656965,7.65504806569646,-0.113882551433242));
#11575=CARTESIAN_POINT('Ctrl Pts',(-11.6392717318841,7.6392717318841,-0.146702991925359));
#11576=CARTESIAN_POINT('Ctrl Pts',(-11.62848843942,7.62848843942004,-0.182544012161577));
#11577=CARTESIAN_POINT('Ctrl Pts',(-11.617705146956,7.61770514695598,-0.218385032397795));
#11578=CARTESIAN_POINT('Ctrl Pts',(-11.6119231095824,7.6119231095824,-0.257219331912987));
#11579=CARTESIAN_POINT('Ctrl Pts',(-11.6115711764232,7.61157117642323,-0.29616660152726));
#11580=CARTESIAN_POINT('Ctrl Pts',(-11.9301244296673,7.71724735416229,0.));
#11581=CARTESIAN_POINT('Ctrl Pts',(-11.9007796211436,7.69150790859645,-1.41172157875717E-18));
#11582=CARTESIAN_POINT('Ctrl Pts',(-11.8714459887375,7.66577826602773,-0.00768014360155164));
#11583=CARTESIAN_POINT('Ctrl Pts',(-11.8442991846884,7.64196677362888,-0.0224708006479482));
#11584=CARTESIAN_POINT('Ctrl Pts',(-11.8171523806393,7.61815528123004,-0.0372614576943447));
#11585=CARTESIAN_POINT('Ctrl Pts',(-11.7922130829404,7.59628007645401,-0.0591513619935459));
#11586=CARTESIAN_POINT('Ctrl Pts',(-11.7713310195127,7.57796362588099,-0.0865169567133939));
#11587=CARTESIAN_POINT('Ctrl Pts',(-11.7504489560849,7.55964717530797,-0.113882551433242));
#11588=CARTESIAN_POINT('Ctrl Pts',(-11.7336400330059,7.54490343076235,-0.146702991925359));
#11589=CARTESIAN_POINT('Ctrl Pts',(-11.7221509547622,7.53482592407785,-0.182544012161577));
#11590=CARTESIAN_POINT('Ctrl Pts',(-11.7106618765186,7.52474841739335,-0.218385032397795));
#11591=CARTESIAN_POINT('Ctrl Pts',(-11.7045013944567,7.51934482470805,-0.257219331912987));
#11592=CARTESIAN_POINT('Ctrl Pts',(-11.7041264266428,7.51901592620365,-0.29616660152726));
#11593=CARTESIAN_POINT('Ctrl Pts',(-12.0260770067887,7.60032811849052,0.));
#11594=CARTESIAN_POINT('Ctrl Pts',(-11.9951056228768,7.57656738183976,-2.25689162625296E-18));
#11595=CARTESIAN_POINT('Ctrl Pts',(-11.9641460368309,7.55281569682795,-0.007680965408132));
#11596=CARTESIAN_POINT('Ctrl Pts',(-11.9354947123899,7.53083492134945,-0.0224731462490754));
#11597=CARTESIAN_POINT('Ctrl Pts',(-11.906843387949,7.50885414587095,-0.0372653270900187));
#11598=CARTESIAN_POINT('Ctrl Pts',(-11.8805221532942,7.48866102705339,-0.0591574536385207));
#11599=CARTESIAN_POINT('Ctrl Pts',(-11.8584834170059,7.47175345466768,-0.0865256364580663));
#11600=CARTESIAN_POINT('Ctrl Pts',(-11.8364446807176,7.45484588228197,-0.113893819277612));
#11601=CARTESIAN_POINT('Ctrl Pts',(-11.8187052331382,7.44123673818839,-0.146717207358704));
#11602=CARTESIAN_POINT('Ctrl Pts',(-11.8065809187167,7.43193552459867,-0.182561064481869));
#11603=CARTESIAN_POINT('Ctrl Pts',(-11.7944566042952,7.42263431100896,-0.218404921605034));
#11604=CARTESIAN_POINT('Ctrl Pts',(-11.7879566600135,7.41764811450774,-0.257241939394711));
#11605=CARTESIAN_POINT('Ctrl Pts',(-11.787563226963,7.41734680235583,-0.296191309373851));
#11606=CARTESIAN_POINT('Ctrl Pts',(-12.1097048112427,7.47516879692129,0.));
#11607=CARTESIAN_POINT('Ctrl Pts',(-12.0773134752302,7.4535258519125,-2.25875452601147E-18));
#11608=CARTESIAN_POINT('Ctrl Pts',(-12.0449344833705,7.43189115490623,-0.00768259366525917));
#11609=CARTESIAN_POINT('Ctrl Pts',(-12.0149700998999,7.41186982872732,-0.0224777935148972));
#11610=CARTESIAN_POINT('Ctrl Pts',(-11.9850057164292,7.39184850254841,-0.0372729933645352));
#11611=CARTESIAN_POINT('Ctrl Pts',(-11.9574787798578,7.37345580722256,-0.0591695226665356));
#11612=CARTESIAN_POINT('Ctrl Pts',(-11.9344315704254,7.35805633477848,-0.0865428327175996));
#11613=CARTESIAN_POINT('Ctrl Pts',(-11.9113843609929,7.3426568623344,-0.113916142768664));
#11614=CARTESIAN_POINT('Ctrl Pts',(-11.8928344450188,7.33026235007376,-0.146745369945117));
#11615=CARTESIAN_POINT('Ctrl Pts',(-11.8801580790561,7.32179237244343,-0.182594846123293));
#11616=CARTESIAN_POINT('Ctrl Pts',(-11.8674817130933,7.31332239481309,-0.218444322301469));
#11617=CARTESIAN_POINT('Ctrl Pts',(-11.8606885589231,7.30878340753307,-0.257286723420869));
#11618=CARTESIAN_POINT('Ctrl Pts',(-11.8602826146742,7.30851216743815,-0.296240251571822));
#11619=CARTESIAN_POINT('Ctrl Pts',(-12.1933326156967,7.35000947535205,0.));
#11620=CARTESIAN_POINT('Ctrl Pts',(-12.1595213275836,7.33048432198524,-2.26061742576997E-18));
#11621=CARTESIAN_POINT('Ctrl Pts',(-12.1257229299101,7.31096661298451,-0.00768422192238633));
#11622=CARTESIAN_POINT('Ctrl Pts',(-12.0944454874098,7.29290473610518,-0.022482440780719));
#11623=CARTESIAN_POINT('Ctrl Pts',(-12.0631680449094,7.27484285922586,-0.0372806596390516));
#11624=CARTESIAN_POINT('Ctrl Pts',(-12.0344354064214,7.25825058739173,-0.0591815916945505));
#11625=CARTESIAN_POINT('Ctrl Pts',(-12.0103797238448,7.24435921488928,-0.0865600289771328));
#11626=CARTESIAN_POINT('Ctrl Pts',(-11.9863240412682,7.23046784238684,-0.113938466259715));
#11627=CARTESIAN_POINT('Ctrl Pts',(-11.9669636568994,7.21928796195914,-0.14677353253153));
#11628=CARTESIAN_POINT('Ctrl Pts',(-11.9537352393955,7.21164922028818,-0.182628627764717));
#11629=CARTESIAN_POINT('Ctrl Pts',(-11.9405068218915,7.20401047861722,-0.218483722997905));
#11630=CARTESIAN_POINT('Ctrl Pts',(-11.9334204578326,7.19991870055841,-0.257331507447027));
#11631=CARTESIAN_POINT('Ctrl Pts',(-11.9330020023854,7.19967753252047,-0.296289193769793));
#11632=CARTESIAN_POINT('Ctrl Pts',(-12.2646315126179,7.21661625622149,0.));
#11633=CARTESIAN_POINT('Ctrl Pts',(-12.2296069601193,7.19934788616634,-1.33292966181844E-18));
#11634=CARTESIAN_POINT('Ctrl Pts',(-12.1945957688697,7.18208610457642,-0.00768665655928982));
#11635=CARTESIAN_POINT('Ctrl Pts',(-12.1621967891493,7.16611232307343,-0.0224893895065993));
#11636=CARTESIAN_POINT('Ctrl Pts',(-12.1297978094289,7.15013854157044,-0.0372921224539088));
#11637=CARTESIAN_POINT('Ctrl Pts',(-12.1000357605168,7.13546494922677,-0.0591996375702927));
#11638=CARTESIAN_POINT('Ctrl Pts',(-12.0751198534894,7.12318082596788,-0.0865857409783524));
#11639=CARTESIAN_POINT('Ctrl Pts',(-12.050203946462,7.11089670270899,-0.113971844386412));
#11640=CARTESIAN_POINT('Ctrl Pts',(-12.0301531912799,7.10101142214996,-0.146815640981346));
#11641=CARTESIAN_POINT('Ctrl Pts',(-12.016455938245,7.09425880857271,-0.182679137151047));
#11642=CARTESIAN_POINT('Ctrl Pts',(-12.00275868521,7.08750619499545,-0.218542633320747));
#11643=CARTESIAN_POINT('Ctrl Pts',(-11.9954253848481,7.08389140110113,-0.257398465860721));
#11644=CARTESIAN_POINT('Ctrl Pts',(-11.9950003819744,7.08368276771667,-0.296362367899262));
#11645=CARTESIAN_POINT('Ctrl Pts',(-12.3222351471487,7.07754545499551,0.));
#11646=CARTESIAN_POINT('Ctrl Pts',(-12.2862270328137,7.06263076233525,-1.34113549981931E-18));
#11647=CARTESIAN_POINT('Ctrl Pts',(-12.2502326665029,7.04772176415697,-0.00768985203941337));
#11648=CARTESIAN_POINT('Ctrl Pts',(-12.2169249818332,7.03392559934111,-0.0224985094203951));
#11649=CARTESIAN_POINT('Ctrl Pts',(-12.1836172971634,7.02012943452525,-0.0373071668013768));
#11650=CARTESIAN_POINT('Ctrl Pts',(-12.1530217281161,7.00745663792005,-0.0592233215292823));
#11651=CARTESIAN_POINT('Ctrl Pts',(-12.127410294827,6.99684828857576,-0.0866194848406497));
#11652=CARTESIAN_POINT('Ctrl Pts',(-12.101798861538,6.98623993923146,-0.114015648152017));
#11653=CARTESIAN_POINT('Ctrl Pts',(-12.0811911210771,6.97770413775805,-0.146870900144384));
#11654=CARTESIAN_POINT('Ctrl Pts',(-12.0671173996562,6.9718747508697,-0.182745417130514));
#11655=CARTESIAN_POINT('Ctrl Pts',(-12.0530436782353,6.96604536398135,-0.218619934116643));
#11656=CARTESIAN_POINT('Ctrl Pts',(-12.0455147226467,6.96292684303879,-0.25748632206374));
#11657=CARTESIAN_POINT('Ctrl Pts',(-12.0450896314538,6.96275076871187,-0.296458371668868));
#11658=CARTESIAN_POINT('Ctrl Pts',(-12.3798387816795,6.93847465376952,0.));
#11659=CARTESIAN_POINT('Ctrl Pts',(-12.342847105508,6.92591363850417,-1.34934133782017E-18));
#11660=CARTESIAN_POINT('Ctrl Pts',(-12.3058695641362,6.91335742373751,-0.00769304751953692));
#11661=CARTESIAN_POINT('Ctrl Pts',(-12.271653174517,6.90173887560879,-0.0225076293341909));
#11662=CARTESIAN_POINT('Ctrl Pts',(-12.2374367848979,6.89012032748007,-0.0373222111488449));
#11663=CARTESIAN_POINT('Ctrl Pts',(-12.2060076957155,6.87944832661334,-0.059247005488272));
#11664=CARTESIAN_POINT('Ctrl Pts',(-12.1797007361647,6.87051575118364,-0.0866532287029469));
#11665=CARTESIAN_POINT('Ctrl Pts',(-12.1533937766139,6.86158317575394,-0.114059451917622));
#11666=CARTESIAN_POINT('Ctrl Pts',(-12.1322290508743,6.85439685336613,-0.146926159307421));
#11667=CARTESIAN_POINT('Ctrl Pts',(-12.1177788610674,6.84949069316669,-0.18281169710998));
#11668=CARTESIAN_POINT('Ctrl Pts',(-12.1033286712605,6.84458453296725,-0.218697234912539));
#11669=CARTESIAN_POINT('Ctrl Pts',(-12.0956040604453,6.84196228497645,-0.25757417826676));
#11670=CARTESIAN_POINT('Ctrl Pts',(-12.0951788809332,6.84181876970707,-0.296554375438475));
#11671=CARTESIAN_POINT('Ctrl Pts',(-12.423744305685,6.79373314661885,0.));
#11672=CARTESIAN_POINT('Ctrl Pts',(-12.3859988186309,6.78362260131579,-9.85492100517285E-19));
#11673=CARTESIAN_POINT('Ctrl Pts',(-12.3482677690998,6.77351592446161,-0.00769700370294413));
#11674=CARTESIAN_POINT('Ctrl Pts',(-12.3133555515634,6.76416441817219,-0.0225189200316111));
#11675=CARTESIAN_POINT('Ctrl Pts',(-12.278443334027,6.75481291188278,-0.0373408363602781));
#11676=CARTESIAN_POINT('Ctrl Pts',(-12.2463766561007,6.74622373221633,-0.0592763264734056));
#11677=CARTESIAN_POINT('Ctrl Pts',(-12.2195389028481,6.73903537481007,-0.0866950029008294));
#11678=CARTESIAN_POINT('Ctrl Pts',(-12.1927011495956,6.73184701740381,-0.114113679328253));
#11679=CARTESIAN_POINT('Ctrl Pts',(-12.171112851725,6.72606498300903,-0.146994566642073));
#11680=CARTESIAN_POINT('Ctrl Pts',(-12.1563785794526,6.7221190919648,-0.182893744579855));
#11681=CARTESIAN_POINT('Ctrl Pts',(-12.1416443071802,6.71817320092056,-0.218792922517636));
#11682=CARTESIAN_POINT('Ctrl Pts',(-12.1337753321374,6.71606647274477,-0.25768292802154));
#11683=CARTESIAN_POINT('Ctrl Pts',(-12.1333565237067,6.71595551582308,-0.296673204101439));
#11684=CARTESIAN_POINT('Ctrl Pts',(-12.4531103242968,6.64609472486287,0.));
#11685=CARTESIAN_POINT('Ctrl Pts',(-12.4148554418079,6.63848563789352,-9.88205105130017E-19));
#11686=CARTESIAN_POINT('Ctrl Pts',(-12.3766152093064,6.63087946487975,-0.00770164645519803));
#11687=CARTESIAN_POINT('Ctrl Pts',(-12.3412335451363,6.62384187536764,-0.0225321694790053));
#11688=CARTESIAN_POINT('Ctrl Pts',(-12.3058518809662,6.61680428585554,-0.0373626925028127));
#11689=CARTESIAN_POINT('Ctrl Pts',(-12.2733558844624,6.61034067003799,-0.059310733180434));
#11690=CARTESIAN_POINT('Ctrl Pts',(-12.2461622763013,6.60493172571386,-0.0867440201731505));
#11691=CARTESIAN_POINT('Ctrl Pts',(-12.2189686681402,6.59952278138974,-0.114177307165867));
#11692=CARTESIAN_POINT('Ctrl Pts',(-12.1970982763047,6.59517265134873,-0.147074828917377));
#11693=CARTESIAN_POINT('Ctrl Pts',(-12.1821775974048,6.59220485388068,-0.182990003399762));
#11694=CARTESIAN_POINT('Ctrl Pts',(-12.1672569185049,6.58923705641263,-0.218905177882147));
#11695=CARTESIAN_POINT('Ctrl Pts',(-12.1592973805071,6.5876538645971,-0.257810497137249));
#11696=CARTESIAN_POINT('Ctrl Pts',(-12.1588909326399,6.58757302008865,-0.296812580453936));
#11697=CARTESIAN_POINT('Ctrl Pts',(-12.4824763429085,6.49845630310688,0.));
#11698=CARTESIAN_POINT('Ctrl Pts',(-12.4437120649849,6.49334867447125,-9.90918109742748E-19));
#11699=CARTESIAN_POINT('Ctrl Pts',(-12.404962649513,6.48824300529789,-0.00770628920745193));
#11700=CARTESIAN_POINT('Ctrl Pts',(-12.3691115387092,6.48351933256309,-0.0225454189263996));
#11701=CARTESIAN_POINT('Ctrl Pts',(-12.3332604279055,6.47879565982829,-0.0373845486453472));
#11702=CARTESIAN_POINT('Ctrl Pts',(-12.3003351128241,6.47445760785965,-0.0593451398874623));
#11703=CARTESIAN_POINT('Ctrl Pts',(-12.2727856497544,6.47082807661766,-0.0867930374454715));
#11704=CARTESIAN_POINT('Ctrl Pts',(-12.2452361866848,6.46719854537567,-0.114240935003481));
#11705=CARTESIAN_POINT('Ctrl Pts',(-12.2230837008843,6.46428031968843,-0.14715509119268));
#11706=CARTESIAN_POINT('Ctrl Pts',(-12.2079766153569,6.46229061579657,-0.183086262219669));
#11707=CARTESIAN_POINT('Ctrl Pts',(-12.1928695298296,6.46030091190471,-0.219017433246658));
#11708=CARTESIAN_POINT('Ctrl Pts',(-12.1848194288769,6.45924125644942,-0.257938066252959));
#11709=CARTESIAN_POINT('Ctrl Pts',(-12.1844253415731,6.45919052435423,-0.296951956806432));
#11710=CARTESIAN_POINT('Ctrl Pts',(-12.4973014041628,6.34792826653092,0.));
#11711=CARTESIAN_POINT('Ctrl Pts',(-12.4582721768407,6.34537297482079,-2.526702605064E-18));
#11712=CARTESIAN_POINT('Ctrl Pts',(-12.4192579341553,6.34281866565658,-0.00771161832274746));
#11713=CARTESIAN_POINT('Ctrl Pts',(-12.3831637854059,6.34045568099277,-0.0225606265299809));
#11714=CARTESIAN_POINT('Ctrl Pts',(-12.3470696366565,6.33809269632897,-0.0374096347372143));
#11715=CARTESIAN_POINT('Ctrl Pts',(-12.3139232973679,6.33592285336784,-0.059384630764967));
#11716=CARTESIAN_POINT('Ctrl Pts',(-12.2861929366325,6.33410784441974,-0.08684929555653));
#11717=CARTESIAN_POINT('Ctrl Pts',(-12.2584625758971,6.33229283547165,-0.114313960348093));
#11718=CARTESIAN_POINT('Ctrl Pts',(-12.2361694869659,6.33083405632998,-0.147247204690689));
#11719=CARTESIAN_POINT('Ctrl Pts',(-12.2209736760578,6.32984021226695,-0.183196727859394));
#11720=CARTESIAN_POINT('Ctrl Pts',(-12.2057778651498,6.32884636820391,-0.219146251028098));
#11721=CARTESIAN_POINT('Ctrl Pts',(-12.1976910006521,6.32831822351379,-0.258084448561813));
#11722=CARTESIAN_POINT('Ctrl Pts',(-12.197315254151,6.32829513447107,-0.297111873957184));
#11723=CARTESIAN_POINT('Ctrl Pts',(-12.4973014041628,6.19739529810807,0.));
#11724=CARTESIAN_POINT('Ctrl Pts',(-12.4582573934592,6.19739529810807,-2.5410988417629E-18));
#11725=CARTESIAN_POINT('Ctrl Pts',(-12.4192283957319,6.19739529810807,-0.00771753366586653));
#11726=CARTESIAN_POINT('Ctrl Pts',(-12.3831227729804,6.19739529810807,-0.0225775059925647));
#11727=CARTESIAN_POINT('Ctrl Pts',(-12.3470171502289,6.19739529810807,-0.0374374783192628));
#11728=CARTESIAN_POINT('Ctrl Pts',(-12.313862668702,6.19739529810807,-0.0594284615662696));
#11729=CARTESIAN_POINT('Ctrl Pts',(-12.2861299333296,6.19739529810807,-0.08691173212463));
#11730=CARTESIAN_POINT('Ctrl Pts',(-12.2583971979571,6.19739529810807,-0.11439500268299));
#11731=CARTESIAN_POINT('Ctrl Pts',(-12.2361075359998,6.19739529810807,-0.147349425137526));
#11732=CARTESIAN_POINT('Ctrl Pts',(-12.2209219280001,6.19739529810807,-0.183319302556038));
#11733=CARTESIAN_POINT('Ctrl Pts',(-12.2057363200004,6.19739529810807,-0.21928917997455));
#11734=CARTESIAN_POINT('Ctrl Pts',(-12.197666444122,6.19739529810807,-0.258246850500289));
#11735=CARTESIAN_POINT('Ctrl Pts',(-12.1973136511992,6.19739529810807,-0.297289267292497));
#11736=CARTESIAN_POINT('Origin',(-10.1974249355127,6.19745026858025,-0.299999376363817));
#11737=CARTESIAN_POINT('Ctrl Pts',(-12.4973014041628,-2.56217348106457,
0.));
#11738=CARTESIAN_POINT('Ctrl Pts',(-12.4582573934592,-2.56217348106457,
4.94102552565008E-19));
#11739=CARTESIAN_POINT('Ctrl Pts',(-12.4192283957319,-2.56217348106457,
-0.00771753366586648));
#11740=CARTESIAN_POINT('Ctrl Pts',(-12.3831227729804,-2.56217348106457,
-0.0225775059925646));
#11741=CARTESIAN_POINT('Ctrl Pts',(-12.3470171502289,-2.56217348106457,
-0.0374374783192627));
#11742=CARTESIAN_POINT('Ctrl Pts',(-12.313862668702,-2.56217348106457,-0.0594284615662695));
#11743=CARTESIAN_POINT('Ctrl Pts',(-12.2861299333296,-2.56217348106457,
-0.0869117321246299));
#11744=CARTESIAN_POINT('Ctrl Pts',(-12.2583971979571,-2.56217348106457,
-0.11439500268299));
#11745=CARTESIAN_POINT('Ctrl Pts',(-12.2361075359998,-2.56217348106457,
-0.147349425137526));
#11746=CARTESIAN_POINT('Ctrl Pts',(-12.2209219280001,-2.56217348106457,
-0.183319302556038));
#11747=CARTESIAN_POINT('Ctrl Pts',(-12.2057363200004,-2.56217348106457,
-0.219289179974549));
#11748=CARTESIAN_POINT('Ctrl Pts',(-12.197666444122,-2.56217348106457,-0.258246850500289));
#11749=CARTESIAN_POINT('Ctrl Pts',(-12.1973136511992,-2.56217348106457,
-0.297289267292497));
#11750=CARTESIAN_POINT('Ctrl Pts',(-12.4973014041628,-2.68259688666218,
0.));
#11751=CARTESIAN_POINT('Ctrl Pts',(-12.4582638083518,-2.67998470026206,
5.54512434855254E-19));
#11752=CARTESIAN_POINT('Ctrl Pts',(-12.4192412132198,-2.67737351828469,
-0.0077149668450783));
#11753=CARTESIAN_POINT('Ctrl Pts',(-12.3831405693354,-2.67495792073159,
-0.0225701815559967));
#11754=CARTESIAN_POINT('Ctrl Pts',(-12.347039925451,-2.67254232317848,-0.037425396266915));
#11755=CARTESIAN_POINT('Ctrl Pts',(-12.3138889770525,-2.67032416771272,
-0.0594094422448741));
#11756=CARTESIAN_POINT('Ctrl Pts',(-12.2861572720967,-2.66846874679483,
-0.0868846392784982));
#11757=CARTESIAN_POINT('Ctrl Pts',(-12.2584255671408,-2.66661332587694,
-0.114359836312122));
#11758=CARTESIAN_POINT('Ctrl Pts',(-12.2361344181306,-2.66512206637826,
-0.147305069034653));
#11759=CARTESIAN_POINT('Ctrl Pts',(-12.2209443828244,-2.66410609394153,
-0.183266114216305));
#11760=CARTESIAN_POINT('Ctrl Pts',(-12.2057543475182,-2.6630901215048,-0.219227159397958));
#11761=CARTESIAN_POINT('Ctrl Pts',(-12.1976770998373,-2.66255021744166,
-0.258176380087444));
#11762=CARTESIAN_POINT('Ctrl Pts',(-12.1973143467615,-2.66252661431129,
-0.297212291723776));
#11763=CARTESIAN_POINT('Ctrl Pts',(-12.4851758532892,-2.80301662151628,
0.));
#11764=CARTESIAN_POINT('Ctrl Pts',(-12.4464061422477,-2.79779359907987,
1.80249066284943E-18));
#11765=CARTESIAN_POINT('Ctrl Pts',(-12.4076513214426,-2.79257258298077,
-0.00771300960616542));
#11766=CARTESIAN_POINT('Ctrl Pts',(-12.3717976801516,-2.7877424437123,-0.0225645963955085));
#11767=CARTESIAN_POINT('Ctrl Pts',(-12.3359440388605,-2.78291230444383,
-0.0374161831848515));
#11768=CARTESIAN_POINT('Ctrl Pts',(-12.3030191176136,-2.77847675284155,
-0.0593949390442361));
#11769=CARTESIAN_POINT('Ctrl Pts',(-12.2754750203202,-2.77476615662038,
-0.0868639789384672));
#11770=CARTESIAN_POINT('Ctrl Pts',(-12.2479309230268,-2.77105556039921,
-0.114333018832698));
#11771=CARTESIAN_POINT('Ctrl Pts',(-12.2257888073443,-2.76807277028707,
-0.147271242665153));
#11772=CARTESIAN_POINT('Ctrl Pts',(-12.2106977210801,-2.76603994976518,
-0.183225550442949));
#11773=CARTESIAN_POINT('Ctrl Pts',(-12.1956066348158,-2.76400712924329,
-0.219179858220745));
#11774=CARTESIAN_POINT('Ctrl Pts',(-12.1875781700016,-2.7629258400604,-0.258122631964613));
#11775=CARTESIAN_POINT('Ctrl Pts',(-12.1872102515782,-2.76287661855922,
-0.297153578113654));
#11776=CARTESIAN_POINT('Ctrl Pts',(-12.4611675065698,-2.92102186764566,
0.));
#11777=CARTESIAN_POINT('Ctrl Pts',(-12.4229215984547,-2.9132406794973,1.83523805238432E-18));
#11778=CARTESIAN_POINT('Ctrl Pts',(-12.384690374558,-2.90546247887548,-0.0077117004105326));
#11779=CARTESIAN_POINT('Ctrl Pts',(-12.3493206684303,-2.89826645839392,
-0.022560860461267));
#11780=CARTESIAN_POINT('Ctrl Pts',(-12.3139509623026,-2.89107043791235,
-0.0374100205120014));
#11781=CARTESIAN_POINT('Ctrl Pts',(-12.2814699337899,-2.884462123283,-0.0593852377643916));
#11782=CARTESIAN_POINT('Ctrl Pts',(-12.2542962363462,-2.87893359322796,
-0.0868501590133828));
#11783=CARTESIAN_POINT('Ctrl Pts',(-12.2271225389025,-2.87340506317293,
-0.114315080262374));
#11784=CARTESIAN_POINT('Ctrl Pts',(-12.2052770387865,-2.86896056296428,
-0.147248615623041));
#11785=CARTESIAN_POINT('Ctrl Pts',(-12.1903864300018,-2.86593104596996,
-0.183198416364434));
#11786=CARTESIAN_POINT('Ctrl Pts',(-12.1754958212171,-2.86290152897565,
-0.219148217105828));
#11787=CARTESIAN_POINT('Ctrl Pts',(-12.16757153803,-2.86128932151455,-0.258086677936316));
#11788=CARTESIAN_POINT('Ctrl Pts',(-12.1672036508841,-2.86121447431544,
-0.297114301915865));
#11789=CARTESIAN_POINT('Ctrl Pts',(-12.4371591598503,-3.03902711377504,
0.));
#11790=CARTESIAN_POINT('Ctrl Pts',(-12.3994370546617,-3.02868775991472,
1.8679854419192E-18));
#11791=CARTESIAN_POINT('Ctrl Pts',(-12.3617294276734,-3.0183523747702,-0.00771039121489978));
#11792=CARTESIAN_POINT('Ctrl Pts',(-12.3268436567091,-3.00879047307554,
-0.0225571245270255));
#11793=CARTESIAN_POINT('Ctrl Pts',(-12.2919578857447,-2.99922857138087,
-0.0374038578391513));
#11794=CARTESIAN_POINT('Ctrl Pts',(-12.2599207499662,-2.99044749372444,
-0.0593755364845471));
#11795=CARTESIAN_POINT('Ctrl Pts',(-12.2331174523722,-2.98310102983554,
-0.0868363390882984));
#11796=CARTESIAN_POINT('Ctrl Pts',(-12.2063141547781,-2.97575456594665,
-0.11429714169205));
#11797=CARTESIAN_POINT('Ctrl Pts',(-12.1847652702287,-2.96984835564149,
-0.147225988580929));
#11798=CARTESIAN_POINT('Ctrl Pts',(-12.1700751389235,-2.96582214217474,
-0.18317128228592));
#11799=CARTESIAN_POINT('Ctrl Pts',(-12.1553850076183,-2.961795928708,-0.21911657599091));
#11800=CARTESIAN_POINT('Ctrl Pts',(-12.1475649060583,-2.9596528029687,-0.258050723908019));
#11801=CARTESIAN_POINT('Ctrl Pts',(-12.1471970501899,-2.95955233007166,
-0.297075025718076));
#11802=CARTESIAN_POINT('Ctrl Pts',(-12.4012693133706,-3.15461150069117,
0.));
#11803=CARTESIAN_POINT('Ctrl Pts',(-12.3643269010662,-3.1417667767209,5.64688631502867E-19));
#11804=CARTESIAN_POINT('Ctrl Pts',(-12.3273986653792,-3.12892698190191,
-0.00770973012661839));
#11805=CARTESIAN_POINT('Ctrl Pts',(-12.2932337360813,-3.11704797728578,
-0.0225552380036611));
#11806=CARTESIAN_POINT('Ctrl Pts',(-12.2590688067833,-3.10516897266964,
-0.0374007458807038));
#11807=CARTESIAN_POINT('Ctrl Pts',(-12.2276934053962,-3.09425987537105,
-0.0593706376075598));
#11808=CARTESIAN_POINT('Ctrl Pts',(-12.2014432798494,-3.08513281528481,
-0.0868293602719657));
#11809=CARTESIAN_POINT('Ctrl Pts',(-12.1751931543027,-3.07600575519857,
-0.114288082936372));
#11810=CARTESIAN_POINT('Ctrl Pts',(-12.1540884515204,-3.06866773732689,
-0.147214562018039));
#11811=CARTESIAN_POINT('Ctrl Pts',(-12.1397003152536,-3.063665041854,-0.183157579303327));
#11812=CARTESIAN_POINT('Ctrl Pts',(-12.1253121789868,-3.05866234638111,
-0.219100596588615));
#11813=CARTESIAN_POINT('Ctrl Pts',(-12.1176516521043,-3.0559988128668,-0.258032565876363));
#11814=CARTESIAN_POINT('Ctrl Pts',(-12.1172890240371,-3.0558727285876,-0.297055189052937));
#11815=CARTESIAN_POINT('Ctrl Pts',(-12.3542164862948,-3.26546101467643,
0.));
#11816=CARTESIAN_POINT('Ctrl Pts',(-12.3182942415884,-3.25021292645683,
5.64688631502867E-19));
#11817=CARTESIAN_POINT('Ctrl Pts',(-12.282385782011,-3.23497068967738,-0.00770973012661839));
#11818=CARTESIAN_POINT('Ctrl Pts',(-12.2491643199012,-3.22086901565409,
-0.0225552380036611));
#11819=CARTESIAN_POINT('Ctrl Pts',(-12.2159428577914,-3.20676734163081,
-0.0374007458807038));
#11820=CARTESIAN_POINT('Ctrl Pts',(-12.1854338905615,-3.19381705337315,
-0.0593706376075598));
#11821=CARTESIAN_POINT('Ctrl Pts',(-12.1599086642797,-3.18298223763848,
-0.0868293602719657));
#11822=CARTESIAN_POINT('Ctrl Pts',(-12.1343834379979,-3.1721474219038,-0.114288082936372));
#11823=CARTESIAN_POINT('Ctrl Pts',(-12.1138615432295,-3.16343639439372,
-0.147214562018039));
#11824=CARTESIAN_POINT('Ctrl Pts',(-12.0998707364683,-3.15749764926514,
-0.183157579303327));
#11825=CARTESIAN_POINT('Ctrl Pts',(-12.0858799297071,-3.15155890413656,
-0.219100596588615));
#11826=CARTESIAN_POINT('Ctrl Pts',(-12.0784309488721,-3.14839699936569,
-0.258032565876363));
#11827=CARTESIAN_POINT('Ctrl Pts',(-12.0780783348073,-3.14824732357532,
-0.297055189052937));
#11828=CARTESIAN_POINT('',(-12.0780783348073,-3.14824732357532,-0.297055189052937));
#11829=CARTESIAN_POINT('Origin',(-12.3542164862948,-3.26546101467643,-0.299999999999999));
#11830=CARTESIAN_POINT('Origin',(-10.6974058312752,-2.56218795558653,-0.299999619555713));
#11831=CARTESIAN_POINT('Ctrl Pts',(7.08951298853824,-8.36623811326165,0.));
#11832=CARTESIAN_POINT('Ctrl Pts',(7.07489349011023,-8.33005358489894,1.41172157875717E-18));
#11833=CARTESIAN_POINT('Ctrl Pts',(7.06027960291447,-8.29388294482341,-0.00771043707931584));
#11834=CARTESIAN_POINT('Ctrl Pts',(7.04675935701893,-8.2604191619524,-0.0225572553918156));
#11835=CARTESIAN_POINT('Ctrl Pts',(7.03323911112339,-8.22695537908139,-0.0374040737043154));
#11836=CARTESIAN_POINT('Ctrl Pts',(7.02082288516591,-8.19622414144499,-0.0593758762863918));
#11837=CARTESIAN_POINT('Ctrl Pts',(7.01043508940034,-8.17051344470967,-0.086836823095185));
#11838=CARTESIAN_POINT('Ctrl Pts',(7.00004729363478,-8.14480274797434,-0.114297769903978));
#11839=CARTESIAN_POINT('Ctrl Pts',(6.99169590211508,-8.12413232861621,-0.147226780907066));
#11840=CARTESIAN_POINT('Ctrl Pts',(6.9860026908931,-8.11004113636697,-0.183172232275706));
#11841=CARTESIAN_POINT('Ctrl Pts',(6.98030947967113,-8.09594994411773,-0.219117683644346));
#11842=CARTESIAN_POINT('Ctrl Pts',(6.97727881906512,-8.08844879589464,-0.258051982328467));
#11843=CARTESIAN_POINT('Ctrl Pts',(6.97713634718362,-8.08809616561376,-0.297076400078977));
#11844=CARTESIAN_POINT('Ctrl Pts',(7.19631231355421,-8.3230883850537,0.));
#11845=CARTESIAN_POINT('Ctrl Pts',(7.1793771610523,-8.28783944166681,1.41172157875717E-18));
#11846=CARTESIAN_POINT('Ctrl Pts',(7.16244850857325,-8.25260402747239,-0.00771043707931584));
#11847=CARTESIAN_POINT('Ctrl Pts',(7.14678672460496,-8.22000548214639,-0.0225572553918156));
#11848=CARTESIAN_POINT('Ctrl Pts',(7.13112494063666,-8.1874069368204,-0.0374040737043154));
#11849=CARTESIAN_POINT('Ctrl Pts',(7.11674204774034,-8.15747028420478,-0.0593758762863918));
#11850=CARTESIAN_POINT('Ctrl Pts',(7.10470887804476,-8.13242436168848,-0.086836823095185));
#11851=CARTESIAN_POINT('Ctrl Pts',(7.09267570834917,-8.10737843917219,-0.114297769903978));
#11852=CARTESIAN_POINT('Ctrl Pts',(7.08300149895781,-8.08724247292621,-0.147226780907066));
#11853=CARTESIAN_POINT('Ctrl Pts',(7.07640651208158,-8.07351562169111,-0.183172232275706));
#11854=CARTESIAN_POINT('Ctrl Pts',(7.06981152520536,-8.059788770456,-0.219117683644346));
#11855=CARTESIAN_POINT('Ctrl Pts',(7.06630082339866,-8.05248157146748,-0.258051982328467));
#11856=CARTESIAN_POINT('Ctrl Pts',(7.06613578469694,-8.05213805877381,-0.297076400078977));
#11857=CARTESIAN_POINT('Ctrl Pts',(7.29895445490634,-8.26965621516373,0.));
#11858=CARTESIAN_POINT('Ctrl Pts',(7.27979320859832,-8.23556438913596,3.11593581428376E-19));
#11859=CARTESIAN_POINT('Ctrl Pts',(7.26063931761162,-8.20148565034181,-0.00771103743687112));
#11860=CARTESIAN_POINT('Ctrl Pts',(7.242918907421,-8.16995742779328,-0.0225589686015471));
#11861=CARTESIAN_POINT('Ctrl Pts',(7.22519849723037,-8.13842920524474,-0.0374068997662231));
#11862=CARTESIAN_POINT('Ctrl Pts',(7.20892517230701,-8.1094757051674,-0.0593803250942812));
#11863=CARTESIAN_POINT('Ctrl Pts',(7.19531058219833,-8.08525274241717,-0.0868431607206168));
#11864=CARTESIAN_POINT('Ctrl Pts',(7.18169599208965,-8.06102977966695,-0.114305996346952));
#11865=CARTESIAN_POINT('Ctrl Pts',(7.17075058911025,-8.0415559517562,-0.147237157558709));
#11866=CARTESIAN_POINT('Ctrl Pts',(7.16328932612466,-8.02828123771554,-0.183184676087417));
#11867=CARTESIAN_POINT('Ctrl Pts',(7.15582806313906,-8.01500652367487,-0.219132194616124));
#11868=CARTESIAN_POINT('Ctrl Pts',(7.15185666837499,-8.00794111534876,-0.258068471596118));
#11869=CARTESIAN_POINT('Ctrl Pts',(7.15167083672624,-8.00761108776022,-0.297094413507973));
#11870=CARTESIAN_POINT('Ctrl Pts',(7.3955583456117,-8.20692082605614,0.));
#11871=CARTESIAN_POINT('Ctrl Pts',(7.37430065600658,-8.17418690103433,2.82344315751433E-19));
#11872=CARTESIAN_POINT('Ctrl Pts',(7.35305112922375,-8.14146554563875,-0.00771222735955976));
#11873=CARTESIAN_POINT('Ctrl Pts',(7.33339218539928,-8.11119346974003,-0.0225623641659759));
#11874=CARTESIAN_POINT('Ctrl Pts',(7.31373324157482,-8.0809213938413,-0.0374125009723919));
#11875=CARTESIAN_POINT('Ctrl Pts',(7.29567997853618,-8.05312184602199,-0.0593891425029565));
#11876=CARTESIAN_POINT('Ctrl Pts',(7.28057679549029,-8.02986501658292,-0.0868557214855159));
#11877=CARTESIAN_POINT('Ctrl Pts',(7.26547361244439,-8.00660818714385,-0.114322300468075));
#11878=CARTESIAN_POINT('Ctrl Pts',(7.25333210845036,-7.98791193704446,-0.14725772290726));
#11879=CARTESIAN_POINT('Ctrl Pts',(7.24505644295601,-7.97516854776605,-0.183209337683309));
#11880=CARTESIAN_POINT('Ctrl Pts',(7.23678077746166,-7.96242515848765,-0.219160952459358));
#11881=CARTESIAN_POINT('Ctrl Pts',(7.23237730607647,-7.95564441679672,-0.258101149173609));
#11882=CARTESIAN_POINT('Ctrl Pts',(7.23217394865766,-7.95533127427636,-0.2971301102436));
#11883=CARTESIAN_POINT('Ctrl Pts',(7.49216223631706,-8.14418543694854,0.));
#11884=CARTESIAN_POINT('Ctrl Pts',(7.46880810341485,-8.11280941293271,2.53095050074491E-19));
#11885=CARTESIAN_POINT('Ctrl Pts',(7.44546294083587,-8.08144544093569,-0.00771341728224839));
#11886=CARTESIAN_POINT('Ctrl Pts',(7.42386546337757,-8.05242951168678,-0.0225657597304046));
#11887=CARTESIAN_POINT('Ctrl Pts',(7.40226798591927,-8.02341358243787,-0.0374181021785608));
#11888=CARTESIAN_POINT('Ctrl Pts',(7.38243478476535,-7.99676798687657,-0.0593979599116318));
#11889=CARTESIAN_POINT('Ctrl Pts',(7.36584300878224,-7.97447729074867,-0.086868282250415));
#11890=CARTESIAN_POINT('Ctrl Pts',(7.34925123279913,-7.95218659462076,-0.114338604589198));
#11891=CARTESIAN_POINT('Ctrl Pts',(7.33591362779046,-7.93426792233271,-0.147278288255811));
#11892=CARTESIAN_POINT('Ctrl Pts',(7.32682355978736,-7.92205585781657,-0.183233999279202));
#11893=CARTESIAN_POINT('Ctrl Pts',(7.31773349178425,-7.90984379330043,-0.219189710302592));
#11894=CARTESIAN_POINT('Ctrl Pts',(7.31289794377794,-7.90334771824467,-0.2581338267511));
#11895=CARTESIAN_POINT('Ctrl Pts',(7.31267706058908,-7.9030514607925,-0.297165806979227));
#11896=CARTESIAN_POINT('Ctrl Pts',(7.58272351004451,-8.07214966415594,0.));
#11897=CARTESIAN_POINT('Ctrl Pts',(7.55740267172938,-8.04233227046329,6.22628190767141E-19));
#11898=CARTESIAN_POINT('Ctrl Pts',(7.5320915634186,-8.01252633554344,-0.00771519672128975));
#11899=CARTESIAN_POINT('Ctrl Pts',(7.50867572681855,-7.98495232549859,-0.0225708375089704));
#11900=CARTESIAN_POINT('Ctrl Pts',(7.48525989021851,-7.95737831545375,-0.037426478296651));
#11901=CARTESIAN_POINT('Ctrl Pts',(7.46375732127332,-7.93205742357287,-0.0594111455541062));
#11902=CARTESIAN_POINT('Ctrl Pts',(7.44576984597792,-7.91087599172091,-0.0868870656266302));
#11903=CARTESIAN_POINT('Ctrl Pts',(7.42778237068252,-7.88969455986894,-0.114362985699154));
#11904=CARTESIAN_POINT('Ctrl Pts',(7.41332381308369,-7.8726688680221,-0.147309041424517));
#11905=CARTESIAN_POINT('Ctrl Pts',(7.4034712581891,-7.86106728685137,-0.183270877592886));
#11906=CARTESIAN_POINT('Ctrl Pts',(7.39361870329452,-7.84946570568064,-0.219232713761254));
#11907=CARTESIAN_POINT('Ctrl Pts',(7.38837972316225,-7.84329715212312,-0.258182691190889));
#11908=CARTESIAN_POINT('Ctrl Pts',(7.38814459381921,-7.8430211677968,-0.297219185408053));
#11909=CARTESIAN_POINT('Ctrl Pts',(7.66558249933488,-7.99213366830637,0.));
#11910=CARTESIAN_POINT('Ctrl Pts',(7.63846025048333,-7.96404775744243,5.64688631502867E-19));
#11911=CARTESIAN_POINT('Ctrl Pts',(7.6113484305214,-7.93597264600982,-0.00771753366586652));
#11912=CARTESIAN_POINT('Ctrl Pts',(7.58626735745645,-7.91000043454866,-0.0225775059925646));
#11913=CARTESIAN_POINT('Ctrl Pts',(7.56118628439149,-7.8840282230875,-0.0374374783192627));
#11914=CARTESIAN_POINT('Ctrl Pts',(7.53815524628063,-7.86017888496564,-0.0594284615662693));
#11915=CARTESIAN_POINT('Ctrl Pts',(7.51889046951843,-7.84022962463997,-0.0869117321246297));
#11916=CARTESIAN_POINT('Ctrl Pts',(7.49962569275623,-7.8202803643143,-0.11439500268299));
#11917=CARTESIAN_POINT('Ctrl Pts',(7.48414199250285,-7.80424652333228,-0.147349425137526));
#11918=CARTESIAN_POINT('Ctrl Pts',(7.47359318279536,-7.79332291110577,-0.183319302556037));
#11919=CARTESIAN_POINT('Ctrl Pts',(7.46304437308787,-7.78239929887925,-0.219289179974549));
#11920=CARTESIAN_POINT('Ctrl Pts',(7.45743856626036,-7.77659431597612,-0.258246850500288));
#11921=CARTESIAN_POINT('Ctrl Pts',(7.45719349570348,-7.77634053798545,-0.297289267292496));
#11922=CARTESIAN_POINT('',(7.45719349570348,-7.77634053798545,-0.297289267292496));
#11923=CARTESIAN_POINT('Origin',(7.66558249933488,-7.99213366830638,-0.3));
#11924=CARTESIAN_POINT('Origin',(6.41526010808906,-6.697406517257,-0.299999625425996));
#11925=CARTESIAN_POINT('Ctrl Pts',(-7.66558249933487,-7.99213366830638,
0.));
#11926=CARTESIAN_POINT('Ctrl Pts',(-7.63846025048333,-7.96404775744243,
2.82344315751433E-19));
#11927=CARTESIAN_POINT('Ctrl Pts',(-7.6113484305214,-7.93597264600982,-0.00771753366586649));
#11928=CARTESIAN_POINT('Ctrl Pts',(-7.58626735745644,-7.91000043454867,
-0.0225775059925646));
#11929=CARTESIAN_POINT('Ctrl Pts',(-7.56118628439149,-7.88402822308751,
-0.0374374783192628));
#11930=CARTESIAN_POINT('Ctrl Pts',(-7.53815524628063,-7.86017888496564,
-0.0594284615662696));
#11931=CARTESIAN_POINT('Ctrl Pts',(-7.51889046951842,-7.84022962463998,
-0.08691173212463));
#11932=CARTESIAN_POINT('Ctrl Pts',(-7.49962569275622,-7.82028036431431,
-0.11439500268299));
#11933=CARTESIAN_POINT('Ctrl Pts',(-7.48414199250284,-7.80424652333229,
-0.147349425137526));
#11934=CARTESIAN_POINT('Ctrl Pts',(-7.47359318279535,-7.79332291110577,
-0.183319302556038));
#11935=CARTESIAN_POINT('Ctrl Pts',(-7.46304437308786,-7.78239929887926,
-0.21928917997455));
#11936=CARTESIAN_POINT('Ctrl Pts',(-7.45743856626035,-7.77659431597612,
-0.258246850500289));
#11937=CARTESIAN_POINT('Ctrl Pts',(-7.45719349570348,-7.77634053798546,
-0.297289267292497));
#11938=CARTESIAN_POINT('Ctrl Pts',(-7.5827235100445,-8.07214966415595,0.));
#11939=CARTESIAN_POINT('Ctrl Pts',(-7.55740267172937,-8.0423322704633,2.81589186501893E-19));
#11940=CARTESIAN_POINT('Ctrl Pts',(-7.53209156341859,-8.01252633554345,
-0.00771519672128972));
#11941=CARTESIAN_POINT('Ctrl Pts',(-7.50867572681854,-7.9849523254986,-0.0225708375089704));
#11942=CARTESIAN_POINT('Ctrl Pts',(-7.4852598902185,-7.95737831545375,-0.037426478296651));
#11943=CARTESIAN_POINT('Ctrl Pts',(-7.46375732127331,-7.93205742357288,
-0.0594111455541064));
#11944=CARTESIAN_POINT('Ctrl Pts',(-7.44576984597791,-7.91087599172092,
-0.0868870656266305));
#11945=CARTESIAN_POINT('Ctrl Pts',(-7.42778237068251,-7.88969455986895,
-0.114362985699155));
#11946=CARTESIAN_POINT('Ctrl Pts',(-7.41332381308368,-7.87266886802211,
-0.147309041424517));
#11947=CARTESIAN_POINT('Ctrl Pts',(-7.40347125818909,-7.86106728685137,
-0.183270877592886));
#11948=CARTESIAN_POINT('Ctrl Pts',(-7.39361870329451,-7.84946570568064,
-0.219232713761255));
#11949=CARTESIAN_POINT('Ctrl Pts',(-7.38837972316224,-7.84329715212312,
-0.25818269119089));
#11950=CARTESIAN_POINT('Ctrl Pts',(-7.3881445938192,-7.84302116779681,-0.297219185408053));
#11951=CARTESIAN_POINT('Ctrl Pts',(-7.49216223631704,-8.14418543694856,
0.));
#11952=CARTESIAN_POINT('Ctrl Pts',(-7.46880810341483,-8.11280941293272,
2.10199800572123E-19));
#11953=CARTESIAN_POINT('Ctrl Pts',(-7.44546294083585,-8.0814454409357,-0.00771341728224841));
#11954=CARTESIAN_POINT('Ctrl Pts',(-7.42386546337755,-8.05242951168679,
-0.0225657597304047));
#11955=CARTESIAN_POINT('Ctrl Pts',(-7.40226798591925,-8.02341358243788,
-0.0374181021785609));
#11956=CARTESIAN_POINT('Ctrl Pts',(-7.38243478476533,-7.99676798687659,
-0.059397959911632));
#11957=CARTESIAN_POINT('Ctrl Pts',(-7.36584300878222,-7.97447729074868,
-0.0868682822504153));
#11958=CARTESIAN_POINT('Ctrl Pts',(-7.34925123279911,-7.95218659462078,
-0.114338604589199));
#11959=CARTESIAN_POINT('Ctrl Pts',(-7.33591362779044,-7.93426792233273,
-0.147278288255812));
#11960=CARTESIAN_POINT('Ctrl Pts',(-7.32682355978734,-7.92205585781659,
-0.183233999279202));
#11961=CARTESIAN_POINT('Ctrl Pts',(-7.31773349178424,-7.90984379330045,
-0.219189710302593));
#11962=CARTESIAN_POINT('Ctrl Pts',(-7.31289794377793,-7.90334771824469,
-0.258133826751101));
#11963=CARTESIAN_POINT('Ctrl Pts',(-7.31267706058906,-7.90305146079251,
-0.297165806979228));
#11964=CARTESIAN_POINT('Ctrl Pts',(-7.39555834561167,-8.20692082605616,
0.));
#11965=CARTESIAN_POINT('Ctrl Pts',(-7.37430065600655,-8.17418690103435,
2.11758236813575E-19));
#11966=CARTESIAN_POINT('Ctrl Pts',(-7.35305112922372,-8.14146554563877,
-0.00771222735955977));
#11967=CARTESIAN_POINT('Ctrl Pts',(-7.33339218539926,-8.11119346974004,
-0.0225623641659759));
#11968=CARTESIAN_POINT('Ctrl Pts',(-7.3137332415748,-8.08092139384132,-0.0374125009723921));
#11969=CARTESIAN_POINT('Ctrl Pts',(-7.29567997853615,-8.053121846022,-0.0593891425029567));
#11970=CARTESIAN_POINT('Ctrl Pts',(-7.28057679549026,-8.02986501658294,
-0.0868557214855162));
#11971=CARTESIAN_POINT('Ctrl Pts',(-7.26547361244436,-8.00660818714387,
-0.114322300468076));
#11972=CARTESIAN_POINT('Ctrl Pts',(-7.25333210845033,-7.98791193704447,
-0.147257722907261));
#11973=CARTESIAN_POINT('Ctrl Pts',(-7.24505644295598,-7.97516854776607,
-0.18320933768331));
#11974=CARTESIAN_POINT('Ctrl Pts',(-7.23678077746163,-7.96242515848767,
-0.219160952459359));
#11975=CARTESIAN_POINT('Ctrl Pts',(-7.23237730607644,-7.95564441679673,
-0.25810114917361));
#11976=CARTESIAN_POINT('Ctrl Pts',(-7.23217394865763,-7.95533127427637,
-0.297130110243601));
#11977=CARTESIAN_POINT('Ctrl Pts',(-7.2989544549063,-8.26965621516375,0.));
#11978=CARTESIAN_POINT('Ctrl Pts',(-7.27979320859828,-8.23556438913598,
2.13316673055028E-19));
#11979=CARTESIAN_POINT('Ctrl Pts',(-7.26063931761158,-8.20148565034184,
-0.00771103743687114));
#11980=CARTESIAN_POINT('Ctrl Pts',(-7.24291890742096,-8.1699574277933,-0.0225589686015472));
#11981=CARTESIAN_POINT('Ctrl Pts',(-7.22519849723034,-8.13842920524476,
-0.0374068997662232));
#11982=CARTESIAN_POINT('Ctrl Pts',(-7.20892517230698,-8.10947570516742,
-0.0593803250942814));
#11983=CARTESIAN_POINT('Ctrl Pts',(-7.1953105821983,-8.08525274241719,-0.0868431607206171));
#11984=CARTESIAN_POINT('Ctrl Pts',(-7.18169599208961,-8.06102977966697,
-0.114305996346953));
#11985=CARTESIAN_POINT('Ctrl Pts',(-7.17075058911022,-8.04155595175622,
-0.14723715755871));
#11986=CARTESIAN_POINT('Ctrl Pts',(-7.16328932612462,-8.02828123771555,
-0.183184676087417));
#11987=CARTESIAN_POINT('Ctrl Pts',(-7.15582806313903,-8.01500652367489,
-0.219132194616125));
#11988=CARTESIAN_POINT('Ctrl Pts',(-7.15185666837496,-8.00794111534877,
-0.258068471596119));
#11989=CARTESIAN_POINT('Ctrl Pts',(-7.15167083672621,-8.00761108776024,
-0.297094413507974));
#11990=CARTESIAN_POINT('Ctrl Pts',(-7.19631231355416,-8.32308838505373,
0.));
#11991=CARTESIAN_POINT('Ctrl Pts',(-7.17937716105225,-8.28783944166683,
2.11758236813575E-19));
#11992=CARTESIAN_POINT('Ctrl Pts',(-7.1624485085732,-8.25260402747241,-0.00771043707931585));
#11993=CARTESIAN_POINT('Ctrl Pts',(-7.14678672460491,-8.22000548214642,
-0.0225572553918157));
#11994=CARTESIAN_POINT('Ctrl Pts',(-7.13112494063662,-8.18740693682042,
-0.0374040737043155));
#11995=CARTESIAN_POINT('Ctrl Pts',(-7.11674204774029,-8.1574702842048,-0.059375876286392));
#11996=CARTESIAN_POINT('Ctrl Pts',(-7.10470887804471,-8.1324243616885,-0.0868368230951854));
#11997=CARTESIAN_POINT('Ctrl Pts',(-7.09267570834913,-8.10737843917221,
-0.114297769903979));
#11998=CARTESIAN_POINT('Ctrl Pts',(-7.08300149895777,-8.08724247292623,
-0.147226780907066));
#11999=CARTESIAN_POINT('Ctrl Pts',(-7.07640651208154,-8.07351562169113,
-0.183172232275706));
#12000=CARTESIAN_POINT('Ctrl Pts',(-7.06981152520531,-8.05978877045603,
-0.219117683644346));
#12001=CARTESIAN_POINT('Ctrl Pts',(-7.06630082339862,-8.0524815714675,-0.258051982328468));
#12002=CARTESIAN_POINT('Ctrl Pts',(-7.06613578469689,-8.05213805877383,
-0.297076400078978));
#12003=CARTESIAN_POINT('Ctrl Pts',(-7.08951298853818,-8.36623811326167,
0.));
#12004=CARTESIAN_POINT('Ctrl Pts',(-7.07489349011017,-8.33005358489896,
2.11758236813575E-19));
#12005=CARTESIAN_POINT('Ctrl Pts',(-7.06027960291441,-8.29388294482343,
-0.00771043707931585));
#12006=CARTESIAN_POINT('Ctrl Pts',(-7.04675935701887,-8.26041916195242,
-0.0225572553918157));
#12007=CARTESIAN_POINT('Ctrl Pts',(-7.03323911112333,-8.22695537908141,
-0.0374040737043155));
#12008=CARTESIAN_POINT('Ctrl Pts',(-7.02082288516585,-8.19622414144501,
-0.059375876286392));
#12009=CARTESIAN_POINT('Ctrl Pts',(-7.01043508940029,-8.17051344470969,
-0.0868368230951854));
#12010=CARTESIAN_POINT('Ctrl Pts',(-7.00004729363472,-8.14480274797436,
-0.114297769903979));
#12011=CARTESIAN_POINT('Ctrl Pts',(-6.99169590211503,-8.12413232861623,
-0.147226780907066));
#12012=CARTESIAN_POINT('Ctrl Pts',(-6.98600269089305,-8.11004113636699,
-0.183172232275706));
#12013=CARTESIAN_POINT('Ctrl Pts',(-6.98030947967107,-8.09594994411775,
-0.219117683644346));
#12014=CARTESIAN_POINT('Ctrl Pts',(-6.97727881906507,-8.08844879589466,
-0.258051982328468));
#12015=CARTESIAN_POINT('Ctrl Pts',(-6.97713634718357,-8.08809616561378,
-0.297076400078978));
#12016=CARTESIAN_POINT('Origin',(-6.41526010808895,-6.69740651725682,-0.299999625425926));
#12017=CARTESIAN_POINT('Origin',(7.27246616169167,-8.37176170276169,-0.299999999999999));
#12018=CARTESIAN_POINT('',(11.7401401586582,-3.64034702247267,-0.297289267292496));
#12019=CARTESIAN_POINT('Ctrl Pts',(-12.3542164862948,-3.26546101467643,
0.));
#12020=CARTESIAN_POINT('Ctrl Pts',(-12.3182942415884,-3.25021292645683,
5.64688631502867E-19));
#12021=CARTESIAN_POINT('Ctrl Pts',(-12.282385782011,-3.23497068967738,-0.00770973012661839));
#12022=CARTESIAN_POINT('Ctrl Pts',(-12.2491643199012,-3.22086901565409,
-0.0225552380036611));
#12023=CARTESIAN_POINT('Ctrl Pts',(-12.2159428577914,-3.20676734163081,
-0.0374007458807038));
#12024=CARTESIAN_POINT('Ctrl Pts',(-12.1854338905615,-3.19381705337315,
-0.0593706376075598));
#12025=CARTESIAN_POINT('Ctrl Pts',(-12.1599086642797,-3.18298223763848,
-0.0868293602719657));
#12026=CARTESIAN_POINT('Ctrl Pts',(-12.1343834379979,-3.1721474219038,-0.114288082936372));
#12027=CARTESIAN_POINT('Ctrl Pts',(-12.1138615432295,-3.16343639439372,
-0.147214562018039));
#12028=CARTESIAN_POINT('Ctrl Pts',(-12.0998707364683,-3.15749764926514,
-0.183157579303327));
#12029=CARTESIAN_POINT('Ctrl Pts',(-12.0858799297071,-3.15155890413656,
-0.219100596588615));
#12030=CARTESIAN_POINT('Ctrl Pts',(-12.0784309488721,-3.14839699936569,
-0.258032565876363));
#12031=CARTESIAN_POINT('Ctrl Pts',(-12.0780783348073,-3.14824732357532,
-0.297055189052937));
#12032=CARTESIAN_POINT('Ctrl Pts',(-12.307163659219,-3.37631052866171,0.));
#12033=CARTESIAN_POINT('Ctrl Pts',(-12.2722615821106,-3.35865907619278,
5.64688631502867E-19));
#12034=CARTESIAN_POINT('Ctrl Pts',(-12.2373728986429,-3.34101439745286,
-0.00770973012661839));
#12035=CARTESIAN_POINT('Ctrl Pts',(-12.2050949037211,-3.32469005402242,
-0.0225552380036611));
#12036=CARTESIAN_POINT('Ctrl Pts',(-12.1728169087994,-3.30836571059198,
-0.0374007458807038));
#12037=CARTESIAN_POINT('Ctrl Pts',(-12.1431743757267,-3.29337423137525,
-0.0593706376075598));
#12038=CARTESIAN_POINT('Ctrl Pts',(-12.1183740487099,-3.28083165999215,
-0.0868293602719657));
#12039=CARTESIAN_POINT('Ctrl Pts',(-12.0935737216931,-3.26828908860904,
-0.114288082936372));
#12040=CARTESIAN_POINT('Ctrl Pts',(-12.0736346349386,-3.25820505146056,
-0.147214562018039));
#12041=CARTESIAN_POINT('Ctrl Pts',(-12.060041157683,-3.25133025667629,-0.183157579303327));
#12042=CARTESIAN_POINT('Ctrl Pts',(-12.0464476804273,-3.24445546189201,
-0.219100596588615));
#12043=CARTESIAN_POINT('Ctrl Pts',(-12.0392102456399,-3.24079518586459,
-0.258032565876363));
#12044=CARTESIAN_POINT('Ctrl Pts',(-12.0388676455774,-3.24062191856305,
-0.297055189052937));
#12045=CARTESIAN_POINT('Ctrl Pts',(-12.2489503916841,-3.48241918552828,
0.));
#12046=CARTESIAN_POINT('Ctrl Pts',(-12.215308906822,-3.46246649261778,3.8513296356113E-19));
#12047=CARTESIAN_POINT('Ctrl Pts',(-12.1816803342181,-3.44252145755133,
-0.00771039121489979));
#12048=CARTESIAN_POINT('Ctrl Pts',(-12.1505683849519,-3.42406898908088,
-0.0225571245270255));
#12049=CARTESIAN_POINT('Ctrl Pts',(-12.1194564356857,-3.40561652061042,
-0.0374038578391513));
#12050=CARTESIAN_POINT('Ctrl Pts',(-12.0908849925035,-3.38867078285178,
-0.0593755364845471));
#12051=CARTESIAN_POINT('Ctrl Pts',(-12.0669812536069,-3.37449338674576,
-0.0868363390882984));
#12052=CARTESIAN_POINT('Ctrl Pts',(-12.0430775147102,-3.36031599063975,
-0.11429714169205));
#12053=CARTESIAN_POINT('Ctrl Pts',(-12.0238598295422,-3.34891781875661,
-0.147225988580929));
#12054=CARTESIAN_POINT('Ctrl Pts',(-12.0107589912766,-3.34114746552249,
-0.18317128228592));
#12055=CARTESIAN_POINT('Ctrl Pts',(-11.997658153011,-3.33337711228838,-0.21911657599091));
#12056=CARTESIAN_POINT('Ctrl Pts',(-11.9906842183632,-3.32924054222738,
-0.258050723908019));
#12057=CARTESIAN_POINT('Ctrl Pts',(-11.9903564100514,-3.32904572319937,
-0.297075025718076));
#12058=CARTESIAN_POINT('Ctrl Pts',(-12.180742120504,-3.58166267684577,0.));
#12059=CARTESIAN_POINT('Ctrl Pts',(-12.148576961967,-3.5595561404179,3.52930394689292E-19));
#12060=CARTESIAN_POINT('Ctrl Pts',(-12.116424152992,-3.53745809162241,-0.00771170041053261));
#12061=CARTESIAN_POINT('Ctrl Pts',(-12.0866779066333,-3.51701403013997,
-0.022560860461267));
#12062=CARTESIAN_POINT('Ctrl Pts',(-12.0569316602745,-3.49656996865754,
-0.0374100205120014));
#12063=CARTESIAN_POINT('Ctrl Pts',(-12.029614818211,-3.47779559316432,-0.0593852377643916));
#12064=CARTESIAN_POINT('Ctrl Pts',(-12.0067614901195,-3.46208891074977,
-0.0868501590133828));
#12065=CARTESIAN_POINT('Ctrl Pts',(-11.9839081620279,-3.44638222833521,
-0.114315080262374));
#12066=CARTESIAN_POINT('Ctrl Pts',(-11.9655358966228,-3.43375529991594,
-0.147248615623041));
#12067=CARTESIAN_POINT('Ctrl Pts',(-11.9530127584395,-3.42514837170436,
-0.183198416364434));
#12068=CARTESIAN_POINT('Ctrl Pts',(-11.9404896202561,-3.41654144349278,
-0.219148217105828));
#12069=CARTESIAN_POINT('Ctrl Pts',(-11.9338252256171,-3.41196112461493,
-0.258086677936316));
#12070=CARTESIAN_POINT('Ctrl Pts',(-11.9335158291626,-3.41174848198221,
-0.297114301915865));
#12071=CARTESIAN_POINT('Ctrl Pts',(-12.1125338493239,-3.68090616816326,
0.));
#12072=CARTESIAN_POINT('Ctrl Pts',(-12.0818450171121,-3.65664578821802,
3.20727825817454E-19));
#12073=CARTESIAN_POINT('Ctrl Pts',(-12.0511679717659,-3.63239472569348,
-0.00771300960616543));
#12074=CARTESIAN_POINT('Ctrl Pts',(-12.0227874283146,-3.60995907119907,
-0.0225645963955085));
#12075=CARTESIAN_POINT('Ctrl Pts',(-11.9944068848634,-3.58752341670465,
-0.0374161831848515));
#12076=CARTESIAN_POINT('Ctrl Pts',(-11.9683446439185,-3.56692040347685,
-0.0593949390442361));
#12077=CARTESIAN_POINT('Ctrl Pts',(-11.9465417266321,-3.54968443475377,
-0.0868639789384672));
#12078=CARTESIAN_POINT('Ctrl Pts',(-11.9247388093456,-3.53244846603068,
-0.114333018832698));
#12079=CARTESIAN_POINT('Ctrl Pts',(-11.9072119637034,-3.51859278107526,
-0.147271242665153));
#12080=CARTESIAN_POINT('Ctrl Pts',(-11.8952665256023,-3.50914927788623,
-0.183225550442949));
#12081=CARTESIAN_POINT('Ctrl Pts',(-11.8833210875012,-3.49970577469719,
-0.219179858220745));
#12082=CARTESIAN_POINT('Ctrl Pts',(-11.8769662328711,-3.49468170700248,
-0.258122631964613));
#12083=CARTESIAN_POINT('Ctrl Pts',(-11.8766752482738,-3.49445124076504,
-0.297153578113654));
#12084=CARTESIAN_POINT('Ctrl Pts',(-12.0343342567079,-3.77327913629254,
0.));
#12085=CARTESIAN_POINT('Ctrl Pts',(-12.0053374143717,-3.7470124170642,1.4051692573623E-18));
#12086=CARTESIAN_POINT('Ctrl Pts',(-11.976351714904,-3.72075579069063,-0.0077149668450783));
#12087=CARTESIAN_POINT('Ctrl Pts',(-11.9495364649892,-3.69646517578666,
-0.0225701815559966));
#12088=CARTESIAN_POINT('Ctrl Pts',(-11.9227212150744,-3.67217456088268,
-0.037425396266915));
#12089=CARTESIAN_POINT('Ctrl Pts',(-11.8980970237708,-3.64986862454192,
-0.0594094422448741));
#12090=CARTESIAN_POINT('Ctrl Pts',(-11.8774982846835,-3.63120898910726,
-0.0868846392784982));
#12091=CARTESIAN_POINT('Ctrl Pts',(-11.8568995455962,-3.6125493536726,-0.114359836312122));
#12092=CARTESIAN_POINT('Ctrl Pts',(-11.8403420900391,-3.59755035888757,
-0.147305069034653));
#12093=CARTESIAN_POINT('Ctrl Pts',(-11.8290593754563,-3.58732931568058,
-0.183266114216305));
#12094=CARTESIAN_POINT('Ctrl Pts',(-11.8177766608734,-3.57710827247359,
-0.219227159397958));
#12095=CARTESIAN_POINT('Ctrl Pts',(-11.8117773586806,-3.57167303561623,
-0.258176380087444));
#12096=CARTESIAN_POINT('Ctrl Pts',(-11.8115083905491,-3.57142848900326,
-0.297212291723776));
#12097=CARTESIAN_POINT('Ctrl Pts',(-11.9477089081692,-3.85693226299011,
0.));
#12098=CARTESIAN_POINT('Ctrl Pts',(-11.9205866593177,-3.82884635212616,
1.34113549981931E-18));
#12099=CARTESIAN_POINT('Ctrl Pts',(-11.8934748393557,-3.80077124069355,
-0.00771753366586648));
#12100=CARTESIAN_POINT('Ctrl Pts',(-11.8683937662908,-3.7747990292324,-0.0225775059925646));
#12101=CARTESIAN_POINT('Ctrl Pts',(-11.8433126932258,-3.74882681777124,
-0.0374374783192627));
#12102=CARTESIAN_POINT('Ctrl Pts',(-11.820281655115,-3.72497747964937,-0.0594284615662695));
#12103=CARTESIAN_POINT('Ctrl Pts',(-11.8010168783528,-3.7050282193237,-0.0869117321246299));
#12104=CARTESIAN_POINT('Ctrl Pts',(-11.7817521015906,-3.68507895899804,
-0.11439500268299));
#12105=CARTESIAN_POINT('Ctrl Pts',(-11.7662684013372,-3.66904511801602,
-0.147349425137526));
#12106=CARTESIAN_POINT('Ctrl Pts',(-11.7557195916297,-3.6581215057895,-0.183319302556038));
#12107=CARTESIAN_POINT('Ctrl Pts',(-11.7451707819222,-3.64719789356299,
-0.219289179974549));
#12108=CARTESIAN_POINT('Ctrl Pts',(-11.7395649750947,-3.64139291065985,
-0.258246850500289));
#12109=CARTESIAN_POINT('Ctrl Pts',(-11.7393199045378,-3.64113913266919,
-0.297289267292497));
#12110=CARTESIAN_POINT('Origin',(-10.6974067946103,-2.56218568611078,-0.299999619555777));
#12111=CARTESIAN_POINT('Ctrl Pts',(12.3542164862948,-3.26546101467649,0.));
#12112=CARTESIAN_POINT('Ctrl Pts',(12.3182942415883,-3.25021292645689,4.94102552565009E-18));
#12113=CARTESIAN_POINT('Ctrl Pts',(12.282385782011,-3.23497068967744,-0.0077097301266183));
#12114=CARTESIAN_POINT('Ctrl Pts',(12.2491643199012,-3.22086901565415,-0.0225552380036608));
#12115=CARTESIAN_POINT('Ctrl Pts',(12.2159428577913,-3.20676734163086,-0.0374007458807033));
#12116=CARTESIAN_POINT('Ctrl Pts',(12.1854338905614,-3.1938170533732,-0.0593706376075591));
#12117=CARTESIAN_POINT('Ctrl Pts',(12.1599086642796,-3.18298223763853,-0.0868293602719647));
#12118=CARTESIAN_POINT('Ctrl Pts',(12.1343834379978,-3.17214742190386,-0.11428808293637));
#12119=CARTESIAN_POINT('Ctrl Pts',(12.1138615432295,-3.16343639439377,-0.147214562018037));
#12120=CARTESIAN_POINT('Ctrl Pts',(12.0998707364683,-3.15749764926519,-0.183157579303325));
#12121=CARTESIAN_POINT('Ctrl Pts',(12.0858799297071,-3.15155890413661,-0.219100596588612));
#12122=CARTESIAN_POINT('Ctrl Pts',(12.0784309488721,-3.14839699936574,-0.25803256587636));
#12123=CARTESIAN_POINT('Ctrl Pts',(12.0780783348073,-3.14824732357537,-0.297055189052934));
#12124=CARTESIAN_POINT('Ctrl Pts',(12.4012693133706,-3.15461150069122,0.));
#12125=CARTESIAN_POINT('Ctrl Pts',(12.3643269010661,-3.14176677672095,4.94102552565009E-18));
#12126=CARTESIAN_POINT('Ctrl Pts',(12.3273986653792,-3.12892698190196,-0.0077097301266183));
#12127=CARTESIAN_POINT('Ctrl Pts',(12.2932337360813,-3.11704797728583,-0.0225552380036608));
#12128=CARTESIAN_POINT('Ctrl Pts',(12.2590688067833,-3.10516897266969,-0.0374007458807033));
#12129=CARTESIAN_POINT('Ctrl Pts',(12.2276934053962,-3.0942598753711,-0.0593706376075591));
#12130=CARTESIAN_POINT('Ctrl Pts',(12.2014432798494,-3.08513281528486,-0.0868293602719647));
#12131=CARTESIAN_POINT('Ctrl Pts',(12.1751931543026,-3.07600575519862,-0.11428808293637));
#12132=CARTESIAN_POINT('Ctrl Pts',(12.1540884515203,-3.06866773732694,-0.147214562018037));
#12133=CARTESIAN_POINT('Ctrl Pts',(12.1397003152536,-3.06366504185404,-0.183157579303325));
#12134=CARTESIAN_POINT('Ctrl Pts',(12.1253121789868,-3.05866234638116,-0.219100596588612));
#12135=CARTESIAN_POINT('Ctrl Pts',(12.1176516521043,-3.05599881286684,-0.25803256587636));
#12136=CARTESIAN_POINT('Ctrl Pts',(12.1172890240371,-3.05587272858765,-0.297055189052934));
#12137=CARTESIAN_POINT('Ctrl Pts',(12.4371591598503,-3.03902711377508,0.));
#12138=CARTESIAN_POINT('Ctrl Pts',(12.3994370546617,-3.02868775991477,5.30362897496463E-18));
#12139=CARTESIAN_POINT('Ctrl Pts',(12.3617294276734,-3.01835237477024,-0.00771039121489963));
#12140=CARTESIAN_POINT('Ctrl Pts',(12.3268436567091,-3.00879047307558,-0.0225571245270252));
#12141=CARTESIAN_POINT('Ctrl Pts',(12.2919578857447,-2.99922857138092,-0.0374038578391508));
#12142=CARTESIAN_POINT('Ctrl Pts',(12.2599207499662,-2.99044749372448,-0.0593755364845464));
#12143=CARTESIAN_POINT('Ctrl Pts',(12.2331174523722,-2.98310102983559,-0.0868363390882974));
#12144=CARTESIAN_POINT('Ctrl Pts',(12.2063141547781,-2.97575456594669,-0.114297141692048));
#12145=CARTESIAN_POINT('Ctrl Pts',(12.1847652702287,-2.96984835564153,-0.147225988580927));
#12146=CARTESIAN_POINT('Ctrl Pts',(12.1700751389235,-2.96582214217478,-0.183171282285917));
#12147=CARTESIAN_POINT('Ctrl Pts',(12.1553850076183,-2.96179592870804,-0.219116575990908));
#12148=CARTESIAN_POINT('Ctrl Pts',(12.1475649060583,-2.95965280296874,-0.258050723908016));
#12149=CARTESIAN_POINT('Ctrl Pts',(12.1471970501899,-2.9595523300717,-0.297075025718073));
#12150=CARTESIAN_POINT('Ctrl Pts',(12.4611675065698,-2.92102186764569,0.));
#12151=CARTESIAN_POINT('Ctrl Pts',(12.4229215984547,-2.91324067949733,5.15278376246366E-18));
#12152=CARTESIAN_POINT('Ctrl Pts',(12.384690374558,-2.90546247887552,-0.00771170041053245));
#12153=CARTESIAN_POINT('Ctrl Pts',(12.3493206684303,-2.89826645839395,-0.0225608604612667));
#12154=CARTESIAN_POINT('Ctrl Pts',(12.3139509623026,-2.89107043791238,-0.0374100205120009));
#12155=CARTESIAN_POINT('Ctrl Pts',(12.2814699337899,-2.88446212328303,-0.0593852377643909));
#12156=CARTESIAN_POINT('Ctrl Pts',(12.2542962363462,-2.87893359322799,-0.0868501590133818));
#12157=CARTESIAN_POINT('Ctrl Pts',(12.2271225389025,-2.87340506317296,-0.114315080262373));
#12158=CARTESIAN_POINT('Ctrl Pts',(12.2052770387865,-2.86896056296431,-0.147248615623039));
#12159=CARTESIAN_POINT('Ctrl Pts',(12.1903864300018,-2.86593104596999,-0.183198416364432));
#12160=CARTESIAN_POINT('Ctrl Pts',(12.1754958212171,-2.86290152897568,-0.219148217105825));
#12161=CARTESIAN_POINT('Ctrl Pts',(12.16757153803,-2.86128932151458,-0.258086677936313));
#12162=CARTESIAN_POINT('Ctrl Pts',(12.1672036508841,-2.86121447431547,-0.297114301915862));
#12163=CARTESIAN_POINT('Ctrl Pts',(12.4851758532892,-2.8030166215163,0.));
#12164=CARTESIAN_POINT('Ctrl Pts',(12.4464061422477,-2.7977935990799,5.00193854996269E-18));
#12165=CARTESIAN_POINT('Ctrl Pts',(12.4076513214426,-2.79257258298079,-0.00771300960616528));
#12166=CARTESIAN_POINT('Ctrl Pts',(12.3717976801516,-2.78774244371232,-0.0225645963955082));
#12167=CARTESIAN_POINT('Ctrl Pts',(12.3359440388605,-2.78291230444385,-0.037416183184851));
#12168=CARTESIAN_POINT('Ctrl Pts',(12.3030191176136,-2.77847675284158,-0.0593949390442354));
#12169=CARTESIAN_POINT('Ctrl Pts',(12.2754750203202,-2.7747661566204,-0.0868639789384661));
#12170=CARTESIAN_POINT('Ctrl Pts',(12.2479309230268,-2.77105556039923,-0.114333018832697));
#12171=CARTESIAN_POINT('Ctrl Pts',(12.2257888073443,-2.76807277028709,-0.147271242665151));
#12172=CARTESIAN_POINT('Ctrl Pts',(12.2106977210801,-2.7660399497652,-0.183225550442946));
#12173=CARTESIAN_POINT('Ctrl Pts',(12.1956066348158,-2.76400712924332,-0.219179858220742));
#12174=CARTESIAN_POINT('Ctrl Pts',(12.1875781700016,-2.76292584006042,-0.258122631964609));
#12175=CARTESIAN_POINT('Ctrl Pts',(12.1872102515782,-2.76287661855924,-0.297153578113651));
#12176=CARTESIAN_POINT('Ctrl Pts',(12.4973014041628,-2.68259688666219,0.));
#12177=CARTESIAN_POINT('Ctrl Pts',(12.4582638083518,-2.67998470026208,4.59998394883977E-18));
#12178=CARTESIAN_POINT('Ctrl Pts',(12.4192412132198,-2.67737351828471,-0.0077149668450782));
#12179=CARTESIAN_POINT('Ctrl Pts',(12.3831405693354,-2.6749579207316,-0.0225701815559964));
#12180=CARTESIAN_POINT('Ctrl Pts',(12.347039925451,-2.6725423231785,-0.0374253962669146));
#12181=CARTESIAN_POINT('Ctrl Pts',(12.3138889770525,-2.67032416771274,-0.0594094422448734));
#12182=CARTESIAN_POINT('Ctrl Pts',(12.2861572720967,-2.66846874679484,-0.0868846392784971));
#12183=CARTESIAN_POINT('Ctrl Pts',(12.2584255671408,-2.66661332587695,-0.114359836312121));
#12184=CARTESIAN_POINT('Ctrl Pts',(12.2361344181306,-2.66512206637828,-0.147305069034651));
#12185=CARTESIAN_POINT('Ctrl Pts',(12.2209443828244,-2.66410609394155,-0.183266114216303));
#12186=CARTESIAN_POINT('Ctrl Pts',(12.2057543475182,-2.66309012150482,-0.219227159397955));
#12187=CARTESIAN_POINT('Ctrl Pts',(12.1976770998373,-2.66255021744167,-0.258176380087441));
#12188=CARTESIAN_POINT('Ctrl Pts',(12.1973143467615,-2.6625266143113,-0.297212291723773));
#12189=CARTESIAN_POINT('Ctrl Pts',(12.4973014041628,-2.56217348106458,0.));
#12190=CARTESIAN_POINT('Ctrl Pts',(12.4582573934592,-2.56217348106458,4.30575081520936E-18));
#12191=CARTESIAN_POINT('Ctrl Pts',(12.4192283957319,-2.56217348106458,-0.00771753366586638));
#12192=CARTESIAN_POINT('Ctrl Pts',(12.3831227729804,-2.56217348106458,-0.0225775059925643));
#12193=CARTESIAN_POINT('Ctrl Pts',(12.3470171502289,-2.56217348106458,-0.0374374783192623));
#12194=CARTESIAN_POINT('Ctrl Pts',(12.313862668702,-2.56217348106458,-0.0594284615662688));
#12195=CARTESIAN_POINT('Ctrl Pts',(12.2861299333296,-2.56217348106458,-0.0869117321246289));
#12196=CARTESIAN_POINT('Ctrl Pts',(12.2583971979571,-2.56217348106458,-0.114395002682989));
#12197=CARTESIAN_POINT('Ctrl Pts',(12.2361075359998,-2.56217348106458,-0.147349425137524));
#12198=CARTESIAN_POINT('Ctrl Pts',(12.2209219280001,-2.56217348106458,-0.183319302556036));
#12199=CARTESIAN_POINT('Ctrl Pts',(12.2057363200004,-2.56217348106458,-0.219289179974547));
#12200=CARTESIAN_POINT('Ctrl Pts',(12.197666444122,-2.56217348106458,-0.258246850500286));
#12201=CARTESIAN_POINT('Ctrl Pts',(12.1973136511992,-2.56217348106458,-0.297289267292493));
#12202=CARTESIAN_POINT('Origin',(10.6974058312754,-2.56218795558656,-0.299999619555835));
#12203=CARTESIAN_POINT('Ctrl Pts',(12.4973014041628,6.19739529810807,0.));
#12204=CARTESIAN_POINT('Ctrl Pts',(12.4582573934592,6.19739529810807,0.));
#12205=CARTESIAN_POINT('Ctrl Pts',(12.4192283957319,6.19739529810807,-0.00771753366586646));
#12206=CARTESIAN_POINT('Ctrl Pts',(12.3831227729804,6.19739529810807,-0.0225775059925645));
#12207=CARTESIAN_POINT('Ctrl Pts',(12.3470171502289,6.19739529810807,-0.0374374783192626));
#12208=CARTESIAN_POINT('Ctrl Pts',(12.313862668702,6.19739529810807,-0.0594284615662692));
#12209=CARTESIAN_POINT('Ctrl Pts',(12.2861299333296,6.19739529810807,-0.0869117321246296));
#12210=CARTESIAN_POINT('Ctrl Pts',(12.2583971979571,6.19739529810807,-0.11439500268299));
#12211=CARTESIAN_POINT('Ctrl Pts',(12.2361075359998,6.19739529810807,-0.147349425137526));
#12212=CARTESIAN_POINT('Ctrl Pts',(12.2209219280001,6.19739529810807,-0.183319302556037));
#12213=CARTESIAN_POINT('Ctrl Pts',(12.2057363200004,6.19739529810807,-0.219289179974549));
#12214=CARTESIAN_POINT('Ctrl Pts',(12.197666444122,6.19739529810807,-0.258246850500288));
#12215=CARTESIAN_POINT('Ctrl Pts',(12.1973136511992,6.19739529810807,-0.297289267292496));
#12216=CARTESIAN_POINT('Ctrl Pts',(12.4973014041628,6.34792826653092,0.));
#12217=CARTESIAN_POINT('Ctrl Pts',(12.4582721768407,6.34537297482079,1.4426067907386E-19));
#12218=CARTESIAN_POINT('Ctrl Pts',(12.4192579341553,6.34281866565658,-0.00771161832274738));
#12219=CARTESIAN_POINT('Ctrl Pts',(12.3831637854059,6.34045568099278,-0.0225606265299807));
#12220=CARTESIAN_POINT('Ctrl Pts',(12.3470696366565,6.33809269632897,-0.0374096347372141));
#12221=CARTESIAN_POINT('Ctrl Pts',(12.3139232973679,6.33592285336784,-0.0593846307649666));
#12222=CARTESIAN_POINT('Ctrl Pts',(12.2861929366325,6.33410784441975,-0.0868492955565296));
#12223=CARTESIAN_POINT('Ctrl Pts',(12.2584625758971,6.33229283547165,-0.114313960348092));
#12224=CARTESIAN_POINT('Ctrl Pts',(12.2361694869659,6.33083405632998,-0.147247204690688));
#12225=CARTESIAN_POINT('Ctrl Pts',(12.2209736760578,6.32984021226695,-0.183196727859393));
#12226=CARTESIAN_POINT('Ctrl Pts',(12.2057778651498,6.32884636820391,-0.219146251028097));
#12227=CARTESIAN_POINT('Ctrl Pts',(12.1976910006521,6.32831822351379,-0.258084448561811));
#12228=CARTESIAN_POINT('Ctrl Pts',(12.197315254151,6.32829513447107,-0.297111873957182));
#12229=CARTESIAN_POINT('Ctrl Pts',(12.4824763429085,6.49845630310688,0.));
#12230=CARTESIAN_POINT('Ctrl Pts',(12.4437120649849,6.49334867447125,1.65758528496491E-18));
#12231=CARTESIAN_POINT('Ctrl Pts',(12.404962649513,6.48824300529789,-0.00770628920745187));
#12232=CARTESIAN_POINT('Ctrl Pts',(12.3691115387092,6.48351933256309,-0.0225454189263994));
#12233=CARTESIAN_POINT('Ctrl Pts',(12.3332604279055,6.47879565982829,-0.037384548645347));
#12234=CARTESIAN_POINT('Ctrl Pts',(12.3003351128241,6.47445760785965,-0.059345139887462));
#12235=CARTESIAN_POINT('Ctrl Pts',(12.2727856497544,6.47082807661766,-0.0867930374454711));
#12236=CARTESIAN_POINT('Ctrl Pts',(12.2452361866848,6.46719854537567,-0.11424093500348));
#12237=CARTESIAN_POINT('Ctrl Pts',(12.2230837008843,6.46428031968843,-0.147155091192679));
#12238=CARTESIAN_POINT('Ctrl Pts',(12.2079766153569,6.46229061579657,-0.183086262219668));
#12239=CARTESIAN_POINT('Ctrl Pts',(12.1928695298296,6.46030091190471,-0.219017433246657));
#12240=CARTESIAN_POINT('Ctrl Pts',(12.1848194288769,6.45924125644943,-0.257938066252958));
#12241=CARTESIAN_POINT('Ctrl Pts',(12.184425341573,6.45919052435423,-0.296951956806431));
#12242=CARTESIAN_POINT('Ctrl Pts',(12.4531103242968,6.64609472486287,0.));
#12243=CARTESIAN_POINT('Ctrl Pts',(12.4148554418079,6.63848563789352,1.76465197344646E-18));
#12244=CARTESIAN_POINT('Ctrl Pts',(12.3766152093064,6.63087946487975,-0.00770164645519797));
#12245=CARTESIAN_POINT('Ctrl Pts',(12.3412335451363,6.62384187536764,-0.0225321694790052));
#12246=CARTESIAN_POINT('Ctrl Pts',(12.3058518809662,6.61680428585554,-0.0373626925028125));
#12247=CARTESIAN_POINT('Ctrl Pts',(12.2733558844624,6.61034067003799,-0.0593107331804337));
#12248=CARTESIAN_POINT('Ctrl Pts',(12.2461622763013,6.60493172571386,-0.0867440201731501));
#12249=CARTESIAN_POINT('Ctrl Pts',(12.2189686681402,6.59952278138974,-0.114177307165867));
#12250=CARTESIAN_POINT('Ctrl Pts',(12.1970982763047,6.59517265134873,-0.147074828917376));
#12251=CARTESIAN_POINT('Ctrl Pts',(12.1821775974048,6.59220485388068,-0.182990003399761));
#12252=CARTESIAN_POINT('Ctrl Pts',(12.1672569185049,6.58923705641264,-0.218905177882146));
#12253=CARTESIAN_POINT('Ctrl Pts',(12.1592973805071,6.5876538645971,-0.257810497137248));
#12254=CARTESIAN_POINT('Ctrl Pts',(12.1588909326399,6.58757302008865,-0.296812580453934));
#12255=CARTESIAN_POINT('Ctrl Pts',(12.423744305685,6.79373314661885,0.));
#12256=CARTESIAN_POINT('Ctrl Pts',(12.3859988186309,6.78362260131579,1.87171866192801E-18));
#12257=CARTESIAN_POINT('Ctrl Pts',(12.3482677690998,6.77351592446161,-0.00769700370294407));
#12258=CARTESIAN_POINT('Ctrl Pts',(12.3133555515634,6.76416441817219,-0.022518920031611));
#12259=CARTESIAN_POINT('Ctrl Pts',(12.278443334027,6.75481291188278,-0.0373408363602779));
#12260=CARTESIAN_POINT('Ctrl Pts',(12.2463766561007,6.74622373221633,-0.0592763264734054));
#12261=CARTESIAN_POINT('Ctrl Pts',(12.2195389028481,6.73903537481007,-0.0866950029008291));
#12262=CARTESIAN_POINT('Ctrl Pts',(12.1927011495956,6.73184701740381,-0.114113679328253));
#12263=CARTESIAN_POINT('Ctrl Pts',(12.171112851725,6.72606498300903,-0.146994566642073));
#12264=CARTESIAN_POINT('Ctrl Pts',(12.1563785794526,6.7221190919648,-0.182893744579854));
#12265=CARTESIAN_POINT('Ctrl Pts',(12.1416443071802,6.71817320092056,-0.218792922517635));
#12266=CARTESIAN_POINT('Ctrl Pts',(12.1337753321374,6.71606647274477,-0.257682928021539));
#12267=CARTESIAN_POINT('Ctrl Pts',(12.1333565237067,6.71595551582308,-0.296673204101438));
#12268=CARTESIAN_POINT('Ctrl Pts',(12.3798387816795,6.93847465376952,0.));
#12269=CARTESIAN_POINT('Ctrl Pts',(12.342847105508,6.92591363850417,5.5703461233455E-19));
#12270=CARTESIAN_POINT('Ctrl Pts',(12.3058695641362,6.91335742373751,-0.00769304751953689));
#12271=CARTESIAN_POINT('Ctrl Pts',(12.271653174517,6.90173887560879,-0.0225076293341908));
#12272=CARTESIAN_POINT('Ctrl Pts',(12.2374367848979,6.89012032748007,-0.0373222111488447));
#12273=CARTESIAN_POINT('Ctrl Pts',(12.2060076957155,6.87944832661334,-0.0592470054882716));
#12274=CARTESIAN_POINT('Ctrl Pts',(12.1797007361647,6.87051575118364,-0.0866532287029464));
#12275=CARTESIAN_POINT('Ctrl Pts',(12.1533937766139,6.86158317575394,-0.114059451917621));
#12276=CARTESIAN_POINT('Ctrl Pts',(12.1322290508743,6.85439685336613,-0.14692615930742));
#12277=CARTESIAN_POINT('Ctrl Pts',(12.1177788610674,6.84949069316669,-0.182811697109979));
#12278=CARTESIAN_POINT('Ctrl Pts',(12.1033286712605,6.84458453296725,-0.218697234912538));
#12279=CARTESIAN_POINT('Ctrl Pts',(12.0956040604453,6.84196228497645,-0.257574178266758));
#12280=CARTESIAN_POINT('Ctrl Pts',(12.0951788809332,6.84181876970707,-0.296554375438473));
#12281=CARTESIAN_POINT('Ctrl Pts',(12.3222351471487,7.07754545499551,0.));
#12282=CARTESIAN_POINT('Ctrl Pts',(12.2862270328137,7.06263076233525,6.35274710440725E-19));
#12283=CARTESIAN_POINT('Ctrl Pts',(12.2502326665029,7.04772176415697,-0.00768985203941334));
#12284=CARTESIAN_POINT('Ctrl Pts',(12.2169249818332,7.03392559934111,-0.022498509420395));
#12285=CARTESIAN_POINT('Ctrl Pts',(12.1836172971634,7.02012943452525,-0.0373071668013766));
#12286=CARTESIAN_POINT('Ctrl Pts',(12.1530217281161,7.00745663792005,-0.059223321529282));
#12287=CARTESIAN_POINT('Ctrl Pts',(12.127410294827,6.99684828857576,-0.0866194848406491));
#12288=CARTESIAN_POINT('Ctrl Pts',(12.1017988615379,6.98623993923146,-0.114015648152016));
#12289=CARTESIAN_POINT('Ctrl Pts',(12.0811911210771,6.97770413775805,-0.146870900144383));
#12290=CARTESIAN_POINT('Ctrl Pts',(12.0671173996562,6.9718747508697,-0.182745417130512));
#12291=CARTESIAN_POINT('Ctrl Pts',(12.0530436782353,6.96604536398135,-0.218619934116642));
#12292=CARTESIAN_POINT('Ctrl Pts',(12.0455147226467,6.96292684303879,-0.257486322063739));
#12293=CARTESIAN_POINT('Ctrl Pts',(12.0450896314538,6.96275076871187,-0.296458371668867));
#12294=CARTESIAN_POINT('Ctrl Pts',(12.2646315126179,7.21661625622149,0.));
#12295=CARTESIAN_POINT('Ctrl Pts',(12.2296069601193,7.19934788616634,7.135148085469E-19));
#12296=CARTESIAN_POINT('Ctrl Pts',(12.1945957688697,7.18208610457642,-0.00768665655928979));
#12297=CARTESIAN_POINT('Ctrl Pts',(12.1621967891493,7.16611232307343,-0.0224893895065992));
#12298=CARTESIAN_POINT('Ctrl Pts',(12.1297978094289,7.15013854157044,-0.0372921224539085));
#12299=CARTESIAN_POINT('Ctrl Pts',(12.1000357605168,7.13546494922677,-0.0591996375702923));
#12300=CARTESIAN_POINT('Ctrl Pts',(12.0751198534894,7.12318082596788,-0.0865857409783519));
#12301=CARTESIAN_POINT('Ctrl Pts',(12.050203946462,7.11089670270899,-0.113971844386411));
#12302=CARTESIAN_POINT('Ctrl Pts',(12.0301531912799,7.10101142214996,-0.146815640981346));
#12303=CARTESIAN_POINT('Ctrl Pts',(12.016455938245,7.09425880857271,-0.182679137151046));
#12304=CARTESIAN_POINT('Ctrl Pts',(12.00275868521,7.08750619499545,-0.218542633320746));
#12305=CARTESIAN_POINT('Ctrl Pts',(11.9954253848481,7.08389140110113,-0.257398465860719));
#12306=CARTESIAN_POINT('Ctrl Pts',(11.9950003819744,7.08368276771667,-0.296362367899261));
#12307=CARTESIAN_POINT('Ctrl Pts',(12.1933326156967,7.35000947535205,0.));
#12308=CARTESIAN_POINT('Ctrl Pts',(12.1595213275836,7.33048432198524,2.78424712064758E-18));
#12309=CARTESIAN_POINT('Ctrl Pts',(12.1257229299101,7.31096661298451,-0.00768422192238626));
#12310=CARTESIAN_POINT('Ctrl Pts',(12.0944454874098,7.29290473610518,-0.0224824407807188));
#12311=CARTESIAN_POINT('Ctrl Pts',(12.0631680449094,7.27484285922586,-0.0372806596390514));
#12312=CARTESIAN_POINT('Ctrl Pts',(12.0344354064214,7.25825058739173,-0.0591815916945501));
#12313=CARTESIAN_POINT('Ctrl Pts',(12.0103797238448,7.24435921488928,-0.0865600289771323));
#12314=CARTESIAN_POINT('Ctrl Pts',(11.9863240412682,7.23046784238684,-0.113938466259714));
#12315=CARTESIAN_POINT('Ctrl Pts',(11.9669636568994,7.21928796195914,-0.146773532531529));
#12316=CARTESIAN_POINT('Ctrl Pts',(11.9537352393955,7.21164922028818,-0.182628627764716));
#12317=CARTESIAN_POINT('Ctrl Pts',(11.9405068218915,7.20401047861722,-0.218483722997903));
#12318=CARTESIAN_POINT('Ctrl Pts',(11.9334204578326,7.19991870055841,-0.257331507447025));
#12319=CARTESIAN_POINT('Ctrl Pts',(11.9330020023854,7.19967753252047,-0.296289193769791));
#12320=CARTESIAN_POINT('Ctrl Pts',(12.1097048112427,7.47516879692129,0.));
#12321=CARTESIAN_POINT('Ctrl Pts',(12.0773134752302,7.4535258519125,2.82344315751433E-18));
#12322=CARTESIAN_POINT('Ctrl Pts',(12.0449344833705,7.43189115490622,-0.0076825936652591));
#12323=CARTESIAN_POINT('Ctrl Pts',(12.0149700998998,7.41186982872732,-0.022477793514897));
#12324=CARTESIAN_POINT('Ctrl Pts',(11.9850057164292,7.39184850254841,-0.0372729933645349));
#12325=CARTESIAN_POINT('Ctrl Pts',(11.9574787798578,7.37345580722256,-0.0591695226665352));
#12326=CARTESIAN_POINT('Ctrl Pts',(11.9344315704254,7.35805633477848,-0.0865428327175991));
#12327=CARTESIAN_POINT('Ctrl Pts',(11.9113843609929,7.3426568623344,-0.113916142768663));
#12328=CARTESIAN_POINT('Ctrl Pts',(11.8928344450188,7.33026235007376,-0.146745369945116));
#12329=CARTESIAN_POINT('Ctrl Pts',(11.8801580790561,7.32179237244343,-0.182594846123292));
#12330=CARTESIAN_POINT('Ctrl Pts',(11.8674817130933,7.31332239481309,-0.218444322301468));
#12331=CARTESIAN_POINT('Ctrl Pts',(11.860688558923,7.30878340753307,-0.257286723420868));
#12332=CARTESIAN_POINT('Ctrl Pts',(11.8602826146742,7.30851216743815,-0.296240251571821));
#12333=CARTESIAN_POINT('Ctrl Pts',(12.0260770067887,7.60032811849052,0.));
#12334=CARTESIAN_POINT('Ctrl Pts',(11.9951056228768,7.57656738183976,2.86263919438109E-18));
#12335=CARTESIAN_POINT('Ctrl Pts',(11.9641460368309,7.55281569682794,-0.00768096540813193));
#12336=CARTESIAN_POINT('Ctrl Pts',(11.9354947123899,7.53083492134945,-0.0224731462490752));
#12337=CARTESIAN_POINT('Ctrl Pts',(11.906843387949,7.50885414587095,-0.0372653270900185));
#12338=CARTESIAN_POINT('Ctrl Pts',(11.8805221532942,7.48866102705339,-0.0591574536385203));
#12339=CARTESIAN_POINT('Ctrl Pts',(11.8584834170059,7.47175345466768,-0.0865256364580658));
#12340=CARTESIAN_POINT('Ctrl Pts',(11.8364446807176,7.45484588228197,-0.113893819277611));
#12341=CARTESIAN_POINT('Ctrl Pts',(11.8187052331382,7.44123673818839,-0.146717207358703));
#12342=CARTESIAN_POINT('Ctrl Pts',(11.8065809187167,7.43193552459867,-0.182561064481868));
#12343=CARTESIAN_POINT('Ctrl Pts',(11.7944566042952,7.42263431100896,-0.218404921605033));
#12344=CARTESIAN_POINT('Ctrl Pts',(11.7879566600135,7.41764811450774,-0.25724193939471));
#12345=CARTESIAN_POINT('Ctrl Pts',(11.7875632269629,7.41734680235583,-0.29619130937385));
#12346=CARTESIAN_POINT('Ctrl Pts',(11.9301244296673,7.71724735416229,0.));
#12347=CARTESIAN_POINT('Ctrl Pts',(11.9007796211436,7.69150790859645,6.35274710440725E-19));
#12348=CARTESIAN_POINT('Ctrl Pts',(11.8714459887375,7.66577826602773,-0.00768014360155159));
#12349=CARTESIAN_POINT('Ctrl Pts',(11.8442991846884,7.64196677362888,-0.022470800647948));
#12350=CARTESIAN_POINT('Ctrl Pts',(11.8171523806393,7.61815528123004,-0.0372614576943445));
#12351=CARTESIAN_POINT('Ctrl Pts',(11.7922130829404,7.59628007645401,-0.0591513619935455));
#12352=CARTESIAN_POINT('Ctrl Pts',(11.7713310195127,7.57796362588099,-0.0865169567133934));
#12353=CARTESIAN_POINT('Ctrl Pts',(11.7504489560849,7.55964717530797,-0.113882551433241));
#12354=CARTESIAN_POINT('Ctrl Pts',(11.7336400330058,7.54490343076235,-0.146702991925358));
#12355=CARTESIAN_POINT('Ctrl Pts',(11.7221509547622,7.53482592407785,-0.182544012161576));
#12356=CARTESIAN_POINT('Ctrl Pts',(11.7106618765186,7.52474841739335,-0.218385032397794));
#12357=CARTESIAN_POINT('Ctrl Pts',(11.7045013944567,7.51934482470805,-0.257219331912985));
#12358=CARTESIAN_POINT('Ctrl Pts',(11.7041264266428,7.51901592620365,-0.296166601527259));
#12359=CARTESIAN_POINT('Ctrl Pts',(11.8236858919148,7.82368589191481,0.));
#12360=CARTESIAN_POINT('Ctrl Pts',(11.79614376487,7.79614376487001,6.35274710440725E-19));
#12361=CARTESIAN_POINT('Ctrl Pts',(11.7686121273826,7.76861212738262,-0.00768014360155159));
#12362=CARTESIAN_POINT('Ctrl Pts',(11.7431329791586,7.74313297915864,-0.022470800647948));
#12363=CARTESIAN_POINT('Ctrl Pts',(11.7176538309346,7.71765383093465,-0.0372614576943445));
#12364=CARTESIAN_POINT('Ctrl Pts',(11.6942465796972,7.6942465796972,-0.0591513619935455));
#12365=CARTESIAN_POINT('Ctrl Pts',(11.6746473226968,7.67464732269683,-0.0865169567133934));
#12366=CARTESIAN_POINT('Ctrl Pts',(11.6550480656965,7.65504806569646,-0.113882551433241));
#12367=CARTESIAN_POINT('Ctrl Pts',(11.6392717318841,7.6392717318841,-0.146702991925358));
#12368=CARTESIAN_POINT('Ctrl Pts',(11.62848843942,7.62848843942004,-0.182544012161576));
#12369=CARTESIAN_POINT('Ctrl Pts',(11.617705146956,7.61770514695598,-0.218385032397794));
#12370=CARTESIAN_POINT('Ctrl Pts',(11.6119231095824,7.6119231095824,-0.257219331912985));
#12371=CARTESIAN_POINT('Ctrl Pts',(11.6115711764232,7.61157117642323,-0.296166601527259));
#12372=CARTESIAN_POINT('Origin',(10.1974249355127,6.19745026858026,-0.299999376363816));
#12373=CARTESIAN_POINT('Origin',(-6.41624598203137,-6.69984379661758,-0.0105095375564374));
#12374=CARTESIAN_POINT('',(-7.39876027256277,-7.63171323558713,-16.3027107327075));
#12375=CARTESIAN_POINT('',(-7.39768299377166,-7.62904687701381,-16.597787748155));
#12376=CARTESIAN_POINT('',(-6.35681525440579,-8.05268634880083,-16.3027107327075));
#12377=CARTESIAN_POINT('',(-6.41634190948996,-8.20001999022751,0.00221225184495778));
#12378=CARTESIAN_POINT('',(-6.91870156975484,-7.94346501621762,-16.302923599921));
#12379=CARTESIAN_POINT('Origin',(-6.35680803060609,-6.55272803302556,-16.2998966594698));
#12380=CARTESIAN_POINT('Origin',(-6.35680686953651,-6.55272850212811,-16.2998966594696));
#12381=CARTESIAN_POINT('Origin',(12.2,8.2,0.));
#12382=CARTESIAN_POINT('',(10.0527679957097,8.05268634880083,-16.3027107327075));
#12383=CARTESIAN_POINT('',(10.2002449173973,8.20016327048836,0.0180686007118826));
#12384=CARTESIAN_POINT('',(-10.0527679957097,8.05268634880083,-16.3027107327075));
#12385=CARTESIAN_POINT('',(-10.0502449173973,8.05016327048836,-16.5819313992881));
#12386=CARTESIAN_POINT('',(10.0500816469089,8.05268634880083,-16.3027107327075));
#12387=CARTESIAN_POINT('Origin',(-12.05,8.05,-16.6));
#12388=CARTESIAN_POINT('',(-12.0526863488008,6.05276799570974,-16.3027107327075));
#12389=CARTESIAN_POINT('',(-12.2001632704884,6.20024491739726,0.0180686007118774));
#12390=CARTESIAN_POINT('',(-12.0526863488008,-2.50078283346015,-16.3027107327075));
#12391=CARTESIAN_POINT('',(-12.0500220648958,-2.49965191203924,-16.5975581515309));
#12392=CARTESIAN_POINT('',(-12.0526863488008,6.05008164690891,-16.3027107327075));
#12393=CARTESIAN_POINT('Origin',(10.5498381617359,-2.49954785698676,-16.611133131126));
#12394=CARTESIAN_POINT('',(11.5946926021395,-3.57974848506477,-16.3027107327075));
#12395=CARTESIAN_POINT('',(11.5920283182345,-3.57861756364385,-16.5975581515309));
#12396=CARTESIAN_POINT('',(12.0526863488008,-2.50078283346015,-16.3027107327075));
#12397=CARTESIAN_POINT('',(12.2000220648958,-2.56332313447068,0.00244184846913756));
#12398=CARTESIAN_POINT('',(11.9334468020793,-3.08685488030256,-16.3029448109471));
#12399=CARTESIAN_POINT('Origin',(10.5527280211034,-2.50077531587613,-16.2998866450858));
#12400=CARTESIAN_POINT('Origin',(10.5527285867674,-2.50077398325524,-16.2998866450858));
#12401=CARTESIAN_POINT('Origin',(-12.2,-3.2,0.));
#12402=CARTESIAN_POINT('',(-11.5946926021395,-3.57974848506477,-16.3027107327075));
#12403=CARTESIAN_POINT('',(-11.7420283182345,-3.64228878607529,0.00244184846913843));
#12404=CARTESIAN_POINT('',(-11.5938723480191,-3.58054059526129,-16.3027107327075));
#12405=CARTESIAN_POINT('Origin',(10.0493316814346,6.04933168143458,-16.664924627775));
#12406=CARTESIAN_POINT('',(12.0526863488008,6.05276799570974,-16.3027107327075));
#12407=CARTESIAN_POINT('',(12.0501632704884,6.05024491739727,-16.5819313992881));
#12408=CARTESIAN_POINT('',(11.4669235848846,7.46692358488457,-16.3038333984727));
#12409=CARTESIAN_POINT('Origin',(10.0527618236265,6.0527479838221,-16.3000003407344));
#12410=CARTESIAN_POINT('Origin',(10.0527479838221,6.05276182362649,-16.3000003407344));
#12411=CARTESIAN_POINT('Origin',(6.35555241223082,-6.5496219399173,-16.6350616790532));
#12412=CARTESIAN_POINT('',(6.35681525440579,-8.05268634880083,-16.3027107327075));
#12413=CARTESIAN_POINT('',(6.35573797561468,-8.05001999022751,-16.597787748155));
#12414=CARTESIAN_POINT('',(7.39876027256276,-7.63171323558713,-16.3027107327075));
#12415=CARTESIAN_POINT('',(7.45828692764694,-7.7790468770138,0.00221225184495952));
#12416=CARTESIAN_POINT('',(6.91870156975489,-7.9434650162176,-16.302923599921));
#12417=CARTESIAN_POINT('Origin',(6.35680686953652,-6.5527285021281,-16.2998966594699));
#12418=CARTESIAN_POINT('Origin',(6.35680803060609,-6.55272803302555,-16.2998966594696));
#12419=CARTESIAN_POINT('Origin',(12.05,-3.13632877756856,-16.6));
#12420=CARTESIAN_POINT('',(12.0526863488008,-2.49964254604664,-16.3027107327075));
#12421=CARTESIAN_POINT('Origin',(-10.1982529361197,6.19825293611971,-0.18430577595397));
#12422=CARTESIAN_POINT('',(-11.4669235848846,7.46692358488457,-16.3038333984727));
#12423=CARTESIAN_POINT('Origin',(-10.0527479838221,6.05276182362649,-16.3000003407344));
#12424=CARTESIAN_POINT('Origin',(-10.0527618236265,6.05274798382211,-16.3000003407344));
#12425=CARTESIAN_POINT('Origin',(-6.9617444971719,-8.05,-16.6));
#12426=CARTESIAN_POINT('',(-6.35572989903851,-8.05268634880083,-16.3027107327075));
#12427=CARTESIAN_POINT('Origin',(-10.5496956284636,-2.49948735520218,-16.6269068132651));
#12428=CARTESIAN_POINT('',(-11.9334468020793,-3.08685488030251,-16.3029448109471));
#12429=CARTESIAN_POINT('Origin',(-10.5527285867674,-2.5007739832553,-16.2998866450859));
#12430=CARTESIAN_POINT('Origin',(-10.5527280211035,-2.50077531587614,-16.2998866450857));
#12431=CARTESIAN_POINT('Origin',(6.9617444971719,-8.05,-16.6));
#12432=CARTESIAN_POINT('',(7.39954101187596,-7.63095928439632,-16.3027107327075));
#12433=CARTESIAN_POINT('Ctrl Pts',(-6.35681525440579,-8.05268634880083,
-16.3027107327075));
#12434=CARTESIAN_POINT('Ctrl Pts',(-6.35681525440579,-8.0523587947449,-16.3389600482309));
#12435=CARTESIAN_POINT('Ctrl Pts',(-6.35681525440579,-8.04538999189362,
-16.3751389835046));
#12436=CARTESIAN_POINT('Ctrl Pts',(-6.35681525440579,-8.03222898196831,
-16.4089163129626));
#12437=CARTESIAN_POINT('Ctrl Pts',(-6.35681525440579,-8.019067972043,-16.4426936424207));
#12438=CARTESIAN_POINT('Ctrl Pts',(-6.35681525440579,-7.99972228373284,
-16.4740500439126));
#12439=CARTESIAN_POINT('Ctrl Pts',(-6.35681525440579,-7.97543847564542,
-16.5009650366183));
#12440=CARTESIAN_POINT('Ctrl Pts',(-6.54879399285689,-8.05268508226075,
-16.3028508964764));
#12441=CARTESIAN_POINT('Ctrl Pts',(-6.54875206931611,-8.05234068937209,
-16.3390892142538));
#12442=CARTESIAN_POINT('Ctrl Pts',(-6.54786013442709,-8.04535909613776,
-16.3752541005367));
#12443=CARTESIAN_POINT('Ctrl Pts',(-6.54617566089877,-8.03218990495331,
-16.4090166029265));
#12444=CARTESIAN_POINT('Ctrl Pts',(-6.54449118737045,-8.01902071376886,
-16.4427791053163));
#12445=CARTESIAN_POINT('Ctrl Pts',(-6.54201513879739,-7.9996714490223,-16.4741199331943));
#12446=CARTESIAN_POINT('Ctrl Pts',(-6.53890706182441,-7.9753881683221,-16.5010207948106));
#12447=CARTESIAN_POINT('Ctrl Pts',(-6.74070269472823,-8.01538122989752,
-16.302923599921));
#12448=CARTESIAN_POINT('Ctrl Pts',(-6.74061232008183,-8.01503689622123,
-16.3391562040573));
#12449=CARTESIAN_POINT('Ctrl Pts',(-6.73882379078911,-8.00822247546225,
-16.3753137983025));
#12450=CARTESIAN_POINT('Ctrl Pts',(-6.73545224982974,-7.99537667036596,
-16.409068608012));
#12451=CARTESIAN_POINT('Ctrl Pts',(-6.73208070887037,-7.98253086526967,
-16.4428234177215));
#12452=CARTESIAN_POINT('Ctrl Pts',(-6.72712808142547,-7.96366101090976,
-16.4741561685861));
#12453=CARTESIAN_POINT('Ctrl Pts',(-6.72091321062694,-7.93998192175183,
-16.5010497025363));
#12454=CARTESIAN_POINT('Ctrl Pts',(-6.91870156975484,-7.94346501621762,
-16.302923599921));
#12455=CARTESIAN_POINT('Ctrl Pts',(-6.91856929033646,-7.9431376131682,-16.3391562040573));
#12456=CARTESIAN_POINT('Ctrl Pts',(-6.91595145863223,-7.93665825233261,
-16.3753137983025));
#12457=CARTESIAN_POINT('Ctrl Pts',(-6.91101660693511,-7.92444406577351,
-16.409068608012));
#12458=CARTESIAN_POINT('Ctrl Pts',(-6.90608175523799,-7.9122298792144,-16.4428234177215));
#12459=CARTESIAN_POINT('Ctrl Pts',(-6.898832701394,-7.89428784134543,-16.4741561685861));
#12460=CARTESIAN_POINT('Ctrl Pts',(-6.8897361292102,-7.87177303512216,-16.5010497025363));
#12461=CARTESIAN_POINT('',(-6.89008950234553,-7.87264766432339,-16.4999999854282));
#12462=CARTESIAN_POINT('Origin',(-6.80632492840024,-7.66532306856973,-16.3));
#12463=CARTESIAN_POINT('',(-6.35681525440579,-7.97630538259718,-16.4999999938268));
#12464=CARTESIAN_POINT('Origin',(-6.35681525440579,-7.75269859583717,-16.3));
#12465=CARTESIAN_POINT('Origin',(-6.42413607714854,-6.89915296625843,-16.5000038392075));
#12466=CARTESIAN_POINT('Ctrl Pts',(-6.91870156975484,-7.94346501621762,
-16.302923599921));
#12467=CARTESIAN_POINT('Ctrl Pts',(-6.91856929033646,-7.9431376131682,-16.3391562040573));
#12468=CARTESIAN_POINT('Ctrl Pts',(-6.91595145863223,-7.93665825233261,
-16.3753137983025));
#12469=CARTESIAN_POINT('Ctrl Pts',(-6.91101660693511,-7.92444406577351,
-16.409068608012));
#12470=CARTESIAN_POINT('Ctrl Pts',(-6.90608175523799,-7.9122298792144,-16.4428234177215));
#12471=CARTESIAN_POINT('Ctrl Pts',(-6.898832701394,-7.89428784134543,-16.4741561685861));
#12472=CARTESIAN_POINT('Ctrl Pts',(-6.8897361292102,-7.87177303512216,-16.5010497025363));
#12473=CARTESIAN_POINT('Ctrl Pts',(-7.09670044478149,-7.87154880253771,
-16.302923599921));
#12474=CARTESIAN_POINT('Ctrl Pts',(-7.09652626059112,-7.87123833011516,
-16.3391562040573));
#12475=CARTESIAN_POINT('Ctrl Pts',(-7.09307912647539,-7.86509402920297,
-16.3753137983025));
#12476=CARTESIAN_POINT('Ctrl Pts',(-7.08658096404052,-7.85351146118104,
-16.409068608012));
#12477=CARTESIAN_POINT('Ctrl Pts',(-7.08008280160564,-7.84192889315912,
-16.4428234177215));
#12478=CARTESIAN_POINT('Ctrl Pts',(-7.07053732136256,-7.82491467178108,
-16.4741561685861));
#12479=CARTESIAN_POINT('Ctrl Pts',(-7.0585590477935,-7.80356414849248,-16.5010497025363));
#12480=CARTESIAN_POINT('Ctrl Pts',(-7.2606614453634,-7.76507196212968,-16.3028508964764));
#12481=CARTESIAN_POINT('Ctrl Pts',(-7.26045236723201,-7.76479510407938,
-16.3390892142538));
#12482=CARTESIAN_POINT('Ctrl Pts',(-7.25624414931762,-7.75915337615959,
-16.3752541005367));
#12483=CARTESIAN_POINT('Ctrl Pts',(-7.24830776928071,-7.74851011916609,
-16.4090166029265));
#12484=CARTESIAN_POINT('Ctrl Pts',(-7.24037138924379,-7.73786686217258,
-16.4427791053163));
#12485=CARTESIAN_POINT('Ctrl Pts',(-7.22871138081154,-7.72222815806615,
-16.4741199331943));
#12486=CARTESIAN_POINT('Ctrl Pts',(-7.21407856008013,-7.70260117609039,
-16.5010207948106));
#12487=CARTESIAN_POINT('Ctrl Pts',(-7.39876027256277,-7.63171323558713,
-16.3027107327075));
#12488=CARTESIAN_POINT('Ctrl Pts',(-7.39853273439603,-7.63147761291793,
-16.3389600482309));
#12489=CARTESIAN_POINT('Ctrl Pts',(-7.39369179716332,-7.62646467566629,
-16.3751389835046));
#12490=CARTESIAN_POINT('Ctrl Pts',(-7.384549391455,-7.61699743741436,-16.4089163129626));
#12491=CARTESIAN_POINT('Ctrl Pts',(-7.37540698574669,-7.60753019916244,
-16.4426936424207));
#12492=CARTESIAN_POINT('Ctrl Pts',(-7.36196834142975,-7.59361407559599,
-16.4740500439126));
#12493=CARTESIAN_POINT('Ctrl Pts',(-7.34509939087521,-7.57614576593493,
-16.5009650366183));
#12494=CARTESIAN_POINT('',(-7.34570159504565,-7.57676936660852,-16.4999999938268));
#12495=CARTESIAN_POINT('Origin',(-6.54899840574686,-6.84865914781473,-16.5000044281887));
#12496=CARTESIAN_POINT('Origin',(-7.19037126893137,-7.4159201052662,-16.3));
#12497=CARTESIAN_POINT('Origin',(12.05,7.75269859583717,-16.3));
#12498=CARTESIAN_POINT('',(10.0527679957098,7.97630537766312,-16.5000000029995));
#12499=CARTESIAN_POINT('',(-10.0527679957098,7.97630537766312,-16.5000000029995));
#12500=CARTESIAN_POINT('',(12.05,7.97630539358715,-16.5));
#12501=CARTESIAN_POINT('Origin',(10.0527679957097,7.75269859583717,-16.3));
#12502=CARTESIAN_POINT('Origin',(-10.0527679957097,7.75269859583717,-16.3));
#12503=CARTESIAN_POINT('Origin',(-11.7526985958372,8.05,-16.3));
#12504=CARTESIAN_POINT('',(-11.9763053776631,6.05276799570982,-16.5000000029995));
#12505=CARTESIAN_POINT('',(-11.9763053776631,-2.50078283346016,-16.5000000029995));
#12506=CARTESIAN_POINT('',(-11.9763053935871,8.05,-16.5));
#12507=CARTESIAN_POINT('Origin',(-11.7526985958372,6.05276799570974,-16.3));
#12508=CARTESIAN_POINT('Origin',(-11.7526985958372,-2.50078283346016,-16.3));
#12509=CARTESIAN_POINT('Ctrl Pts',(12.0526863488008,-2.50078283346015,-16.3027107327075));
#12510=CARTESIAN_POINT('Ctrl Pts',(12.0523587947449,-2.50078283346015,-16.3389600482309));
#12511=CARTESIAN_POINT('Ctrl Pts',(12.0453899918936,-2.50078283346015,-16.3751389835046));
#12512=CARTESIAN_POINT('Ctrl Pts',(12.0322289819683,-2.50078283346015,-16.4089163129626));
#12513=CARTESIAN_POINT('Ctrl Pts',(12.019067972043,-2.50078283346015,-16.4426936424207));
#12514=CARTESIAN_POINT('Ctrl Pts',(11.9997222837328,-2.50078283346015,-16.4740500439126));
#12515=CARTESIAN_POINT('Ctrl Pts',(11.9754384756454,-2.50078283346015,-16.5009650366183));
#12516=CARTESIAN_POINT('Ctrl Pts',(12.0526856532385,-2.60113537620946,-16.3027877082762));
#12517=CARTESIAN_POINT('Ctrl Pts',(12.0523488515807,-2.60111346165112,-16.3390309840237));
#12518=CARTESIAN_POINT('Ctrl Pts',(12.0453730244676,-2.60064722338038,-16.3752022038295));
#12519=CARTESIAN_POINT('Ctrl Pts',(12.0322075215333,-2.59976670392249,-16.4089713905128));
#12520=CARTESIAN_POINT('Ctrl Pts',(12.019042018599,-2.5988861844646,-16.442740577196));
#12521=CARTESIAN_POINT('Ctrl Pts',(11.9996943661705,-2.59759188751626,-16.4740884259228));
#12522=CARTESIAN_POINT('Ctrl Pts',(11.9754108477152,-2.59596721238464,-16.5009956580735));
#12523=CARTESIAN_POINT('Ctrl Pts',(12.0425804969658,-2.7014849300517,-16.3028464218863));
#12524=CARTESIAN_POINT('Ctrl Pts',(12.0422388994902,-2.70143922986525,-16.3390850873784));
#12525=CARTESIAN_POINT('Ctrl Pts',(12.0353047007297,-2.70050534112393,-16.375250420383));
#12526=CARTESIAN_POINT('Ctrl Pts',(12.0222244579291,-2.69874341055386,-16.4090133954319));
#12527=CARTESIAN_POINT('Ctrl Pts',(12.0091442151285,-2.69698147998378,-16.4427763704808));
#12528=CARTESIAN_POINT('Ctrl Pts',(11.9899254021037,-2.69439251448993,-16.4741176959315));
#12529=CARTESIAN_POINT('Ctrl Pts',(11.9658056960334,-2.6911432553182,-16.5010190094806));
#12530=CARTESIAN_POINT('Ctrl Pts',(12.0225731864608,-2.79982248451112,-16.3028856980841));
#12531=CARTESIAN_POINT('Ctrl Pts',(12.0222316180252,-2.79975299189362,-16.3391212790752));
#12532=CARTESIAN_POINT('Ctrl Pts',(12.0153870771588,-2.79836045964911,-16.3752826738726));
#12533=CARTESIAN_POINT('Ctrl Pts',(12.0024802756499,-2.7957345512609,-16.4090414935784));
#12534=CARTESIAN_POINT('Ctrl Pts',(11.989573474141,-2.79310864287268,-16.4428003132842));
#12535=CARTESIAN_POINT('Ctrl Pts',(11.9706117842715,-2.78925085824272,-16.4741372750779));
#12536=CARTESIAN_POINT('Ctrl Pts',(11.9468161265404,-2.78440959550259,-16.5010346295241));
#12537=CARTESIAN_POINT('Ctrl Pts',(12.0025658759559,-2.89816003897054,-16.3029249742819));
#12538=CARTESIAN_POINT('Ctrl Pts',(12.0022243365601,-2.89806675392198,-16.3391574707721));
#12539=CARTESIAN_POINT('Ctrl Pts',(11.9954694535878,-2.8962155781743,-16.3753149273621));
#12540=CARTESIAN_POINT('Ctrl Pts',(11.9827360933706,-2.89272569196794,-16.4090695917249));
#12541=CARTESIAN_POINT('Ctrl Pts',(11.9700027331534,-2.88923580576158,-16.4428242560876));
#12542=CARTESIAN_POINT('Ctrl Pts',(11.9512981664393,-2.88410920199551,-16.4741568542242));
#12543=CARTESIAN_POINT('Ctrl Pts',(11.9278265570474,-2.87767593568697,-16.5010502495675));
#12544=CARTESIAN_POINT('Ctrl Pts',(11.9726574913092,-2.99448028531483,-16.3029448109471));
#12545=CARTESIAN_POINT('Ctrl Pts',(11.9723208057168,-2.99436322112683,-16.3391757488935));
#12546=CARTESIAN_POINT('Ctrl Pts',(11.965703605259,-2.99206244789538,-16.3753312161016));
#12547=CARTESIAN_POINT('Ctrl Pts',(11.9532318580727,-2.98772607297986,-16.4090837816441));
#12548=CARTESIAN_POINT('Ctrl Pts',(11.9407601108863,-2.98338969806434,-16.4428363471865));
#12549=CARTESIAN_POINT('Ctrl Pts',(11.9224409371683,-2.97702019712781,-16.4741667415164));
#12550=CARTESIAN_POINT('Ctrl Pts',(11.8994535945737,-2.96902759317968,-16.5010581374606));
#12551=CARTESIAN_POINT('Ctrl Pts',(11.9334468020793,-3.08685488030256,-16.3029448109471));
#12552=CARTESIAN_POINT('Ctrl Pts',(11.9331194140858,-3.08671591234419,-16.3391757488935));
#12553=CARTESIAN_POINT('Ctrl Pts',(11.926684948135,-3.08398464359231,-16.3753312161016));
#12554=CARTESIAN_POINT('Ctrl Pts',(11.9145576092202,-3.07883689363535,-16.4090837816441));
#12555=CARTESIAN_POINT('Ctrl Pts',(11.9024302703055,-3.07368914367839,-16.4428363471865));
#12556=CARTESIAN_POINT('Ctrl Pts',(11.8846169819989,-3.0661278513984,-16.4741667415164));
#12557=CARTESIAN_POINT('Ctrl Pts',(11.8622644366635,-3.05663975882533,-16.5010581374606));
#12558=CARTESIAN_POINT('',(11.8631397593667,-3.05701131126889,-16.5000000055829));
#12559=CARTESIAN_POINT('Origin',(11.6573086505918,-2.96964118920143,-16.3));
#12560=CARTESIAN_POINT('',(11.9763053776631,-2.50078283346016,-16.5000000029995));
#12561=CARTESIAN_POINT('Origin',(11.7526985958372,-2.50078283346015,-16.3));
#12562=CARTESIAN_POINT('Ctrl Pts',(11.8631397493521,-3.05701130701795,-16.5));
#12563=CARTESIAN_POINT('Ctrl Pts',(11.9003539625016,-2.96934011492764,-16.5));
#12564=CARTESIAN_POINT('Ctrl Pts',(11.9287389975658,-2.87792511561901,-16.5));
#12565=CARTESIAN_POINT('Ctrl Pts',(11.9667154072867,-2.69126420420026,-16.5));
#12566=CARTESIAN_POINT('Ctrl Pts',(11.9763053513807,-2.59602536207633,-16.5));
#12567=CARTESIAN_POINT('Ctrl Pts',(11.9763053538636,-2.50078283346016,-16.5));
#12568=CARTESIAN_POINT('Ctrl Pts',(11.9334468020793,-3.08685488030256,-16.3029448109471));
#12569=CARTESIAN_POINT('Ctrl Pts',(11.9331194140858,-3.08671591234419,-16.3391757488935));
#12570=CARTESIAN_POINT('Ctrl Pts',(11.926684948135,-3.08398464359231,-16.3753312161016));
#12571=CARTESIAN_POINT('Ctrl Pts',(11.9145576092202,-3.07883689363535,-16.4090837816441));
#12572=CARTESIAN_POINT('Ctrl Pts',(11.9024302703055,-3.07368914367839,-16.4428363471865));
#12573=CARTESIAN_POINT('Ctrl Pts',(11.8846169819989,-3.0661278513984,-16.4741667415165));
#12574=CARTESIAN_POINT('Ctrl Pts',(11.8622644366635,-3.05663975882533,-16.5010581374606));
#12575=CARTESIAN_POINT('Ctrl Pts',(11.8942361128495,-3.17922947529027,-16.3029448109471));
#12576=CARTESIAN_POINT('Ctrl Pts',(11.8939180224549,-3.17906860356154,-16.3391757488935));
#12577=CARTESIAN_POINT('Ctrl Pts',(11.887666291011,-3.17590683928924,-16.3753312161016));
#12578=CARTESIAN_POINT('Ctrl Pts',(11.8758833603678,-3.16994771429084,-16.4090837816441));
#12579=CARTESIAN_POINT('Ctrl Pts',(11.8641004297246,-3.16398858929244,-16.4428363471865));
#12580=CARTESIAN_POINT('Ctrl Pts',(11.8467930268296,-3.15523550566898,-16.4741667415165));
#12581=CARTESIAN_POINT('Ctrl Pts',(11.8250752787534,-3.14425192447097,-16.5010581374606));
#12582=CARTESIAN_POINT('Ctrl Pts',(11.8457252358173,-3.26765343209824,-16.3029249742819));
#12583=CARTESIAN_POINT('Ctrl Pts',(11.845420878969,-3.26747255045729,-16.3391574707721));
#12584=CARTESIAN_POINT('Ctrl Pts',(11.8393969185781,-3.26389942901702,-16.3753149273621));
#12585=CARTESIAN_POINT('Ctrl Pts',(11.8280411692723,-3.25716409488593,-16.4090695917249));
#12586=CARTESIAN_POINT('Ctrl Pts',(11.8166854199664,-3.25042876075483,-16.4428242560876));
#12587=CARTESIAN_POINT('Ctrl Pts',(11.8000043660032,-3.24053505968744,-16.4741568542242));
#12588=CARTESIAN_POINT('Ctrl Pts',(11.779071911569,-3.22811991916441,-16.5010502495675));
#12589=CARTESIAN_POINT('Ctrl Pts',(11.7888853647394,-3.35035649217788,-16.3028856980841));
#12590=CARTESIAN_POINT('Ctrl Pts',(11.7885981025608,-3.35015906203598,-16.3391212790752));
#12591=CARTESIAN_POINT('Ctrl Pts',(11.7828417810893,-3.34620284555553,-16.3752826738726));
#12592=CARTESIAN_POINT('Ctrl Pts',(11.7719870429696,-3.33874257877704,-16.4090414935784));
#12593=CARTESIAN_POINT('Ctrl Pts',(11.7611323048499,-3.33128231199855,-16.4428003132842));
#12594=CARTESIAN_POINT('Ctrl Pts',(11.7451853502386,-3.32032225617841,-16.4741372750779));
#12595=CARTESIAN_POINT('Ctrl Pts',(11.7251729844422,-3.30656811618319,-16.5010346295241));
#12596=CARTESIAN_POINT('Ctrl Pts',(11.7320454936614,-3.43305955225752,-16.3028464218863));
#12597=CARTESIAN_POINT('Ctrl Pts',(11.7317753261526,-3.43284557361468,-16.3390850873784));
#12598=CARTESIAN_POINT('Ctrl Pts',(11.7262866436005,-3.42850626209404,-16.375250420383));
#12599=CARTESIAN_POINT('Ctrl Pts',(11.715932916667,-3.42032106266815,-16.4090133954319));
#12600=CARTESIAN_POINT('Ctrl Pts',(11.7055791897334,-3.41213586324226,-16.4427763704808));
#12601=CARTESIAN_POINT('Ctrl Pts',(11.690366334474,-3.40010945266937,-16.4741176959315));
#12602=CARTESIAN_POINT('Ctrl Pts',(11.6712740573154,-3.38501631320196,-16.5010190094806));
#12603=CARTESIAN_POINT('Ctrl Pts',(11.666879697026,-3.51003725090143,-16.3027877082762));
#12604=CARTESIAN_POINT('Ctrl Pts',(11.6666299709213,-3.50981019919556,-16.3390309840237));
#12605=CARTESIAN_POINT('Ctrl Pts',(11.6614487704817,-3.50511608543023,-16.3752022038295));
#12606=CARTESIAN_POINT('Ctrl Pts',(11.651669850976,-3.49625727538988,-16.4089713905128));
#12607=CARTESIAN_POINT('Ctrl Pts',(11.6418909314704,-3.48739846534953,-16.442740577196));
#12608=CARTESIAN_POINT('Ctrl Pts',(11.6275198834538,-3.47438002312363,-16.4740884259228));
#12609=CARTESIAN_POINT('Ctrl Pts',(11.6094824406098,-3.45804051598594,-16.5009956580735));
#12610=CARTESIAN_POINT('Ctrl Pts',(11.5946926021395,-3.57974848506477,-16.3027107327075));
#12611=CARTESIAN_POINT('Ctrl Pts',(11.5944650639728,-3.57951286239557,-16.3389600482309));
#12612=CARTESIAN_POINT('Ctrl Pts',(11.58962412674,-3.57449992514393,-16.3751389835046));
#12613=CARTESIAN_POINT('Ctrl Pts',(11.5804817210317,-3.565032686892,-16.4089163129626));
#12614=CARTESIAN_POINT('Ctrl Pts',(11.5713393153234,-3.55556544864008,-16.4426936424207));
#12615=CARTESIAN_POINT('Ctrl Pts',(11.5579006710065,-3.54164932507363,-16.4740500439126));
#12616=CARTESIAN_POINT('Ctrl Pts',(11.5410317204519,-3.52418101541257,-16.5009650366183));
#12617=CARTESIAN_POINT('',(11.5416339211949,-3.52480461253689,-16.5000000029995));
#12618=CARTESIAN_POINT('Ctrl Pts',(11.5416339046623,-3.52480459541692,-16.5));
#12619=CARTESIAN_POINT('Ctrl Pts',(11.6101456444561,-3.45864357390398,-16.5));
#12620=CARTESIAN_POINT('Ctrl Pts',(11.6719929991969,-3.38558668655995,-16.5));
#12621=CARTESIAN_POINT('Ctrl Pts',(11.7798849910553,-3.22860317901919,-16.5));
#12622=CARTESIAN_POINT('Ctrl Pts',(11.8259255362027,-3.14468249910824,-16.5));
#12623=CARTESIAN_POINT('Ctrl Pts',(11.8631397493521,-3.05701130701795,-16.5));
#12624=CARTESIAN_POINT('Origin',(11.3863035985081,-3.36395535474385,-16.3));
#12625=CARTESIAN_POINT('Origin',(-4.96269533994487,-9.5671617437964,-16.3));
#12626=CARTESIAN_POINT('',(-11.5416339211949,-3.52480461253689,-16.5000000029995));
#12627=CARTESIAN_POINT('',(-5.11802567369342,-9.72801101304423,-16.5));
#12628=CARTESIAN_POINT('Origin',(-11.3863035985081,-3.36395535474385,-16.3));
#12629=CARTESIAN_POINT('Ctrl Pts',(11.4669235848846,7.46692358488457,-16.3038333984727));
#12630=CARTESIAN_POINT('Ctrl Pts',(11.4665968290846,7.46659682908465,-16.3399943736638));
#12631=CARTESIAN_POINT('Ctrl Pts',(11.4615969341087,7.46159693410874,-16.3760606484833));
#12632=CARTESIAN_POINT('Ctrl Pts',(11.4522445606166,7.45224456061657,-16.4097191672505));
#12633=CARTESIAN_POINT('Ctrl Pts',(11.4428921871244,7.44289218712439,-16.4433776860176));
#12634=CARTESIAN_POINT('Ctrl Pts',(11.4291926341562,7.42919263415622,-16.4746093778681));
#12635=CARTESIAN_POINT('Ctrl Pts',(11.4120245017054,7.41202450170543,-16.5014112457466));
#12636=CARTESIAN_POINT('Ctrl Pts',(11.5594788351042,7.37436833466498,-16.3038333984727));
#12637=CARTESIAN_POINT('Ctrl Pts',(11.5591306925527,7.37406296561663,-16.3399943736638));
#12638=CARTESIAN_POINT('Ctrl Pts',(11.5538035455074,7.36939032271008,-16.3760606484833));
#12639=CARTESIAN_POINT('Ctrl Pts',(11.5438390424418,7.36065007879131,-16.4097191672505));
#12640=CARTESIAN_POINT('Ctrl Pts',(11.5338745393762,7.35190983487254,-16.4433776860176));
#12641=CARTESIAN_POINT('Ctrl Pts',(11.5192783261623,7.33910694215017,-16.4746093778681));
#12642=CARTESIAN_POINT('Ctrl Pts',(11.5009865087344,7.32306249467647,-16.5014112457466));
#12643=CARTESIAN_POINT('Ctrl Pts',(11.6429160819516,7.27269965734451,-16.3038086906261));
#12644=CARTESIAN_POINT('Ctrl Pts',(11.6425507951698,7.2724199011162,-16.3399716159216));
#12645=CARTESIAN_POINT('Ctrl Pts',(11.6369302553524,7.26810834171195,-16.3760403732955));
#12646=CARTESIAN_POINT('Ctrl Pts',(11.6264149613132,7.26004152820634,-16.4097015080574));
#12647=CARTESIAN_POINT('Ctrl Pts',(11.6158996672741,7.25197471470074,-16.4433626428194));
#12648=CARTESIAN_POINT('Ctrl Pts',(11.6004955781049,7.24015721887177,-16.4745970786044));
#12649=CARTESIAN_POINT('Ctrl Pts',(11.5811907048062,7.22534703032707,-16.5014014347401));
#12650=CARTESIAN_POINT('Ctrl Pts',(11.7156363541604,7.16386590692439,-16.3037597484282));
#12651=CARTESIAN_POINT('Ctrl Pts',(11.7152594512335,7.1636140713929,-16.3399265344191));
#12652=CARTESIAN_POINT('Ctrl Pts',(11.7093857287493,7.15968942152131,-16.3760002081997));
#12653=CARTESIAN_POINT('Ctrl Pts',(11.6983920054155,7.15234373656827,-16.4096665243881));
#12654=CARTESIAN_POINT('Ctrl Pts',(11.6873982820817,7.14499805161523,-16.4433328405764));
#12655=CARTESIAN_POINT('Ctrl Pts',(11.6712907908398,7.13423549625034,-16.474572711901));
#12656=CARTESIAN_POINT('Ctrl Pts',(11.6511028804817,7.12074652396613,-16.5013819973811));
#12657=CARTESIAN_POINT('Ctrl Pts',(11.7883566263692,7.05503215650426,-16.3037108062302));
#12658=CARTESIAN_POINT('Ctrl Pts',(11.7879681072973,7.05480824166959,-16.3398814529166));
#12659=CARTESIAN_POINT('Ctrl Pts',(11.7818412021463,7.05127050133068,-16.3759600431039));
#12660=CARTESIAN_POINT('Ctrl Pts',(11.7703690495178,7.0446459449302,-16.4096315407187));
#12661=CARTESIAN_POINT('Ctrl Pts',(11.7588968968893,7.03802138852971,-16.4433030383335));
#12662=CARTESIAN_POINT('Ctrl Pts',(11.7420860035747,7.02831377362891,-16.4745483451975));
#12663=CARTESIAN_POINT('Ctrl Pts',(11.7210150561573,7.01614601760518,-16.5013625600222));
#12664=CARTESIAN_POINT('Ctrl Pts',(11.8503563283822,6.93903871412449,-16.3036376321007));
#12665=CARTESIAN_POINT('Ctrl Pts',(11.8499617302877,6.93884500640854,-16.3398140498295));
#12666=CARTESIAN_POINT('Ctrl Pts',(11.8436218715311,6.93571996727225,-16.3758999900049));
#12667=CARTESIAN_POINT('Ctrl Pts',(11.8317436790764,6.92986419214118,-16.4095792342109));
#12668=CARTESIAN_POINT('Ctrl Pts',(11.8198654866216,6.92400841701011,-16.4432584784168));
#12669=CARTESIAN_POINT('Ctrl Pts',(11.8024557017292,6.91542522967404,-16.4745119121628));
#12670=CARTESIAN_POINT('Ctrl Pts',(11.7806317795087,6.90466558244631,-16.5013334971885));
#12671=CARTESIAN_POINT('Ctrl Pts',(11.9004473128695,6.81810845012757,-16.3035416283311));
#12672=CARTESIAN_POINT('Ctrl Pts',(11.9000526327742,6.81794497218854,-16.3397256107482));
#12673=CARTESIAN_POINT('Ctrl Pts',(11.8935443926158,6.8152492353105,-16.3758211904266));
#12674=CARTESIAN_POINT('Ctrl Pts',(11.8813404997454,6.81019433824681,-16.4095105967059));
#12675=CARTESIAN_POINT('Ctrl Pts',(11.8691366068749,6.80513944118311,-16.4432000029853));
#12676=CARTESIAN_POINT('Ctrl Pts',(11.8512439932282,6.79772825516693,-16.4744640999387));
#12677=CARTESIAN_POINT('Ctrl Pts',(11.8288115799562,6.78843666754123,-16.5012953562484));
#12678=CARTESIAN_POINT('Ctrl Pts',(11.9505382973568,6.69717818613066,-16.3034456245615));
#12679=CARTESIAN_POINT('Ctrl Pts',(11.9501435352607,6.69704493796854,-16.3396371716669));
#12680=CARTESIAN_POINT('Ctrl Pts',(11.9434669137005,6.69477850334875,-16.3757423908482));
#12681=CARTESIAN_POINT('Ctrl Pts',(11.9309373204144,6.69052448435243,-16.4094419592009));
#12682=CARTESIAN_POINT('Ctrl Pts',(11.9184077271282,6.68627046535611,-16.4431415275537));
#12683=CARTESIAN_POINT('Ctrl Pts',(11.9000322847272,6.68003128065982,-16.4744162877146));
#12684=CARTESIAN_POINT('Ctrl Pts',(11.8769913804036,6.67220775263615,-16.5012572153084));
#12685=CARTESIAN_POINT('Ctrl Pts',(11.9887180876362,6.57131707975262,-16.3033267958986));
#12686=CARTESIAN_POINT('Ctrl Pts',(11.9883292408333,6.57121406070835,-16.3395277008652));
#12687=CARTESIAN_POINT('Ctrl Pts',(11.9815288186349,6.56939349160881,-16.375644848536));
#12688=CARTESIAN_POINT('Ctrl Pts',(11.9687538806081,6.56597239725084,-16.4093569939221));
#12689=CARTESIAN_POINT('Ctrl Pts',(11.9559789425814,6.56255130289288,-16.4430691393082));
#12690=CARTESIAN_POINT('Ctrl Pts',(11.9372367582102,6.55753163062776,-16.4743570984869));
#12691=CARTESIAN_POINT('Ctrl Pts',(11.9137318766794,6.55123604099699,-16.5012099979932));
#12692=CARTESIAN_POINT('Ctrl Pts',(12.0142550154192,6.44293710286794,-16.3031874195461));
#12693=CARTESIAN_POINT('Ctrl Pts',(12.0138776449028,6.44286204198965,-16.3393992870578));
#12694=CARTESIAN_POINT('Ctrl Pts',(12.0070001310156,6.4414940701676,-16.3755304187889));
#12695=CARTESIAN_POINT('Ctrl Pts',(11.9940647492316,6.43892115819995,-16.4092573133011));
#12696=CARTESIAN_POINT('Ctrl Pts',(11.9811293674475,6.4363482462323,-16.4429842078132));
#12697=CARTESIAN_POINT('Ctrl Pts',(11.9621434874107,6.43257185997803,-16.4742876499632));
#12698=CARTESIAN_POINT('Ctrl Pts',(11.9383280429105,6.42783484925873,-16.5011545947845));
#12699=CARTESIAN_POINT('Ctrl Pts',(12.0397919432021,6.31455712598326,-16.3030480431936));
#12700=CARTESIAN_POINT('Ctrl Pts',(12.0394260489723,6.31451002327095,-16.3392708732503));
#12701=CARTESIAN_POINT('Ctrl Pts',(12.0324714433964,6.3135946487264,-16.3754159890419));
#12702=CARTESIAN_POINT('Ctrl Pts',(12.019375617855,6.31186991914906,-16.4091576326801));
#12703=CARTESIAN_POINT('Ctrl Pts',(12.0062797923136,6.31014518957172,-16.4428992763183));
#12704=CARTESIAN_POINT('Ctrl Pts',(11.9870502166112,6.3076120893283,-16.4742182014396));
#12705=CARTESIAN_POINT('Ctrl Pts',(11.9629242091417,6.30443365752047,-16.5010991915758));
#12706=CARTESIAN_POINT('Ctrl Pts',(12.052684745849,6.18366462616909,-16.3028881260428));
#12707=CARTESIAN_POINT('Ctrl Pts',(12.0523358803178,6.1836431889205,-16.3391235226565));
#12708=CARTESIAN_POINT('Ctrl Pts',(12.0453508897688,6.183187105546,-16.37528467732));
#12709=CARTESIAN_POINT('Ctrl Pts',(12.0321795255212,6.18232576423006,-16.4090432414216));
#12710=CARTESIAN_POINT('Ctrl Pts',(12.0190081612735,6.18146442291412,-16.4428018055232));
#12711=CARTESIAN_POINT('Ctrl Pts',(11.9996579465726,6.18019831638267,-16.4741384968193));
#12712=CARTESIAN_POINT('Ctrl Pts',(11.9753748059543,6.17860902746541,-16.5010356050097));
#12713=CARTESIAN_POINT('Ctrl Pts',(12.0526863488008,6.05276799570974,-16.3027107327075));
#12714=CARTESIAN_POINT('Ctrl Pts',(12.0523587947449,6.05276799570974,-16.3389600482309));
#12715=CARTESIAN_POINT('Ctrl Pts',(12.0453899918936,6.05276799570974,-16.3751389835046));
#12716=CARTESIAN_POINT('Ctrl Pts',(12.0322289819683,6.05276799570974,-16.4089163129626));
#12717=CARTESIAN_POINT('Ctrl Pts',(12.019067972043,6.05276799570974,-16.4426936424207));
#12718=CARTESIAN_POINT('Ctrl Pts',(11.9997222837328,6.05276799570974,-16.4740500439126));
#12719=CARTESIAN_POINT('Ctrl Pts',(11.9754384756454,6.05276799570974,-16.5009650366183));
#12720=CARTESIAN_POINT('',(11.4129227067016,7.41292270670156,-16.5000000098211));
#12721=CARTESIAN_POINT('Origin',(11.254808869393,7.25480886939299,-16.3));
#12722=CARTESIAN_POINT('',(11.9763053776631,6.05276799570982,-16.5000000029995));
#12723=CARTESIAN_POINT('Ctrl Pts',(11.9763053538636,6.0527679957099,-16.5));
#12724=CARTESIAN_POINT('Ctrl Pts',(11.9763053423924,6.3051616051163,-16.5));
#12725=CARTESIAN_POINT('Ctrl Pts',(11.9264744381081,6.55569532374054,-16.5));
#12726=CARTESIAN_POINT('Ctrl Pts',(11.7333060316137,7.02206005979539,-16.5));
#12727=CARTESIAN_POINT('Ctrl Pts',(11.5913922067835,7.23445317955412,-16.5));
#12728=CARTESIAN_POINT('Ctrl Pts',(11.4129226931688,7.41292269316879,-16.5));
#12729=CARTESIAN_POINT('Origin',(11.7526985958372,6.05276799570974,-16.3));
#12730=CARTESIAN_POINT('Ctrl Pts',(10.0527679957097,8.05268634880083,-16.3027107327075));
#12731=CARTESIAN_POINT('Ctrl Pts',(10.0527679957097,8.0523587947449,-16.3389600482309));
#12732=CARTESIAN_POINT('Ctrl Pts',(10.0527679957097,8.04538999189362,-16.3751389835046));
#12733=CARTESIAN_POINT('Ctrl Pts',(10.0527679957097,8.03222898196831,-16.4089163129626));
#12734=CARTESIAN_POINT('Ctrl Pts',(10.0527679957097,8.019067972043,-16.4426936424207));
#12735=CARTESIAN_POINT('Ctrl Pts',(10.0527679957097,7.99972228373284,-16.4740500439126));
#12736=CARTESIAN_POINT('Ctrl Pts',(10.0527679957097,7.97543847564542,-16.5009650366183));
#12737=CARTESIAN_POINT('Ctrl Pts',(10.1836646261691,8.05268474584901,-16.3028881260428));
#12738=CARTESIAN_POINT('Ctrl Pts',(10.1836431889205,8.05233588031776,-16.3391235226565));
#12739=CARTESIAN_POINT('Ctrl Pts',(10.183187105546,8.04535088976885,-16.37528467732));
#12740=CARTESIAN_POINT('Ctrl Pts',(10.1823257642301,8.03217952552118,-16.4090432414216));
#12741=CARTESIAN_POINT('Ctrl Pts',(10.1814644229141,8.01900816127351,-16.4428018055232));
#12742=CARTESIAN_POINT('Ctrl Pts',(10.1801983163827,7.99965794657264,-16.4741384968193));
#12743=CARTESIAN_POINT('Ctrl Pts',(10.1786090274654,7.97537480595427,-16.5010356050097));
#12744=CARTESIAN_POINT('Ctrl Pts',(10.3145571259833,8.03979194320208,-16.3030480431936));
#12745=CARTESIAN_POINT('Ctrl Pts',(10.3145100232709,8.0394260489723,-16.3392708732503));
#12746=CARTESIAN_POINT('Ctrl Pts',(10.3135946487264,8.03247144339643,-16.3754159890419));
#12747=CARTESIAN_POINT('Ctrl Pts',(10.3118699191491,8.01937561785499,-16.4091576326801));
#12748=CARTESIAN_POINT('Ctrl Pts',(10.3101451895717,8.00627979231356,-16.4428992763183));
#12749=CARTESIAN_POINT('Ctrl Pts',(10.3076120893283,7.98705021661118,-16.4742182014396));
#12750=CARTESIAN_POINT('Ctrl Pts',(10.3044336575205,7.96292420914171,-16.5010991915758));
#12751=CARTESIAN_POINT('Ctrl Pts',(10.4429371028679,8.01425501541917,-16.3031874195461));
#12752=CARTESIAN_POINT('Ctrl Pts',(10.4428620419896,8.01387764490283,-16.3393992870578));
#12753=CARTESIAN_POINT('Ctrl Pts',(10.4414940701676,8.00700013101565,-16.3755304187889));
#12754=CARTESIAN_POINT('Ctrl Pts',(10.4389211581999,7.99406474923157,-16.4092573133011));
#12755=CARTESIAN_POINT('Ctrl Pts',(10.4363482462323,7.98112936744749,-16.4429842078132));
#12756=CARTESIAN_POINT('Ctrl Pts',(10.432571859978,7.9621434874107,-16.4742876499632));
#12757=CARTESIAN_POINT('Ctrl Pts',(10.4278348492587,7.93832804291053,-16.5011545947845));
#12758=CARTESIAN_POINT('Ctrl Pts',(10.5713170797526,7.98871808763625,-16.3033267958986));
#12759=CARTESIAN_POINT('Ctrl Pts',(10.5712140607083,7.98832924083335,-16.3395277008652));
#12760=CARTESIAN_POINT('Ctrl Pts',(10.5693934916088,7.98152881863487,-16.375644848536));
#12761=CARTESIAN_POINT('Ctrl Pts',(10.5659723972508,7.96875388060815,-16.4093569939221));
#12762=CARTESIAN_POINT('Ctrl Pts',(10.5625513028929,7.95597894258142,-16.4430691393082));
#12763=CARTESIAN_POINT('Ctrl Pts',(10.5575316306278,7.93723675821022,-16.4743570984869));
#12764=CARTESIAN_POINT('Ctrl Pts',(10.551236040997,7.91373187667936,-16.5012099979932));
#12765=CARTESIAN_POINT('Ctrl Pts',(10.6971781861307,7.95053829735676,-16.3034456245615));
#12766=CARTESIAN_POINT('Ctrl Pts',(10.6970449379685,7.95014353526069,-16.3396371716669));
#12767=CARTESIAN_POINT('Ctrl Pts',(10.6947785033487,7.94346691370055,-16.3757423908482));
#12768=CARTESIAN_POINT('Ctrl Pts',(10.6905244843524,7.93093732041437,-16.4094419592009));
#12769=CARTESIAN_POINT('Ctrl Pts',(10.6862704653561,7.91840772712819,-16.4431415275537));
#12770=CARTESIAN_POINT('Ctrl Pts',(10.6800312806598,7.90003228472724,-16.4744162877146));
#12771=CARTESIAN_POINT('Ctrl Pts',(10.6722077526361,7.87699138040364,-16.5012572153084));
#12772=CARTESIAN_POINT('Ctrl Pts',(10.8181084501276,7.90044731286948,-16.3035416283311));
#12773=CARTESIAN_POINT('Ctrl Pts',(10.8179449721885,7.90005263277422,-16.3397256107482));
#12774=CARTESIAN_POINT('Ctrl Pts',(10.8152492353105,7.89354439261582,-16.3758211904266));
#12775=CARTESIAN_POINT('Ctrl Pts',(10.8101943382468,7.88134049974537,-16.4095105967059));
#12776=CARTESIAN_POINT('Ctrl Pts',(10.8051394411831,7.86913660687492,-16.4432000029853));
#12777=CARTESIAN_POINT('Ctrl Pts',(10.7977282551669,7.85124399322823,-16.4744640999387));
#12778=CARTESIAN_POINT('Ctrl Pts',(10.7884366675412,7.82881157995619,-16.5012953562484));
#12779=CARTESIAN_POINT('Ctrl Pts',(10.9390387141245,7.8503563283822,-16.3036376321007));
#12780=CARTESIAN_POINT('Ctrl Pts',(10.9388450064085,7.84996173028774,-16.3398140498295));
#12781=CARTESIAN_POINT('Ctrl Pts',(10.9357199672722,7.8436218715311,-16.3758999900049));
#12782=CARTESIAN_POINT('Ctrl Pts',(10.9298641921412,7.83174367907637,-16.4095792342109));
#12783=CARTESIAN_POINT('Ctrl Pts',(10.9240084170101,7.81986548662165,-16.4432584784168));
#12784=CARTESIAN_POINT('Ctrl Pts',(10.915425229674,7.80245570172923,-16.4745119121628));
#12785=CARTESIAN_POINT('Ctrl Pts',(10.9046655824463,7.78063177950874,-16.5013334971885));
#12786=CARTESIAN_POINT('Ctrl Pts',(11.0550321565043,7.78835662636922,-16.3037108062302));
#12787=CARTESIAN_POINT('Ctrl Pts',(11.0548082416696,7.78796810729729,-16.3398814529166));
#12788=CARTESIAN_POINT('Ctrl Pts',(11.0512705013307,7.78184120214633,-16.3759600431039));
#12789=CARTESIAN_POINT('Ctrl Pts',(11.0446459449302,7.7703690495178,-16.4096315407187));
#12790=CARTESIAN_POINT('Ctrl Pts',(11.0380213885297,7.75889689688926,-16.4433030383335));
#12791=CARTESIAN_POINT('Ctrl Pts',(11.0283137736289,7.74208600357471,-16.4745483451975));
#12792=CARTESIAN_POINT('Ctrl Pts',(11.0161460176052,7.72101505615731,-16.5013625600222));
#12793=CARTESIAN_POINT('Ctrl Pts',(11.1638659069244,7.71563635416043,-16.3037597484282));
#12794=CARTESIAN_POINT('Ctrl Pts',(11.1636140713929,7.71525945123353,-16.3399265344191));
#12795=CARTESIAN_POINT('Ctrl Pts',(11.1596894215213,7.70938572874935,-16.3760002081997));
#12796=CARTESIAN_POINT('Ctrl Pts',(11.1523437365683,7.69839200541551,-16.4096665243881));
#12797=CARTESIAN_POINT('Ctrl Pts',(11.1449980516152,7.68739828208167,-16.4433328405764));
#12798=CARTESIAN_POINT('Ctrl Pts',(11.1342354962503,7.67129079083979,-16.474572711901));
#12799=CARTESIAN_POINT('Ctrl Pts',(11.1207465239661,7.65110288048174,-16.5013819973811));
#12800=CARTESIAN_POINT('Ctrl Pts',(11.2726996573445,7.64291608195164,-16.3038086906261));
#12801=CARTESIAN_POINT('Ctrl Pts',(11.2724199011162,7.64255079516977,-16.3399716159216));
#12802=CARTESIAN_POINT('Ctrl Pts',(11.2681083417119,7.63693025535237,-16.3760403732955));
#12803=CARTESIAN_POINT('Ctrl Pts',(11.2600415282063,7.62641496131322,-16.4097015080574));
#12804=CARTESIAN_POINT('Ctrl Pts',(11.2519747147007,7.61589966727407,-16.4433626428194));
#12805=CARTESIAN_POINT('Ctrl Pts',(11.2401572188718,7.60049557810486,-16.4745970786044));
#12806=CARTESIAN_POINT('Ctrl Pts',(11.2253470303271,7.58119070480617,-16.5014014347401));
#12807=CARTESIAN_POINT('Ctrl Pts',(11.374368334665,7.55947883510415,-16.3038333984727));
#12808=CARTESIAN_POINT('Ctrl Pts',(11.3740629656166,7.55913069255267,-16.3399943736638));
#12809=CARTESIAN_POINT('Ctrl Pts',(11.3693903227101,7.55380354550741,-16.3760606484833));
#12810=CARTESIAN_POINT('Ctrl Pts',(11.3606500787913,7.54383904244182,-16.4097191672505));
#12811=CARTESIAN_POINT('Ctrl Pts',(11.3519098348725,7.53387453937624,-16.4433776860176));
#12812=CARTESIAN_POINT('Ctrl Pts',(11.3391069421502,7.51927832616228,-16.4746093778681));
#12813=CARTESIAN_POINT('Ctrl Pts',(11.3230624946765,7.50098650873439,-16.5014112457466));
#12814=CARTESIAN_POINT('Ctrl Pts',(11.4669235848846,7.46692358488457,-16.3038333984727));
#12815=CARTESIAN_POINT('Ctrl Pts',(11.4665968290846,7.46659682908465,-16.3399943736638));
#12816=CARTESIAN_POINT('Ctrl Pts',(11.4615969341087,7.46159693410874,-16.3760606484833));
#12817=CARTESIAN_POINT('Ctrl Pts',(11.4522445606166,7.45224456061657,-16.4097191672505));
#12818=CARTESIAN_POINT('Ctrl Pts',(11.4428921871244,7.44289218712439,-16.4433776860176));
#12819=CARTESIAN_POINT('Ctrl Pts',(11.4291926341562,7.42919263415622,-16.4746093778681));
#12820=CARTESIAN_POINT('Ctrl Pts',(11.4120245017054,7.41202450170543,-16.5014112457466));
#12821=CARTESIAN_POINT('Ctrl Pts',(11.4129226931688,7.41292269316879,-16.5));
#12822=CARTESIAN_POINT('Ctrl Pts',(11.2344531795541,7.59139220678346,-16.5));
#12823=CARTESIAN_POINT('Ctrl Pts',(11.0220600597954,7.73330603161371,-16.5));
#12824=CARTESIAN_POINT('Ctrl Pts',(10.5556953237405,7.92647443810812,-16.5));
#12825=CARTESIAN_POINT('Ctrl Pts',(10.3051616051163,7.97630534239244,-16.5));
#12826=CARTESIAN_POINT('Ctrl Pts',(10.0527679957099,7.97630535386358,-16.5));
#12827=CARTESIAN_POINT('Ctrl Pts',(6.91870156975489,-7.9434650162176,-16.302923599921));
#12828=CARTESIAN_POINT('Ctrl Pts',(6.9185692903365,-7.94313761316818,-16.3391562040573));
#12829=CARTESIAN_POINT('Ctrl Pts',(6.91595145863228,-7.93665825233259,-16.3753137983025));
#12830=CARTESIAN_POINT('Ctrl Pts',(6.91101660693516,-7.92444406577349,-16.409068608012));
#12831=CARTESIAN_POINT('Ctrl Pts',(6.90608175523804,-7.91222987921438,-16.4428234177215));
#12832=CARTESIAN_POINT('Ctrl Pts',(6.89883270139404,-7.89428784134541,-16.4741561685861));
#12833=CARTESIAN_POINT('Ctrl Pts',(6.88973612921024,-7.87177303512214,-16.5010497025363));
#12834=CARTESIAN_POINT('Ctrl Pts',(6.74070269472826,-8.01538122989751,-16.302923599921));
#12835=CARTESIAN_POINT('Ctrl Pts',(6.74061232008186,-8.01503689622122,-16.3391562040573));
#12836=CARTESIAN_POINT('Ctrl Pts',(6.73882379078914,-8.00822247546224,-16.3753137983025));
#12837=CARTESIAN_POINT('Ctrl Pts',(6.73545224982977,-7.99537667036595,-16.409068608012));
#12838=CARTESIAN_POINT('Ctrl Pts',(6.7320807088704,-7.98253086526966,-16.4428234177215));
#12839=CARTESIAN_POINT('Ctrl Pts',(6.7271280814255,-7.96366101090976,-16.4741561685861));
#12840=CARTESIAN_POINT('Ctrl Pts',(6.72091321062697,-7.93998192175182,-16.5010497025363));
#12841=CARTESIAN_POINT('Ctrl Pts',(6.5487939928569,-8.05268508226075,-16.3028508964764));
#12842=CARTESIAN_POINT('Ctrl Pts',(6.54875206931612,-8.05234068937209,-16.3390892142538));
#12843=CARTESIAN_POINT('Ctrl Pts',(6.54786013442711,-8.04535909613776,-16.3752541005367));
#12844=CARTESIAN_POINT('Ctrl Pts',(6.54617566089879,-8.03218990495331,-16.4090166029265));
#12845=CARTESIAN_POINT('Ctrl Pts',(6.54449118737046,-8.01902071376886,-16.4427791053163));
#12846=CARTESIAN_POINT('Ctrl Pts',(6.54201513879741,-7.9996714490223,-16.4741199331943));
#12847=CARTESIAN_POINT('Ctrl Pts',(6.53890706182442,-7.9753881683221,-16.5010207948106));
#12848=CARTESIAN_POINT('Ctrl Pts',(6.35681525440579,-8.05268634880083,-16.3027107327075));
#12849=CARTESIAN_POINT('Ctrl Pts',(6.35681525440579,-8.0523587947449,-16.3389600482309));
#12850=CARTESIAN_POINT('Ctrl Pts',(6.35681525440579,-8.04538999189362,-16.3751389835046));
#12851=CARTESIAN_POINT('Ctrl Pts',(6.35681525440579,-8.03222898196831,-16.4089163129626));
#12852=CARTESIAN_POINT('Ctrl Pts',(6.35681525440579,-8.019067972043,-16.4426936424207));
#12853=CARTESIAN_POINT('Ctrl Pts',(6.35681525440579,-7.99972228373284,-16.4740500439126));
#12854=CARTESIAN_POINT('Ctrl Pts',(6.35681525440579,-7.97543847564542,-16.5009650366183));
#12855=CARTESIAN_POINT('',(6.89008950234531,-7.87264766432347,-16.4999999854282));
#12856=CARTESIAN_POINT('Origin',(6.80632492840028,-7.66532306856972,-16.3));
#12857=CARTESIAN_POINT('',(6.35681525440579,-7.97630538259718,-16.4999999938268));
#12858=CARTESIAN_POINT('Origin',(6.42412770942539,-6.89911018397959,-16.5000044281887));
#12859=CARTESIAN_POINT('Origin',(6.35681525440579,-7.75269859583717,-16.3));
#12860=CARTESIAN_POINT('Ctrl Pts',(7.39876027256276,-7.63171323558713,-16.3027107327075));
#12861=CARTESIAN_POINT('Ctrl Pts',(7.39853273439603,-7.63147761291793,-16.3389600482309));
#12862=CARTESIAN_POINT('Ctrl Pts',(7.39369179716331,-7.62646467566629,-16.3751389835046));
#12863=CARTESIAN_POINT('Ctrl Pts',(7.384549391455,-7.61699743741436,-16.4089163129626));
#12864=CARTESIAN_POINT('Ctrl Pts',(7.37540698574669,-7.60753019916244,-16.4426936424207));
#12865=CARTESIAN_POINT('Ctrl Pts',(7.36196834142975,-7.59361407559599,-16.4740500439126));
#12866=CARTESIAN_POINT('Ctrl Pts',(7.3450993908752,-7.57614576593492,-16.5009650366183));
#12867=CARTESIAN_POINT('Ctrl Pts',(7.2606614453634,-7.76507196212966,-16.3028508964764));
#12868=CARTESIAN_POINT('Ctrl Pts',(7.26045236723202,-7.76479510407937,-16.3390892142538));
#12869=CARTESIAN_POINT('Ctrl Pts',(7.25624414931763,-7.75915337615958,-16.3752541005367));
#12870=CARTESIAN_POINT('Ctrl Pts',(7.24830776928072,-7.74851011916607,-16.4090166029265));
#12871=CARTESIAN_POINT('Ctrl Pts',(7.2403713892438,-7.73786686217257,-16.4427791053163));
#12872=CARTESIAN_POINT('Ctrl Pts',(7.22871138081155,-7.72222815806614,-16.4741199331943));
#12873=CARTESIAN_POINT('Ctrl Pts',(7.21407856008013,-7.70260117609037,-16.5010207948106));
#12874=CARTESIAN_POINT('Ctrl Pts',(7.09670044478151,-7.87154880253769,-16.302923599921));
#12875=CARTESIAN_POINT('Ctrl Pts',(7.09652626059114,-7.87123833011514,-16.3391562040573));
#12876=CARTESIAN_POINT('Ctrl Pts',(7.09307912647541,-7.86509402920295,-16.3753137983025));
#12877=CARTESIAN_POINT('Ctrl Pts',(7.08658096404054,-7.85351146118102,-16.409068608012));
#12878=CARTESIAN_POINT('Ctrl Pts',(7.08008280160566,-7.8419288931591,-16.4428234177215));
#12879=CARTESIAN_POINT('Ctrl Pts',(7.07053732136258,-7.82491467178106,-16.4741561685861));
#12880=CARTESIAN_POINT('Ctrl Pts',(7.05855904779352,-7.80356414849246,-16.5010497025363));
#12881=CARTESIAN_POINT('Ctrl Pts',(6.91870156975489,-7.9434650162176,-16.302923599921));
#12882=CARTESIAN_POINT('Ctrl Pts',(6.9185692903365,-7.94313761316818,-16.3391562040573));
#12883=CARTESIAN_POINT('Ctrl Pts',(6.91595145863228,-7.93665825233259,-16.3753137983025));
#12884=CARTESIAN_POINT('Ctrl Pts',(6.91101660693516,-7.92444406577349,-16.409068608012));
#12885=CARTESIAN_POINT('Ctrl Pts',(6.90608175523803,-7.91222987921438,-16.4428234177215));
#12886=CARTESIAN_POINT('Ctrl Pts',(6.89883270139404,-7.89428784134541,-16.4741561685861));
#12887=CARTESIAN_POINT('Ctrl Pts',(6.88973612921024,-7.87177303512214,-16.5010497025363));
#12888=CARTESIAN_POINT('',(7.34570159504565,-7.57676936660852,-16.4999999938268));
#12889=CARTESIAN_POINT('Origin',(7.19037126893137,-7.4159201052662,-16.3));
#12890=CARTESIAN_POINT('Origin',(6.54902210559559,-6.8486957355442,-16.5000038392073));
#12891=CARTESIAN_POINT('Origin',(11.7526985958372,8.05,-16.3));
#12892=CARTESIAN_POINT('',(11.9763053935871,8.05,-16.5));
#12893=CARTESIAN_POINT('Ctrl Pts',(-12.0526863488008,6.05276799570974,-16.3027107327075));
#12894=CARTESIAN_POINT('Ctrl Pts',(-12.0523587947449,6.05276799570974,-16.3389600482309));
#12895=CARTESIAN_POINT('Ctrl Pts',(-12.0453899918936,6.05276799570974,-16.3751389835046));
#12896=CARTESIAN_POINT('Ctrl Pts',(-12.0322289819683,6.05276799570974,-16.4089163129626));
#12897=CARTESIAN_POINT('Ctrl Pts',(-12.019067972043,6.05276799570974,-16.4426936424207));
#12898=CARTESIAN_POINT('Ctrl Pts',(-11.9997222837328,6.05276799570974,-16.4740500439127));
#12899=CARTESIAN_POINT('Ctrl Pts',(-11.9754384756454,6.05276799570974,-16.5009650366183));
#12900=CARTESIAN_POINT('Ctrl Pts',(-12.052684745849,6.18366462616909,-16.3028881260428));
#12901=CARTESIAN_POINT('Ctrl Pts',(-12.0523358803178,6.18364318892049,-16.3391235226565));
#12902=CARTESIAN_POINT('Ctrl Pts',(-12.0453508897689,6.183187105546,-16.37528467732));
#12903=CARTESIAN_POINT('Ctrl Pts',(-12.0321795255212,6.18232576423006,-16.4090432414216));
#12904=CARTESIAN_POINT('Ctrl Pts',(-12.0190081612735,6.18146442291411,-16.4428018055232));
#12905=CARTESIAN_POINT('Ctrl Pts',(-11.9996579465726,6.18019831638267,-16.4741384968193));
#12906=CARTESIAN_POINT('Ctrl Pts',(-11.9753748059543,6.17860902746541,-16.5010356050097));
#12907=CARTESIAN_POINT('Ctrl Pts',(-12.0397919432021,6.31455712598326,-16.3030480431936));
#12908=CARTESIAN_POINT('Ctrl Pts',(-12.0394260489723,6.31451002327095,-16.3392708732503));
#12909=CARTESIAN_POINT('Ctrl Pts',(-12.0324714433964,6.3135946487264,-16.3754159890419));
#12910=CARTESIAN_POINT('Ctrl Pts',(-12.019375617855,6.31186991914906,-16.4091576326801));
#12911=CARTESIAN_POINT('Ctrl Pts',(-12.0062797923136,6.31014518957172,-16.4428992763183));
#12912=CARTESIAN_POINT('Ctrl Pts',(-11.9870502166112,6.3076120893283,-16.4742182014396));
#12913=CARTESIAN_POINT('Ctrl Pts',(-11.9629242091417,6.30443365752047,-16.5010991915758));
#12914=CARTESIAN_POINT('Ctrl Pts',(-12.0142550154192,6.44293710286794,-16.3031874195461));
#12915=CARTESIAN_POINT('Ctrl Pts',(-12.0138776449028,6.44286204198965,-16.3393992870578));
#12916=CARTESIAN_POINT('Ctrl Pts',(-12.0070001310157,6.4414940701676,-16.3755304187889));
#12917=CARTESIAN_POINT('Ctrl Pts',(-11.9940647492316,6.43892115819995,-16.4092573133011));
#12918=CARTESIAN_POINT('Ctrl Pts',(-11.9811293674475,6.4363482462323,-16.4429842078132));
#12919=CARTESIAN_POINT('Ctrl Pts',(-11.9621434874107,6.43257185997803,-16.4742876499632));
#12920=CARTESIAN_POINT('Ctrl Pts',(-11.9383280429105,6.42783484925873,-16.5011545947845));
#12921=CARTESIAN_POINT('Ctrl Pts',(-11.9887180876363,6.57131707975262,-16.3033267958986));
#12922=CARTESIAN_POINT('Ctrl Pts',(-11.9883292408334,6.57121406070835,-16.3395277008652));
#12923=CARTESIAN_POINT('Ctrl Pts',(-11.9815288186349,6.56939349160881,-16.375644848536));
#12924=CARTESIAN_POINT('Ctrl Pts',(-11.9687538806081,6.56597239725084,-16.4093569939221));
#12925=CARTESIAN_POINT('Ctrl Pts',(-11.9559789425814,6.56255130289288,-16.4430691393082));
#12926=CARTESIAN_POINT('Ctrl Pts',(-11.9372367582102,6.55753163062776,-16.4743570984869));
#12927=CARTESIAN_POINT('Ctrl Pts',(-11.9137318766794,6.55123604099699,-16.5012099979932));
#12928=CARTESIAN_POINT('Ctrl Pts',(-11.9505382973568,6.69717818613066,-16.3034456245615));
#12929=CARTESIAN_POINT('Ctrl Pts',(-11.9501435352607,6.69704493796854,-16.3396371716669));
#12930=CARTESIAN_POINT('Ctrl Pts',(-11.9434669137006,6.69477850334875,-16.3757423908482));
#12931=CARTESIAN_POINT('Ctrl Pts',(-11.9309373204144,6.69052448435243,-16.4094419592009));
#12932=CARTESIAN_POINT('Ctrl Pts',(-11.9184077271282,6.68627046535611,-16.4431415275537));
#12933=CARTESIAN_POINT('Ctrl Pts',(-11.9000322847272,6.68003128065982,-16.4744162877146));
#12934=CARTESIAN_POINT('Ctrl Pts',(-11.8769913804036,6.67220775263614,-16.5012572153084));
#12935=CARTESIAN_POINT('Ctrl Pts',(-11.9004473128695,6.81810845012757,-16.3035416283311));
#12936=CARTESIAN_POINT('Ctrl Pts',(-11.9000526327742,6.81794497218854,-16.3397256107482));
#12937=CARTESIAN_POINT('Ctrl Pts',(-11.8935443926158,6.8152492353105,-16.3758211904265));
#12938=CARTESIAN_POINT('Ctrl Pts',(-11.8813404997454,6.81019433824681,-16.4095105967059));
#12939=CARTESIAN_POINT('Ctrl Pts',(-11.8691366068749,6.80513944118311,-16.4432000029853));
#12940=CARTESIAN_POINT('Ctrl Pts',(-11.8512439932282,6.79772825516693,-16.4744640999387));
#12941=CARTESIAN_POINT('Ctrl Pts',(-11.8288115799562,6.78843666754123,-16.5012953562484));
#12942=CARTESIAN_POINT('Ctrl Pts',(-11.8503563283822,6.93903871412449,-16.3036376321007));
#12943=CARTESIAN_POINT('Ctrl Pts',(-11.8499617302877,6.93884500640853,-16.3398140498295));
#12944=CARTESIAN_POINT('Ctrl Pts',(-11.8436218715311,6.93571996727225,-16.3758999900049));
#12945=CARTESIAN_POINT('Ctrl Pts',(-11.8317436790764,6.92986419214118,-16.4095792342109));
#12946=CARTESIAN_POINT('Ctrl Pts',(-11.8198654866217,6.92400841701011,-16.4432584784168));
#12947=CARTESIAN_POINT('Ctrl Pts',(-11.8024557017292,6.91542522967404,-16.4745119121628));
#12948=CARTESIAN_POINT('Ctrl Pts',(-11.7806317795087,6.90466558244631,-16.5013334971885));
#12949=CARTESIAN_POINT('Ctrl Pts',(-11.7883566263692,7.05503215650426,-16.3037108062302));
#12950=CARTESIAN_POINT('Ctrl Pts',(-11.7879681072973,7.05480824166958,-16.3398814529166));
#12951=CARTESIAN_POINT('Ctrl Pts',(-11.7818412021463,7.05127050133068,-16.3759600431039));
#12952=CARTESIAN_POINT('Ctrl Pts',(-11.7703690495178,7.04464594493019,-16.4096315407187));
#12953=CARTESIAN_POINT('Ctrl Pts',(-11.7588968968893,7.03802138852971,-16.4433030383335));
#12954=CARTESIAN_POINT('Ctrl Pts',(-11.7420860035747,7.02831377362891,-16.4745483451975));
#12955=CARTESIAN_POINT('Ctrl Pts',(-11.7210150561573,7.01614601760518,-16.5013625600222));
#12956=CARTESIAN_POINT('Ctrl Pts',(-11.7156363541604,7.16386590692438,-16.3037597484282));
#12957=CARTESIAN_POINT('Ctrl Pts',(-11.7152594512335,7.16361407139289,-16.3399265344191));
#12958=CARTESIAN_POINT('Ctrl Pts',(-11.7093857287494,7.15968942152131,-16.3760002081997));
#12959=CARTESIAN_POINT('Ctrl Pts',(-11.6983920054155,7.15234373656827,-16.4096665243881));
#12960=CARTESIAN_POINT('Ctrl Pts',(-11.6873982820817,7.14499805161522,-16.4433328405764));
#12961=CARTESIAN_POINT('Ctrl Pts',(-11.6712907908398,7.13423549625034,-16.474572711901));
#12962=CARTESIAN_POINT('Ctrl Pts',(-11.6511028804817,7.12074652396613,-16.5013819973811));
#12963=CARTESIAN_POINT('Ctrl Pts',(-11.6429160819516,7.27269965734451,-16.3038086906261));
#12964=CARTESIAN_POINT('Ctrl Pts',(-11.6425507951698,7.2724199011162,-16.3399716159216));
#12965=CARTESIAN_POINT('Ctrl Pts',(-11.6369302553524,7.26810834171195,-16.3760403732955));
#12966=CARTESIAN_POINT('Ctrl Pts',(-11.6264149613132,7.26004152820634,-16.4097015080574));
#12967=CARTESIAN_POINT('Ctrl Pts',(-11.6158996672741,7.25197471470074,-16.4433626428194));
#12968=CARTESIAN_POINT('Ctrl Pts',(-11.6004955781049,7.24015721887176,-16.4745970786044));
#12969=CARTESIAN_POINT('Ctrl Pts',(-11.5811907048062,7.22534703032707,-16.5014014347401));
#12970=CARTESIAN_POINT('Ctrl Pts',(-11.5594788351042,7.37436833466498,-16.3038333984727));
#12971=CARTESIAN_POINT('Ctrl Pts',(-11.5591306925527,7.37406296561663,-16.3399943736638));
#12972=CARTESIAN_POINT('Ctrl Pts',(-11.5538035455074,7.36939032271007,-16.3760606484833));
#12973=CARTESIAN_POINT('Ctrl Pts',(-11.5438390424418,7.3606500787913,-16.4097191672505));
#12974=CARTESIAN_POINT('Ctrl Pts',(-11.5338745393762,7.35190983487254,-16.4433776860176));
#12975=CARTESIAN_POINT('Ctrl Pts',(-11.5192783261623,7.33910694215017,-16.4746093778681));
#12976=CARTESIAN_POINT('Ctrl Pts',(-11.5009865087344,7.32306249467646,-16.5014112457466));
#12977=CARTESIAN_POINT('Ctrl Pts',(-11.4669235848846,7.46692358488457,-16.3038333984727));
#12978=CARTESIAN_POINT('Ctrl Pts',(-11.4665968290847,7.46659682908465,-16.3399943736638));
#12979=CARTESIAN_POINT('Ctrl Pts',(-11.4615969341087,7.46159693410874,-16.3760606484833));
#12980=CARTESIAN_POINT('Ctrl Pts',(-11.4522445606166,7.45224456061656,-16.4097191672505));
#12981=CARTESIAN_POINT('Ctrl Pts',(-11.4428921871244,7.44289218712439,-16.4433776860176));
#12982=CARTESIAN_POINT('Ctrl Pts',(-11.4291926341562,7.42919263415622,-16.4746093778681));
#12983=CARTESIAN_POINT('Ctrl Pts',(-11.4120245017054,7.41202450170543,-16.5014112457466));
#12984=CARTESIAN_POINT('',(-11.4129227067016,7.41292270670156,-16.5000000098211));
#12985=CARTESIAN_POINT('Origin',(-11.254808869393,7.25480886939299,-16.3));
#12986=CARTESIAN_POINT('Ctrl Pts',(-11.4129226931688,7.41292269316879,-16.5));
#12987=CARTESIAN_POINT('Ctrl Pts',(-11.5913922067834,7.23445317955414,-16.5));
#12988=CARTESIAN_POINT('Ctrl Pts',(-11.7333060316137,7.0220600597954,-16.5));
#12989=CARTESIAN_POINT('Ctrl Pts',(-11.9264744381081,6.55569532374056,-16.5));
#12990=CARTESIAN_POINT('Ctrl Pts',(-11.9763053423924,6.30516160511627,-16.5));
#12991=CARTESIAN_POINT('Ctrl Pts',(-11.9763053538636,6.0527679957099,-16.5));
#12992=CARTESIAN_POINT('Ctrl Pts',(-11.4669235848846,7.46692358488457,-16.3038333984727));
#12993=CARTESIAN_POINT('Ctrl Pts',(-11.4665968290847,7.46659682908465,-16.3399943736638));
#12994=CARTESIAN_POINT('Ctrl Pts',(-11.4615969341087,7.46159693410874,-16.3760606484833));
#12995=CARTESIAN_POINT('Ctrl Pts',(-11.4522445606166,7.45224456061656,-16.4097191672505));
#12996=CARTESIAN_POINT('Ctrl Pts',(-11.4428921871244,7.44289218712439,-16.4433776860176));
#12997=CARTESIAN_POINT('Ctrl Pts',(-11.4291926341562,7.42919263415622,-16.4746093778681));
#12998=CARTESIAN_POINT('Ctrl Pts',(-11.4120245017054,7.41202450170543,-16.5014112457466));
#12999=CARTESIAN_POINT('Ctrl Pts',(-11.374368334665,7.55947883510415,-16.3038333984727));
#13000=CARTESIAN_POINT('Ctrl Pts',(-11.3740629656166,7.55913069255267,-16.3399943736638));
#13001=CARTESIAN_POINT('Ctrl Pts',(-11.3693903227101,7.55380354550741,-16.3760606484833));
#13002=CARTESIAN_POINT('Ctrl Pts',(-11.3606500787913,7.54383904244182,-16.4097191672505));
#13003=CARTESIAN_POINT('Ctrl Pts',(-11.3519098348725,7.53387453937624,-16.4433776860176));
#13004=CARTESIAN_POINT('Ctrl Pts',(-11.3391069421502,7.51927832616228,-16.4746093778681));
#13005=CARTESIAN_POINT('Ctrl Pts',(-11.3230624946765,7.50098650873439,-16.5014112457466));
#13006=CARTESIAN_POINT('Ctrl Pts',(-11.2726996573445,7.64291608195164,-16.3038086906261));
#13007=CARTESIAN_POINT('Ctrl Pts',(-11.2724199011162,7.64255079516977,-16.3399716159216));
#13008=CARTESIAN_POINT('Ctrl Pts',(-11.268108341712,7.63693025535237,-16.3760403732955));
#13009=CARTESIAN_POINT('Ctrl Pts',(-11.2600415282063,7.62641496131322,-16.4097015080574));
#13010=CARTESIAN_POINT('Ctrl Pts',(-11.2519747147007,7.61589966727407,-16.4433626428194));
#13011=CARTESIAN_POINT('Ctrl Pts',(-11.2401572188718,7.60049557810486,-16.4745970786044));
#13012=CARTESIAN_POINT('Ctrl Pts',(-11.2253470303271,7.58119070480617,-16.5014014347401));
#13013=CARTESIAN_POINT('Ctrl Pts',(-11.1638659069244,7.71563635416042,-16.3037597484282));
#13014=CARTESIAN_POINT('Ctrl Pts',(-11.1636140713929,7.71525945123353,-16.3399265344191));
#13015=CARTESIAN_POINT('Ctrl Pts',(-11.1596894215213,7.70938572874935,-16.3760002081997));
#13016=CARTESIAN_POINT('Ctrl Pts',(-11.1523437365683,7.69839200541551,-16.4096665243881));
#13017=CARTESIAN_POINT('Ctrl Pts',(-11.1449980516152,7.68739828208166,-16.4433328405764));
#13018=CARTESIAN_POINT('Ctrl Pts',(-11.1342354962503,7.67129079083978,-16.474572711901));
#13019=CARTESIAN_POINT('Ctrl Pts',(-11.1207465239661,7.65110288048174,-16.5013819973811));
#13020=CARTESIAN_POINT('Ctrl Pts',(-11.0550321565043,7.78835662636921,-16.3037108062302));
#13021=CARTESIAN_POINT('Ctrl Pts',(-11.0548082416696,7.78796810729729,-16.3398814529166));
#13022=CARTESIAN_POINT('Ctrl Pts',(-11.0512705013307,7.78184120214633,-16.3759600431039));
#13023=CARTESIAN_POINT('Ctrl Pts',(-11.0446459449302,7.7703690495178,-16.4096315407187));
#13024=CARTESIAN_POINT('Ctrl Pts',(-11.0380213885297,7.75889689688926,-16.4433030383335));
#13025=CARTESIAN_POINT('Ctrl Pts',(-11.0283137736289,7.74208600357471,-16.4745483451975));
#13026=CARTESIAN_POINT('Ctrl Pts',(-11.0161460176052,7.72101505615731,-16.5013625600222));
#13027=CARTESIAN_POINT('Ctrl Pts',(-10.9390387141245,7.8503563283822,-16.3036376321007));
#13028=CARTESIAN_POINT('Ctrl Pts',(-10.9388450064085,7.84996173028774,-16.3398140498295));
#13029=CARTESIAN_POINT('Ctrl Pts',(-10.9357199672723,7.84362187153109,-16.3758999900049));
#13030=CARTESIAN_POINT('Ctrl Pts',(-10.9298641921412,7.83174367907637,-16.4095792342109));
#13031=CARTESIAN_POINT('Ctrl Pts',(-10.9240084170101,7.81986548662165,-16.4432584784168));
#13032=CARTESIAN_POINT('Ctrl Pts',(-10.915425229674,7.80245570172923,-16.4745119121628));
#13033=CARTESIAN_POINT('Ctrl Pts',(-10.9046655824463,7.78063177950874,-16.5013334971885));
#13034=CARTESIAN_POINT('Ctrl Pts',(-10.8181084501276,7.90044731286948,-16.3035416283311));
#13035=CARTESIAN_POINT('Ctrl Pts',(-10.8179449721885,7.90005263277422,-16.3397256107482));
#13036=CARTESIAN_POINT('Ctrl Pts',(-10.8152492353105,7.89354439261582,-16.3758211904265));
#13037=CARTESIAN_POINT('Ctrl Pts',(-10.8101943382468,7.88134049974537,-16.4095105967059));
#13038=CARTESIAN_POINT('Ctrl Pts',(-10.8051394411831,7.86913660687492,-16.4432000029853));
#13039=CARTESIAN_POINT('Ctrl Pts',(-10.7977282551669,7.85124399322823,-16.4744640999387));
#13040=CARTESIAN_POINT('Ctrl Pts',(-10.7884366675412,7.82881157995619,-16.5012953562484));
#13041=CARTESIAN_POINT('Ctrl Pts',(-10.6971781861307,7.95053829735676,-16.3034456245615));
#13042=CARTESIAN_POINT('Ctrl Pts',(-10.6970449379685,7.95014353526069,-16.3396371716669));
#13043=CARTESIAN_POINT('Ctrl Pts',(-10.6947785033488,7.94346691370055,-16.3757423908482));
#13044=CARTESIAN_POINT('Ctrl Pts',(-10.6905244843524,7.93093732041437,-16.4094419592009));
#13045=CARTESIAN_POINT('Ctrl Pts',(-10.6862704653561,7.91840772712819,-16.4431415275537));
#13046=CARTESIAN_POINT('Ctrl Pts',(-10.6800312806598,7.90003228472724,-16.4744162877146));
#13047=CARTESIAN_POINT('Ctrl Pts',(-10.6722077526361,7.87699138040364,-16.5012572153084));
#13048=CARTESIAN_POINT('Ctrl Pts',(-10.5713170797526,7.98871808763625,-16.3033267958986));
#13049=CARTESIAN_POINT('Ctrl Pts',(-10.5712140607083,7.98832924083335,-16.3395277008652));
#13050=CARTESIAN_POINT('Ctrl Pts',(-10.5693934916088,7.98152881863487,-16.375644848536));
#13051=CARTESIAN_POINT('Ctrl Pts',(-10.5659723972508,7.96875388060815,-16.4093569939221));
#13052=CARTESIAN_POINT('Ctrl Pts',(-10.5625513028929,7.95597894258142,-16.4430691393082));
#13053=CARTESIAN_POINT('Ctrl Pts',(-10.5575316306278,7.93723675821022,-16.4743570984869));
#13054=CARTESIAN_POINT('Ctrl Pts',(-10.551236040997,7.91373187667936,-16.5012099979932));
#13055=CARTESIAN_POINT('Ctrl Pts',(-10.4429371028679,8.01425501541916,-16.3031874195461));
#13056=CARTESIAN_POINT('Ctrl Pts',(-10.4428620419897,8.01387764490283,-16.3393992870578));
#13057=CARTESIAN_POINT('Ctrl Pts',(-10.4414940701676,8.00700013101565,-16.3755304187889));
#13058=CARTESIAN_POINT('Ctrl Pts',(-10.4389211582,7.99406474923157,-16.4092573133011));
#13059=CARTESIAN_POINT('Ctrl Pts',(-10.4363482462323,7.98112936744749,-16.4429842078132));
#13060=CARTESIAN_POINT('Ctrl Pts',(-10.432571859978,7.9621434874107,-16.4742876499632));
#13061=CARTESIAN_POINT('Ctrl Pts',(-10.4278348492587,7.93832804291053,-16.5011545947845));
#13062=CARTESIAN_POINT('Ctrl Pts',(-10.3145571259833,8.03979194320208,-16.3030480431936));
#13063=CARTESIAN_POINT('Ctrl Pts',(-10.314510023271,8.0394260489723,-16.3392708732503));
#13064=CARTESIAN_POINT('Ctrl Pts',(-10.3135946487264,8.03247144339643,-16.3754159890419));
#13065=CARTESIAN_POINT('Ctrl Pts',(-10.3118699191491,8.01937561785499,-16.4091576326801));
#13066=CARTESIAN_POINT('Ctrl Pts',(-10.3101451895717,8.00627979231356,-16.4428992763183));
#13067=CARTESIAN_POINT('Ctrl Pts',(-10.3076120893283,7.98705021661118,-16.4742182014396));
#13068=CARTESIAN_POINT('Ctrl Pts',(-10.3044336575205,7.96292420914171,-16.5010991915758));
#13069=CARTESIAN_POINT('Ctrl Pts',(-10.1836646261691,8.05268474584901,-16.3028881260428));
#13070=CARTESIAN_POINT('Ctrl Pts',(-10.1836431889205,8.05233588031776,-16.3391235226565));
#13071=CARTESIAN_POINT('Ctrl Pts',(-10.183187105546,8.04535088976885,-16.37528467732));
#13072=CARTESIAN_POINT('Ctrl Pts',(-10.1823257642301,8.03217952552118,-16.4090432414216));
#13073=CARTESIAN_POINT('Ctrl Pts',(-10.1814644229141,8.01900816127351,-16.4428018055232));
#13074=CARTESIAN_POINT('Ctrl Pts',(-10.1801983163827,7.99965794657264,-16.4741384968193));
#13075=CARTESIAN_POINT('Ctrl Pts',(-10.1786090274654,7.97537480595427,-16.5010356050097));
#13076=CARTESIAN_POINT('Ctrl Pts',(-10.0527679957097,8.05268634880083,-16.3027107327075));
#13077=CARTESIAN_POINT('Ctrl Pts',(-10.0527679957097,8.0523587947449,-16.3389600482309));
#13078=CARTESIAN_POINT('Ctrl Pts',(-10.0527679957097,8.04538999189362,-16.3751389835046));
#13079=CARTESIAN_POINT('Ctrl Pts',(-10.0527679957097,8.03222898196831,-16.4089163129626));
#13080=CARTESIAN_POINT('Ctrl Pts',(-10.0527679957097,8.019067972043,-16.4426936424207));
#13081=CARTESIAN_POINT('Ctrl Pts',(-10.0527679957097,7.99972228373284,-16.4740500439126));
#13082=CARTESIAN_POINT('Ctrl Pts',(-10.0527679957097,7.97543847564542,-16.5009650366183));
#13083=CARTESIAN_POINT('Ctrl Pts',(-10.0527679957099,7.97630535386358,-16.5));
#13084=CARTESIAN_POINT('Ctrl Pts',(-10.3051616051163,7.97630534239244,-16.5));
#13085=CARTESIAN_POINT('Ctrl Pts',(-10.5556953237405,7.92647443810812,-16.5));
#13086=CARTESIAN_POINT('Ctrl Pts',(-11.0220600597954,7.73330603161372,-16.5));
#13087=CARTESIAN_POINT('Ctrl Pts',(-11.2344531795541,7.59139220678347,-16.5));
#13088=CARTESIAN_POINT('Ctrl Pts',(-11.4129226931688,7.41292269316879,-16.5));
#13089=CARTESIAN_POINT('Origin',(12.05,-7.75269859583717,-16.3));
#13090=CARTESIAN_POINT('',(12.05,-7.97630539358714,-16.5));
#13091=CARTESIAN_POINT('Ctrl Pts',(-11.5946926021395,-3.57974848506477,
-16.3027107327075));
#13092=CARTESIAN_POINT('Ctrl Pts',(-11.5944650639728,-3.57951286239557,
-16.3389600482309));
#13093=CARTESIAN_POINT('Ctrl Pts',(-11.58962412674,-3.57449992514393,-16.3751389835046));
#13094=CARTESIAN_POINT('Ctrl Pts',(-11.5804817210317,-3.56503268689201,
-16.4089163129626));
#13095=CARTESIAN_POINT('Ctrl Pts',(-11.5713393153234,-3.55556544864008,
-16.4426936424207));
#13096=CARTESIAN_POINT('Ctrl Pts',(-11.5579006710065,-3.54164932507364,
-16.4740500439126));
#13097=CARTESIAN_POINT('Ctrl Pts',(-11.5410317204519,-3.52418101541257,
-16.5009650366183));
#13098=CARTESIAN_POINT('Ctrl Pts',(-11.666879697026,-3.51003725090142,-16.3027877082762));
#13099=CARTESIAN_POINT('Ctrl Pts',(-11.6666299709213,-3.50981019919555,
-16.3390309840237));
#13100=CARTESIAN_POINT('Ctrl Pts',(-11.6614487704817,-3.50511608543022,
-16.3752022038295));
#13101=CARTESIAN_POINT('Ctrl Pts',(-11.651669850976,-3.49625727538987,-16.4089713905128));
#13102=CARTESIAN_POINT('Ctrl Pts',(-11.6418909314704,-3.48739846534953,
-16.442740577196));
#13103=CARTESIAN_POINT('Ctrl Pts',(-11.6275198834538,-3.47438002312363,
-16.4740884259228));
#13104=CARTESIAN_POINT('Ctrl Pts',(-11.6094824406099,-3.45804051598594,
-16.5009956580735));
#13105=CARTESIAN_POINT('Ctrl Pts',(-11.7320454936614,-3.43305955225751,
-16.3028464218863));
#13106=CARTESIAN_POINT('Ctrl Pts',(-11.7317753261526,-3.43284557361467,
-16.3390850873784));
#13107=CARTESIAN_POINT('Ctrl Pts',(-11.7262866436005,-3.42850626209403,
-16.375250420383));
#13108=CARTESIAN_POINT('Ctrl Pts',(-11.715932916667,-3.42032106266814,-16.4090133954319));
#13109=CARTESIAN_POINT('Ctrl Pts',(-11.7055791897334,-3.41213586324225,
-16.4427763704808));
#13110=CARTESIAN_POINT('Ctrl Pts',(-11.690366334474,-3.40010945266936,-16.4741176959315));
#13111=CARTESIAN_POINT('Ctrl Pts',(-11.6712740573154,-3.38501631320195,
-16.5010190094806));
#13112=CARTESIAN_POINT('Ctrl Pts',(-11.7888853647394,-3.35035649217786,
-16.3028856980841));
#13113=CARTESIAN_POINT('Ctrl Pts',(-11.7885981025608,-3.35015906203596,
-16.3391212790752));
#13114=CARTESIAN_POINT('Ctrl Pts',(-11.7828417810893,-3.34620284555551,
-16.3752826738726));
#13115=CARTESIAN_POINT('Ctrl Pts',(-11.7719870429696,-3.33874257877702,
-16.4090414935784));
#13116=CARTESIAN_POINT('Ctrl Pts',(-11.7611323048499,-3.33128231199853,
-16.4428003132842));
#13117=CARTESIAN_POINT('Ctrl Pts',(-11.7451853502386,-3.32032225617839,
-16.4741372750779));
#13118=CARTESIAN_POINT('Ctrl Pts',(-11.7251729844422,-3.30656811618317,
-16.5010346295241));
#13119=CARTESIAN_POINT('Ctrl Pts',(-11.8457252358174,-3.26765343209821,
-16.3029249742819));
#13120=CARTESIAN_POINT('Ctrl Pts',(-11.845420878969,-3.26747255045726,-16.3391574707721));
#13121=CARTESIAN_POINT('Ctrl Pts',(-11.8393969185781,-3.26389942901699,
-16.3753149273621));
#13122=CARTESIAN_POINT('Ctrl Pts',(-11.8280411692723,-3.2571640948859,-16.4090695917249));
#13123=CARTESIAN_POINT('Ctrl Pts',(-11.8166854199665,-3.2504287607548,-16.4428242560876));
#13124=CARTESIAN_POINT('Ctrl Pts',(-11.8000043660032,-3.24053505968742,
-16.4741568542242));
#13125=CARTESIAN_POINT('Ctrl Pts',(-11.779071911569,-3.22811991916439,-16.5010502495675));
#13126=CARTESIAN_POINT('Ctrl Pts',(-11.8942361128495,-3.17922947529024,
-16.3029448109471));
#13127=CARTESIAN_POINT('Ctrl Pts',(-11.8939180224549,-3.1790686035615,-16.3391757488935));
#13128=CARTESIAN_POINT('Ctrl Pts',(-11.887666291011,-3.1759068392892,-16.3753312161016));
#13129=CARTESIAN_POINT('Ctrl Pts',(-11.8758833603678,-3.1699477142908,-16.4090837816441));
#13130=CARTESIAN_POINT('Ctrl Pts',(-11.8641004297246,-3.1639885892924,-16.4428363471865));
#13131=CARTESIAN_POINT('Ctrl Pts',(-11.8467930268296,-3.15523550566894,
-16.4741667415165));
#13132=CARTESIAN_POINT('Ctrl Pts',(-11.8250752787534,-3.14425192447094,
-16.5010581374606));
#13133=CARTESIAN_POINT('Ctrl Pts',(-11.9334468020793,-3.08685488030251,
-16.3029448109471));
#13134=CARTESIAN_POINT('Ctrl Pts',(-11.9331194140858,-3.08671591234414,
-16.3391757488935));
#13135=CARTESIAN_POINT('Ctrl Pts',(-11.926684948135,-3.08398464359227,-16.3753312161016));
#13136=CARTESIAN_POINT('Ctrl Pts',(-11.9145576092202,-3.0788368936353,-16.4090837816441));
#13137=CARTESIAN_POINT('Ctrl Pts',(-11.9024302703055,-3.07368914367834,
-16.4428363471865));
#13138=CARTESIAN_POINT('Ctrl Pts',(-11.884616981999,-3.06612785139835,-16.4741667415165));
#13139=CARTESIAN_POINT('Ctrl Pts',(-11.8622644366635,-3.05663975882528,
-16.5010581374606));
#13140=CARTESIAN_POINT('',(-11.8631397593667,-3.05701131126885,-16.5000000055829));
#13141=CARTESIAN_POINT('Origin',(-11.6573086505918,-2.96964118920139,-16.3));
#13142=CARTESIAN_POINT('Ctrl Pts',(-11.8631397493522,-3.05701130701791,
-16.5));
#13143=CARTESIAN_POINT('Ctrl Pts',(-11.8259255362027,-3.14468249910822,
-16.5));
#13144=CARTESIAN_POINT('Ctrl Pts',(-11.7798849910553,-3.22860317901919,
-16.5));
#13145=CARTESIAN_POINT('Ctrl Pts',(-11.6719929991969,-3.38558668655993,
-16.5));
#13146=CARTESIAN_POINT('Ctrl Pts',(-11.6101456444561,-3.45864357390396,
-16.5));
#13147=CARTESIAN_POINT('Ctrl Pts',(-11.5416339046623,-3.52480459541693,
-16.5));
#13148=CARTESIAN_POINT('Ctrl Pts',(-11.9334468020793,-3.08685488030251,
-16.3029448109471));
#13149=CARTESIAN_POINT('Ctrl Pts',(-11.9331194140858,-3.08671591234414,
-16.3391757488935));
#13150=CARTESIAN_POINT('Ctrl Pts',(-11.926684948135,-3.08398464359227,-16.3753312161016));
#13151=CARTESIAN_POINT('Ctrl Pts',(-11.9145576092202,-3.0788368936353,-16.4090837816441));
#13152=CARTESIAN_POINT('Ctrl Pts',(-11.9024302703055,-3.07368914367834,
-16.4428363471865));
#13153=CARTESIAN_POINT('Ctrl Pts',(-11.884616981999,-3.06612785139835,-16.4741667415165));
#13154=CARTESIAN_POINT('Ctrl Pts',(-11.8622644366635,-3.05663975882528,
-16.5010581374606));
#13155=CARTESIAN_POINT('Ctrl Pts',(-11.9726574913092,-2.99448028531479,
-16.3029448109471));
#13156=CARTESIAN_POINT('Ctrl Pts',(-11.9723208057168,-2.99436322112679,
-16.3391757488935));
#13157=CARTESIAN_POINT('Ctrl Pts',(-11.9657036052591,-2.99206244789534,
-16.3753312161016));
#13158=CARTESIAN_POINT('Ctrl Pts',(-11.9532318580727,-2.98772607297982,
-16.4090837816441));
#13159=CARTESIAN_POINT('Ctrl Pts',(-11.9407601108863,-2.9833896980643,-16.4428363471865));
#13160=CARTESIAN_POINT('Ctrl Pts',(-11.9224409371683,-2.97702019712777,
-16.4741667415165));
#13161=CARTESIAN_POINT('Ctrl Pts',(-11.8994535945737,-2.96902759317964,
-16.5010581374606));
#13162=CARTESIAN_POINT('Ctrl Pts',(-12.0025658759559,-2.8981600389705,-16.3029249742819));
#13163=CARTESIAN_POINT('Ctrl Pts',(-12.0022243365601,-2.89806675392195,
-16.3391574707721));
#13164=CARTESIAN_POINT('Ctrl Pts',(-11.9954694535878,-2.89621557817427,
-16.3753149273621));
#13165=CARTESIAN_POINT('Ctrl Pts',(-11.9827360933706,-2.89272569196791,
-16.4090695917249));
#13166=CARTESIAN_POINT('Ctrl Pts',(-11.9700027331534,-2.88923580576154,
-16.4428242560876));
#13167=CARTESIAN_POINT('Ctrl Pts',(-11.9512981664394,-2.88410920199548,
-16.4741568542242));
#13168=CARTESIAN_POINT('Ctrl Pts',(-11.9278265570474,-2.87767593568694,
-16.5010502495675));
#13169=CARTESIAN_POINT('Ctrl Pts',(-12.0225731864608,-2.79982248451109,
-16.3028856980841));
#13170=CARTESIAN_POINT('Ctrl Pts',(-12.0222316180252,-2.79975299189359,
-16.3391212790752));
#13171=CARTESIAN_POINT('Ctrl Pts',(-12.0153870771588,-2.79836045964909,
-16.3752826738726));
#13172=CARTESIAN_POINT('Ctrl Pts',(-12.0024802756499,-2.79573455126087,
-16.4090414935784));
#13173=CARTESIAN_POINT('Ctrl Pts',(-11.989573474141,-2.79310864287265,-16.4428003132842));
#13174=CARTESIAN_POINT('Ctrl Pts',(-11.9706117842715,-2.7892508582427,-16.4741372750779));
#13175=CARTESIAN_POINT('Ctrl Pts',(-11.9468161265404,-2.78440959550256,
-16.5010346295241));
#13176=CARTESIAN_POINT('Ctrl Pts',(-12.0425804969658,-2.70148493005168,
-16.3028464218863));
#13177=CARTESIAN_POINT('Ctrl Pts',(-12.0422388994902,-2.70143922986523,
-16.3390850873784));
#13178=CARTESIAN_POINT('Ctrl Pts',(-12.0353047007297,-2.70050534112392,
-16.375250420383));
#13179=CARTESIAN_POINT('Ctrl Pts',(-12.0222244579291,-2.69874341055384,
-16.4090133954319));
#13180=CARTESIAN_POINT('Ctrl Pts',(-12.0091442151285,-2.69698147998377,
-16.4427763704808));
#13181=CARTESIAN_POINT('Ctrl Pts',(-11.9899254021037,-2.69439251448992,
-16.4741176959315));
#13182=CARTESIAN_POINT('Ctrl Pts',(-11.9658056960334,-2.69114325531819,
-16.5010190094806));
#13183=CARTESIAN_POINT('Ctrl Pts',(-12.0526856532385,-2.60113537620945,
-16.3027877082762));
#13184=CARTESIAN_POINT('Ctrl Pts',(-12.0523488515807,-2.60111346165111,
-16.3390309840237));
#13185=CARTESIAN_POINT('Ctrl Pts',(-12.0453730244676,-2.60064722338038,
-16.3752022038295));
#13186=CARTESIAN_POINT('Ctrl Pts',(-12.0322075215333,-2.59976670392248,
-16.4089713905128));
#13187=CARTESIAN_POINT('Ctrl Pts',(-12.019042018599,-2.59888618446459,-16.442740577196));
#13188=CARTESIAN_POINT('Ctrl Pts',(-11.9996943661705,-2.59759188751625,
-16.4740884259228));
#13189=CARTESIAN_POINT('Ctrl Pts',(-11.9754108477152,-2.59596721238463,
-16.5009956580735));
#13190=CARTESIAN_POINT('Ctrl Pts',(-12.0526863488008,-2.50078283346015,
-16.3027107327075));
#13191=CARTESIAN_POINT('Ctrl Pts',(-12.0523587947449,-2.50078283346015,
-16.3389600482309));
#13192=CARTESIAN_POINT('Ctrl Pts',(-12.0453899918936,-2.50078283346015,
-16.3751389835046));
#13193=CARTESIAN_POINT('Ctrl Pts',(-12.0322289819683,-2.50078283346015,
-16.4089163129626));
#13194=CARTESIAN_POINT('Ctrl Pts',(-12.019067972043,-2.50078283346015,-16.4426936424207));
#13195=CARTESIAN_POINT('Ctrl Pts',(-11.9997222837328,-2.50078283346015,
-16.4740500439126));
#13196=CARTESIAN_POINT('Ctrl Pts',(-11.9754384756454,-2.50078283346015,
-16.5009650366183));
#13197=CARTESIAN_POINT('Ctrl Pts',(-11.9763053538636,-2.50078283346017,
-16.5));
#13198=CARTESIAN_POINT('Ctrl Pts',(-11.9763053513807,-2.59602536207628,
-16.5));
#13199=CARTESIAN_POINT('Ctrl Pts',(-11.9667154072867,-2.69126420420023,
-16.5));
#13200=CARTESIAN_POINT('Ctrl Pts',(-11.9287389975659,-2.87792511561892,
-16.5));
#13201=CARTESIAN_POINT('Ctrl Pts',(-11.9003539625016,-2.96934011492759,
-16.5));
#13202=CARTESIAN_POINT('Ctrl Pts',(-11.8631397493522,-3.05701130701791,
-16.5));
#13203=CARTESIAN_POINT('Origin',(17.43323427521,2.4754977217837,-16.3));
#13204=CARTESIAN_POINT('',(17.5885646089585,2.31464845253587,-16.5));
#13205=CARTESIAN_POINT('Origin',(-13.7,9.7,-16.5));
#13206=CARTESIAN_POINT('',(-0.999999999999999,2.77555756156289E-14,-16.5));
#13207=CARTESIAN_POINT('',(-0.999999999999999,-3.99999999999999,-16.5));
#13208=CARTESIAN_POINT('',(-0.999999999999999,9.7,-16.5));
#13209=CARTESIAN_POINT('',(1.,2.77555756156289E-14,-16.5));
#13210=CARTESIAN_POINT('',(-13.7,5.20417042793042E-15,-16.5));
#13211=CARTESIAN_POINT('',(1.,-3.99999999999999,-16.5));
#13212=CARTESIAN_POINT('',(1.,9.7,-16.5));
#13213=CARTESIAN_POINT('',(-13.7,-3.99999999999999,-16.5));
#13214=CARTESIAN_POINT('',(8.0000000001753,8.67361737988404E-15,-16.5));
#13215=CARTESIAN_POINT('',(8.0000000001753,4.00000000000001,-16.5));
#13216=CARTESIAN_POINT('',(8.0000000001753,9.7,-16.5));
#13217=CARTESIAN_POINT('',(6.0000000001753,8.67361737988404E-15,-16.5));
#13218=CARTESIAN_POINT('',(-13.7,6.93889390390723E-15,-16.5));
#13219=CARTESIAN_POINT('',(6.0000000001753,4.00000000000003,-16.5));
#13220=CARTESIAN_POINT('',(6.0000000001753,9.7,-16.5));
#13221=CARTESIAN_POINT('',(-13.7,4.00000000000001,-16.5));
#13222=CARTESIAN_POINT('',(-8.,4.00000000000003,-16.5));
#13223=CARTESIAN_POINT('',(-8.,1.21430643318376E-14,-16.5));
#13224=CARTESIAN_POINT('',(-8.,9.7,-16.5));
#13225=CARTESIAN_POINT('',(-6.,4.00000000000003,-16.5));
#13226=CARTESIAN_POINT('',(-13.7,4.00000000000001,-16.5));
#13227=CARTESIAN_POINT('',(-6.,1.21430643318376E-14,-16.5));
#13228=CARTESIAN_POINT('',(-6.,9.7,-16.5));
#13229=CARTESIAN_POINT('',(-13.7,1.21430643318376E-14,-16.5));
#13230=CARTESIAN_POINT('Origin',(6.0000000001753,4.00000000000003,-4.5));
#13231=CARTESIAN_POINT('',(6.0000000001753,2.81892564846231E-14,-5.99999999999999));
#13232=CARTESIAN_POINT('',(6.0000000001753,0.,-21.));
#13233=CARTESIAN_POINT('',(6.0000000001753,4.00000000000003,-6.));
#13234=CARTESIAN_POINT('',(6.0000000001753,5.62500000000003,-6.));
#13235=CARTESIAN_POINT('',(6.0000000001753,4.,-21.));
#13236=CARTESIAN_POINT('Origin',(6.0000000001753,0.,-21.));
#13237=CARTESIAN_POINT('',(8.0000000001753,2.81892564846231E-14,-5.99999999999999));
#13238=CARTESIAN_POINT('',(8.0000000001753,0.,-21.));
#13239=CARTESIAN_POINT('',(6.0000000001753,2.81892564846231E-14,-5.99999999999999));
#13240=CARTESIAN_POINT('Origin',(1.,-4.,-21.));
#13241=CARTESIAN_POINT('',(1.,-3.99999999999997,-3.));
#13242=CARTESIAN_POINT('',(1.,-4.,-21.));
#13243=CARTESIAN_POINT('',(-1.,-3.99999999999997,-3.));
#13244=CARTESIAN_POINT('',(1.,-3.99999999999997,-3.));
#13245=CARTESIAN_POINT('',(-1.,-4.,-21.));
#13246=CARTESIAN_POINT('Origin',(-1.,-3.99999999999997,-1.5));
#13247=CARTESIAN_POINT('',(-1.,2.77555756156289E-14,-3.00000000000001));
#13248=CARTESIAN_POINT('',(-1.,-3.46944695195361E-15,-21.));
#13249=CARTESIAN_POINT('',(-1.,-5.62499999999998,-3.));
#13250=CARTESIAN_POINT('Origin',(6.0000000001753,4.,-21.));
#13251=CARTESIAN_POINT('',(8.0000000001753,4.00000000000003,-6.));
#13252=CARTESIAN_POINT('',(6.0000000001753,4.00000000000003,-6.));
#13253=CARTESIAN_POINT('',(8.0000000001753,4.,-21.));
#13254=CARTESIAN_POINT('Origin',(1.,-3.99999999999997,-1.5));
#13255=CARTESIAN_POINT('',(1.,2.77555756156289E-14,-3.00000000000001));
#13256=CARTESIAN_POINT('',(1.,-3.46944695195361E-15,-21.));
#13257=CARTESIAN_POINT('',(1.,-5.62499999999998,-3.));
#13258=CARTESIAN_POINT('Origin',(1.,-3.46944695195361E-15,-21.));
#13259=CARTESIAN_POINT('',(1.,2.77555756156289E-14,-3.00000000000001));
#13260=CARTESIAN_POINT('Origin',(-6.,3.46944695195361E-15,-21.));
#13261=CARTESIAN_POINT('',(-6.,2.99239799605999E-14,-5.99999999999999));
#13262=CARTESIAN_POINT('',(-6.,3.46944695195361E-15,-21.));
#13263=CARTESIAN_POINT('',(-8.,2.99239799605999E-14,-5.99999999999999));
#13264=CARTESIAN_POINT('',(-6.,2.99239799605999E-14,-5.99999999999999));
#13265=CARTESIAN_POINT('',(-8.,3.46944695195361E-15,-21.));
#13266=CARTESIAN_POINT('Origin',(-6.,4.,-21.));
#13267=CARTESIAN_POINT('',(-8.,4.00000000000003,-5.99999999999999));
#13268=CARTESIAN_POINT('',(-8.,4.,-21.));
#13269=CARTESIAN_POINT('',(-6.,4.00000000000003,-5.99999999999999));
#13270=CARTESIAN_POINT('',(-6.,4.00000000000003,-5.99999999999999));
#13271=CARTESIAN_POINT('',(-6.,4.,-21.));
#13272=CARTESIAN_POINT('Origin',(-6.,3.25260651745651E-14,-4.49999999999999));
#13273=CARTESIAN_POINT('',(-6.,-1.62499999999997,-5.99999999999998));
#13274=CARTESIAN_POINT('Origin',(8.0000000001753,4.00000000000003,-4.5));
#13275=CARTESIAN_POINT('',(8.0000000001753,5.62500000000003,-6.));
#13276=CARTESIAN_POINT('Origin',(-8.,3.25260651745651E-14,-4.49999999999999));
#13277=CARTESIAN_POINT('',(-8.,-1.62499999999997,-5.99999999999998));
#13278=CARTESIAN_POINT('Origin',(6.0000000001753,5.62500000000003,-6.));
#13279=CARTESIAN_POINT('',(6.6250000001753,3.15000000000003,-4.5));
#13280=CARTESIAN_POINT('',(6.6250000001753,0.850000000000032,-4.49999999999999));
#13281=CARTESIAN_POINT('',(6.6250000001753,5.62500000000003,-4.5));
#13282=CARTESIAN_POINT('',(6.0000000001753,4.00000000000003,-6.));
#13283=CARTESIAN_POINT('',(6.0000000001753,2.81892564846231E-14,-5.99999999999999));
#13284=CARTESIAN_POINT('Origin',(6.0000000001753,2.81892564846231E-14,-5.99999999999999));
#13285=CARTESIAN_POINT('',(7.3750000001753,0.850000000000032,-4.49999999999999));
#13286=CARTESIAN_POINT('',(7.7677011709614,0.315926407730935,-5.44248280988663));
#13287=CARTESIAN_POINT('',(6.0000000001753,0.850000000000032,-4.49999999999999));
#13288=CARTESIAN_POINT('Origin',(1.,-3.99999999999997,-3.));
#13289=CARTESIAN_POINT('',(0.375000000000001,-3.14999999999997,-1.5));
#13290=CARTESIAN_POINT('',(-0.374999999999999,-3.14999999999997,-1.5));
#13291=CARTESIAN_POINT('',(1.,-3.14999999999997,-1.5));
#13292=CARTESIAN_POINT('',(-0.7677011707861,-3.68407359226907,-2.44248280988664));
#13293=CARTESIAN_POINT('',(1.,-3.99999999999997,-3.));
#13294=CARTESIAN_POINT('Origin',(-1.,-5.62499999999998,-3.));
#13295=CARTESIAN_POINT('',(-0.375,-0.84999999999997,-1.5));
#13296=CARTESIAN_POINT('',(-0.375,-5.62499999999997,-1.49999999999999));
#13297=CARTESIAN_POINT('',(-0.7677011707861,-0.315926407730875,-2.44248280988665));
#13298=CARTESIAN_POINT('Origin',(6.0000000001753,4.00000000000003,-6.));
#13299=CARTESIAN_POINT('',(7.3750000001753,3.15000000000003,-4.5));
#13300=CARTESIAN_POINT('',(6.0000000001753,3.15000000000003,-4.5));
#13301=CARTESIAN_POINT('',(7.7677011709614,3.68407359226913,-5.44248280988664));
#13302=CARTESIAN_POINT('Origin',(1.,-5.62499999999998,-3.));
#13303=CARTESIAN_POINT('',(0.375000000000001,-0.84999999999997,-1.5));
#13304=CARTESIAN_POINT('',(0.375000000000001,-5.62499999999997,-1.49999999999999));
#13305=CARTESIAN_POINT('',(1.,2.77555756156289E-14,-3.00000000000001));
#13306=CARTESIAN_POINT('Origin',(1.,2.77555756156289E-14,-3.00000000000001));
#13307=CARTESIAN_POINT('',(1.,-0.84999999999997,-1.5));
#13308=CARTESIAN_POINT('Origin',(-6.,2.99239799605999E-14,-5.99999999999999));
#13309=CARTESIAN_POINT('',(-6.625,0.850000000000033,-4.49999999999999));
#13310=CARTESIAN_POINT('',(-7.375,0.850000000000034,-4.49999999999999));
#13311=CARTESIAN_POINT('',(-6.,0.850000000000033,-4.49999999999999));
#13312=CARTESIAN_POINT('',(-7.7677011707861,0.315926407730936,-5.44248280988663));
#13313=CARTESIAN_POINT('',(-6.,2.99239799605999E-14,-5.99999999999999));
#13314=CARTESIAN_POINT('Origin',(-6.,4.00000000000003,-5.99999999999999));
#13315=CARTESIAN_POINT('',(-7.375,3.15000000000003,-4.49999999999999));
#13316=CARTESIAN_POINT('',(-7.7677011707861,3.68407359226913,-5.44248280988663));
#13317=CARTESIAN_POINT('',(-6.625,3.15000000000003,-4.49999999999999));
#13318=CARTESIAN_POINT('',(-6.,3.15000000000003,-4.49999999999999));
#13319=CARTESIAN_POINT('',(-6.,4.00000000000003,-5.99999999999999));
#13320=CARTESIAN_POINT('Origin',(-6.,-1.62499999999997,-5.99999999999998));
#13321=CARTESIAN_POINT('',(-6.625,-1.62499999999997,-4.49999999999998));
#13322=CARTESIAN_POINT('Origin',(8.0000000001753,5.62500000000003,-6.));
#13323=CARTESIAN_POINT('',(7.3750000001753,5.62500000000003,-4.5));
#13324=CARTESIAN_POINT('Origin',(-8.,-1.62499999999997,-5.99999999999998));
#13325=CARTESIAN_POINT('',(-7.375,-1.62499999999997,-4.49999999999998));
#13326=CARTESIAN_POINT('Origin',(6.0000000001753,3.15000000000003,-4.5));
#13327=CARTESIAN_POINT('Origin',(1.,-3.14999999999997,-1.5));
#13328=CARTESIAN_POINT('Origin',(-6.,0.850000000000033,-4.49999999999999));
#13329=UNCERTAINTY_MEASURE_WITH_UNIT(LENGTH_MEASURE(0.01),#13333,
'DISTANCE_ACCURACY_VALUE',
'Maximum model space distance between geometric entities at asserted c
onnectivities');
#13330=UNCERTAINTY_MEASURE_WITH_UNIT(LENGTH_MEASURE(0.01),#13333,
'DISTANCE_ACCURACY_VALUE',
'Maximum model space distance between geometric entities at asserted c
onnectivities');
#13331=(
GEOMETRIC_REPRESENTATION_CONTEXT(3)
GLOBAL_UNCERTAINTY_ASSIGNED_CONTEXT((#13329))
GLOBAL_UNIT_ASSIGNED_CONTEXT((#13333,#13335,#13336))
REPRESENTATION_CONTEXT('','3D')
);
#13332=(
GEOMETRIC_REPRESENTATION_CONTEXT(3)
GLOBAL_UNCERTAINTY_ASSIGNED_CONTEXT((#13330))
GLOBAL_UNIT_ASSIGNED_CONTEXT((#13333,#13335,#13336))
REPRESENTATION_CONTEXT('','3D')
);
#13333=(
LENGTH_UNIT()
NAMED_UNIT(*)
SI_UNIT(.MILLI.,.METRE.)
);
#13334=(
LENGTH_UNIT()
NAMED_UNIT(*)
SI_UNIT($,.METRE.)
);
#13335=(
NAMED_UNIT(*)
PLANE_ANGLE_UNIT()
SI_UNIT($,.RADIAN.)
);
#13336=(
NAMED_UNIT(*)
SI_UNIT($,.STERADIAN.)
SOLID_ANGLE_UNIT()
);
#13337=SHAPE_DEFINITION_REPRESENTATION(#13338,#13339);
#13338=PRODUCT_DEFINITION_SHAPE('',$,#13341);
#13339=SHAPE_REPRESENTATION('',(#5585),#13331);
#13340=PRODUCT_DEFINITION_CONTEXT('part definition',#13345,'design');
#13341=PRODUCT_DEFINITION('0100.2130','0100.2130_02 v2',#13342,#13340);
#13342=PRODUCT_DEFINITION_FORMATION('',$,#13347);
#13343=PRODUCT_RELATED_PRODUCT_CATEGORY('0100.2130_02 v2',
'0100.2130_02 v2',(#13347));
#13344=APPLICATION_PROTOCOL_DEFINITION('international standard',
'automotive_design',2009,#13345);
#13345=APPLICATION_CONTEXT(
'Core Data for Automotive Mechanical Design Process');
#13346=PRODUCT_CONTEXT('part definition',#13345,'mechanical');
#13347=PRODUCT('0100.2130','0100.2130_02 v2','STEP AP214',(#13346));
#13348=PRESENTATION_STYLE_ASSIGNMENT((#13350));
#13349=PRESENTATION_STYLE_ASSIGNMENT((#13351));
#13350=SURFACE_STYLE_USAGE(.BOTH.,#13352);
#13351=SURFACE_STYLE_USAGE(.BOTH.,#13353);
#13352=SURFACE_SIDE_STYLE('',(#13354));
#13353=SURFACE_SIDE_STYLE('',(#13355));
#13354=SURFACE_STYLE_FILL_AREA(#13356);
#13355=SURFACE_STYLE_FILL_AREA(#13357);
#13356=FILL_AREA_STYLE('Stal \X2\2014\X0\ satynowa',(#13358));
#13357=FILL_AREA_STYLE('ABS (bia\X2\0142\X0\y)',(#13359));
#13358=FILL_AREA_STYLE_COLOUR('Stal \X2\2014\X0\ satynowa',#13360);
#13359=FILL_AREA_STYLE_COLOUR('ABS (bia\X2\0142\X0\y)',#13361);
#13360=COLOUR_RGB('Stal \X2\2014\X0\ satynowa',0.627450980392157,0.627450980392157,
0.627450980392157);
#13361=COLOUR_RGB('ABS (bia\X2\0142\X0\y)',0.0549019607843137,0.0509803921568627,
0.0509803921568627);
ENDSEC;
END-ISO-10303-21;
