ISO-10303-21;
HEADER;
/* Generated by software containing ST-Developer
 * from STEP Tools, Inc. (www.steptools.com) 
 */

FILE_DESCRIPTION(
/* description */ (''),
/* implementation_level */ '2;1');

FILE_NAME(
/* name */ 'Allen key bolt M8.step',
/* time_stamp */ '2026-06-03T13:22:25+02:00',
/* author */ (''),
/* organization */ (''),
/* preprocessor_version */ 'ST-DEVELOPER v20.1',
/* originating_system */ 'Autodesk Translation Framework v15.8.0.0',
/* authorisation */ '');

FILE_SCHEMA (('AUTOMOTIVE_DESIGN { 1 0 10303 214 3 1 1 }'));
ENDSEC;

DATA;
#10=MECHANICAL_DESIGN_GEOMETRIC_PRESENTATION_REPRESENTATION('',(#13),#7287);
#11=SHAPE_REPRESENTATION_RELATIONSHIP('SRR','None',#7294,#12);
#12=ADVANCED_BREP_SHAPE_REPRESENTATION('',(#14),#7286);
#13=STYLED_ITEM('',(#7303),#14);
#14=MANIFOLD_SOLID_BREP('Bry\X2\0142\X0\a1',#793);
#15=B_SPLINE_SURFACE_WITH_KNOTS('',3,3,((#3829,#3830,#3831,#3832,#3833,
#3834,#3835,#3836,#3837,#3838,#3839,#3840,#3841,#3842,#3843,#3844,#3845,
#3846,#3847,#3848,#3849,#3850,#3851,#3852,#3853,#3854,#3855,#3856,#3857,
#3858,#3859,#3860,#3861,#3862,#3863,#3864,#3865,#3866,#3867,#3868,#3869,
#3870,#3871,#3872,#3873,#3874,#3875,#3876,#3877,#3878,#3879,#3880,#3881,
#3882,#3883,#3884,#3885,#3886,#3887,#3888,#3889,#3890,#3891,#3892,#3893,
#3894,#3895),(#3896,#3897,#3898,#3899,#3900,#3901,#3902,#3903,#3904,#3905,
#3906,#3907,#3908,#3909,#3910,#3911,#3912,#3913,#3914,#3915,#3916,#3917,
#3918,#3919,#3920,#3921,#3922,#3923,#3924,#3925,#3926,#3927,#3928,#3929,
#3930,#3931,#3932,#3933,#3934,#3935,#3936,#3937,#3938,#3939,#3940,#3941,
#3942,#3943,#3944,#3945,#3946,#3947,#3948,#3949,#3950,#3951,#3952,#3953,
#3954,#3955,#3956,#3957,#3958,#3959,#3960,#3961,#3962),(#3963,#3964,#3965,
#3966,#3967,#3968,#3969,#3970,#3971,#3972,#3973,#3974,#3975,#3976,#3977,
#3978,#3979,#3980,#3981,#3982,#3983,#3984,#3985,#3986,#3987,#3988,#3989,
#3990,#3991,#3992,#3993,#3994,#3995,#3996,#3997,#3998,#3999,#4000,#4001,
#4002,#4003,#4004,#4005,#4006,#4007,#4008,#4009,#4010,#4011,#4012,#4013,
#4014,#4015,#4016,#4017,#4018,#4019,#4020,#4021,#4022,#4023,#4024,#4025,
#4026,#4027,#4028,#4029),(#4030,#4031,#4032,#4033,#4034,#4035,#4036,#4037,
#4038,#4039,#4040,#4041,#4042,#4043,#4044,#4045,#4046,#4047,#4048,#4049,
#4050,#4051,#4052,#4053,#4054,#4055,#4056,#4057,#4058,#4059,#4060,#4061,
#4062,#4063,#4064,#4065,#4066,#4067,#4068,#4069,#4070,#4071,#4072,#4073,
#4074,#4075,#4076,#4077,#4078,#4079,#4080,#4081,#4082,#4083,#4084,#4085,
#4086,#4087,#4088,#4089,#4090,#4091,#4092,#4093,#4094,#4095,#4096)),
 .UNSPECIFIED.,.F.,.F.,.F.,(4,4),(4,1,1,1,1,1,1,1,1,1,1,1,1,1,1,1,1,1,1,
1,1,1,1,1,1,1,1,1,1,1,1,1,1,1,1,1,1,1,1,1,1,1,1,1,1,1,1,1,1,1,1,1,1,1,1,
1,1,1,1,1,1,1,1,1,4),(-0.07803846721195,1.078038467212),(-0.02,-0.00375,
0.0125,0.02875,0.045,0.06125,0.0775,0.09375,0.11,0.12625,0.1425,0.15875,
0.175,0.19125,0.2075,0.22375,0.24,0.25625,0.2725,0.28875,0.305,0.32125,
0.3375,0.35375,0.37,0.38625,0.4025,0.41875,0.435,0.45125,0.4675,0.48375,
0.5,0.51625,0.5325,0.54875,0.565,0.58125,0.5975,0.61375,0.63,0.64625,0.6625,
0.67875,0.695,0.71125,0.7275,0.74375,0.76,0.77625,0.7925,0.80875,0.825,
0.84125,0.8575,0.87375,0.89,0.90625,0.9225,0.93875,0.955,0.97125,0.9875,
1.00375,1.02),.UNSPECIFIED.);
#16=B_SPLINE_SURFACE_WITH_KNOTS('',3,3,((#4233,#4234,#4235,#4236,#4237,
#4238,#4239,#4240,#4241,#4242,#4243,#4244,#4245,#4246,#4247,#4248,#4249,
#4250,#4251,#4252,#4253,#4254,#4255,#4256,#4257,#4258,#4259,#4260,#4261,
#4262,#4263,#4264,#4265,#4266,#4267,#4268,#4269,#4270,#4271,#4272,#4273,
#4274,#4275,#4276,#4277,#4278,#4279,#4280,#4281,#4282,#4283,#4284,#4285,
#4286,#4287,#4288,#4289,#4290,#4291,#4292,#4293,#4294,#4295,#4296,#4297,
#4298,#4299),(#4300,#4301,#4302,#4303,#4304,#4305,#4306,#4307,#4308,#4309,
#4310,#4311,#4312,#4313,#4314,#4315,#4316,#4317,#4318,#4319,#4320,#4321,
#4322,#4323,#4324,#4325,#4326,#4327,#4328,#4329,#4330,#4331,#4332,#4333,
#4334,#4335,#4336,#4337,#4338,#4339,#4340,#4341,#4342,#4343,#4344,#4345,
#4346,#4347,#4348,#4349,#4350,#4351,#4352,#4353,#4354,#4355,#4356,#4357,
#4358,#4359,#4360,#4361,#4362,#4363,#4364,#4365,#4366),(#4367,#4368,#4369,
#4370,#4371,#4372,#4373,#4374,#4375,#4376,#4377,#4378,#4379,#4380,#4381,
#4382,#4383,#4384,#4385,#4386,#4387,#4388,#4389,#4390,#4391,#4392,#4393,
#4394,#4395,#4396,#4397,#4398,#4399,#4400,#4401,#4402,#4403,#4404,#4405,
#4406,#4407,#4408,#4409,#4410,#4411,#4412,#4413,#4414,#4415,#4416,#4417,
#4418,#4419,#4420,#4421,#4422,#4423,#4424,#4425,#4426,#4427,#4428,#4429,
#4430,#4431,#4432,#4433),(#4434,#4435,#4436,#4437,#4438,#4439,#4440,#4441,
#4442,#4443,#4444,#4445,#4446,#4447,#4448,#4449,#4450,#4451,#4452,#4453,
#4454,#4455,#4456,#4457,#4458,#4459,#4460,#4461,#4462,#4463,#4464,#4465,
#4466,#4467,#4468,#4469,#4470,#4471,#4472,#4473,#4474,#4475,#4476,#4477,
#4478,#4479,#4480,#4481,#4482,#4483,#4484,#4485,#4486,#4487,#4488,#4489,
#4490,#4491,#4492,#4493,#4494,#4495,#4496,#4497,#4498,#4499,#4500)),
 .UNSPECIFIED.,.F.,.F.,.F.,(4,4),(4,1,1,1,1,1,1,1,1,1,1,1,1,1,1,1,1,1,1,
1,1,1,1,1,1,1,1,1,1,1,1,1,1,1,1,1,1,1,1,1,1,1,1,1,1,1,1,1,1,1,1,1,1,1,1,
1,1,1,1,1,1,1,1,1,4),(-0.07803846721195,1.078038467212),(-0.02,-0.00375,
0.0125,0.02875,0.045,0.06125,0.0775,0.09375,0.11,0.12625,0.1425,0.15875,
0.175,0.19125,0.2075,0.22375,0.24,0.25625,0.2725,0.28875,0.305,0.32125,
0.3375,0.35375,0.37,0.38625,0.4025,0.41875,0.435,0.45125,0.4675,0.48375,
0.5,0.51625,0.5325,0.54875,0.565,0.58125,0.5975,0.61375,0.63,0.64625,0.6625,
0.67875,0.695,0.71125,0.7275,0.74375,0.76,0.77625,0.7925,0.80875,0.825,
0.84125,0.8575,0.87375,0.89,0.90625,0.9225,0.93875,0.955,0.97125,0.9875,
1.00375,1.02),.UNSPECIFIED.);
#17=B_SPLINE_SURFACE_WITH_KNOTS('',3,3,((#4502,#4503,#4504,#4505,#4506,
#4507,#4508,#4509,#4510,#4511,#4512,#4513,#4514,#4515,#4516,#4517,#4518,
#4519,#4520,#4521,#4522,#4523,#4524,#4525,#4526,#4527,#4528,#4529,#4530,
#4531,#4532,#4533,#4534,#4535,#4536,#4537,#4538,#4539,#4540,#4541,#4542,
#4543,#4544,#4545,#4546,#4547,#4548,#4549,#4550,#4551,#4552,#4553,#4554,
#4555,#4556,#4557,#4558,#4559,#4560,#4561,#4562,#4563,#4564,#4565,#4566,
#4567,#4568),(#4569,#4570,#4571,#4572,#4573,#4574,#4575,#4576,#4577,#4578,
#4579,#4580,#4581,#4582,#4583,#4584,#4585,#4586,#4587,#4588,#4589,#4590,
#4591,#4592,#4593,#4594,#4595,#4596,#4597,#4598,#4599,#4600,#4601,#4602,
#4603,#4604,#4605,#4606,#4607,#4608,#4609,#4610,#4611,#4612,#4613,#4614,
#4615,#4616,#4617,#4618,#4619,#4620,#4621,#4622,#4623,#4624,#4625,#4626,
#4627,#4628,#4629,#4630,#4631,#4632,#4633,#4634,#4635),(#4636,#4637,#4638,
#4639,#4640,#4641,#4642,#4643,#4644,#4645,#4646,#4647,#4648,#4649,#4650,
#4651,#4652,#4653,#4654,#4655,#4656,#4657,#4658,#4659,#4660,#4661,#4662,
#4663,#4664,#4665,#4666,#4667,#4668,#4669,#4670,#4671,#4672,#4673,#4674,
#4675,#4676,#4677,#4678,#4679,#4680,#4681,#4682,#4683,#4684,#4685,#4686,
#4687,#4688,#4689,#4690,#4691,#4692,#4693,#4694,#4695,#4696,#4697,#4698,
#4699,#4700,#4701,#4702),(#4703,#4704,#4705,#4706,#4707,#4708,#4709,#4710,
#4711,#4712,#4713,#4714,#4715,#4716,#4717,#4718,#4719,#4720,#4721,#4722,
#4723,#4724,#4725,#4726,#4727,#4728,#4729,#4730,#4731,#4732,#4733,#4734,
#4735,#4736,#4737,#4738,#4739,#4740,#4741,#4742,#4743,#4744,#4745,#4746,
#4747,#4748,#4749,#4750,#4751,#4752,#4753,#4754,#4755,#4756,#4757,#4758,
#4759,#4760,#4761,#4762,#4763,#4764,#4765,#4766,#4767,#4768,#4769)),
 .UNSPECIFIED.,.F.,.F.,.F.,(4,4),(4,1,1,1,1,1,1,1,1,1,1,1,1,1,1,1,1,1,1,
1,1,1,1,1,1,1,1,1,1,1,1,1,1,1,1,1,1,1,1,1,1,1,1,1,1,1,1,1,1,1,1,1,1,1,1,
1,1,1,1,1,1,1,1,1,4),(-0.07803846721194,1.078038467212),(-0.02,-0.00375,
0.0125,0.02875,0.045,0.06125,0.0775,0.09375,0.11,0.12625,0.1425,0.15875,
0.175,0.19125,0.2075,0.22375,0.24,0.25625,0.2725,0.28875,0.305,0.32125,
0.3375,0.35375,0.37,0.38625,0.4025,0.41875,0.435,0.45125,0.4675,0.48375,
0.5,0.51625,0.5325,0.54875,0.565,0.58125,0.5975,0.61375,0.63,0.64625,0.6625,
0.67875,0.695,0.71125,0.7275,0.74375,0.76,0.77625,0.7925,0.80875,0.825,
0.84125,0.8575,0.87375,0.89,0.90625,0.9225,0.93875,0.955,0.97125,0.9875,
1.00375,1.02),.UNSPECIFIED.);
#18=B_SPLINE_SURFACE_WITH_KNOTS('',3,3,((#4906,#4907,#4908,#4909,#4910,
#4911,#4912,#4913,#4914,#4915,#4916,#4917,#4918,#4919,#4920,#4921,#4922,
#4923,#4924,#4925,#4926,#4927,#4928,#4929,#4930,#4931,#4932,#4933,#4934,
#4935,#4936,#4937,#4938,#4939,#4940,#4941,#4942,#4943,#4944,#4945,#4946,
#4947,#4948,#4949,#4950,#4951,#4952,#4953,#4954,#4955,#4956,#4957,#4958,
#4959,#4960,#4961,#4962,#4963,#4964,#4965,#4966,#4967,#4968,#4969,#4970,
#4971,#4972),(#4973,#4974,#4975,#4976,#4977,#4978,#4979,#4980,#4981,#4982,
#4983,#4984,#4985,#4986,#4987,#4988,#4989,#4990,#4991,#4992,#4993,#4994,
#4995,#4996,#4997,#4998,#4999,#5000,#5001,#5002,#5003,#5004,#5005,#5006,
#5007,#5008,#5009,#5010,#5011,#5012,#5013,#5014,#5015,#5016,#5017,#5018,
#5019,#5020,#5021,#5022,#5023,#5024,#5025,#5026,#5027,#5028,#5029,#5030,
#5031,#5032,#5033,#5034,#5035,#5036,#5037,#5038,#5039),(#5040,#5041,#5042,
#5043,#5044,#5045,#5046,#5047,#5048,#5049,#5050,#5051,#5052,#5053,#5054,
#5055,#5056,#5057,#5058,#5059,#5060,#5061,#5062,#5063,#5064,#5065,#5066,
#5067,#5068,#5069,#5070,#5071,#5072,#5073,#5074,#5075,#5076,#5077,#5078,
#5079,#5080,#5081,#5082,#5083,#5084,#5085,#5086,#5087,#5088,#5089,#5090,
#5091,#5092,#5093,#5094,#5095,#5096,#5097,#5098,#5099,#5100,#5101,#5102,
#5103,#5104,#5105,#5106),(#5107,#5108,#5109,#5110,#5111,#5112,#5113,#5114,
#5115,#5116,#5117,#5118,#5119,#5120,#5121,#5122,#5123,#5124,#5125,#5126,
#5127,#5128,#5129,#5130,#5131,#5132,#5133,#5134,#5135,#5136,#5137,#5138,
#5139,#5140,#5141,#5142,#5143,#5144,#5145,#5146,#5147,#5148,#5149,#5150,
#5151,#5152,#5153,#5154,#5155,#5156,#5157,#5158,#5159,#5160,#5161,#5162,
#5163,#5164,#5165,#5166,#5167,#5168,#5169,#5170,#5171,#5172,#5173)),
 .UNSPECIFIED.,.F.,.F.,.F.,(4,4),(4,1,1,1,1,1,1,1,1,1,1,1,1,1,1,1,1,1,1,
1,1,1,1,1,1,1,1,1,1,1,1,1,1,1,1,1,1,1,1,1,1,1,1,1,1,1,1,1,1,1,1,1,1,1,1,
1,1,1,1,1,1,1,1,1,4),(-0.07803846721195,1.078038467212),(-0.02,-0.00375,
0.0125,0.02875,0.045,0.06125,0.0775,0.09375,0.11,0.12625,0.1425,0.15875,
0.175,0.19125,0.2075,0.22375,0.24,0.25625,0.2725,0.28875,0.305,0.32125,
0.3375,0.35375,0.37,0.38625,0.4025,0.41875,0.435,0.45125,0.4675,0.48375,
0.5,0.51625,0.5325,0.54875,0.565,0.58125,0.5975,0.61375,0.63,0.64625,0.6625,
0.67875,0.695,0.71125,0.7275,0.74375,0.76,0.77625,0.7925,0.80875,0.825,
0.84125,0.8575,0.87375,0.89,0.90625,0.9225,0.93875,0.955,0.97125,0.9875,
1.00375,1.02),.UNSPECIFIED.);
#19=B_SPLINE_SURFACE_WITH_KNOTS('',3,3,((#5175,#5176,#5177,#5178,#5179,
#5180,#5181,#5182,#5183,#5184,#5185,#5186,#5187,#5188,#5189,#5190,#5191,
#5192,#5193,#5194,#5195,#5196,#5197,#5198,#5199,#5200,#5201,#5202,#5203,
#5204,#5205,#5206,#5207,#5208,#5209,#5210,#5211,#5212,#5213,#5214,#5215,
#5216,#5217,#5218,#5219,#5220,#5221,#5222,#5223,#5224,#5225,#5226,#5227,
#5228,#5229,#5230,#5231,#5232,#5233,#5234,#5235,#5236,#5237,#5238,#5239,
#5240,#5241),(#5242,#5243,#5244,#5245,#5246,#5247,#5248,#5249,#5250,#5251,
#5252,#5253,#5254,#5255,#5256,#5257,#5258,#5259,#5260,#5261,#5262,#5263,
#5264,#5265,#5266,#5267,#5268,#5269,#5270,#5271,#5272,#5273,#5274,#5275,
#5276,#5277,#5278,#5279,#5280,#5281,#5282,#5283,#5284,#5285,#5286,#5287,
#5288,#5289,#5290,#5291,#5292,#5293,#5294,#5295,#5296,#5297,#5298,#5299,
#5300,#5301,#5302,#5303,#5304,#5305,#5306,#5307,#5308),(#5309,#5310,#5311,
#5312,#5313,#5314,#5315,#5316,#5317,#5318,#5319,#5320,#5321,#5322,#5323,
#5324,#5325,#5326,#5327,#5328,#5329,#5330,#5331,#5332,#5333,#5334,#5335,
#5336,#5337,#5338,#5339,#5340,#5341,#5342,#5343,#5344,#5345,#5346,#5347,
#5348,#5349,#5350,#5351,#5352,#5353,#5354,#5355,#5356,#5357,#5358,#5359,
#5360,#5361,#5362,#5363,#5364,#5365,#5366,#5367,#5368,#5369,#5370,#5371,
#5372,#5373,#5374,#5375),(#5376,#5377,#5378,#5379,#5380,#5381,#5382,#5383,
#5384,#5385,#5386,#5387,#5388,#5389,#5390,#5391,#5392,#5393,#5394,#5395,
#5396,#5397,#5398,#5399,#5400,#5401,#5402,#5403,#5404,#5405,#5406,#5407,
#5408,#5409,#5410,#5411,#5412,#5413,#5414,#5415,#5416,#5417,#5418,#5419,
#5420,#5421,#5422,#5423,#5424,#5425,#5426,#5427,#5428,#5429,#5430,#5431,
#5432,#5433,#5434,#5435,#5436,#5437,#5438,#5439,#5440,#5441,#5442)),
 .UNSPECIFIED.,.F.,.F.,.F.,(4,4),(4,1,1,1,1,1,1,1,1,1,1,1,1,1,1,1,1,1,1,
1,1,1,1,1,1,1,1,1,1,1,1,1,1,1,1,1,1,1,1,1,1,1,1,1,1,1,1,1,1,1,1,1,1,1,1,
1,1,1,1,1,1,1,1,1,4),(-0.07803846721196,1.078038467212),(-0.02,-0.00375,
0.0125,0.02875,0.045,0.06125,0.0775,0.09375,0.11,0.12625,0.1425,0.15875,
0.175,0.19125,0.2075,0.22375,0.24,0.25625,0.2725,0.28875,0.305,0.32125,
0.3375,0.35375,0.37,0.38625,0.4025,0.41875,0.435,0.45125,0.4675,0.48375,
0.5,0.51625,0.5325,0.54875,0.565,0.58125,0.5975,0.61375,0.63,0.64625,0.6625,
0.67875,0.695,0.71125,0.7275,0.74375,0.76,0.77625,0.7925,0.80875,0.825,
0.84125,0.8575,0.87375,0.89,0.90625,0.9225,0.93875,0.955,0.97125,0.9875,
1.00375,1.02),.UNSPECIFIED.);
#20=B_SPLINE_SURFACE_WITH_KNOTS('',3,3,((#5579,#5580,#5581,#5582,#5583,
#5584,#5585,#5586,#5587,#5588,#5589,#5590,#5591,#5592,#5593,#5594,#5595,
#5596,#5597,#5598,#5599,#5600,#5601,#5602,#5603,#5604,#5605,#5606,#5607,
#5608,#5609,#5610,#5611,#5612,#5613,#5614,#5615,#5616,#5617,#5618,#5619,
#5620,#5621,#5622,#5623,#5624,#5625,#5626,#5627,#5628,#5629,#5630,#5631,
#5632,#5633,#5634,#5635,#5636,#5637,#5638,#5639,#5640,#5641,#5642,#5643,
#5644,#5645),(#5646,#5647,#5648,#5649,#5650,#5651,#5652,#5653,#5654,#5655,
#5656,#5657,#5658,#5659,#5660,#5661,#5662,#5663,#5664,#5665,#5666,#5667,
#5668,#5669,#5670,#5671,#5672,#5673,#5674,#5675,#5676,#5677,#5678,#5679,
#5680,#5681,#5682,#5683,#5684,#5685,#5686,#5687,#5688,#5689,#5690,#5691,
#5692,#5693,#5694,#5695,#5696,#5697,#5698,#5699,#5700,#5701,#5702,#5703,
#5704,#5705,#5706,#5707,#5708,#5709,#5710,#5711,#5712),(#5713,#5714,#5715,
#5716,#5717,#5718,#5719,#5720,#5721,#5722,#5723,#5724,#5725,#5726,#5727,
#5728,#5729,#5730,#5731,#5732,#5733,#5734,#5735,#5736,#5737,#5738,#5739,
#5740,#5741,#5742,#5743,#5744,#5745,#5746,#5747,#5748,#5749,#5750,#5751,
#5752,#5753,#5754,#5755,#5756,#5757,#5758,#5759,#5760,#5761,#5762,#5763,
#5764,#5765,#5766,#5767,#5768,#5769,#5770,#5771,#5772,#5773,#5774,#5775,
#5776,#5777,#5778,#5779),(#5780,#5781,#5782,#5783,#5784,#5785,#5786,#5787,
#5788,#5789,#5790,#5791,#5792,#5793,#5794,#5795,#5796,#5797,#5798,#5799,
#5800,#5801,#5802,#5803,#5804,#5805,#5806,#5807,#5808,#5809,#5810,#5811,
#5812,#5813,#5814,#5815,#5816,#5817,#5818,#5819,#5820,#5821,#5822,#5823,
#5824,#5825,#5826,#5827,#5828,#5829,#5830,#5831,#5832,#5833,#5834,#5835,
#5836,#5837,#5838,#5839,#5840,#5841,#5842,#5843,#5844,#5845,#5846)),
 .UNSPECIFIED.,.F.,.F.,.F.,(4,4),(4,1,1,1,1,1,1,1,1,1,1,1,1,1,1,1,1,1,1,
1,1,1,1,1,1,1,1,1,1,1,1,1,1,1,1,1,1,1,1,1,1,1,1,1,1,1,1,1,1,1,1,1,1,1,1,
1,1,1,1,1,1,1,1,1,4),(-0.07803846721196,1.078038467212),(-0.02,-0.00375,
0.0125,0.02875,0.045,0.06125,0.0775,0.09375,0.11,0.12625,0.1425,0.15875,
0.175,0.19125,0.2075,0.22375,0.24,0.25625,0.2725,0.28875,0.305,0.32125,
0.3375,0.35375,0.37,0.38625,0.4025,0.41875,0.435,0.45125,0.4675,0.48375,
0.5,0.51625,0.5325,0.54875,0.565,0.58125,0.5975,0.61375,0.63,0.64625,0.6625,
0.67875,0.695,0.71125,0.7275,0.74375,0.76,0.77625,0.7925,0.80875,0.825,
0.84125,0.8575,0.87375,0.89,0.90625,0.9225,0.93875,0.955,0.97125,0.9875,
1.00375,1.02),.UNSPECIFIED.);
#21=B_SPLINE_SURFACE_WITH_KNOTS('',3,3,((#5983,#5984,#5985,#5986,#5987,
#5988,#5989,#5990,#5991,#5992,#5993,#5994,#5995,#5996,#5997,#5998,#5999,
#6000,#6001,#6002,#6003,#6004,#6005,#6006,#6007,#6008,#6009,#6010,#6011,
#6012,#6013,#6014,#6015,#6016,#6017),(#6018,#6019,#6020,#6021,#6022,#6023,
#6024,#6025,#6026,#6027,#6028,#6029,#6030,#6031,#6032,#6033,#6034,#6035,
#6036,#6037,#6038,#6039,#6040,#6041,#6042,#6043,#6044,#6045,#6046,#6047,
#6048,#6049,#6050,#6051,#6052),(#6053,#6054,#6055,#6056,#6057,#6058,#6059,
#6060,#6061,#6062,#6063,#6064,#6065,#6066,#6067,#6068,#6069,#6070,#6071,
#6072,#6073,#6074,#6075,#6076,#6077,#6078,#6079,#6080,#6081,#6082,#6083,
#6084,#6085,#6086,#6087),(#6088,#6089,#6090,#6091,#6092,#6093,#6094,#6095,
#6096,#6097,#6098,#6099,#6100,#6101,#6102,#6103,#6104,#6105,#6106,#6107,
#6108,#6109,#6110,#6111,#6112,#6113,#6114,#6115,#6116,#6117,#6118,#6119,
#6120,#6121,#6122)),.UNSPECIFIED.,.F.,.F.,.F.,(4,4),(4,1,1,1,1,1,1,1,1,
1,1,1,1,1,1,1,1,1,1,1,1,1,1,1,1,1,1,1,1,1,1,1,4),(-0.07803846721196,1.078038467212),
(-0.018,0.01125,0.0405,0.06975,0.099,0.12825,0.1575,0.18675,0.216,0.24525,
0.2745,0.30375,0.333,0.36225,0.3915,0.42075,0.45,0.47925,0.5085,0.53775,
0.567,0.59625,0.6255,0.65475,0.684,0.71325,0.7425,0.77175,0.801,0.83025,
0.8595,0.88875,0.918),.UNSPECIFIED.);
#22=B_SPLINE_SURFACE_WITH_KNOTS('',3,3,((#6477,#6478,#6479,#6480,#6481,
#6482,#6483,#6484,#6485,#6486,#6487,#6488,#6489,#6490,#6491,#6492,#6493,
#6494,#6495,#6496,#6497,#6498,#6499,#6500,#6501,#6502,#6503,#6504,#6505,
#6506,#6507,#6508,#6509,#6510,#6511,#6512,#6513,#6514,#6515,#6516,#6517,
#6518,#6519,#6520,#6521,#6522,#6523,#6524,#6525,#6526,#6527,#6528,#6529,
#6530,#6531,#6532,#6533,#6534,#6535,#6536,#6537,#6538,#6539,#6540,#6541,
#6542,#6543),(#6544,#6545,#6546,#6547,#6548,#6549,#6550,#6551,#6552,#6553,
#6554,#6555,#6556,#6557,#6558,#6559,#6560,#6561,#6562,#6563,#6564,#6565,
#6566,#6567,#6568,#6569,#6570,#6571,#6572,#6573,#6574,#6575,#6576,#6577,
#6578,#6579,#6580,#6581,#6582,#6583,#6584,#6585,#6586,#6587,#6588,#6589,
#6590,#6591,#6592,#6593,#6594,#6595,#6596,#6597,#6598,#6599,#6600,#6601,
#6602,#6603,#6604,#6605,#6606,#6607,#6608,#6609,#6610),(#6611,#6612,#6613,
#6614,#6615,#6616,#6617,#6618,#6619,#6620,#6621,#6622,#6623,#6624,#6625,
#6626,#6627,#6628,#6629,#6630,#6631,#6632,#6633,#6634,#6635,#6636,#6637,
#6638,#6639,#6640,#6641,#6642,#6643,#6644,#6645,#6646,#6647,#6648,#6649,
#6650,#6651,#6652,#6653,#6654,#6655,#6656,#6657,#6658,#6659,#6660,#6661,
#6662,#6663,#6664,#6665,#6666,#6667,#6668,#6669,#6670,#6671,#6672,#6673,
#6674,#6675,#6676,#6677),(#6678,#6679,#6680,#6681,#6682,#6683,#6684,#6685,
#6686,#6687,#6688,#6689,#6690,#6691,#6692,#6693,#6694,#6695,#6696,#6697,
#6698,#6699,#6700,#6701,#6702,#6703,#6704,#6705,#6706,#6707,#6708,#6709,
#6710,#6711,#6712,#6713,#6714,#6715,#6716,#6717,#6718,#6719,#6720,#6721,
#6722,#6723,#6724,#6725,#6726,#6727,#6728,#6729,#6730,#6731,#6732,#6733,
#6734,#6735,#6736,#6737,#6738,#6739,#6740,#6741,#6742,#6743,#6744)),
 .UNSPECIFIED.,.F.,.F.,.F.,(4,4),(4,1,1,1,1,1,1,1,1,1,1,1,1,1,1,1,1,1,1,
1,1,1,1,1,1,1,1,1,1,1,1,1,1,1,1,1,1,1,1,1,1,1,1,1,1,1,1,1,1,1,1,1,1,1,1,
1,1,1,1,1,1,1,1,1,4),(-0.07803846721195,1.078038467212),(-0.02,-0.00375,
0.0125,0.02875,0.045,0.06125,0.0775,0.09375,0.11,0.12625,0.1425,0.15875,
0.175,0.19125,0.2075,0.22375,0.24,0.25625,0.2725,0.28875,0.305,0.32125,
0.3375,0.35375,0.37,0.38625,0.4025,0.41875,0.435,0.45125,0.4675,0.48375,
0.5,0.51625,0.5325,0.54875,0.565,0.58125,0.5975,0.61375,0.63,0.64625,0.6625,
0.67875,0.695,0.71125,0.7275,0.74375,0.76,0.77625,0.7925,0.80875,0.825,
0.84125,0.8575,0.87375,0.89,0.90625,0.9225,0.93875,0.955,0.97125,0.9875,
1.00375,1.02),.UNSPECIFIED.);
#23=B_SPLINE_SURFACE_WITH_KNOTS('',3,3,((#6746,#6747,#6748,#6749,#6750,
#6751,#6752,#6753,#6754,#6755,#6756,#6757,#6758,#6759,#6760,#6761,#6762,
#6763,#6764,#6765,#6766,#6767,#6768,#6769,#6770,#6771,#6772,#6773,#6774,
#6775,#6776,#6777,#6778,#6779,#6780,#6781,#6782,#6783,#6784,#6785,#6786,
#6787,#6788,#6789,#6790,#6791,#6792,#6793,#6794,#6795,#6796,#6797,#6798,
#6799,#6800,#6801,#6802,#6803,#6804,#6805,#6806,#6807,#6808,#6809,#6810,
#6811,#6812),(#6813,#6814,#6815,#6816,#6817,#6818,#6819,#6820,#6821,#6822,
#6823,#6824,#6825,#6826,#6827,#6828,#6829,#6830,#6831,#6832,#6833,#6834,
#6835,#6836,#6837,#6838,#6839,#6840,#6841,#6842,#6843,#6844,#6845,#6846,
#6847,#6848,#6849,#6850,#6851,#6852,#6853,#6854,#6855,#6856,#6857,#6858,
#6859,#6860,#6861,#6862,#6863,#6864,#6865,#6866,#6867,#6868,#6869,#6870,
#6871,#6872,#6873,#6874,#6875,#6876,#6877,#6878,#6879),(#6880,#6881,#6882,
#6883,#6884,#6885,#6886,#6887,#6888,#6889,#6890,#6891,#6892,#6893,#6894,
#6895,#6896,#6897,#6898,#6899,#6900,#6901,#6902,#6903,#6904,#6905,#6906,
#6907,#6908,#6909,#6910,#6911,#6912,#6913,#6914,#6915,#6916,#6917,#6918,
#6919,#6920,#6921,#6922,#6923,#6924,#6925,#6926,#6927,#6928,#6929,#6930,
#6931,#6932,#6933,#6934,#6935,#6936,#6937,#6938,#6939,#6940,#6941,#6942,
#6943,#6944,#6945,#6946),(#6947,#6948,#6949,#6950,#6951,#6952,#6953,#6954,
#6955,#6956,#6957,#6958,#6959,#6960,#6961,#6962,#6963,#6964,#6965,#6966,
#6967,#6968,#6969,#6970,#6971,#6972,#6973,#6974,#6975,#6976,#6977,#6978,
#6979,#6980,#6981,#6982,#6983,#6984,#6985,#6986,#6987,#6988,#6989,#6990,
#6991,#6992,#6993,#6994,#6995,#6996,#6997,#6998,#6999,#7000,#7001,#7002,
#7003,#7004,#7005,#7006,#7007,#7008,#7009,#7010,#7011,#7012,#7013)),
 .UNSPECIFIED.,.F.,.F.,.F.,(4,4),(4,1,1,1,1,1,1,1,1,1,1,1,1,1,1,1,1,1,1,
1,1,1,1,1,1,1,1,1,1,1,1,1,1,1,1,1,1,1,1,1,1,1,1,1,1,1,1,1,1,1,1,1,1,1,1,
1,1,1,1,1,1,1,1,1,4),(-0.07803846721194,1.078038467212),(-0.02,-0.00375,
0.0125,0.02875,0.045,0.06125,0.0775,0.09375,0.11,0.12625,0.1425,0.15875,
0.175,0.19125,0.2075,0.22375,0.24,0.25625,0.2725,0.28875,0.305,0.32125,
0.3375,0.35375,0.37,0.38625,0.4025,0.41875,0.435,0.45125,0.4675,0.48375,
0.5,0.51625,0.5325,0.54875,0.565,0.58125,0.5975,0.61375,0.63,0.64625,0.6625,
0.67875,0.695,0.71125,0.7275,0.74375,0.76,0.77625,0.7925,0.80875,0.825,
0.84125,0.8575,0.87375,0.89,0.90625,0.9225,0.93875,0.955,0.97125,0.9875,
1.00375,1.02),.UNSPECIFIED.);
#24=B_SPLINE_SURFACE_WITH_KNOTS('',3,3,((#7015,#7016,#7017,#7018,#7019,
#7020,#7021,#7022,#7023,#7024,#7025,#7026,#7027,#7028,#7029,#7030,#7031,
#7032,#7033,#7034,#7035,#7036,#7037,#7038,#7039,#7040,#7041,#7042,#7043,
#7044,#7045,#7046,#7047,#7048,#7049,#7050,#7051,#7052,#7053,#7054,#7055,
#7056,#7057,#7058,#7059,#7060,#7061,#7062,#7063,#7064,#7065,#7066,#7067,
#7068,#7069,#7070,#7071,#7072,#7073,#7074,#7075,#7076,#7077,#7078,#7079,
#7080,#7081),(#7082,#7083,#7084,#7085,#7086,#7087,#7088,#7089,#7090,#7091,
#7092,#7093,#7094,#7095,#7096,#7097,#7098,#7099,#7100,#7101,#7102,#7103,
#7104,#7105,#7106,#7107,#7108,#7109,#7110,#7111,#7112,#7113,#7114,#7115,
#7116,#7117,#7118,#7119,#7120,#7121,#7122,#7123,#7124,#7125,#7126,#7127,
#7128,#7129,#7130,#7131,#7132,#7133,#7134,#7135,#7136,#7137,#7138,#7139,
#7140,#7141,#7142,#7143,#7144,#7145,#7146,#7147,#7148),(#7149,#7150,#7151,
#7152,#7153,#7154,#7155,#7156,#7157,#7158,#7159,#7160,#7161,#7162,#7163,
#7164,#7165,#7166,#7167,#7168,#7169,#7170,#7171,#7172,#7173,#7174,#7175,
#7176,#7177,#7178,#7179,#7180,#7181,#7182,#7183,#7184,#7185,#7186,#7187,
#7188,#7189,#7190,#7191,#7192,#7193,#7194,#7195,#7196,#7197,#7198,#7199,
#7200,#7201,#7202,#7203,#7204,#7205,#7206,#7207,#7208,#7209,#7210,#7211,
#7212,#7213,#7214,#7215),(#7216,#7217,#7218,#7219,#7220,#7221,#7222,#7223,
#7224,#7225,#7226,#7227,#7228,#7229,#7230,#7231,#7232,#7233,#7234,#7235,
#7236,#7237,#7238,#7239,#7240,#7241,#7242,#7243,#7244,#7245,#7246,#7247,
#7248,#7249,#7250,#7251,#7252,#7253,#7254,#7255,#7256,#7257,#7258,#7259,
#7260,#7261,#7262,#7263,#7264,#7265,#7266,#7267,#7268,#7269,#7270,#7271,
#7272,#7273,#7274,#7275,#7276,#7277,#7278,#7279,#7280,#7281,#7282)),
 .UNSPECIFIED.,.F.,.F.,.F.,(4,4),(4,1,1,1,1,1,1,1,1,1,1,1,1,1,1,1,1,1,1,
1,1,1,1,1,1,1,1,1,1,1,1,1,1,1,1,1,1,1,1,1,1,1,1,1,1,1,1,1,1,1,1,1,1,1,1,
1,1,1,1,1,1,1,1,1,4),(-0.07803846721194,1.078038467212),(-0.02,-0.00375,
0.0125,0.02875,0.045,0.06125,0.0775,0.09375,0.11,0.12625,0.1425,0.15875,
0.175,0.19125,0.2075,0.22375,0.24,0.25625,0.2725,0.28875,0.305,0.32125,
0.3375,0.35375,0.37,0.38625,0.4025,0.41875,0.435,0.45125,0.4675,0.48375,
0.5,0.51625,0.5325,0.54875,0.565,0.58125,0.5975,0.61375,0.63,0.64625,0.6625,
0.67875,0.695,0.71125,0.7275,0.74375,0.76,0.77625,0.7925,0.80875,0.825,
0.84125,0.8575,0.87375,0.89,0.90625,0.9225,0.93875,0.955,0.97125,0.9875,
1.00375,1.02),.UNSPECIFIED.);
#25=CONICAL_SURFACE('',#838,6.349999999851,0.785398163397448);
#26=CONICAL_SURFACE('',#844,6.349999999851,0.785398163397448);
#27=FACE_BOUND('',#106,.T.);
#28=FACE_BOUND('',#118,.T.);
#29=PLANE('',#829);
#30=PLANE('',#831);
#31=PLANE('',#832);
#32=PLANE('',#833);
#33=PLANE('',#834);
#34=PLANE('',#835);
#35=PLANE('',#836);
#36=PLANE('',#837);
#37=PLANE('',#846);
#38=PLANE('',#849);
#39=PLANE('',#850);
#40=FACE_OUTER_BOUND('',#85,.T.);
#41=FACE_OUTER_BOUND('',#86,.T.);
#42=FACE_OUTER_BOUND('',#87,.T.);
#43=FACE_OUTER_BOUND('',#88,.T.);
#44=FACE_OUTER_BOUND('',#89,.T.);
#45=FACE_OUTER_BOUND('',#90,.T.);
#46=FACE_OUTER_BOUND('',#91,.T.);
#47=FACE_OUTER_BOUND('',#92,.T.);
#48=FACE_OUTER_BOUND('',#93,.T.);
#49=FACE_OUTER_BOUND('',#94,.T.);
#50=FACE_OUTER_BOUND('',#95,.T.);
#51=FACE_OUTER_BOUND('',#96,.T.);
#52=FACE_OUTER_BOUND('',#97,.T.);
#53=FACE_OUTER_BOUND('',#98,.T.);
#54=FACE_OUTER_BOUND('',#99,.T.);
#55=FACE_OUTER_BOUND('',#100,.T.);
#56=FACE_OUTER_BOUND('',#101,.T.);
#57=FACE_OUTER_BOUND('',#102,.T.);
#58=FACE_OUTER_BOUND('',#103,.T.);
#59=FACE_OUTER_BOUND('',#104,.T.);
#60=FACE_OUTER_BOUND('',#105,.T.);
#61=FACE_OUTER_BOUND('',#107,.T.);
#62=FACE_OUTER_BOUND('',#108,.T.);
#63=FACE_OUTER_BOUND('',#109,.T.);
#64=FACE_OUTER_BOUND('',#110,.T.);
#65=FACE_OUTER_BOUND('',#111,.T.);
#66=FACE_OUTER_BOUND('',#112,.T.);
#67=FACE_OUTER_BOUND('',#113,.T.);
#68=FACE_OUTER_BOUND('',#114,.T.);
#69=FACE_OUTER_BOUND('',#115,.T.);
#70=FACE_OUTER_BOUND('',#116,.T.);
#71=FACE_OUTER_BOUND('',#117,.T.);
#72=FACE_OUTER_BOUND('',#119,.T.);
#73=FACE_OUTER_BOUND('',#120,.T.);
#74=FACE_OUTER_BOUND('',#121,.T.);
#75=FACE_OUTER_BOUND('',#122,.T.);
#76=FACE_OUTER_BOUND('',#123,.T.);
#77=FACE_OUTER_BOUND('',#124,.T.);
#78=FACE_OUTER_BOUND('',#125,.T.);
#79=FACE_OUTER_BOUND('',#126,.T.);
#80=FACE_OUTER_BOUND('',#127,.T.);
#81=FACE_OUTER_BOUND('',#128,.T.);
#82=FACE_OUTER_BOUND('',#129,.T.);
#83=FACE_OUTER_BOUND('',#130,.T.);
#84=FACE_OUTER_BOUND('',#131,.T.);
#85=EDGE_LOOP('',(#492,#493,#494,#495));
#86=EDGE_LOOP('',(#496,#497,#498,#499));
#87=EDGE_LOOP('',(#500,#501,#502,#503));
#88=EDGE_LOOP('',(#504,#505,#506,#507,#508));
#89=EDGE_LOOP('',(#509,#510,#511,#512,#513));
#90=EDGE_LOOP('',(#514,#515,#516,#517));
#91=EDGE_LOOP('',(#518,#519,#520,#521));
#92=EDGE_LOOP('',(#522,#523,#524,#525,#526));
#93=EDGE_LOOP('',(#527,#528,#529,#530,#531));
#94=EDGE_LOOP('',(#532,#533,#534,#535));
#95=EDGE_LOOP('',(#536,#537,#538,#539));
#96=EDGE_LOOP('',(#540,#541,#542,#543,#544));
#97=EDGE_LOOP('',(#545,#546,#547,#548,#549));
#98=EDGE_LOOP('',(#550,#551,#552,#553));
#99=EDGE_LOOP('',(#554,#555,#556,#557));
#100=EDGE_LOOP('',(#558,#559,#560,#561,#562));
#101=EDGE_LOOP('',(#563,#564,#565,#566,#567));
#102=EDGE_LOOP('',(#568,#569,#570,#571));
#103=EDGE_LOOP('',(#572,#573,#574,#575));
#104=EDGE_LOOP('',(#576,#577,#578,#579,#580,#581));
#105=EDGE_LOOP('',(#582));
#106=EDGE_LOOP('',(#583,#584,#585,#586,#587,#588));
#107=EDGE_LOOP('',(#589,#590,#591,#592));
#108=EDGE_LOOP('',(#593,#594,#595,#596));
#109=EDGE_LOOP('',(#597,#598,#599,#600));
#110=EDGE_LOOP('',(#601,#602,#603,#604));
#111=EDGE_LOOP('',(#605,#606,#607,#608));
#112=EDGE_LOOP('',(#609,#610,#611,#612));
#113=EDGE_LOOP('',(#613,#614,#615,#616,#617,#618));
#114=EDGE_LOOP('',(#619,#620,#621,#622,#623));
#115=EDGE_LOOP('',(#624,#625,#626,#627,#628,#629));
#116=EDGE_LOOP('',(#630,#631,#632,#633,#634));
#117=EDGE_LOOP('',(#635));
#118=EDGE_LOOP('',(#636,#637,#638));
#119=EDGE_LOOP('',(#639,#640,#641));
#120=EDGE_LOOP('',(#642,#643,#644));
#121=EDGE_LOOP('',(#645,#646,#647,#648,#649,#650,#651,#652));
#122=EDGE_LOOP('',(#653,#654,#655,#656,#657,#658,#659,#660));
#123=EDGE_LOOP('',(#661,#662,#663,#664,#665,#666,#667,#668));
#124=EDGE_LOOP('',(#669,#670,#671,#672,#673,#674,#675,#676));
#125=EDGE_LOOP('',(#677,#678,#679,#680,#681,#682,#683,#684));
#126=EDGE_LOOP('',(#685,#686,#687,#688,#689,#690,#691,#692));
#127=EDGE_LOOP('',(#693,#694,#695,#696,#697,#698,#699));
#128=EDGE_LOOP('',(#700,#701,#702,#703,#704,#705,#706,#707));
#129=EDGE_LOOP('',(#708,#709,#710,#711,#712,#713,#714,#715));
#130=EDGE_LOOP('',(#716,#717,#718,#719,#720,#721,#722,#723));
#131=EDGE_LOOP('',(#724,#725));
#132=CIRCLE('',#808,3.7);
#133=CIRCLE('',#828,3.7);
#134=CIRCLE('',#830,6.2);
#135=CIRCLE('',#839,6.5);
#136=CIRCLE('',#840,6.5);
#137=CIRCLE('',#842,6.5);
#138=CIRCLE('',#843,6.5);
#139=CIRCLE('',#845,6.2);
#140=CIRCLE('',#848,3.7);
#141=B_SPLINE_CURVE_WITH_KNOTS('',3,(#997,#998,#999,#1000,#1001,#1002,#1003,
#1004,#1005,#1006,#1007,#1008,#1009,#1010,#1011,#1012,#1013,#1014,#1015,
#1016,#1017,#1018,#1019,#1020,#1021,#1022,#1023,#1024,#1025,#1026,#1027,
#1028,#1029,#1030,#1031,#1032,#1033,#1034,#1035,#1036,#1037,#1038,#1039,
#1040,#1041,#1042,#1043,#1044,#1045,#1046,#1047,#1048,#1049,#1050,#1051,
#1052,#1053,#1054,#1055,#1056,#1057,#1058,#1059,#1060,#1061,#1062,#1063,
#1064,#1065,#1066,#1067,#1068,#1069,#1070,#1071,#1072,#1073,#1074,#1075,
#1076,#1077,#1078,#1079,#1080,#1081,#1082,#1083,#1084,#1085,#1086,#1087,
#1088,#1089,#1090,#1091,#1092,#1093,#1094,#1095,#1096,#1097,#1098,#1099,
#1100,#1101,#1102),.UNSPECIFIED.,.F.,.F.,(4,2,2,2,2,2,2,2,2,2,2,2,2,2,2,
2,2,2,2,2,2,2,2,2,2,2,2,2,2,2,2,2,2,2,2,2,2,2,2,2,2,2,2,2,2,2,2,2,2,2,2,
2,4),(5.82590449140164,5.83125124657005,5.84655209835869,5.86548537640174,
5.91536414023772,5.95161485193581,5.97475005201892,6.00327151620913,6.03859443508509,
6.09023263109152,6.10436647534801,6.12005916359445,6.13975063450803,6.19909238964091,
6.22930704520861,6.2523159879446,6.28540426574916,6.33354048775186,6.36359542254677,
6.37747026823915,6.39360869181159,6.44291514322522,6.49052586967876,6.51446759177019,
6.54004276740888,6.56879192257987,6.62434315762373,6.64325752194218,6.65632314595928,
6.68107015010067,6.72515062964356,6.76533847466615,6.78866406394585,6.8150173102957,
6.84543186643159,6.89992170570289,6.91742287108783,6.93080039259564,6.96101719737514,
7.02138837058057,7.04955310266002,7.0727380900411,7.10995638057522,7.17434951880177,
7.19096967424391,7.20463766464575,7.24082830256926,7.31028819183752,7.33389477991793,
7.36025258516313,7.39066772288263,7.44477880879043,7.45667587399255),
 .UNSPECIFIED.);
#142=B_SPLINE_CURVE_WITH_KNOTS('',3,(#1105,#1106,#1107,#1108,#1109,#1110,
#1111,#1112,#1113,#1114,#1115,#1116,#1117,#1118,#1119,#1120,#1121,#1122,
#1123,#1124,#1125,#1126,#1127,#1128,#1129,#1130,#1131,#1132,#1133,#1134,
#1135,#1136),.UNSPECIFIED.,.F.,.F.,(4,2,2,2,2,2,2,2,2,2,2,2,2,2,2,4),(1.00000003899758E-6,
0.0778185362440118,0.115041566786259,0.229785515125148,0.270580683132082,
0.319700055313802,0.389834953768455,0.474472044485252,0.54374626677454,
0.692001466136302,0.840609923000157,0.988735752070857,1.0278627165778,1.07760403092085,
1.14782614517607,1.165554558191),.UNSPECIFIED.);
#143=B_SPLINE_CURVE_WITH_KNOTS('',3,(#1141,#1142,#1143,#1144,#1145,#1146,
#1147,#1148,#1149,#1150,#1151,#1152,#1153,#1154,#1155,#1156,#1157,#1158,
#1159,#1160,#1161,#1162,#1163,#1164,#1165,#1166,#1167,#1168,#1169,#1170,
#1171,#1172,#1173,#1174,#1175,#1176,#1177,#1178,#1179,#1180,#1181,#1182,
#1183,#1184,#1185,#1186,#1187,#1188,#1189,#1190,#1191,#1192,#1193,#1194,
#1195,#1196,#1197,#1198,#1199,#1200,#1201,#1202,#1203,#1204,#1205,#1206,
#1207,#1208,#1209,#1210,#1211,#1212,#1213,#1214,#1215,#1216,#1217,#1218,
#1219,#1220,#1221,#1222,#1223,#1224,#1225,#1226,#1227,#1228,#1229,#1230,
#1231,#1232,#1233,#1234,#1235,#1236,#1237,#1238,#1239,#1240,#1241,#1242,
#1243,#1244,#1245,#1246,#1247,#1248,#1249,#1250,#1251,#1252,#1253,#1254,
#1255,#1256,#1257,#1258,#1259,#1260,#1261,#1262,#1263,#1264,#1265,#1266,
#1267,#1268,#1269,#1270,#1271,#1272,#1273,#1274,#1275,#1276,#1277,#1278,
#1279,#1280,#1281,#1282,#1283,#1284,#1285,#1286,#1287,#1288),
 .UNSPECIFIED.,.F.,.F.,(4,2,2,2,2,2,2,2,2,2,2,2,2,2,2,2,2,2,2,2,2,2,2,2,
2,2,2,2,2,2,2,2,2,2,2,2,2,2,2,2,2,2,2,2,2,2,2,2,2,2,2,2,2,2,2,2,2,2,2,2,
2,2,2,2,2,2,2,2,2,2,2,2,2,4),(3.4965048211622,3.50987242727754,3.53350670625466,
3.57467034916852,3.6177422351042,3.64222581144157,3.65528021036963,3.674329772948,
3.72992047401811,3.76948735558623,3.792778890165,3.82023459478288,3.85309192749332,
3.91087313673593,3.92468414023559,3.94094641066507,3.99138647829354,4.03712016169712,
4.06114467466601,4.08656629904744,4.11499242586567,4.17069801996303,4.18998128215394,
4.20301423581281,4.22705198926069,4.26851080190524,4.31147407868855,4.33516282781516,
4.36127125457078,4.39319348063665,4.44742364496363,4.46466275680351,4.47810855639298,
4.50960519034,4.58515964473918,4.60844739779731,4.63491479812581,4.6655777318006,
4.72676954414407,4.74108832774342,4.75650156878861,4.77565404866481,4.8271484823503,
4.86210011566544,4.88516954796728,4.91426115529431,4.99012689006744,5.00861108131689,
5.02178876455598,5.04856242533931,5.10124146499754,5.1353389983775,5.1583848585519,
5.18796156229262,5.24298490439185,5.27323490297023,5.28713340594864,5.30323886710752,
5.3524246557361,5.40033988018688,5.42427615165688,5.44988245181879,5.47868996492657,
5.53423234401972,5.5530972910874,5.56617283288643,5.59104353925621,5.63558468926421,
5.67660948874486,5.69998269751529,5.72713175206176,5.75928641271605,5.81683883859826,
5.82590449140164),.UNSPECIFIED.);
#144=B_SPLINE_CURVE_WITH_KNOTS('',3,(#1289,#1290,#1291,#1292,#1293,#1294,
#1295,#1296,#1297,#1298,#1299,#1300,#1301,#1302,#1303,#1304,#1305,#1306,
#1307,#1308,#1309,#1310,#1311,#1312,#1313,#1314,#1315,#1316,#1317,#1318,
#1319,#1320,#1321,#1322,#1323,#1324,#1325,#1326,#1327,#1328,#1329,#1330,
#1331,#1332,#1333,#1334,#1335,#1336,#1337,#1338,#1339,#1340,#1341,#1342),
 .UNSPECIFIED.,.F.,.F.,(4,2,2,2,2,2,2,2,2,2,2,2,2,2,2,2,2,2,2,2,2,2,2,2,
2,2,4),(1.165554558191,1.2964132021344,1.44474275837463,1.48087809928257,
1.53183019174334,1.60223489702043,1.75083214000919,1.89902547832418,1.9354244749268,
1.98663558989147,2.0570769111907,2.20567206839279,2.35383119462446,2.39240110600335,
2.44234746003733,2.51259594631584,2.66117302688024,2.80946762756065,2.84597872131114,
2.89676059685937,2.96713399229644,3.11571578366374,3.26391397760735,3.30182216775663,
3.35202234954897,3.42230517811199,3.49867009350986),.UNSPECIFIED.);
#145=B_SPLINE_CURVE_WITH_KNOTS('',3,(#1347,#1348,#1349,#1350,#1351,#1352,
#1353,#1354,#1355,#1356,#1357,#1358,#1359,#1360,#1361,#1362,#1363,#1364,
#1365,#1366,#1367,#1368,#1369,#1370,#1371,#1372,#1373,#1374,#1375,#1376,
#1377,#1378,#1379,#1380,#1381,#1382,#1383,#1384,#1385,#1386,#1387,#1388,
#1389,#1390,#1391,#1392,#1393,#1394,#1395,#1396,#1397,#1398,#1399,#1400,
#1401,#1402,#1403,#1404,#1405,#1406,#1407,#1408,#1409,#1410,#1411,#1412,
#1413,#1414,#1415,#1416,#1417,#1418,#1419,#1420,#1421,#1422,#1423,#1424,
#1425,#1426,#1427,#1428,#1429,#1430,#1431,#1432,#1433,#1434,#1435,#1436,
#1437,#1438,#1439,#1440,#1441,#1442,#1443,#1444,#1445,#1446,#1447,#1448,
#1449,#1450,#1451,#1452,#1453,#1454,#1455,#1456,#1457,#1458,#1459,#1460,
#1461,#1462,#1463,#1464,#1465,#1466,#1467,#1468,#1469,#1470,#1471,#1472,
#1473,#1474,#1475,#1476,#1477,#1478,#1479,#1480,#1481,#1482,#1483,#1484,
#1485,#1486,#1487,#1488,#1489,#1490,#1491,#1492,#1493,#1494),
 .UNSPECIFIED.,.F.,.F.,(4,2,2,2,2,2,2,2,2,2,2,2,2,2,2,2,2,2,2,2,2,2,2,2,
2,2,2,2,2,2,2,2,2,2,2,2,2,2,2,2,2,2,2,2,2,2,2,2,2,2,2,2,2,2,2,2,2,2,2,2,
2,2,2,2,2,2,2,2,2,2,2,2,2,4),(1.16553195614661,1.17764793607389,1.1939135017113,
1.20773794712789,1.23734930336809,1.29242075970939,1.32237557965238,1.34541217730199,
1.37894052407066,1.43248087548526,1.45191919824275,1.46748316188781,1.4817156869576,
1.54019198300917,1.57216661103037,1.59924097475799,1.62264402186645,1.69982124114099,
1.72185573730632,1.73871640977722,1.75230501190791,1.8143614584329,1.84811979646764,
1.87415143750918,1.89791700258978,1.94147484445235,1.9824516080605,2.00637126868529,
2.01941422898131,2.03927845130304,2.0951584052449,2.12332126470763,2.14863602251369,
2.172778885965,2.23334076385275,2.27211511632569,2.28694240685904,2.30179378289973,
2.34346555915108,2.39698338020913,2.42206466280966,2.44637293658123,2.50222769456112,
2.54769286569539,2.56155847840429,2.57775758597644,2.64279598741235,2.68018844174018,
2.70338790121848,2.73150335735849,2.79195454355423,2.8223099649652,2.83570006648113,
2.85317835059152,2.90764033792874,2.93808633783283,2.96446142256907,2.98806862714016,
3.03428450808395,3.07399022929025,3.09753615631804,3.11055732352914,3.13063562943712,
3.19021785162306,3.22629036671903,3.2494173905808,3.2780124450206,3.33823849669116,
3.36779653912442,3.38113633445582,3.39878649470004,3.45338596223992,3.48360637672974,
3.4965048211622),.UNSPECIFIED.);
#146=B_SPLINE_CURVE_WITH_KNOTS('',3,(#1495,#1496,#1497,#1498,#1499,#1500,
#1501,#1502,#1503,#1504,#1505,#1506,#1507,#1508,#1509,#1510,#1511,#1512,
#1513,#1514,#1515,#1516,#1517,#1518,#1519,#1520,#1521,#1522,#1523,#1524,
#1525,#1526,#1527,#1528,#1529,#1530,#1531,#1532,#1533,#1534,#1535,#1536,
#1537,#1538,#1539,#1540,#1541,#1542,#1543,#1544,#1545,#1546,#1547,#1548),
 .UNSPECIFIED.,.F.,.F.,(4,2,2,2,2,2,2,2,2,2,2,2,2,2,2,2,2,2,2,2,2,2,2,2,
2,2,4),(3.49867009350986,3.57087456679567,3.71913061065407,3.75608691353059,
3.80667389728192,3.87701299533171,4.02558100651898,4.1737887014921,4.21138858916879,
4.26170726922084,4.33200309652876,4.48056191865245,4.62879265928369,4.66595301980048,
4.70304446764639,4.85088099343417,4.9993860140112,5.1476943272458,5.21719313643418,
5.26308496830026,5.31624260001297,5.38943340560729,5.53780970416785,5.57342046051286,
5.61146174285724,5.75961631241336,5.83152691916373),.UNSPECIFIED.);
#147=B_SPLINE_CURVE_WITH_KNOTS('',3,(#1554,#1555,#1556,#1557,#1558,#1559,
#1560,#1561,#1562,#1563,#1564,#1565,#1566,#1567,#1568,#1569,#1570,#1571,
#1572,#1573,#1574,#1575,#1576,#1577,#1578,#1579,#1580,#1581),
 .UNSPECIFIED.,.F.,.F.,(4,2,2,2,2,2,2,2,2,2,2,2,2,4),(8.1670053509269,8.19136088620799,
8.33969749617573,8.4882810803246,8.55848917333972,8.6081023170559,8.64761346380247,
8.795705476169,8.94431219308404,9.09256984420691,9.15078904140861,9.22305145274675,
9.26850389371721,9.33371508561288),.UNSPECIFIED.);
#148=B_SPLINE_CURVE_WITH_KNOTS('',3,(#1582,#1583,#1584,#1585,#1586,#1587,
#1588,#1589,#1590,#1591,#1592,#1593,#1594,#1595,#1596,#1597,#1598,#1599,
#1600,#1601,#1602,#1603,#1604,#1605,#1606,#1607,#1608,#1609,#1610,#1611,
#1612,#1613,#1614,#1615,#1616,#1617,#1618,#1619,#1620,#1621,#1622,#1623,
#1624,#1625,#1626,#1627,#1628,#1629,#1630,#1631,#1632,#1633,#1634,#1635,
#1636,#1637,#1638,#1639,#1640,#1641,#1642,#1643,#1644,#1645,#1646,#1647,
#1648,#1649,#1650,#1651,#1652,#1653),.UNSPECIFIED.,.F.,.F.,(4,2,2,2,2,2,
2,2,2,2,2,2,2,2,2,2,2,2,2,2,2,2,2,2,2,2,2,2,2,2,2,2,2,2,2,4),(0.000369175583035025,
0.085933218793307,0.102362937869466,0.116511920750637,0.152446496433849,
0.196550449732593,0.228155933179344,0.250243041017935,0.278857374291061,
0.34031865702316,0.368750087208239,0.381881765995371,0.399343752467555,
0.453668477071819,0.4841373501304,0.510587850260273,0.534458484470029,0.577847898936399,
0.631608620104628,0.648213867598259,0.661973903391592,0.724012864329662,
0.757078905423721,0.783114275975452,0.806823238168216,0.850003462546038,
0.891362956635034,0.915385021950318,0.928418446529145,0.947693950589757,
1.00340024778914,1.03184163674885,1.05727815719389,1.08131179152548,1.12725904393106,
1.16553195614661),.UNSPECIFIED.);
#149=B_SPLINE_CURVE_WITH_KNOTS('',3,(#1654,#1655,#1656,#1657,#1658,#1659,
#1660,#1661,#1662,#1663,#1664,#1665,#1666,#1667,#1668,#1669,#1670,#1671,
#1672,#1673,#1674,#1675,#1676,#1677,#1678,#1679,#1680,#1681,#1682,#1683,
#1684,#1685,#1686,#1687,#1688,#1689,#1690,#1691,#1692,#1693,#1694,#1695,
#1696,#1697,#1698,#1699,#1700,#1701,#1702,#1703,#1704,#1705,#1706,#1707,
#1708,#1709),.UNSPECIFIED.,.F.,.F.,(4,2,2,2,2,2,2,2,2,2,2,2,2,2,2,2,2,2,
2,2,2,2,2,2,2,2,2,4),(5.83152691916373,5.90816240132582,5.97852918575355,
6.02932069054413,6.06580569423286,6.21406672271254,6.36260609514273,6.43283237317128,
6.48269084225431,6.5214862364789,6.66959101116391,6.81814804097931,6.88859105832471,
6.93987580155626,6.97643290312572,7.12452823501232,7.27308575853392,7.42126831174522,
7.49047731125039,7.57466596984368,7.64457814747746,7.69258482211783,7.7369610036751,
7.80965371006165,7.84510207598729,7.88720727080282,8.0349572137635,8.16403093221363),
 .UNSPECIFIED.);
#150=B_SPLINE_CURVE_WITH_KNOTS('',3,(#1714,#1715,#1716,#1717,#1718,#1719,
#1720,#1721,#1722,#1723,#1724,#1725,#1726,#1727,#1728,#1729,#1730,#1731,
#1732,#1733,#1734,#1735,#1736,#1737,#1738,#1739,#1740,#1741,#1742,#1743,
#1744,#1745,#1746,#1747,#1748,#1749,#1750,#1751,#1752,#1753,#1754,#1755,
#1756,#1757,#1758,#1759,#1760,#1761,#1762,#1763,#1764,#1765,#1766,#1767,
#1768,#1769),.UNSPECIFIED.,.F.,.F.,(4,2,2,2,2,2,2,2,2,2,2,2,2,2,2,2,2,2,
2,2,2,2,2,2,2,2,2,4),(5.83377484358993,5.87729498703104,5.9181136332459,
6.06603756295258,6.21459656171031,6.3629319937001,6.43240833203311,6.47810442613759,
6.53235266414398,6.60451453146935,6.75287341175275,6.7884630414362,6.82723776513178,
6.97538294495796,7.12397794839156,7.19443602961801,7.24571345330156,7.28223545109085,
7.43038588159764,7.57898187229693,7.64943548527798,7.7006790142885,7.73712694441055,
7.88530659802002,8.03390384857899,8.10432546574514,8.15534455355515,8.1670053509269),
 .UNSPECIFIED.);
#151=B_SPLINE_CURVE_WITH_KNOTS('',3,(#1771,#1772,#1773,#1774,#1775,#1776,
#1777,#1778,#1779,#1780,#1781,#1782,#1783,#1784,#1785,#1786,#1787,#1788,
#1789,#1790,#1791,#1792,#1793,#1794,#1795,#1796,#1797,#1798,#1799,#1800,
#1801,#1802,#1803,#1804),.UNSPECIFIED.,.F.,.F.,(4,2,2,2,2,2,2,2,2,2,2,2,
2,2,2,2,4),(8.16403093221363,8.18347484047415,8.33187008318312,8.40150793140915,
8.44800757981863,8.49835502335105,8.57144858592196,8.60718943238399,8.64351464325434,
8.79171814957885,8.94029785302718,9.01065528240394,9.06118403857033,9.0982716883365,
9.21368698749334,9.24984315669431,9.3299628416339),.UNSPECIFIED.);
#152=B_SPLINE_CURVE_WITH_KNOTS('',3,(#1805,#1806,#1807,#1808,#1809,#1810,
#1811,#1812,#1813,#1814,#1815,#1816,#1817,#1818,#1819,#1820,#1821,#1822,
#1823,#1824,#1825,#1826,#1827,#1828,#1829,#1830,#1831,#1832,#1833,#1834),
 .UNSPECIFIED.,.F.,.F.,(4,2,2,2,2,2,2,2,2,2,2,2,2,2,4),(2.33422398971309E-5,
0.0532321786865822,0.103968262766613,0.179049239501192,0.23695858590962,
0.385566901145846,0.533453633801232,0.575125230427815,0.623990010889109,
0.694085233915126,0.778604553235565,0.847886232853421,0.996180872625089,
1.14483461682093,1.16659027459786),.UNSPECIFIED.);
#153=B_SPLINE_CURVE_WITH_KNOTS('',3,(#1839,#1840,#1841,#1842,#1843,#1844,
#1845,#1846,#1847,#1848,#1849,#1850,#1851,#1852,#1853,#1854,#1855,#1856,
#1857,#1858,#1859,#1860,#1861,#1862,#1863,#1864,#1865,#1866,#1867,#1868,
#1869,#1870,#1871,#1872,#1873,#1874,#1875,#1876,#1877,#1878,#1879,#1880,
#1881,#1882,#1883,#1884,#1885,#1886,#1887,#1888,#1889,#1890,#1891,#1892),
 .UNSPECIFIED.,.F.,.F.,(4,2,2,2,2,2,2,2,2,2,2,2,2,2,2,2,2,2,2,2,2,2,2,2,
2,2,4),(3.50034145042428,3.57267916041136,3.72100618183786,3.75754842698412,
3.8083320035348,3.87871993173197,4.02733542768439,4.17556844246557,4.21346965990081,
4.2636874660657,4.3339872244309,4.48259047058963,4.63087955376224,4.66704244486857,
4.70321414052866,4.85152178043011,5.00008669312504,5.07029876491665,5.11999007296311,
5.1592646828094,5.30735710636638,5.4559419842853,5.60418009560101,5.67345113885655,
5.75804050814429,5.82815825908065,5.83377484358993),.UNSPECIFIED.);
#154=B_SPLINE_CURVE_WITH_KNOTS('',3,(#1893,#1894,#1895,#1896,#1897,#1898,
#1899,#1900,#1901,#1902,#1903,#1904,#1905,#1906,#1907,#1908,#1909,#1910,
#1911,#1912,#1913,#1914,#1915,#1916,#1917,#1918,#1919,#1920,#1921,#1922,
#1923,#1924,#1925,#1926,#1927,#1928,#1929,#1930,#1931,#1932,#1933,#1934,
#1935,#1936,#1937,#1938,#1939,#1940,#1941,#1942,#1943,#1944,#1945,#1946,
#1947,#1948),.UNSPECIFIED.,.F.,.F.,(4,2,2,2,2,2,2,2,2,2,2,2,2,2,2,2,2,2,
2,2,2,2,2,2,2,2,2,4),(1.16659027459786,1.29301374084814,1.33205917538653,
1.38185060131674,1.45209959089832,1.60073243451075,1.74910352499604,1.78531406917537,
1.82102824428545,1.89411642047576,1.94389739257689,1.99053635601004,2.06022171286008,
2.20868885592587,2.35726795799303,2.50507037653596,2.54724558730272,2.59593882259678,
2.66599517371315,2.7504433663624,2.8197078131524,2.9679772150412,3.11660980211948,
3.26477232441256,3.30375939015742,3.35356352128045,3.42380558085503,3.50000156234901),
 .UNSPECIFIED.);
#155=B_SPLINE_CURVE_WITH_KNOTS('',3,(#1953,#1954,#1955,#1956,#1957,#1958,
#1959,#1960,#1961,#1962,#1963,#1964,#1965,#1966,#1967,#1968,#1969,#1970,
#1971,#1972,#1973,#1974,#1975,#1976,#1977,#1978,#1979,#1980,#1981,#1982,
#1983,#1984,#1985,#1986,#1987,#1988,#1989,#1990,#1991,#1992,#1993,#1994,
#1995,#1996,#1997,#1998,#1999,#2000,#2001,#2002,#2003,#2004,#2005,#2006),
 .UNSPECIFIED.,.F.,.F.,(4,2,2,2,2,2,2,2,2,2,2,2,2,2,2,2,2,2,2,2,2,2,2,2,
2,2,4),(1.16652844619553,1.2967541016556,1.44496095032763,1.48146476282371,
1.53273550352764,1.60320606577898,1.7518498912021,1.90005222686964,1.93869953411892,
1.98863738433446,2.05890499031618,2.20753027718989,2.35587596033878,2.39235479327436,
2.44317239897326,2.51357169683509,2.66220232010297,2.81044688541998,2.84680644367839,
2.89800713019625,2.96846128521863,3.11709022773852,3.26528577703679,3.30383097773722,
3.35380157899689,3.42406805536514,3.50034145042428),.UNSPECIFIED.);
#156=B_SPLINE_CURVE_WITH_KNOTS('',3,(#2007,#2008,#2009,#2010,#2011,#2012,
#2013,#2014,#2015,#2016,#2017,#2018,#2019,#2020,#2021,#2022,#2023,#2024,
#2025,#2026,#2027,#2028,#2029,#2030,#2031,#2032,#2033,#2034,#2035,#2036,
#2037,#2038,#2039,#2040,#2041,#2042,#2043,#2044,#2045,#2046,#2047,#2048,
#2049,#2050,#2051,#2052,#2053,#2054,#2055,#2056,#2057,#2058,#2059,#2060,
#2061,#2062),.UNSPECIFIED.,.F.,.F.,(4,2,2,2,2,2,2,2,2,2,2,2,2,2,2,2,2,2,
2,2,2,2,2,2,2,2,2,4),(3.50000156234901,3.57241754542679,3.72076543488319,
3.75700703674808,3.80792309256877,3.8783324951566,4.02695316398028,4.17517528964013,
4.21328376453457,4.26342131128996,4.33371055921829,4.4823169957158,4.63061907620064,
4.6674554573411,4.70424192035296,4.85226875894649,5.00084257957018,5.14911870647653,
5.21847070048365,5.26359866343493,5.32098344290066,5.44757612652851,5.51516071487037,
5.59084190261159,5.66070413030275,5.73216103640339,5.77448636464089,5.83296899720833),
 .UNSPECIFIED.);
#157=B_SPLINE_CURVE_WITH_KNOTS('',3,(#2068,#2069,#2070,#2071,#2072,#2073,
#2074,#2075,#2076,#2077,#2078,#2079,#2080,#2081,#2082,#2083,#2084,#2085,
#2086,#2087,#2088,#2089,#2090,#2091,#2092,#2093,#2094,#2095,#2096,#2097,
#2098,#2099,#2100,#2101),.UNSPECIFIED.,.F.,.F.,(4,2,2,2,2,2,2,2,2,2,2,2,
2,2,2,2,4),(8.16426159383968,8.19115247696858,8.26377100496874,8.29918046025263,
8.34364157930503,8.41642156508017,8.45191264261611,8.49402818182711,8.64195536142783,
8.79064658640758,8.93921772727896,9.00892932550525,9.05535352712506,9.10624917078027,
9.21916125286216,9.26195744842654,9.33136555267066),.UNSPECIFIED.);
#158=B_SPLINE_CURVE_WITH_KNOTS('',3,(#2102,#2103,#2104,#2105,#2106,#2107,
#2108,#2109,#2110,#2111,#2112,#2113,#2114,#2115,#2116,#2117,#2118,#2119,
#2120,#2121,#2122,#2123,#2124,#2125,#2126,#2127,#2128,#2129,#2130,#2131,
#2132,#2133),.UNSPECIFIED.,.F.,.F.,(4,2,2,2,2,2,2,2,2,2,2,2,2,2,2,4),(2.33443910958797E-5,
0.0545150007924576,0.10634892631239,0.180342966624606,0.238356130553443,
0.386991535033992,0.535323929118968,0.571492662224528,0.622603834548617,
0.693054109881317,0.841702334403149,0.989927834520396,1.02638837819543,
1.07763963397247,1.1481082560858,1.16652844619553),.UNSPECIFIED.);
#159=B_SPLINE_CURVE_WITH_KNOTS('',3,(#2134,#2135,#2136,#2137,#2138,#2139,
#2140,#2141,#2142,#2143,#2144,#2145,#2146,#2147,#2148,#2149,#2150,#2151,
#2152,#2153,#2154,#2155,#2156,#2157,#2158,#2159,#2160,#2161,#2162,#2163,
#2164,#2165,#2166,#2167,#2168,#2169,#2170,#2171,#2172,#2173,#2174,#2175,
#2176,#2177,#2178,#2179,#2180,#2181,#2182,#2183,#2184,#2185,#2186,#2187,
#2188,#2189),.UNSPECIFIED.,.F.,.F.,(4,2,2,2,2,2,2,2,2,2,2,2,2,2,2,2,2,2,
2,2,2,2,2,2,2,2,2,4),(5.83296899720833,5.9077095613528,5.97745295542349,
6.02450375092607,6.07249272838481,6.14544973982146,6.18106785475885,6.21911824062329,
6.36730356459639,6.51588058198265,6.58626212708351,6.63706495889521,6.67355581177702,
6.82184780213017,6.97041807723829,7.04065882020701,7.09052668897641,7.12933273733138,
7.27746812473037,7.42605607644126,7.49651400466529,7.54781114736927,7.58437961399662,
7.73250430275103,7.88109269572337,8.02930738488158,8.09853310714679,8.16586309448539),
 .UNSPECIFIED.);
#160=B_SPLINE_CURVE_WITH_KNOTS('',3,(#2194,#2195,#2196,#2197,#2198,#2199,
#2200,#2201,#2202,#2203,#2204,#2205,#2206,#2207,#2208,#2209,#2210,#2211,
#2212,#2213,#2214,#2215,#2216,#2217,#2218,#2219,#2220,#2221,#2222,#2223,
#2224,#2225,#2226,#2227,#2228,#2229,#2230,#2231,#2232,#2233,#2234,#2235,
#2236,#2237,#2238,#2239,#2240,#2241,#2242,#2243,#2244,#2245,#2246,#2247,
#2248,#2249,#2250,#2251,#2252,#2253,#2254,#2255,#2256,#2257,#2258,#2259,
#2260,#2261,#2262,#2263,#2264,#2265,#2266,#2267,#2268,#2269,#2270,#2271,
#2272,#2273,#2274,#2275,#2276,#2277),.UNSPECIFIED.,.F.,.F.,(4,2,2,2,2,2,
2,2,2,2,2,2,2,2,2,2,2,2,2,2,2,2,2,2,2,2,2,2,2,2,2,2,2,2,2,2,2,2,2,2,2,4),
(5.833499149182,5.87706630783879,5.9177968195216,6.06572402005697,6.21427784194524,
6.36260127593683,6.43206304572091,6.4777038386512,6.53222835868365,6.60356255007684,
6.63937855442832,6.67704088075874,6.74965551437666,6.78506274340724,6.82859186496613,
6.90123920099146,6.9366627711399,6.97979703219405,7.05241917474711,7.08783002846933,
7.13144431740821,7.20411041034922,7.2395432686766,7.28259265583023,7.3552201058191,
7.39063351724743,7.4343661211775,7.50705355620149,7.54249705740843,7.58542227971693,
7.65805189020999,7.69346635643158,7.73736561115716,7.81007805008086,7.84553414952881,
7.8882793560138,7.96090663094077,7.99632004857358,8.04045232501789,8.11319493130092,
8.14866646307825,8.16426159383968),.UNSPECIFIED.);
#161=B_SPLINE_CURVE_WITH_KNOTS('',3,(#2279,#2280,#2281,#2282,#2283,#2284,
#2285,#2286,#2287,#2288,#2289,#2290,#2291,#2292,#2293,#2294,#2295,#2296,
#2297,#2298,#2299,#2300,#2301,#2302,#2303,#2304,#2305,#2306,#2307,#2308,
#2309,#2310,#2311,#2312,#2313,#2314,#2315,#2316,#2317,#2318),
 .UNSPECIFIED.,.F.,.F.,(4,2,2,2,2,2,2,2,2,2,2,2,2,2,2,2,2,2,2,4),(8.16586309448539,
8.18275740733228,8.25269331504399,8.30076148601131,8.34496919193847,8.41766333410038,
8.45311164280975,8.49543492612578,8.56798621235048,8.60336314434999,8.64794362752983,
8.72067829384691,8.75614774316124,8.79805802524482,8.94588873435688,9.09446403668768,
9.15236737163452,9.2274824795466,9.27817761750761,9.3313512715378),
 .UNSPECIFIED.);
#162=B_SPLINE_CURVE_WITH_KNOTS('',3,(#2319,#2320,#2321,#2322,#2323,#2324,
#2325,#2326,#2327,#2328,#2329,#2330,#2331,#2332,#2333,#2334,#2335,#2336,
#2337,#2338,#2339,#2340,#2341,#2342,#2343,#2344,#2345,#2346,#2347,#2348),
 .UNSPECIFIED.,.F.,.F.,(4,2,2,2,2,2,2,2,2,2,2,2,2,2,4),(2.3344390779256E-5,
0.0532321810286559,0.103968267098728,0.17904924282217,0.236958589890297,
0.385566905255671,0.533453638653626,0.575125229487434,0.623990011855228,
0.694085235205159,0.778604555175148,0.847886234878288,0.996180874703959,
1.14483461890688,1.16659027686304),.UNSPECIFIED.);
#163=B_SPLINE_CURVE_WITH_KNOTS('',3,(#2353,#2354,#2355,#2356,#2357,#2358,
#2359,#2360,#2361,#2362,#2363,#2364,#2365,#2366,#2367,#2368,#2369,#2370,
#2371,#2372,#2373,#2374,#2375,#2376,#2377,#2378,#2379,#2380,#2381,#2382,
#2383,#2384,#2385,#2386,#2387,#2388,#2389,#2390,#2391,#2392,#2393,#2394,
#2395,#2396,#2397,#2398,#2399,#2400,#2401,#2402,#2403,#2404,#2405,#2406),
 .UNSPECIFIED.,.F.,.F.,(4,2,2,2,2,2,2,2,2,2,2,2,2,2,2,2,2,2,2,2,2,2,2,2,
2,2,4),(3.500166768085,3.57251833644883,3.72084266888296,3.75731673027491,
3.80812682701906,3.87851597481823,4.02712523135117,4.17534851039765,4.21329353085286,
4.26349106381471,4.33378499750838,4.48238155348738,4.6306661353547,4.66682166931434,
4.70298565940056,4.8512871749694,4.99984555527781,5.07005404431117,5.11973986165123,
5.15902175197345,5.30710691717588,5.45568529493704,5.60391764064786,5.67318691124474,
5.75778251492728,5.82790209113932,5.833499149182),.UNSPECIFIED.);
#164=B_SPLINE_CURVE_WITH_KNOTS('',3,(#2407,#2408,#2409,#2410,#2411,#2412,
#2413,#2414,#2415,#2416,#2417,#2418,#2419,#2420,#2421,#2422,#2423,#2424,
#2425,#2426,#2427,#2428,#2429,#2430,#2431,#2432,#2433,#2434,#2435,#2436,
#2437,#2438,#2439,#2440,#2441,#2442,#2443,#2444,#2445,#2446,#2447,#2448,
#2449,#2450,#2451,#2452,#2453,#2454,#2455,#2456,#2457,#2458,#2459,#2460,
#2461,#2462),.UNSPECIFIED.,.F.,.F.,(4,2,2,2,2,2,2,2,2,2,2,2,2,2,2,2,2,2,
2,2,2,2,2,2,2,2,2,4),(1.16659027686304,1.29301374289094,1.33205917802185,
1.3818506037335,1.45209959328421,1.60073243690081,1.7491035274166,1.78531407119239,
1.82102824632603,1.89411642254263,1.94389739505062,1.99053635839444,2.06022171523071,
2.20868885829904,2.35726796037993,2.50507037895243,2.54724558957649,2.59593882492056,
2.66599517604953,2.7504433687203,2.81970781551696,2.96797721741685,3.1166098045051,
3.26477232680694,3.30375939256884,3.35356352369003,3.42380558326838,3.50000156476477),
 .UNSPECIFIED.);
#165=B_SPLINE_CURVE_WITH_KNOTS('',3,(#2467,#2468,#2469,#2470,#2471,#2472,
#2473,#2474,#2475,#2476,#2477,#2478,#2479,#2480,#2481,#2482,#2483,#2484,
#2485,#2486,#2487,#2488,#2489,#2490,#2491,#2492,#2493,#2494,#2495,#2496,
#2497,#2498,#2499,#2500,#2501,#2502,#2503,#2504,#2505,#2506,#2507,#2508,
#2509,#2510,#2511,#2512,#2513,#2514,#2515,#2516,#2517,#2518,#2519,#2520),
 .UNSPECIFIED.,.F.,.F.,(4,2,2,2,2,2,2,2,2,2,2,2,2,2,2,2,2,2,2,2,2,2,2,2,
2,2,4),(1.16649149876605,1.29682157003349,1.44505076841508,1.48328159388164,
1.53337811143129,1.60366779847066,1.75228962789283,1.90061263987463,1.93673956009029,
1.98783149886272,2.05826897474108,2.2068956533844,2.35510231950349,2.3915511079064,
2.4427920044375,2.51325006257404,2.66187454739531,2.81006047480563,2.84655804123357,
2.89782095006928,2.96828131654854,3.11690377532937,3.26508486464804,3.30372592525376,
3.35365686205908,3.42391440886125,3.500166768085),.UNSPECIFIED.);
#166=B_SPLINE_CURVE_WITH_KNOTS('',3,(#2521,#2522,#2523,#2524,#2525,#2526,
#2527,#2528,#2529,#2530,#2531,#2532,#2533,#2534,#2535,#2536,#2537,#2538,
#2539,#2540,#2541,#2542,#2543,#2544,#2545,#2546,#2547,#2548,#2549,#2550,
#2551,#2552,#2553,#2554,#2555,#2556,#2557,#2558,#2559,#2560,#2561,#2562,
#2563,#2564,#2565,#2566,#2567,#2568,#2569,#2570,#2571,#2572,#2573,#2574,
#2575,#2576),.UNSPECIFIED.,.F.,.F.,(4,2,2,2,2,2,2,2,2,2,2,2,2,2,2,2,2,2,
2,2,2,2,2,2,2,2,2,4),(3.50000156476477,3.57241754785002,3.72076543731697,
3.75700703917385,3.80792309500254,3.87833249759577,4.02695316642947,4.17517529209874,
4.21328376700292,4.26342131375887,4.33371056169149,4.48231699819897,4.63061907869408,
4.66745545983217,4.70424192284193,4.85226876144739,5.00084258208128,5.14911870899631,
5.2184707030055,5.26359866594831,5.32098344548513,5.44757612881517,5.51516071705631,
5.59084190443595,5.66070412918593,5.73216103359026,5.77448635217585,5.83296900001689),
 .UNSPECIFIED.);
#167=B_SPLINE_CURVE_WITH_KNOTS('',3,(#2582,#2583,#2584,#2585,#2586,#2587,
#2588,#2589,#2590,#2591,#2592,#2593,#2594,#2595,#2596,#2597,#2598,#2599,
#2600,#2601,#2602,#2603,#2604,#2605,#2606,#2607,#2608,#2609,#2610,#2611,
#2612,#2613,#2614,#2615),.UNSPECIFIED.,.F.,.F.,(4,2,2,2,2,2,2,2,2,2,2,2,
2,2,2,2,4),(8.16426159591212,8.1911524771443,8.26377100483972,8.29918045998114,
8.34364158390999,8.41642157007708,8.45191264782686,8.49402818133836,8.64195536173125,
8.79064658688873,8.9392177274966,9.00892932500967,9.05535352304493,9.10624918309567,
9.21916126011623,9.26195746482566,9.33136555493902),.UNSPECIFIED.);
#168=B_SPLINE_CURVE_WITH_KNOTS('',3,(#2616,#2617,#2618,#2619,#2620,#2621,
#2622,#2623,#2624,#2625,#2626,#2627,#2628,#2629,#2630,#2631,#2632,#2633,
#2634,#2635,#2636,#2637,#2638,#2639,#2640,#2641,#2642,#2643,#2644,#2645,
#2646,#2647),.UNSPECIFIED.,.F.,.F.,(4,2,2,2,2,2,2,2,2,2,2,2,2,2,2,4),(2.33443909465693E-5,
0.0539137424396785,0.105232252086133,0.17972464516552,0.237690840567964,
0.386331535645658,0.534484003766402,0.573743847513001,0.623452153120133,
0.693686708067172,0.842312820350806,0.990685731420659,1.02675878142716,
1.07775623921208,1.1481844466088,1.16649149876605),.UNSPECIFIED.);
#169=B_SPLINE_CURVE_WITH_KNOTS('',3,(#2648,#2649,#2650,#2651,#2652,#2653,
#2654,#2655,#2656,#2657,#2658,#2659,#2660,#2661,#2662,#2663,#2664,#2665,
#2666,#2667,#2668,#2669,#2670,#2671,#2672,#2673,#2674,#2675,#2676,#2677,
#2678,#2679,#2680,#2681,#2682,#2683,#2684,#2685,#2686,#2687,#2688,#2689,
#2690,#2691,#2692,#2693,#2694,#2695,#2696,#2697,#2698,#2699,#2700,#2701,
#2702,#2703),.UNSPECIFIED.,.F.,.F.,(4,2,2,2,2,2,2,2,2,2,2,2,2,2,2,2,2,2,
2,2,2,2,2,2,2,2,2,4),(5.83296900001689,5.90770966346044,5.97745309225153,
6.0245040685998,6.07249231232562,6.14544927755828,6.18106735630597,6.21911852697106,
6.36730379301144,6.51588081380029,6.58626243324247,6.63706576444145,6.67355546036384,
6.82184751555542,6.97041777789509,7.04065841862989,7.09052563843042,7.12933339497832,
7.27746863737813,7.42605658660395,7.49651467817744,7.54781296283968,7.58438391807076,
7.73250762975552,7.88109598433009,8.02931152632839,8.09853878101677,8.16586314090159),
 .UNSPECIFIED.);
#170=B_SPLINE_CURVE_WITH_KNOTS('',3,(#2708,#2709,#2710,#2711,#2712,#2713,
#2714,#2715,#2716,#2717,#2718,#2719,#2720,#2721,#2722,#2723,#2724,#2725,
#2726,#2727,#2728,#2729,#2730,#2731,#2732,#2733,#2734,#2735,#2736,#2737,
#2738,#2739,#2740,#2741,#2742,#2743,#2744,#2745,#2746,#2747,#2748,#2749,
#2750,#2751,#2752,#2753,#2754,#2755,#2756,#2757,#2758,#2759,#2760,#2761,
#2762,#2763,#2764,#2765,#2766,#2767,#2768,#2769,#2770,#2771,#2772,#2773,
#2774,#2775,#2776,#2777,#2778,#2779,#2780,#2781,#2782,#2783,#2784,#2785,
#2786,#2787,#2788,#2789,#2790,#2791),.UNSPECIFIED.,.F.,.F.,(4,2,2,2,2,2,
2,2,2,2,2,2,2,2,2,2,2,2,2,2,2,2,2,2,2,2,2,2,2,2,2,2,2,2,2,2,2,2,2,2,2,4),
(5.83349915062588,5.87706630930666,5.91779682097858,6.06572402155604,6.21427784348462,
6.36260127751491,6.43206304731406,6.47770384024785,6.5322283603497,6.60356255160026,
6.63937855595044,6.67704088209218,6.74965551567524,6.78506274468838,6.82859186708294,
6.90123920319286,6.93666277338398,6.97979703346791,7.05241917596276,7.0878300296561,
7.13144431978341,7.2041104128366,7.23954327122098,7.2825926569858,7.35522010688295,
7.39063351826631,7.43436612388753,7.50705355906277,7.54249706034734,7.58542228067217,
7.65805189102576,7.69346635717974,7.73736561431338,7.81007805344355,7.84553415299896,
7.88827935665568,7.96090663137497,7.99632004890866,8.04045232878153,8.11319493534864,
8.14866646727672,8.16426159591212),.UNSPECIFIED.);
#171=B_SPLINE_CURVE_WITH_KNOTS('',3,(#2793,#2794,#2795,#2796,#2797,#2798,
#2799,#2800,#2801,#2802,#2803,#2804,#2805,#2806,#2807,#2808,#2809,#2810,
#2811,#2812,#2813,#2814,#2815,#2816,#2817,#2818,#2819,#2820,#2821,#2822,
#2823,#2824,#2825,#2826,#2827,#2828,#2829,#2830,#2831,#2832),
 .UNSPECIFIED.,.F.,.F.,(4,2,2,2,2,2,2,2,2,2,2,2,2,2,2,2,2,2,2,4),(8.16586314090159,
8.18277506054479,8.25271703328386,8.30081937979445,8.34490999638613,8.41759507518248,
8.45303852566287,8.49549991993315,8.56806230357351,8.60344441374199,8.6478582796634,
8.72058020681221,8.75604262810791,8.79814831903919,8.94595339560912,9.09452427402399,
9.15242282146001,9.22758834030756,9.27823512344162,9.33135210281737),
 .UNSPECIFIED.);
#172=B_SPLINE_CURVE_WITH_KNOTS('',3,(#2833,#2834,#2835,#2836,#2837,#2838,
#2839,#2840,#2841,#2842,#2843,#2844,#2845,#2846,#2847,#2848,#2849,#2850,
#2851,#2852,#2853,#2854,#2855,#2856,#2857,#2858,#2859,#2860,#2861,#2862),
 .UNSPECIFIED.,.F.,.F.,(4,2,2,2,2,2,2,2,2,2,2,2,2,2,4),(2.33443907772775E-5,
0.0532321788808815,0.103968263117957,0.179049240734334,0.236958587617734,
0.385566902817836,0.533453635265112,0.575125233518467,0.623990013444448,
0.694085236379569,0.778604555517645,0.84788623511162,0.996180874868317,
1.14483461906235,1.16659027678897),.UNSPECIFIED.);
#173=B_SPLINE_CURVE_WITH_KNOTS('',3,(#2867,#2868,#2869,#2870,#2871,#2872,
#2873,#2874,#2875,#2876,#2877,#2878,#2879,#2880,#2881,#2882,#2883,#2884,
#2885,#2886,#2887,#2888,#2889,#2890,#2891,#2892,#2893,#2894,#2895,#2896,
#2897,#2898,#2899,#2900,#2901,#2902,#2903,#2904,#2905,#2906,#2907,#2908,
#2909,#2910,#2911,#2912,#2913,#2914,#2915,#2916,#2917,#2918,#2919,#2920),
 .UNSPECIFIED.,.F.,.F.,(4,2,2,2,2,2,2,2,2,2,2,2,2,2,2,2,2,2,2,2,2,2,2,2,
2,2,4),(3.50016676890629,3.57251833729404,3.72084266976873,3.75731673115219,
3.80812682791778,3.8785159757369,4.02712523230955,4.17534851139467,4.21329353187246,
4.26349106484275,4.33378499855441,4.48238155457299,4.63066613648038,4.66682167044809,
4.70298566054228,4.85128717615078,4.99984555649879,5.07005404555073,5.11973986290313,
5.15902175323828,5.30710691848,5.45568529628078,5.60391764203136,5.67318691264705,
5.75778251635447,5.8279020925864,5.83349915062588),.UNSPECIFIED.);
#174=B_SPLINE_CURVE_WITH_KNOTS('',3,(#2921,#2922,#2923,#2924,#2925,#2926,
#2927,#2928,#2929,#2930,#2931,#2932,#2933,#2934,#2935,#2936,#2937,#2938,
#2939,#2940,#2941,#2942,#2943,#2944,#2945,#2946,#2947,#2948,#2949,#2950,
#2951,#2952,#2953,#2954,#2955,#2956,#2957,#2958,#2959,#2960,#2961,#2962,
#2963,#2964,#2965,#2966,#2967,#2968,#2969,#2970,#2971,#2972,#2973,#2974,
#2975,#2976),.UNSPECIFIED.,.F.,.F.,(4,2,2,2,2,2,2,2,2,2,2,2,2,2,2,2,2,2,
2,2,2,2,2,2,2,2,2,4),(1.16659027678897,1.29301374310187,1.33205917747393,
1.38185060346561,1.45209959305596,1.60073243666745,1.74910352714441,1.78531407143713,
1.82102824654066,1.89411642272369,1.94389739471064,1.99053635816898,2.06022171502298,
2.20868885808833,2.35726796015184,2.50507037868675,2.5472455894936,2.59593882477384,
2.66599517588669,2.75044336852967,2.81970781531801,2.96797721720318,3.11660980427853,
3.26477232657091,3.30375939231578,3.35356352343808,3.42380558301082,3.5000015645013),
 .UNSPECIFIED.);
#175=B_SPLINE_CURVE_WITH_KNOTS('',3,(#2981,#2982,#2983,#2984,#2985,#2986,
#2987,#2988,#2989,#2990,#2991,#2992,#2993,#2994,#2995,#2996,#2997,#2998,
#2999,#3000,#3001,#3002,#3003,#3004,#3005,#3006,#3007,#3008,#3009,#3010,
#3011,#3012,#3013,#3014,#3015,#3016,#3017,#3018,#3019,#3020,#3021,#3022,
#3023,#3024,#3025,#3026,#3027,#3028,#3029,#3030,#3031,#3032,#3033,#3034),
 .UNSPECIFIED.,.F.,.F.,(4,2,2,2,2,2,2,2,2,2,2,2,2,2,2,2,2,2,2,2,2,2,2,2,
2,2,4),(1.16649149903178,1.29682157578647,1.44505077565925,1.48328158211073,
1.53337810712295,1.60366779532946,1.7522896248982,1.90061263613343,1.93673955873217,
1.98783149862745,2.05826897468505,2.2068956533675,2.35510231938828,2.39155110816571,
2.44279200487866,2.51325006305803,2.66187454791852,2.81006047534706,2.84655804184015,
2.89782095071357,2.96828131721635,3.11690377603709,3.26508486539026,3.3037259260442,
3.35365686284789,3.42391440966705,3.50016676890629),.UNSPECIFIED.);
#176=B_SPLINE_CURVE_WITH_KNOTS('',3,(#3035,#3036,#3037,#3038,#3039,#3040,
#3041,#3042,#3043,#3044,#3045,#3046,#3047,#3048,#3049,#3050,#3051,#3052,
#3053,#3054,#3055,#3056,#3057,#3058,#3059,#3060,#3061,#3062,#3063,#3064,
#3065,#3066,#3067,#3068,#3069,#3070,#3071,#3072,#3073,#3074,#3075,#3076,
#3077,#3078,#3079,#3080,#3081,#3082,#3083,#3084,#3085,#3086,#3087,#3088,
#3089,#3090),.UNSPECIFIED.,.F.,.F.,(4,2,2,2,2,2,2,2,2,2,2,2,2,2,2,2,2,2,
2,2,2,2,2,2,2,2,2,4),(3.5000015645013,3.57241754757986,3.7207654370341,
3.75700703889003,3.80792309471345,3.87833249730056,4.02695316612161,4.1751752917784,
4.21328376667789,4.26342131343015,4.33371056135688,4.48231699785174,4.63061907833422,
4.66745545947021,4.70424192247784,4.85226876107029,5.00084258169151,5.14911870859421,
5.21847070259805,5.26359866553947,5.32098344505718,5.44757612844134,5.51516071669904,
5.59084190414992,5.66070412951789,5.73216103427645,5.77448635490329,5.83296899950529),
 .UNSPECIFIED.);
#177=B_SPLINE_CURVE_WITH_KNOTS('',3,(#3096,#3097,#3098,#3099,#3100,#3101,
#3102,#3103,#3104,#3105,#3106,#3107,#3108,#3109,#3110,#3111,#3112,#3113,
#3114,#3115,#3116,#3117,#3118,#3119,#3120,#3121,#3122,#3123,#3124,#3125,
#3126,#3127,#3128,#3129,#3130,#3131),.UNSPECIFIED.,.F.,.F.,(4,2,2,2,2,2,
2,2,2,2,2,2,2,2,2,2,2,4),(8.16530706140822,8.18137187558599,8.2510579501092,
8.29758474782397,8.34799381288829,8.4211405123801,8.45690802970065,8.49328496311034,
8.64158432809819,8.79026606975836,8.86068791017457,8.91148975453068,8.94810408171043,
9.0965009359434,9.1542809094798,9.2309310530507,9.28026402337247,9.33183617310129),
 .UNSPECIFIED.);
#178=B_SPLINE_CURVE_WITH_KNOTS('',3,(#3132,#3133,#3134,#3135,#3136,#3137,
#3138,#3139,#3140,#3141,#3142,#3143,#3144,#3145,#3146,#3147,#3148,#3149,
#3150,#3151,#3152,#3153,#3154,#3155,#3156,#3157,#3158,#3159,#3160,#3161,
#3162,#3163),.UNSPECIFIED.,.F.,.F.,(4,2,2,2,2,2,2,2,2,2,2,2,2,2,2,4),(2.33443909466747E-5,
0.0539137534227989,0.105232272468774,0.179724656263119,0.23769085255185,
0.386331547821972,0.534484019674732,0.573743823246817,0.623452143789163,
0.693686701135295,0.842312813808939,0.990685723496266,1.02675880123917,
1.07775624677067,1.14818445238107,1.16649149903178),.UNSPECIFIED.);
#179=B_SPLINE_CURVE_WITH_KNOTS('',3,(#3164,#3165,#3166,#3167,#3168,#3169,
#3170,#3171,#3172,#3173,#3174,#3175,#3176,#3177,#3178,#3179,#3180,#3181,
#3182,#3183,#3184,#3185,#3186,#3187,#3188,#3189,#3190,#3191,#3192,#3193,
#3194,#3195,#3196,#3197,#3198,#3199,#3200,#3201,#3202,#3203,#3204,#3205,
#3206,#3207,#3208,#3209,#3210,#3211,#3212,#3213,#3214,#3215,#3216,#3217,
#3218,#3219),.UNSPECIFIED.,.F.,.F.,(4,2,2,2,2,2,2,2,2,2,2,2,2,2,2,2,2,2,
2,2,2,2,2,2,2,2,2,4),(5.83296899950529,5.90770964191227,5.97745306334472,
6.02450400138595,6.07249240051316,6.14544937552683,6.18106746193702,6.21911846637478,
6.36730374467618,6.51588076473427,6.58626236842539,6.63706559384529,6.67355553481492,
6.82184757626424,6.97041784129835,7.0406585036813,7.09052586092711,7.12933325567157,
7.27746852877559,7.42605647851897,7.49651453548926,7.5478125782663,7.58438300635474,
7.73250692506328,7.88109528782512,8.02931064929166,8.09853757949491,8.16586313099334),
 .UNSPECIFIED.);
#180=B_SPLINE_CURVE_WITH_KNOTS('',3,(#3224,#3225,#3226,#3227,#3228,#3229,
#3230,#3231,#3232,#3233,#3234,#3235,#3236,#3237,#3238,#3239,#3240,#3241,
#3242,#3243,#3244,#3245,#3246,#3247,#3248,#3249,#3250,#3251,#3252,#3253,
#3254,#3255,#3256,#3257,#3258,#3259,#3260,#3261,#3262,#3263,#3264,#3265,
#3266,#3267,#3268,#3269,#3270,#3271,#3272,#3273,#3274,#3275,#3276,#3277,
#3278,#3279,#3280,#3281,#3282,#3283,#3284,#3285,#3286,#3287,#3288,#3289,
#3290,#3291,#3292,#3293,#3294,#3295),.UNSPECIFIED.,.F.,.F.,(4,2,2,2,2,2,
2,2,2,2,2,2,2,2,2,2,2,2,2,2,2,2,2,2,2,2,2,2,2,2,2,2,2,2,2,4),(5.83341486359046,
5.87697401255291,5.91771670143569,6.06564001862049,6.21419119627103,6.36251300670841,
6.4319753478419,6.47762331209875,6.53210532015432,6.60356024405427,6.63938383714893,
6.6771955587519,6.74984918892361,6.78527618637527,6.82819218430417,6.90078952221503,
6.93618825025812,6.98005508694203,7.0527334233063,7.08817285867319,7.13091330297599,
7.20350866010716,7.23890650404865,7.28300095450255,7.35570904093483,7.39116367577859,
7.43365127059531,7.50623838971486,7.54163250055949,7.58604810289197,7.6587929951079,
7.69426684533295,7.73639259930669,7.88424860633347,8.03287183954239,8.16530706140822),
 .UNSPECIFIED.);
#181=B_SPLINE_CURVE_WITH_KNOTS('',3,(#3297,#3298,#3299,#3300,#3301,#3302,
#3303,#3304,#3305,#3306,#3307,#3308,#3309,#3310,#3311,#3312,#3313,#3314,
#3315,#3316,#3317,#3318,#3319,#3320,#3321,#3322,#3323,#3324,#3325,#3326,
#3327,#3328,#3329,#3330,#3331,#3332,#3333,#3334,#3335,#3336),
 .UNSPECIFIED.,.F.,.F.,(4,2,2,2,2,2,2,2,2,2,2,2,2,2,2,2,2,2,2,4),(8.16586313099334,
8.1827713215951,8.25271201014174,8.30080711320511,8.34492249419026,8.41760949263475,
8.45305396811973,8.49548612837742,8.56804616465853,8.60342717510556,8.64787629479616,
8.72060092369938,8.75606482708159,8.79812912075228,8.94593967756352,9.09451151816593,
9.15241108307376,9.2275658995912,9.27822293529471,9.33135193207023),
 .UNSPECIFIED.);
#182=B_SPLINE_CURVE_WITH_KNOTS('',3,(#3337,#3338,#3339,#3340,#3341,#3342,
#3343,#3344,#3345,#3346,#3347,#3348,#3349,#3350,#3351,#3352,#3353,#3354,
#3355,#3356,#3357,#3358,#3359,#3360,#3361,#3362,#3363,#3364,#3365,#3366),
 .UNSPECIFIED.,.F.,.F.,(4,2,2,2,2,2,2,2,2,2,2,2,2,2,4),(2.33443907551827E-5,
0.0531438939081263,0.103804642854639,0.178963646459941,0.236865371057671,
0.38546654983778,0.53331360095704,0.575289555555805,0.624054909171022,0.694133179699188,
0.778618546162677,0.847895763904878,0.996187584888555,1.14484096618263,
1.1665872470863),.UNSPECIFIED.);
#183=B_SPLINE_CURVE_WITH_KNOTS('',3,(#3371,#3372,#3373,#3374,#3375,#3376,
#3377,#3378,#3379,#3380,#3381,#3382,#3383,#3384,#3385,#3386,#3387,#3388,
#3389,#3390,#3391,#3392,#3393,#3394,#3395,#3396,#3397,#3398,#3399,#3400,
#3401,#3402,#3403,#3404,#3405,#3406,#3407,#3408,#3409,#3410,#3411,#3412,
#3413,#3414,#3415,#3416,#3417,#3418,#3419,#3420,#3421,#3422,#3423,#3424),
 .UNSPECIFIED.,.F.,.F.,(4,2,2,2,2,2,2,2,2,2,2,2,2,2,2,2,2,2,2,2,2,2,2,2,
2,2,4),(3.50012113952632,3.57246898170331,3.72079030352093,3.75727369423885,
3.8080786589352,3.87846600367994,4.02707276995701,4.17529409015429,4.21323170209539,
4.26343110085044,4.33372428468888,4.48231841744601,4.63060025713244,4.66675605511135,
4.70292036093929,4.85121937547905,4.99977530961489,5.06998271639449,5.11966820793911,
5.15894810968253,5.30703094780328,5.45560687415732,5.60383666701109,5.67310460736421,
5.7576973349693,5.82781502549179,5.83341486359046),.UNSPECIFIED.);
#184=B_SPLINE_CURVE_WITH_KNOTS('',3,(#3425,#3426,#3427,#3428,#3429,#3430,
#3431,#3432,#3433,#3434,#3435,#3436,#3437,#3438,#3439,#3440,#3441,#3442,
#3443,#3444,#3445,#3446,#3447,#3448,#3449,#3450,#3451,#3452,#3453,#3454,
#3455,#3456,#3457,#3458,#3459,#3460,#3461,#3462,#3463,#3464,#3465,#3466,
#3467,#3468,#3469,#3470,#3471,#3472,#3473,#3474,#3475,#3476,#3477,#3478,
#3479,#3480),.UNSPECIFIED.,.F.,.F.,(4,2,2,2,2,2,2,2,2,2,2,2,2,2,2,2,2,2,
2,2,2,2,2,2,2,2,2,4),(1.1665872470863,1.29302235478762,1.33203676665265,
1.38183965128122,1.45209026383009,1.6007229015704,1.74909240542426,1.78532407863298,
1.82103702469468,1.89412383000757,1.94388351562726,1.99052716044745,2.06021324414465,
2.20868026912012,2.35725866198184,2.50505954977908,2.54724224010929,2.59593286459614,
2.66598855890491,2.75043562716279,2.819699729822,2.96796856190646,3.11660063886573,
3.26476271758449,3.30374888254866,3.35355313057682,3.42379499371879,3.49999084991313),
 .UNSPECIFIED.);
#185=B_SPLINE_CURVE_WITH_KNOTS('',3,(#3485,#3486,#3487,#3488,#3489,#3490,
#3491,#3492,#3493,#3494,#3495,#3496,#3497,#3498,#3499,#3500,#3501,#3502,
#3503,#3504,#3505,#3506,#3507,#3508,#3509,#3510,#3511,#3512,#3513,#3514,
#3515,#3516,#3517,#3518,#3519,#3520,#3521,#3522,#3523,#3524,#3525,#3526,
#3527,#3528,#3529,#3530,#3531,#3532,#3533,#3534,#3535,#3536,#3537,#3538),
 .UNSPECIFIED.,.F.,.F.,(4,2,2,2,2,2,2,2,2,2,2,2,2,2,2,2,2,2,2,2,2,2,2,2,
2,2,4),(1.16647091765378,1.29682455920889,1.44506013772107,1.48320910244116,
1.5333378195451,1.60363253905783,1.75225499710336,1.90057478263231,1.93739049758461,
1.98806109105689,2.05843576272947,2.20705888421139,2.35531364420767,2.39162449779954,
2.44280103965042,2.51324882553604,2.66187096856665,2.81006244068929,2.84653848176353,
2.8977909070976,2.96824872480114,3.11686873280724,3.26504857469275,3.30367445661195,
3.35361014422715,3.42386740381202,3.50012113952632),.UNSPECIFIED.);
#186=B_SPLINE_CURVE_WITH_KNOTS('',3,(#3539,#3540,#3541,#3542,#3543,#3544,
#3545,#3546,#3547,#3548,#3549,#3550,#3551,#3552,#3553,#3554,#3555,#3556,
#3557,#3558,#3559,#3560,#3561,#3562,#3563,#3564,#3565,#3566,#3567,#3568,
#3569,#3570,#3571,#3572,#3573,#3574,#3575,#3576,#3577,#3578,#3579,#3580,
#3581,#3582,#3583,#3584,#3585,#3586,#3587,#3588,#3589,#3590,#3591,#3592,
#3593,#3594),.UNSPECIFIED.,.F.,.F.,(4,2,2,2,2,2,2,2,2,2,2,2,2,2,2,2,2,2,
2,2,2,2,2,2,2,2,2,4),(3.49999084991313,3.57240645227797,3.72075380229023,
3.75699580566453,3.80791145536104,3.87832058113395,4.02694073625823,4.17516237790984,
4.21327036104038,4.26340787697886,4.33369690443559,4.48230283060015,4.63060438475583,
4.66744088371741,4.70422745087505,4.85225368150376,5.00082698012297,5.14910266301126,
5.21845454896456,5.26358293602229,5.32096413254145,5.44757180956817,5.51516146711019,
5.59086088303844,5.66087158475038,5.73241541534813,5.77523518859413,5.83293902988961),
 .UNSPECIFIED.);
#187=B_SPLINE_CURVE_WITH_KNOTS('',3,(#3603,#3604,#3605,#3606,#3607,#3608,
#3609,#3610,#3611,#3612,#3613,#3614,#3615,#3616,#3617,#3618,#3619,#3620,
#3621,#3622,#3623,#3624,#3625,#3626,#3627,#3628,#3629,#3630,#3631,#3632,
#3633,#3634),.UNSPECIFIED.,.F.,.F.,(4,2,2,2,2,2,2,2,2,2,2,2,2,2,2,4),(1.00000002521809E-6,
0.0539550984338524,0.105308367308557,0.179756627419599,0.237721542586732,
0.38636283683585,0.534531076423845,0.573617470453745,0.62339049435845,0.693635368588523,
0.842263008710911,0.990629757074612,1.02682228314351,1.07776708468682,1.14818755070162,
1.16647091765378),.UNSPECIFIED.);
#188=B_SPLINE_CURVE_WITH_KNOTS('',3,(#3635,#3636,#3637,#3638,#3639,#3640,
#3641,#3642,#3643,#3644,#3645,#3646,#3647,#3648,#3649,#3650,#3651,#3652,
#3653,#3654,#3655,#3656,#3657,#3658,#3659,#3660,#3661,#3662,#3663,#3664,
#3665,#3666,#3667,#3668,#3669,#3670,#3671,#3672,#3673,#3674,#3675,#3676,
#3677,#3678,#3679,#3680,#3681,#3682,#3683,#3684,#3685,#3686,#3687,#3688,
#3689,#3690),.UNSPECIFIED.,.F.,.F.,(4,2,2,2,2,2,2,2,2,2,2,2,2,2,2,2,2,2,
2,2,2,2,2,2,2,2,2,4),(5.83293902988961,5.90292684212399,5.97088053053057,
6.04800800389188,6.13096029042978,6.18122660211959,6.21894534796924,6.36710314209057,
6.51562794413393,6.58595549055081,6.63654043716596,6.67348986806829,6.82170368666523,
6.97022809697097,7.04048708599488,7.09060806552998,7.12870311774632,7.2768439966396,
7.42538077361604,7.49574836429759,7.54657243879958,7.58297226379831,7.73122836765802,
7.87975726524592,7.9499717264909,7.99978069277659,8.03869582246014,8.1650858364509),
 .UNSPECIFIED.);
#189=B_SPLINE_CURVE_WITH_KNOTS('',3,(#3749,#3750,#3751,#3752,#3753,#3754,
#3755,#3756,#3757,#3758,#3759,#3760,#3761,#3762,#3763,#3764),
 .UNSPECIFIED.,.F.,.F.,(4,2,2,2,2,2,2,4),(-0.94255816954443,-0.777454693884797,
-0.635282241269361,-0.491478207515784,-0.347693061050668,-0.203252680155985,
-0.102359874438724,-7.35084706827399E-6),.UNSPECIFIED.);
#190=B_SPLINE_CURVE_WITH_KNOTS('',3,(#3765,#3766,#3767,#3768,#3769,#3770,
#3771,#3772,#3773,#3774,#3775,#3776,#3777,#3778,#3779,#3780),
 .UNSPECIFIED.,.F.,.F.,(4,2,2,2,2,2,2,4),(-0.495974964092312,-0.465232626272797,
-0.434109741229582,-0.391500416111524,-0.332656688020786,-0.2478095116875,
-0.138349476601295,-0.000262347388249968),.UNSPECIFIED.);
#191=B_SPLINE_CURVE_WITH_KNOTS('',3,(#3782,#3783,#3784,#3785,#3786,#3787,
#3788,#3789,#3790,#3791,#3792,#3793,#3794,#3795,#3796,#3797,#3798,#3799,
#3800,#3801,#3802,#3803,#3804,#3805,#3806,#3807,#3808,#3809,#3810,#3811,
#3812,#3813),.UNSPECIFIED.,.F.,.F.,(4,2,2,2,2,2,2,2,2,2,2,2,2,2,2,4),(8.1650858364509,
8.18678060273233,8.33532786287824,8.48350041275264,8.55270519173867,8.63689353563584,
8.70680314369824,8.75481334212746,8.79916004704899,8.87184608023854,8.90729238403613,
8.94939046260301,9.0971432242165,9.21293354091555,9.25088018076084,9.33084556578578),
 .UNSPECIFIED.);
#192=B_SPLINE_CURVE_WITH_KNOTS('',3,(#3817,#3818,#3819,#3820,#3821,#3822),
 .UNSPECIFIED.,.F.,.F.,(4,2,4),(-0.0583089288204976,-0.0291620284148286,
-1.69842265513542E-5),.UNSPECIFIED.);
#193=B_SPLINE_CURVE_WITH_KNOTS('',3,(#3823,#3824,#3825,#3826,#3827,#3828),
 .UNSPECIFIED.,.F.,.F.,(4,2,4),(-0.058305676182009,-0.029171423391187,-2.49211973941926E-5),
 .UNSPECIFIED.);
#194=B_SPLINE_CURVE_WITH_KNOTS('',3,(#4098,#4099,#4100,#4101,#4102,#4103,
#4104,#4105,#4106,#4107,#4108,#4109,#4110,#4111,#4112,#4113,#4114,#4115,
#4116,#4117,#4118,#4119,#4120,#4121,#4122,#4123,#4124,#4125,#4126,#4127,
#4128,#4129,#4130,#4131,#4132,#4133,#4134,#4135,#4136,#4137,#4138,#4139,
#4140,#4141,#4142,#4143,#4144,#4145,#4146,#4147,#4148,#4149,#4150,#4151,
#4152,#4153,#4154,#4155,#4156,#4157,#4158,#4159,#4160,#4161,#4162,#4163,
#4164,#4165,#4166,#4167,#4168,#4169,#4170,#4171,#4172,#4173,#4174,#4175,
#4176,#4177,#4178,#4179,#4180,#4181,#4182,#4183,#4184,#4185,#4186,#4187,
#4188,#4189,#4190,#4191,#4192,#4193,#4194,#4195,#4196,#4197,#4198,#4199,
#4200,#4201,#4202,#4203,#4204,#4205,#4206,#4207,#4208,#4209,#4210,#4211,
#4212,#4213,#4214,#4215,#4216,#4217,#4218,#4219,#4220,#4221,#4222,#4223,
#4224,#4225,#4226,#4227,#4228,#4229,#4230,#4231),.UNSPECIFIED.,.F.,.F.,
(4,2,2,2,2,2,2,2,2,2,2,2,2,2,2,2,2,2,2,2,2,2,2,2,2,2,2,2,2,2,2,2,2,2,2,
2,2,2,2,2,2,2,2,2,2,2,2,2,2,2,2,2,2,2,2,2,2,2,2,2,2,2,2,2,2,2,4),(1.66819896402969E-5,
0.095930190591173,0.19230579834957,0.334793180165802,0.44582536952688,0.526606375593983,
0.582451421089384,0.621838898060745,0.651300182178452,0.674961930680493,
0.696555356280507,0.718096838955037,0.739755216023204,0.76323737249911,
0.791882533005638,0.829560366241406,0.882102403140474,0.957809779232913,
1.0648889405039,1.20593836971667,1.37994908711422,1.57075424879397,1.76212453359447,
1.95346173004971,2.14416863348862,2.31774284480695,2.45788155614607,2.5637735321477,
2.63829622821622,2.68994604403008,2.72718279413268,2.75607487533296,2.78051641224328,
2.80342085585029,2.82632529945637,2.85076683633548,2.87965891744314,2.91689566737564,
2.96854548291285,3.04306817858115,3.14896015408273,3.28909886490405,3.46267307580653,
3.65337997893754,3.84471717509504,4.03608745961233,4.22689262102071,4.4009033383047,
4.54195276760661,4.64903192905554,4.72473930532674,4.77728134235501,4.81495917566145,
4.84360433618765,4.86708649263767,4.88874486966042,4.9102863522887,4.93187977783679,
4.95554152625757,4.9850028102204,5.02439028694406,5.08023533206926,5.16101633762899,
5.27204852639463,5.41453590762243,5.51091151402185,5.60682503851546),
 .UNSPECIFIED.);
#195=B_SPLINE_CURVE_WITH_KNOTS('',3,(#4772,#4773,#4774,#4775,#4776,#4777,
#4778,#4779,#4780,#4781,#4782,#4783,#4784,#4785,#4786,#4787,#4788,#4789,
#4790,#4791,#4792,#4793,#4794,#4795,#4796,#4797,#4798,#4799,#4800,#4801,
#4802,#4803,#4804,#4805,#4806,#4807,#4808,#4809,#4810,#4811,#4812,#4813,
#4814,#4815,#4816,#4817,#4818,#4819,#4820,#4821,#4822,#4823,#4824,#4825,
#4826,#4827,#4828,#4829,#4830,#4831,#4832,#4833,#4834,#4835,#4836,#4837,
#4838,#4839,#4840,#4841,#4842,#4843,#4844,#4845,#4846,#4847,#4848,#4849,
#4850,#4851,#4852,#4853,#4854,#4855,#4856,#4857,#4858,#4859,#4860,#4861,
#4862,#4863,#4864,#4865,#4866,#4867,#4868,#4869,#4870,#4871,#4872,#4873,
#4874,#4875,#4876,#4877,#4878,#4879,#4880,#4881,#4882,#4883,#4884,#4885,
#4886,#4887,#4888,#4889,#4890,#4891,#4892,#4893,#4894,#4895,#4896,#4897,
#4898,#4899,#4900,#4901,#4902,#4903,#4904,#4905),.UNSPECIFIED.,.F.,.F.,
(4,2,2,2,2,2,2,2,2,2,2,2,2,2,2,2,2,2,2,2,2,2,2,2,2,2,2,2,2,2,2,2,2,2,2,
2,2,2,2,2,2,2,2,2,2,2,2,2,2,2,2,2,2,2,2,2,2,2,2,2,2,2,2,2,2,2,4),(-5.60682503743921,
-5.51091151294209,-5.4145359065391,-5.27204852530691,-5.16101633654826,
-5.08023533099897,-5.02439028588306,-4.98500280916498,-4.95554152520387,
-4.93187977678114,-4.91028635122954,-4.88874486859734,-4.86708649157056,
-4.84360433511436,-4.81495917457666,-4.7772813412515,-4.72473930419485,
-4.64903192788347,-4.54195276638292,-4.40090333702454,-4.22689261968833,
-4.03608745823413,-3.84471717367175,-3.65337997747031,-3.46267307429636,
-3.28909886336535,-3.14896015253521,-3.04306817703549,-2.96854548137213,
-2.91689566583823,-2.87965891590582,-2.85076683479517,-2.82632529790991,
-2.80342085429451,-2.78051641067818,-2.75607487376173,-2.7271827925585,
-2.689946042456,-2.63829622664531,-2.5637735305814,-2.45788155458131,-2.31774284323273,
-2.14416863188519,-1.9534617284027,-1.76212453190287,-1.57075424705663,
-1.37994908533044,-1.20593836788018,-1.0648889386107,-0.957809777288335,
-0.882102401155097,-0.829560364227418,-0.791882530972935,-0.763237370454777,
-0.739755213972647,-0.718096836900434,-0.696555354221965,-0.674961928618435,
-0.65130018011444,-0.621838895998484,-0.58245141903267,-0.526606373546647,
-0.445825367490738,-0.334793178137053,-0.192305796316594,-0.0959301895787976,
-1.66646377749912E-5),.UNSPECIFIED.);
#196=B_SPLINE_CURVE_WITH_KNOTS('',3,(#5444,#5445,#5446,#5447,#5448,#5449,
#5450,#5451,#5452,#5453,#5454,#5455,#5456,#5457,#5458,#5459,#5460,#5461,
#5462,#5463,#5464,#5465,#5466,#5467,#5468,#5469,#5470,#5471,#5472,#5473,
#5474,#5475,#5476,#5477,#5478,#5479,#5480,#5481,#5482,#5483,#5484,#5485,
#5486,#5487,#5488,#5489,#5490,#5491,#5492,#5493,#5494,#5495,#5496,#5497,
#5498,#5499,#5500,#5501,#5502,#5503,#5504,#5505,#5506,#5507,#5508,#5509,
#5510,#5511,#5512,#5513,#5514,#5515,#5516,#5517,#5518,#5519,#5520,#5521,
#5522,#5523,#5524,#5525,#5526,#5527,#5528,#5529,#5530,#5531,#5532,#5533,
#5534,#5535,#5536,#5537,#5538,#5539,#5540,#5541,#5542,#5543,#5544,#5545,
#5546,#5547,#5548,#5549,#5550,#5551,#5552,#5553,#5554,#5555,#5556,#5557,
#5558,#5559,#5560,#5561,#5562,#5563,#5564,#5565,#5566,#5567,#5568,#5569,
#5570,#5571,#5572,#5573,#5574,#5575,#5576,#5577),.UNSPECIFIED.,.F.,.F.,
(4,2,2,2,2,2,2,2,2,2,2,2,2,2,2,2,2,2,2,2,2,2,2,2,2,2,2,2,2,2,2,2,2,2,2,
2,2,2,2,2,2,2,2,2,2,2,2,2,2,2,2,2,2,2,2,2,2,2,2,2,2,2,2,2,2,2,4),(1.666463777511E-5,
0.0959301895842451,0.192305796327522,0.334793178156457,0.445825367527455,
0.526606373601689,0.582451419102001,0.621838896076808,0.651300180197083,
0.674961928701193,0.696555354303098,0.718096836979516,0.739755214049582,
0.763237370527559,0.791882531036627,0.829560364275736,0.88210240117946,
0.957809777278609,1.0648889385591,1.20593836778438,1.37994908519738,1.57075424689405,
1.76212453171154,1.95346172818375,2.14416863163957,2.31774284297325,2.45788155432474,
2.56377353033585,2.63829622641102,2.68994604222947,2.72718279233538,2.75607487353822,
2.7805164104507,2.80342085405974,2.82632529766786,2.85076683454914,2.87965891565938,
2.9168956655952,2.96854548113698,3.04306817681182,3.1489601523225,3.2890988631559,
3.46267307407351,3.65337997722114,3.84471717339532,4.03608745792931,4.22689261935433,
4.4009033366535,4.5419527659678,4.64903192742628,4.72473930370385,4.77728134073658,
4.81495917404633,4.84360433457499,4.86708649102703,4.88874486805165,4.91028635068179,
4.93187977623175,4.95554152465459,4.98500280861998,5.02439028534704,5.08023533047737,
5.16101633604456,5.27204852482021,5.41453590606046,5.5109115124689,5.60682503697149),
 .UNSPECIFIED.);
#197=B_SPLINE_CURVE_WITH_KNOTS('',3,(#5848,#5849,#5850,#5851,#5852,#5853,
#5854,#5855,#5856,#5857,#5858,#5859,#5860,#5861,#5862,#5863,#5864,#5865,
#5866,#5867,#5868,#5869,#5870,#5871,#5872,#5873,#5874,#5875,#5876,#5877,
#5878,#5879,#5880,#5881,#5882,#5883,#5884,#5885,#5886,#5887,#5888,#5889,
#5890,#5891,#5892,#5893,#5894,#5895,#5896,#5897,#5898,#5899,#5900,#5901,
#5902,#5903,#5904,#5905,#5906,#5907,#5908,#5909,#5910,#5911,#5912,#5913,
#5914,#5915,#5916,#5917,#5918,#5919,#5920,#5921,#5922,#5923,#5924,#5925,
#5926,#5927,#5928,#5929,#5930,#5931,#5932,#5933,#5934,#5935,#5936,#5937,
#5938,#5939,#5940,#5941,#5942,#5943,#5944,#5945,#5946,#5947,#5948,#5949,
#5950,#5951,#5952,#5953,#5954,#5955,#5956,#5957,#5958,#5959,#5960,#5961,
#5962,#5963,#5964,#5965,#5966,#5967,#5968,#5969,#5970,#5971,#5972,#5973,
#5974,#5975,#5976,#5977,#5978,#5979,#5980,#5981),.UNSPECIFIED.,.F.,.F.,
(4,2,2,2,2,2,2,2,2,2,2,2,2,2,2,2,2,2,2,2,2,2,2,2,2,2,2,2,2,2,2,2,2,2,2,
2,2,2,2,2,2,2,2,2,2,2,2,2,2,2,2,2,2,2,2,2,2,2,2,2,2,2,2,2,2,2,4),(1.66646377762192E-5,
0.095930189584267,0.192305796327576,0.33479317815512,0.445825367525254,
0.52660637359906,0.582451419098884,0.621838896073508,0.651300180193653,
0.674961928697639,0.696555354299415,0.718096836975736,0.739755214045692,
0.76323737052357,0.791882531032553,0.829560364271488,0.882102401175137,
0.957809777274273,1.06488893855433,1.20593836777929,1.37994908519181,1.57075424688791,
1.76212453170482,1.95346172817647,2.14416863163173,2.31774284296491,2.45788155431596,
2.5637735303267,2.6382962264016,2.68994604221983,2.72718279232557,2.75607487352829,
2.78051641044067,2.80342085404961,2.82632529765763,2.85076683453881,2.87965891564895,
2.91689566558463,2.96854548112624,3.04306817680081,3.14896015231116,3.28909886314413,
3.46267307406118,3.65337997720823,3.84471717338182,4.03608745791521,4.22689261933963,
4.4009033366383,4.5419527659522,4.64903192741043,4.72473930368781,4.77728134072041,
4.81495917403009,4.8436043345587,4.86708649101069,4.88874486803526,4.91028635066535,
4.93187977621526,4.95554152463804,4.9850028086034,5.02439028533032,5.08023533046024,
5.16101633602755,5.27204852480303,5.414535906043,5.51097437110676,5.60682738960751),
 .UNSPECIFIED.);
#198=B_SPLINE_CURVE_WITH_KNOTS('',3,(#6123,#6124,#6125,#6126,#6127,#6128,
#6129,#6130,#6131,#6132,#6133,#6134,#6135,#6136,#6137,#6138,#6139,#6140,
#6141,#6142,#6143,#6144,#6145,#6146,#6147,#6148,#6149,#6150,#6151,#6152,
#6153,#6154,#6155,#6156,#6157,#6158,#6159,#6160,#6161,#6162,#6163,#6164,
#6165,#6166,#6167,#6168,#6169,#6170,#6171,#6172,#6173,#6174,#6175,#6176,
#6177,#6178,#6179,#6180,#6181,#6182,#6183,#6184,#6185,#6186,#6187,#6188,
#6189,#6190,#6191,#6192,#6193,#6194,#6195,#6196,#6197,#6198,#6199,#6200,
#6201,#6202,#6203,#6204,#6205,#6206,#6207,#6208,#6209,#6210,#6211,#6212,
#6213,#6214,#6215,#6216,#6217,#6218,#6219,#6220,#6221,#6222,#6223,#6224,
#6225,#6226,#6227,#6228,#6229,#6230,#6231,#6232,#6233,#6234,#6235,#6236,
#6237,#6238,#6239,#6240,#6241,#6242,#6243,#6244,#6245,#6246,#6247,#6248,
#6249,#6250,#6251,#6252,#6253,#6254,#6255,#6256,#6257,#6258,#6259,#6260,
#6261,#6262,#6263,#6264,#6265,#6266,#6267,#6268,#6269,#6270,#6271,#6272,
#6273,#6274,#6275,#6276,#6277,#6278,#6279,#6280,#6281,#6282,#6283,#6284,
#6285,#6286,#6287,#6288,#6289,#6290,#6291,#6292,#6293,#6294,#6295,#6296,
#6297,#6298,#6299,#6300,#6301,#6302,#6303,#6304,#6305,#6306,#6307,#6308,
#6309,#6310,#6311,#6312,#6313,#6314,#6315,#6316,#6317,#6318,#6319,#6320,
#6321,#6322,#6323,#6324,#6325,#6326,#6327,#6328,#6329,#6330,#6331,#6332,
#6333,#6334,#6335,#6336,#6337,#6338,#6339,#6340,#6341,#6342,#6343,#6344,
#6345,#6346,#6347,#6348,#6349,#6350,#6351,#6352,#6353,#6354,#6355,#6356,
#6357,#6358,#6359,#6360,#6361,#6362,#6363,#6364,#6365,#6366,#6367,#6368,
#6369,#6370,#6371,#6372,#6373,#6374,#6375,#6376,#6377,#6378,#6379,#6380,
#6381,#6382,#6383,#6384,#6385,#6386,#6387,#6388,#6389,#6390,#6391,#6392,
#6393,#6394,#6395,#6396,#6397,#6398,#6399,#6400,#6401,#6402,#6403,#6404,
#6405,#6406,#6407,#6408,#6409,#6410,#6411,#6412,#6413,#6414,#6415,#6416,
#6417,#6418,#6419,#6420,#6421,#6422,#6423,#6424,#6425,#6426,#6427,#6428,
#6429,#6430,#6431,#6432,#6433,#6434,#6435,#6436,#6437,#6438,#6439,#6440,
#6441,#6442,#6443,#6444,#6445,#6446,#6447,#6448,#6449,#6450,#6451,#6452,
#6453,#6454,#6455,#6456,#6457,#6458,#6459,#6460,#6461,#6462,#6463,#6464,
#6465,#6466,#6467,#6468,#6469,#6470,#6471,#6472,#6473,#6474,#6475,#6476),
 .UNSPECIFIED.,.F.,.F.,(4,2,2,2,2,2,2,2,2,2,2,2,2,2,2,2,2,2,2,2,2,2,2,2,
2,2,2,2,2,2,2,2,2,2,2,2,2,2,2,2,2,2,2,2,2,2,2,2,2,2,2,2,2,2,2,2,2,2,2,2,
2,2,2,2,2,2,2,2,2,2,2,2,2,2,2,2,2,2,2,2,2,2,2,2,2,2,2,2,2,2,2,2,2,2,2,2,
2,2,2,2,2,2,2,2,2,2,2,2,2,2,2,2,2,2,2,2,2,2,2,2,2,2,2,2,2,2,2,2,2,2,2,2,
2,2,2,2,2,2,2,2,2,2,2,2,2,2,2,2,2,2,2,2,2,2,2,2,2,2,2,2,2,2,2,2,2,2,2,2,
2,2,2,2,2,2,2,2,4),(0.000141095692901761,0.0602503388059211,0.107418362918019,
0.201285216659709,0.26650143972537,0.303561586800892,0.367195147003888,
0.403187635671618,0.432788627055915,0.517779186599,0.582152166451626,0.65017353057846,
0.684130933084053,0.709935078602367,0.743691570965929,0.798520530890071,
0.856306547104209,0.947850538419266,0.984572643647967,1.01114111547817,
1.08669277156722,1.12061147675871,1.16327915464804,1.25982879411228,1.30650351005499,
1.34955351257921,1.40841188636412,1.44674033452448,1.53432912869607,1.5720919302305,
1.6072284469289,1.69945140441395,1.75238085402712,1.79467737856378,1.84842648806522,
1.88244488984598,1.91523078169803,1.99642383112396,2.0592925604341,2.12653535339068,
2.16041945521404,2.1860862915235,2.21939053234136,2.27412901030434,2.3317098078485,
2.42237191039005,2.45914775357359,2.48563607047379,2.56116023588777,2.59492749610551,
2.6375570506941,2.73363795702864,2.76533616904507,2.79716585802793,2.87060185413685,
2.90375453370452,2.93732417549075,3.01364309273008,3.06106357197485,3.11296269145534,
3.18327345813146,3.23053567498892,3.29831562474776,3.35085341329781,3.37783703134748,
3.43652282898599,3.51831913590254,3.57142514425668,3.60816121321578,3.63926182927731,
3.66405522659098,3.70419521362849,3.75771548099733,3.81610063484227,3.91092550584442,
3.95198141199369,3.97814509852373,4.0461373551162,4.0882939447431,4.14744580232498,
4.22484500293178,4.26268392781922,4.31557007321719,4.36584757553482,4.40189359476924,
4.44696460420783,4.5065430549945,4.54581345649849,4.573646734062,4.64149651825284,
4.7021836996416,4.74150119769943,4.79987227180833,4.83519361909342,4.86701136419809,
4.99747876922883,5.0506121133821,5.10216411927028,5.13473608486907,5.16190852139982,
5.20089094385127,5.26486726123836,5.33242439874715,5.4164873712371,5.44311539285136,
5.48396874685956,5.56704204671616,5.62207660301671,5.71433488945209,5.74751312081483,
5.77955103267628,5.85527810326804,5.88907159727268,5.9225745652923,5.99964191783631,
6.03459186656936,6.07060885900853,6.16127606782183,6.2013561581024,6.23326709871058,
6.3136338002264,6.34130759134347,6.3812876528877,6.46737592438855,6.52109942743165,
6.56980941101397,6.61162960812606,6.63590340152503,6.66557920178557,6.70129970436122,
6.75933241156485,6.83697709836924,6.89513736061346,6.92266875857643,6.96118316855337,
7.0264902496685,7.0662078824833,7.11200723681208,7.1959595312453,7.22867586629022,
7.2615705648657,7.33708439751602,7.37051604944942,7.40509261168687,7.48193351152889,
7.51653766325011,7.55683667181806,7.66303936679568,7.701853710528,7.75710699440111,
7.79399781332353,7.82235805074815,7.86584590452394,7.94742246189556,8.00098442027801,
8.04978507876179,8.09079292631975,8.11508114840533,8.14489700403787,8.18189543126223,
8.23980647240977,8.31878255962419,8.37178028735423,8.40034502067999,8.43678978199464,
8.50224588469599,8.54147537921624,8.62347833244655,8.6922423297139,8.73025540786954,
8.79053928956063,8.83360810078276,8.87265293598923,8.93217907168022,8.97829377630924,
9.02806835896716,9.09941007760986),.UNSPECIFIED.);
#199=LINE('',#995,#249);
#200=LINE('',#1140,#250);
#201=LINE('',#1346,#251);
#202=LINE('',#1552,#252);
#203=LINE('',#1713,#253);
#204=LINE('',#1838,#254);
#205=LINE('',#1952,#255);
#206=LINE('',#2066,#256);
#207=LINE('',#2193,#257);
#208=LINE('',#2352,#258);
#209=LINE('',#2466,#259);
#210=LINE('',#2580,#260);
#211=LINE('',#2707,#261);
#212=LINE('',#2866,#262);
#213=LINE('',#2980,#263);
#214=LINE('',#3094,#264);
#215=LINE('',#3223,#265);
#216=LINE('',#3370,#266);
#217=LINE('',#3484,#267);
#218=LINE('',#3598,#268);
#219=LINE('',#3602,#269);
#220=LINE('',#3696,#270);
#221=LINE('',#3698,#271);
#222=LINE('',#3700,#272);
#223=LINE('',#3702,#273);
#224=LINE('',#3704,#274);
#225=LINE('',#3705,#275);
#226=LINE('',#3708,#276);
#227=LINE('',#3710,#277);
#228=LINE('',#3711,#278);
#229=LINE('',#3714,#279);
#230=LINE('',#3715,#280);
#231=LINE('',#3718,#281);
#232=LINE('',#3719,#282);
#233=LINE('',#3722,#283);
#234=LINE('',#3723,#284);
#235=LINE('',#3726,#285);
#236=LINE('',#3727,#286);
#237=LINE('',#3729,#287);
#238=LINE('',#3735,#288);
#239=LINE('',#3741,#289);
#240=LINE('',#3745,#290);
#241=LINE('',#4232,#291);
#242=LINE('',#4501,#292);
#243=LINE('',#4771,#293);
#244=LINE('',#5174,#294);
#245=LINE('',#5578,#295);
#246=LINE('',#5982,#296);
#247=LINE('',#6745,#297);
#248=LINE('',#7014,#298);
#249=VECTOR('',#855,3.7);
#250=VECTOR('',#860,3.7);
#251=VECTOR('',#863,3.7);
#252=VECTOR('',#866,3.7);
#253=VECTOR('',#869,3.7);
#254=VECTOR('',#872,3.7);
#255=VECTOR('',#875,3.7);
#256=VECTOR('',#878,3.7);
#257=VECTOR('',#881,3.7);
#258=VECTOR('',#884,3.7);
#259=VECTOR('',#887,3.7);
#260=VECTOR('',#890,3.7);
#261=VECTOR('',#893,3.7);
#262=VECTOR('',#896,3.7);
#263=VECTOR('',#899,3.7);
#264=VECTOR('',#902,3.7);
#265=VECTOR('',#905,3.7);
#266=VECTOR('',#908,3.7);
#267=VECTOR('',#911,3.7);
#268=VECTOR('',#914,3.7);
#269=VECTOR('',#917,1.);
#270=VECTOR('',#922,3.544930652824);
#271=VECTOR('',#923,3.54493065282388);
#272=VECTOR('',#924,3.54493065282388);
#273=VECTOR('',#925,3.544930652824);
#274=VECTOR('',#926,3.54493065282388);
#275=VECTOR('',#927,3.54493065282388);
#276=VECTOR('',#930,4.);
#277=VECTOR('',#931,3.544930652824);
#278=VECTOR('',#932,4.);
#279=VECTOR('',#935,3.54493065282388);
#280=VECTOR('',#936,4.);
#281=VECTOR('',#939,3.54493065282388);
#282=VECTOR('',#940,4.);
#283=VECTOR('',#943,3.544930652824);
#284=VECTOR('',#944,4.);
#285=VECTOR('',#947,3.54493065282388);
#286=VECTOR('',#948,4.);
#287=VECTOR('',#951,3.54493065282388);
#288=VECTOR('',#958,6.349999999851);
#289=VECTOR('',#965,6.5);
#290=VECTOR('',#970,6.349999999851);
#291=VECTOR('',#981,0.58309518948447);
#292=VECTOR('',#982,0.58309518948447);
#293=VECTOR('',#983,0.58309518948447);
#294=VECTOR('',#984,0.58309518948447);
#295=VECTOR('',#985,0.58309518948447);
#296=VECTOR('',#986,0.58309518948447);
#297=VECTOR('',#987,0.58309518948447);
#298=VECTOR('',#988,0.58309518948447);
#299=VERTEX_POINT('',#993);
#300=VERTEX_POINT('',#994);
#301=VERTEX_POINT('',#996);
#302=VERTEX_POINT('',#1103);
#303=VERTEX_POINT('',#1138);
#304=VERTEX_POINT('',#1139);
#305=VERTEX_POINT('',#1344);
#306=VERTEX_POINT('',#1345);
#307=VERTEX_POINT('',#1550);
#308=VERTEX_POINT('',#1551);
#309=VERTEX_POINT('',#1553);
#310=VERTEX_POINT('',#1711);
#311=VERTEX_POINT('',#1712);
#312=VERTEX_POINT('',#1770);
#313=VERTEX_POINT('',#1836);
#314=VERTEX_POINT('',#1837);
#315=VERTEX_POINT('',#1950);
#316=VERTEX_POINT('',#1951);
#317=VERTEX_POINT('',#2064);
#318=VERTEX_POINT('',#2065);
#319=VERTEX_POINT('',#2067);
#320=VERTEX_POINT('',#2191);
#321=VERTEX_POINT('',#2192);
#322=VERTEX_POINT('',#2278);
#323=VERTEX_POINT('',#2350);
#324=VERTEX_POINT('',#2351);
#325=VERTEX_POINT('',#2464);
#326=VERTEX_POINT('',#2465);
#327=VERTEX_POINT('',#2578);
#328=VERTEX_POINT('',#2579);
#329=VERTEX_POINT('',#2581);
#330=VERTEX_POINT('',#2705);
#331=VERTEX_POINT('',#2706);
#332=VERTEX_POINT('',#2792);
#333=VERTEX_POINT('',#2864);
#334=VERTEX_POINT('',#2865);
#335=VERTEX_POINT('',#2978);
#336=VERTEX_POINT('',#2979);
#337=VERTEX_POINT('',#3092);
#338=VERTEX_POINT('',#3093);
#339=VERTEX_POINT('',#3095);
#340=VERTEX_POINT('',#3221);
#341=VERTEX_POINT('',#3222);
#342=VERTEX_POINT('',#3296);
#343=VERTEX_POINT('',#3368);
#344=VERTEX_POINT('',#3369);
#345=VERTEX_POINT('',#3482);
#346=VERTEX_POINT('',#3483);
#347=VERTEX_POINT('',#3596);
#348=VERTEX_POINT('',#3597);
#349=VERTEX_POINT('',#3599);
#350=VERTEX_POINT('',#3601);
#351=VERTEX_POINT('',#3692);
#352=VERTEX_POINT('',#3694);
#353=VERTEX_POINT('',#3695);
#354=VERTEX_POINT('',#3697);
#355=VERTEX_POINT('',#3699);
#356=VERTEX_POINT('',#3701);
#357=VERTEX_POINT('',#3703);
#358=VERTEX_POINT('',#3707);
#359=VERTEX_POINT('',#3709);
#360=VERTEX_POINT('',#3713);
#361=VERTEX_POINT('',#3717);
#362=VERTEX_POINT('',#3721);
#363=VERTEX_POINT('',#3725);
#364=VERTEX_POINT('',#3732);
#365=VERTEX_POINT('',#3733);
#366=VERTEX_POINT('',#3738);
#367=VERTEX_POINT('',#3739);
#368=VERTEX_POINT('',#3744);
#369=VERTEX_POINT('',#3748);
#370=VERTEX_POINT('',#3816);
#371=VERTEX_POINT('',#4097);
#372=VERTEX_POINT('',#4770);
#373=VERTEX_POINT('',#5443);
#374=VERTEX_POINT('',#5847);
#375=EDGE_CURVE('',#299,#300,#199,.T.);
#376=EDGE_CURVE('',#301,#299,#141,.F.);
#377=EDGE_CURVE('',#301,#302,#132,.T.);
#378=EDGE_CURVE('',#300,#302,#142,.F.);
#379=EDGE_CURVE('',#303,#304,#200,.T.);
#380=EDGE_CURVE('',#299,#303,#143,.F.);
#381=EDGE_CURVE('',#304,#300,#144,.F.);
#382=EDGE_CURVE('',#305,#306,#201,.T.);
#383=EDGE_CURVE('',#303,#305,#145,.F.);
#384=EDGE_CURVE('',#306,#304,#146,.F.);
#385=EDGE_CURVE('',#307,#308,#202,.T.);
#386=EDGE_CURVE('',#307,#309,#147,.T.);
#387=EDGE_CURVE('',#305,#309,#148,.F.);
#388=EDGE_CURVE('',#308,#306,#149,.F.);
#389=EDGE_CURVE('',#310,#311,#203,.T.);
#390=EDGE_CURVE('',#310,#307,#150,.T.);
#391=EDGE_CURVE('',#312,#308,#151,.F.);
#392=EDGE_CURVE('',#311,#312,#152,.F.);
#393=EDGE_CURVE('',#313,#314,#204,.T.);
#394=EDGE_CURVE('',#313,#310,#153,.T.);
#395=EDGE_CURVE('',#314,#311,#154,.F.);
#396=EDGE_CURVE('',#315,#316,#205,.T.);
#397=EDGE_CURVE('',#315,#313,#155,.T.);
#398=EDGE_CURVE('',#316,#314,#156,.F.);
#399=EDGE_CURVE('',#317,#318,#206,.T.);
#400=EDGE_CURVE('',#319,#317,#157,.F.);
#401=EDGE_CURVE('',#319,#315,#158,.T.);
#402=EDGE_CURVE('',#318,#316,#159,.F.);
#403=EDGE_CURVE('',#320,#321,#207,.T.);
#404=EDGE_CURVE('',#317,#320,#160,.F.);
#405=EDGE_CURVE('',#322,#318,#161,.F.);
#406=EDGE_CURVE('',#321,#322,#162,.F.);
#407=EDGE_CURVE('',#323,#324,#208,.T.);
#408=EDGE_CURVE('',#320,#323,#163,.F.);
#409=EDGE_CURVE('',#324,#321,#164,.F.);
#410=EDGE_CURVE('',#325,#326,#209,.T.);
#411=EDGE_CURVE('',#323,#325,#165,.F.);
#412=EDGE_CURVE('',#326,#324,#166,.F.);
#413=EDGE_CURVE('',#327,#328,#210,.T.);
#414=EDGE_CURVE('',#329,#327,#167,.F.);
#415=EDGE_CURVE('',#325,#329,#168,.F.);
#416=EDGE_CURVE('',#328,#326,#169,.F.);
#417=EDGE_CURVE('',#330,#331,#211,.T.);
#418=EDGE_CURVE('',#327,#330,#170,.F.);
#419=EDGE_CURVE('',#332,#328,#171,.F.);
#420=EDGE_CURVE('',#331,#332,#172,.F.);
#421=EDGE_CURVE('',#333,#334,#212,.T.);
#422=EDGE_CURVE('',#330,#333,#173,.F.);
#423=EDGE_CURVE('',#334,#331,#174,.F.);
#424=EDGE_CURVE('',#335,#336,#213,.T.);
#425=EDGE_CURVE('',#333,#335,#175,.F.);
#426=EDGE_CURVE('',#336,#334,#176,.F.);
#427=EDGE_CURVE('',#337,#338,#214,.T.);
#428=EDGE_CURVE('',#339,#337,#177,.F.);
#429=EDGE_CURVE('',#335,#339,#178,.F.);
#430=EDGE_CURVE('',#338,#336,#179,.F.);
#431=EDGE_CURVE('',#340,#341,#215,.T.);
#432=EDGE_CURVE('',#337,#340,#180,.F.);
#433=EDGE_CURVE('',#342,#338,#181,.F.);
#434=EDGE_CURVE('',#341,#342,#182,.F.);
#435=EDGE_CURVE('',#343,#344,#216,.T.);
#436=EDGE_CURVE('',#340,#343,#183,.F.);
#437=EDGE_CURVE('',#344,#341,#184,.F.);
#438=EDGE_CURVE('',#345,#346,#217,.T.);
#439=EDGE_CURVE('',#343,#345,#185,.F.);
#440=EDGE_CURVE('',#346,#344,#186,.F.);
#441=EDGE_CURVE('',#347,#348,#218,.T.);
#442=EDGE_CURVE('',#349,#347,#133,.T.);
#443=EDGE_CURVE('',#350,#349,#219,.T.);
#444=EDGE_CURVE('',#345,#350,#187,.F.);
#445=EDGE_CURVE('',#348,#346,#188,.F.);
#446=EDGE_CURVE('',#351,#351,#134,.T.);
#447=EDGE_CURVE('',#352,#353,#220,.T.);
#448=EDGE_CURVE('',#354,#352,#221,.T.);
#449=EDGE_CURVE('',#355,#354,#222,.T.);
#450=EDGE_CURVE('',#356,#355,#223,.T.);
#451=EDGE_CURVE('',#357,#356,#224,.T.);
#452=EDGE_CURVE('',#353,#357,#225,.T.);
#453=EDGE_CURVE('',#353,#358,#226,.T.);
#454=EDGE_CURVE('',#359,#358,#227,.T.);
#455=EDGE_CURVE('',#352,#359,#228,.T.);
#456=EDGE_CURVE('',#360,#359,#229,.T.);
#457=EDGE_CURVE('',#354,#360,#230,.T.);
#458=EDGE_CURVE('',#361,#360,#231,.T.);
#459=EDGE_CURVE('',#355,#361,#232,.T.);
#460=EDGE_CURVE('',#362,#361,#233,.T.);
#461=EDGE_CURVE('',#356,#362,#234,.T.);
#462=EDGE_CURVE('',#363,#362,#235,.T.);
#463=EDGE_CURVE('',#357,#363,#236,.T.);
#464=EDGE_CURVE('',#358,#363,#237,.T.);
#465=EDGE_CURVE('',#364,#365,#135,.T.);
#466=EDGE_CURVE('',#365,#351,#238,.T.);
#467=EDGE_CURVE('',#365,#364,#136,.T.);
#468=EDGE_CURVE('',#366,#367,#137,.T.);
#469=EDGE_CURVE('',#366,#364,#239,.T.);
#470=EDGE_CURVE('',#367,#366,#138,.T.);
#471=EDGE_CURVE('',#367,#368,#240,.T.);
#472=EDGE_CURVE('',#368,#368,#139,.T.);
#473=EDGE_CURVE('',#369,#301,#189,.T.);
#474=EDGE_CURVE('',#302,#369,#190,.T.);
#475=EDGE_CURVE('',#349,#348,#191,.F.);
#476=EDGE_CURVE('',#347,#349,#140,.T.);
#477=EDGE_CURVE('',#370,#349,#192,.T.);
#478=EDGE_CURVE('',#350,#370,#193,.T.);
#479=EDGE_CURVE('',#370,#371,#194,.T.);
#480=EDGE_CURVE('',#339,#371,#241,.T.);
#481=EDGE_CURVE('',#371,#342,#242,.T.);
#482=EDGE_CURVE('',#372,#332,#243,.T.);
#483=EDGE_CURVE('',#371,#372,#195,.T.);
#484=EDGE_CURVE('',#329,#372,#244,.T.);
#485=EDGE_CURVE('',#372,#373,#196,.T.);
#486=EDGE_CURVE('',#319,#373,#245,.T.);
#487=EDGE_CURVE('',#373,#374,#197,.T.);
#488=EDGE_CURVE('',#309,#374,#246,.T.);
#489=EDGE_CURVE('',#374,#369,#198,.T.);
#490=EDGE_CURVE('',#374,#312,#247,.T.);
#491=EDGE_CURVE('',#373,#322,#248,.T.);
#492=ORIENTED_EDGE('',*,*,#375,.F.);
#493=ORIENTED_EDGE('',*,*,#376,.F.);
#494=ORIENTED_EDGE('',*,*,#377,.T.);
#495=ORIENTED_EDGE('',*,*,#378,.F.);
#496=ORIENTED_EDGE('',*,*,#379,.F.);
#497=ORIENTED_EDGE('',*,*,#380,.F.);
#498=ORIENTED_EDGE('',*,*,#375,.T.);
#499=ORIENTED_EDGE('',*,*,#381,.F.);
#500=ORIENTED_EDGE('',*,*,#382,.F.);
#501=ORIENTED_EDGE('',*,*,#383,.F.);
#502=ORIENTED_EDGE('',*,*,#379,.T.);
#503=ORIENTED_EDGE('',*,*,#384,.F.);
#504=ORIENTED_EDGE('',*,*,#385,.F.);
#505=ORIENTED_EDGE('',*,*,#386,.T.);
#506=ORIENTED_EDGE('',*,*,#387,.F.);
#507=ORIENTED_EDGE('',*,*,#382,.T.);
#508=ORIENTED_EDGE('',*,*,#388,.F.);
#509=ORIENTED_EDGE('',*,*,#389,.F.);
#510=ORIENTED_EDGE('',*,*,#390,.T.);
#511=ORIENTED_EDGE('',*,*,#385,.T.);
#512=ORIENTED_EDGE('',*,*,#391,.F.);
#513=ORIENTED_EDGE('',*,*,#392,.F.);
#514=ORIENTED_EDGE('',*,*,#393,.F.);
#515=ORIENTED_EDGE('',*,*,#394,.T.);
#516=ORIENTED_EDGE('',*,*,#389,.T.);
#517=ORIENTED_EDGE('',*,*,#395,.F.);
#518=ORIENTED_EDGE('',*,*,#396,.F.);
#519=ORIENTED_EDGE('',*,*,#397,.T.);
#520=ORIENTED_EDGE('',*,*,#393,.T.);
#521=ORIENTED_EDGE('',*,*,#398,.F.);
#522=ORIENTED_EDGE('',*,*,#399,.F.);
#523=ORIENTED_EDGE('',*,*,#400,.F.);
#524=ORIENTED_EDGE('',*,*,#401,.T.);
#525=ORIENTED_EDGE('',*,*,#396,.T.);
#526=ORIENTED_EDGE('',*,*,#402,.F.);
#527=ORIENTED_EDGE('',*,*,#403,.F.);
#528=ORIENTED_EDGE('',*,*,#404,.F.);
#529=ORIENTED_EDGE('',*,*,#399,.T.);
#530=ORIENTED_EDGE('',*,*,#405,.F.);
#531=ORIENTED_EDGE('',*,*,#406,.F.);
#532=ORIENTED_EDGE('',*,*,#407,.F.);
#533=ORIENTED_EDGE('',*,*,#408,.F.);
#534=ORIENTED_EDGE('',*,*,#403,.T.);
#535=ORIENTED_EDGE('',*,*,#409,.F.);
#536=ORIENTED_EDGE('',*,*,#410,.F.);
#537=ORIENTED_EDGE('',*,*,#411,.F.);
#538=ORIENTED_EDGE('',*,*,#407,.T.);
#539=ORIENTED_EDGE('',*,*,#412,.F.);
#540=ORIENTED_EDGE('',*,*,#413,.F.);
#541=ORIENTED_EDGE('',*,*,#414,.F.);
#542=ORIENTED_EDGE('',*,*,#415,.F.);
#543=ORIENTED_EDGE('',*,*,#410,.T.);
#544=ORIENTED_EDGE('',*,*,#416,.F.);
#545=ORIENTED_EDGE('',*,*,#417,.F.);
#546=ORIENTED_EDGE('',*,*,#418,.F.);
#547=ORIENTED_EDGE('',*,*,#413,.T.);
#548=ORIENTED_EDGE('',*,*,#419,.F.);
#549=ORIENTED_EDGE('',*,*,#420,.F.);
#550=ORIENTED_EDGE('',*,*,#421,.F.);
#551=ORIENTED_EDGE('',*,*,#422,.F.);
#552=ORIENTED_EDGE('',*,*,#417,.T.);
#553=ORIENTED_EDGE('',*,*,#423,.F.);
#554=ORIENTED_EDGE('',*,*,#424,.F.);
#555=ORIENTED_EDGE('',*,*,#425,.F.);
#556=ORIENTED_EDGE('',*,*,#421,.T.);
#557=ORIENTED_EDGE('',*,*,#426,.F.);
#558=ORIENTED_EDGE('',*,*,#427,.F.);
#559=ORIENTED_EDGE('',*,*,#428,.F.);
#560=ORIENTED_EDGE('',*,*,#429,.F.);
#561=ORIENTED_EDGE('',*,*,#424,.T.);
#562=ORIENTED_EDGE('',*,*,#430,.F.);
#563=ORIENTED_EDGE('',*,*,#431,.F.);
#564=ORIENTED_EDGE('',*,*,#432,.F.);
#565=ORIENTED_EDGE('',*,*,#427,.T.);
#566=ORIENTED_EDGE('',*,*,#433,.F.);
#567=ORIENTED_EDGE('',*,*,#434,.F.);
#568=ORIENTED_EDGE('',*,*,#435,.F.);
#569=ORIENTED_EDGE('',*,*,#436,.F.);
#570=ORIENTED_EDGE('',*,*,#431,.T.);
#571=ORIENTED_EDGE('',*,*,#437,.F.);
#572=ORIENTED_EDGE('',*,*,#438,.F.);
#573=ORIENTED_EDGE('',*,*,#439,.F.);
#574=ORIENTED_EDGE('',*,*,#435,.T.);
#575=ORIENTED_EDGE('',*,*,#440,.F.);
#576=ORIENTED_EDGE('',*,*,#441,.F.);
#577=ORIENTED_EDGE('',*,*,#442,.F.);
#578=ORIENTED_EDGE('',*,*,#443,.F.);
#579=ORIENTED_EDGE('',*,*,#444,.F.);
#580=ORIENTED_EDGE('',*,*,#438,.T.);
#581=ORIENTED_EDGE('',*,*,#445,.F.);
#582=ORIENTED_EDGE('',*,*,#446,.T.);
#583=ORIENTED_EDGE('',*,*,#447,.F.);
#584=ORIENTED_EDGE('',*,*,#448,.F.);
#585=ORIENTED_EDGE('',*,*,#449,.F.);
#586=ORIENTED_EDGE('',*,*,#450,.F.);
#587=ORIENTED_EDGE('',*,*,#451,.F.);
#588=ORIENTED_EDGE('',*,*,#452,.F.);
#589=ORIENTED_EDGE('',*,*,#447,.T.);
#590=ORIENTED_EDGE('',*,*,#453,.T.);
#591=ORIENTED_EDGE('',*,*,#454,.F.);
#592=ORIENTED_EDGE('',*,*,#455,.F.);
#593=ORIENTED_EDGE('',*,*,#448,.T.);
#594=ORIENTED_EDGE('',*,*,#455,.T.);
#595=ORIENTED_EDGE('',*,*,#456,.F.);
#596=ORIENTED_EDGE('',*,*,#457,.F.);
#597=ORIENTED_EDGE('',*,*,#449,.T.);
#598=ORIENTED_EDGE('',*,*,#457,.T.);
#599=ORIENTED_EDGE('',*,*,#458,.F.);
#600=ORIENTED_EDGE('',*,*,#459,.F.);
#601=ORIENTED_EDGE('',*,*,#450,.T.);
#602=ORIENTED_EDGE('',*,*,#459,.T.);
#603=ORIENTED_EDGE('',*,*,#460,.F.);
#604=ORIENTED_EDGE('',*,*,#461,.F.);
#605=ORIENTED_EDGE('',*,*,#451,.T.);
#606=ORIENTED_EDGE('',*,*,#461,.T.);
#607=ORIENTED_EDGE('',*,*,#462,.F.);
#608=ORIENTED_EDGE('',*,*,#463,.F.);
#609=ORIENTED_EDGE('',*,*,#452,.T.);
#610=ORIENTED_EDGE('',*,*,#463,.T.);
#611=ORIENTED_EDGE('',*,*,#464,.F.);
#612=ORIENTED_EDGE('',*,*,#453,.F.);
#613=ORIENTED_EDGE('',*,*,#454,.T.);
#614=ORIENTED_EDGE('',*,*,#464,.T.);
#615=ORIENTED_EDGE('',*,*,#462,.T.);
#616=ORIENTED_EDGE('',*,*,#460,.T.);
#617=ORIENTED_EDGE('',*,*,#458,.T.);
#618=ORIENTED_EDGE('',*,*,#456,.T.);
#619=ORIENTED_EDGE('',*,*,#465,.T.);
#620=ORIENTED_EDGE('',*,*,#466,.T.);
#621=ORIENTED_EDGE('',*,*,#446,.F.);
#622=ORIENTED_EDGE('',*,*,#466,.F.);
#623=ORIENTED_EDGE('',*,*,#467,.T.);
#624=ORIENTED_EDGE('',*,*,#468,.F.);
#625=ORIENTED_EDGE('',*,*,#469,.T.);
#626=ORIENTED_EDGE('',*,*,#467,.F.);
#627=ORIENTED_EDGE('',*,*,#465,.F.);
#628=ORIENTED_EDGE('',*,*,#469,.F.);
#629=ORIENTED_EDGE('',*,*,#470,.F.);
#630=ORIENTED_EDGE('',*,*,#468,.T.);
#631=ORIENTED_EDGE('',*,*,#471,.T.);
#632=ORIENTED_EDGE('',*,*,#472,.F.);
#633=ORIENTED_EDGE('',*,*,#471,.F.);
#634=ORIENTED_EDGE('',*,*,#470,.T.);
#635=ORIENTED_EDGE('',*,*,#472,.T.);
#636=ORIENTED_EDGE('',*,*,#377,.F.);
#637=ORIENTED_EDGE('',*,*,#473,.F.);
#638=ORIENTED_EDGE('',*,*,#474,.F.);
#639=ORIENTED_EDGE('',*,*,#441,.T.);
#640=ORIENTED_EDGE('',*,*,#475,.F.);
#641=ORIENTED_EDGE('',*,*,#476,.F.);
#642=ORIENTED_EDGE('',*,*,#443,.T.);
#643=ORIENTED_EDGE('',*,*,#477,.F.);
#644=ORIENTED_EDGE('',*,*,#478,.F.);
#645=ORIENTED_EDGE('',*,*,#428,.T.);
#646=ORIENTED_EDGE('',*,*,#432,.T.);
#647=ORIENTED_EDGE('',*,*,#436,.T.);
#648=ORIENTED_EDGE('',*,*,#439,.T.);
#649=ORIENTED_EDGE('',*,*,#444,.T.);
#650=ORIENTED_EDGE('',*,*,#478,.T.);
#651=ORIENTED_EDGE('',*,*,#479,.T.);
#652=ORIENTED_EDGE('',*,*,#480,.F.);
#653=ORIENTED_EDGE('',*,*,#475,.T.);
#654=ORIENTED_EDGE('',*,*,#445,.T.);
#655=ORIENTED_EDGE('',*,*,#440,.T.);
#656=ORIENTED_EDGE('',*,*,#437,.T.);
#657=ORIENTED_EDGE('',*,*,#434,.T.);
#658=ORIENTED_EDGE('',*,*,#481,.F.);
#659=ORIENTED_EDGE('',*,*,#479,.F.);
#660=ORIENTED_EDGE('',*,*,#477,.T.);
#661=ORIENTED_EDGE('',*,*,#433,.T.);
#662=ORIENTED_EDGE('',*,*,#430,.T.);
#663=ORIENTED_EDGE('',*,*,#426,.T.);
#664=ORIENTED_EDGE('',*,*,#423,.T.);
#665=ORIENTED_EDGE('',*,*,#420,.T.);
#666=ORIENTED_EDGE('',*,*,#482,.F.);
#667=ORIENTED_EDGE('',*,*,#483,.F.);
#668=ORIENTED_EDGE('',*,*,#481,.T.);
#669=ORIENTED_EDGE('',*,*,#414,.T.);
#670=ORIENTED_EDGE('',*,*,#418,.T.);
#671=ORIENTED_EDGE('',*,*,#422,.T.);
#672=ORIENTED_EDGE('',*,*,#425,.T.);
#673=ORIENTED_EDGE('',*,*,#429,.T.);
#674=ORIENTED_EDGE('',*,*,#480,.T.);
#675=ORIENTED_EDGE('',*,*,#483,.T.);
#676=ORIENTED_EDGE('',*,*,#484,.F.);
#677=ORIENTED_EDGE('',*,*,#400,.T.);
#678=ORIENTED_EDGE('',*,*,#404,.T.);
#679=ORIENTED_EDGE('',*,*,#408,.T.);
#680=ORIENTED_EDGE('',*,*,#411,.T.);
#681=ORIENTED_EDGE('',*,*,#415,.T.);
#682=ORIENTED_EDGE('',*,*,#484,.T.);
#683=ORIENTED_EDGE('',*,*,#485,.T.);
#684=ORIENTED_EDGE('',*,*,#486,.F.);
#685=ORIENTED_EDGE('',*,*,#401,.F.);
#686=ORIENTED_EDGE('',*,*,#486,.T.);
#687=ORIENTED_EDGE('',*,*,#487,.T.);
#688=ORIENTED_EDGE('',*,*,#488,.F.);
#689=ORIENTED_EDGE('',*,*,#386,.F.);
#690=ORIENTED_EDGE('',*,*,#390,.F.);
#691=ORIENTED_EDGE('',*,*,#394,.F.);
#692=ORIENTED_EDGE('',*,*,#397,.F.);
#693=ORIENTED_EDGE('',*,*,#473,.T.);
#694=ORIENTED_EDGE('',*,*,#376,.T.);
#695=ORIENTED_EDGE('',*,*,#380,.T.);
#696=ORIENTED_EDGE('',*,*,#383,.T.);
#697=ORIENTED_EDGE('',*,*,#387,.T.);
#698=ORIENTED_EDGE('',*,*,#488,.T.);
#699=ORIENTED_EDGE('',*,*,#489,.T.);
#700=ORIENTED_EDGE('',*,*,#474,.T.);
#701=ORIENTED_EDGE('',*,*,#489,.F.);
#702=ORIENTED_EDGE('',*,*,#490,.T.);
#703=ORIENTED_EDGE('',*,*,#391,.T.);
#704=ORIENTED_EDGE('',*,*,#388,.T.);
#705=ORIENTED_EDGE('',*,*,#384,.T.);
#706=ORIENTED_EDGE('',*,*,#381,.T.);
#707=ORIENTED_EDGE('',*,*,#378,.T.);
#708=ORIENTED_EDGE('',*,*,#405,.T.);
#709=ORIENTED_EDGE('',*,*,#402,.T.);
#710=ORIENTED_EDGE('',*,*,#398,.T.);
#711=ORIENTED_EDGE('',*,*,#395,.T.);
#712=ORIENTED_EDGE('',*,*,#392,.T.);
#713=ORIENTED_EDGE('',*,*,#490,.F.);
#714=ORIENTED_EDGE('',*,*,#487,.F.);
#715=ORIENTED_EDGE('',*,*,#491,.T.);
#716=ORIENTED_EDGE('',*,*,#419,.T.);
#717=ORIENTED_EDGE('',*,*,#416,.T.);
#718=ORIENTED_EDGE('',*,*,#412,.T.);
#719=ORIENTED_EDGE('',*,*,#409,.T.);
#720=ORIENTED_EDGE('',*,*,#406,.T.);
#721=ORIENTED_EDGE('',*,*,#491,.F.);
#722=ORIENTED_EDGE('',*,*,#485,.F.);
#723=ORIENTED_EDGE('',*,*,#482,.T.);
#724=ORIENTED_EDGE('',*,*,#442,.T.);
#725=ORIENTED_EDGE('',*,*,#476,.T.);
#726=CYLINDRICAL_SURFACE('',#807,3.7);
#727=CYLINDRICAL_SURFACE('',#809,3.7);
#728=CYLINDRICAL_SURFACE('',#810,3.7);
#729=CYLINDRICAL_SURFACE('',#811,3.7);
#730=CYLINDRICAL_SURFACE('',#812,3.7);
#731=CYLINDRICAL_SURFACE('',#813,3.7);
#732=CYLINDRICAL_SURFACE('',#814,3.7);
#733=CYLINDRICAL_SURFACE('',#815,3.7);
#734=CYLINDRICAL_SURFACE('',#816,3.7);
#735=CYLINDRICAL_SURFACE('',#817,3.7);
#736=CYLINDRICAL_SURFACE('',#818,3.7);
#737=CYLINDRICAL_SURFACE('',#819,3.7);
#738=CYLINDRICAL_SURFACE('',#820,3.7);
#739=CYLINDRICAL_SURFACE('',#821,3.7);
#740=CYLINDRICAL_SURFACE('',#822,3.7);
#741=CYLINDRICAL_SURFACE('',#823,3.7);
#742=CYLINDRICAL_SURFACE('',#824,3.7);
#743=CYLINDRICAL_SURFACE('',#825,3.7);
#744=CYLINDRICAL_SURFACE('',#826,3.7);
#745=CYLINDRICAL_SURFACE('',#827,3.7);
#746=CYLINDRICAL_SURFACE('',#841,6.5);
#747=CYLINDRICAL_SURFACE('',#847,3.7);
#748=ADVANCED_FACE('',(#40),#726,.T.);
#749=ADVANCED_FACE('',(#41),#727,.T.);
#750=ADVANCED_FACE('',(#42),#728,.T.);
#751=ADVANCED_FACE('',(#43),#729,.T.);
#752=ADVANCED_FACE('',(#44),#730,.T.);
#753=ADVANCED_FACE('',(#45),#731,.T.);
#754=ADVANCED_FACE('',(#46),#732,.T.);
#755=ADVANCED_FACE('',(#47),#733,.T.);
#756=ADVANCED_FACE('',(#48),#734,.T.);
#757=ADVANCED_FACE('',(#49),#735,.T.);
#758=ADVANCED_FACE('',(#50),#736,.T.);
#759=ADVANCED_FACE('',(#51),#737,.T.);
#760=ADVANCED_FACE('',(#52),#738,.T.);
#761=ADVANCED_FACE('',(#53),#739,.T.);
#762=ADVANCED_FACE('',(#54),#740,.T.);
#763=ADVANCED_FACE('',(#55),#741,.T.);
#764=ADVANCED_FACE('',(#56),#742,.T.);
#765=ADVANCED_FACE('',(#57),#743,.T.);
#766=ADVANCED_FACE('',(#58),#744,.T.);
#767=ADVANCED_FACE('',(#59),#745,.T.);
#768=ADVANCED_FACE('',(#60,#27),#29,.F.);
#769=ADVANCED_FACE('',(#61),#30,.F.);
#770=ADVANCED_FACE('',(#62),#31,.F.);
#771=ADVANCED_FACE('',(#63),#32,.F.);
#772=ADVANCED_FACE('',(#64),#33,.F.);
#773=ADVANCED_FACE('',(#65),#34,.F.);
#774=ADVANCED_FACE('',(#66),#35,.F.);
#775=ADVANCED_FACE('',(#67),#36,.T.);
#776=ADVANCED_FACE('',(#68),#25,.T.);
#777=ADVANCED_FACE('',(#69),#746,.T.);
#778=ADVANCED_FACE('',(#70),#26,.T.);
#779=ADVANCED_FACE('',(#71,#28),#37,.T.);
#780=ADVANCED_FACE('',(#72),#747,.T.);
#781=ADVANCED_FACE('',(#73),#38,.F.);
#782=ADVANCED_FACE('',(#74),#15,.T.);
#783=ADVANCED_FACE('',(#75),#16,.T.);
#784=ADVANCED_FACE('',(#76),#17,.T.);
#785=ADVANCED_FACE('',(#77),#18,.T.);
#786=ADVANCED_FACE('',(#78),#19,.T.);
#787=ADVANCED_FACE('',(#79),#20,.T.);
#788=ADVANCED_FACE('',(#80),#21,.T.);
#789=ADVANCED_FACE('',(#81),#22,.T.);
#790=ADVANCED_FACE('',(#82),#23,.T.);
#791=ADVANCED_FACE('',(#83),#24,.T.);
#792=ADVANCED_FACE('',(#84),#39,.T.);
#793=CLOSED_SHELL('',(#748,#749,#750,#751,#752,#753,#754,#755,#756,#757,
#758,#759,#760,#761,#762,#763,#764,#765,#766,#767,#768,#769,#770,#771,#772,
#773,#774,#775,#776,#777,#778,#779,#780,#781,#782,#783,#784,#785,#786,#787,
#788,#789,#790,#791,#792));
#794=DERIVED_UNIT_ELEMENT(#796,1.);
#795=DERIVED_UNIT_ELEMENT(#7289,-3.);
#796=(
MASS_UNIT()
NAMED_UNIT(*)
SI_UNIT(.KILO.,.GRAM.)
);
#797=DERIVED_UNIT((#794,#795));
#798=MEASURE_REPRESENTATION_ITEM('density measure',
POSITIVE_RATIO_MEASURE(7850.),#797);
#799=PROPERTY_DEFINITION_REPRESENTATION(#804,#801);
#800=PROPERTY_DEFINITION_REPRESENTATION(#805,#802);
#801=REPRESENTATION('material name',(#803),#7286);
#802=REPRESENTATION('density',(#798),#7286);
#803=DESCRIPTIVE_REPRESENTATION_ITEM('Stal','Stal');
#804=PROPERTY_DEFINITION('material property','material name',#7296);
#805=PROPERTY_DEFINITION('material property','density of part',#7296);
#806=AXIS2_PLACEMENT_3D('',#991,#851,#852);
#807=AXIS2_PLACEMENT_3D('',#992,#853,#854);
#808=AXIS2_PLACEMENT_3D('',#1104,#856,#857);
#809=AXIS2_PLACEMENT_3D('',#1137,#858,#859);
#810=AXIS2_PLACEMENT_3D('',#1343,#861,#862);
#811=AXIS2_PLACEMENT_3D('',#1549,#864,#865);
#812=AXIS2_PLACEMENT_3D('',#1710,#867,#868);
#813=AXIS2_PLACEMENT_3D('',#1835,#870,#871);
#814=AXIS2_PLACEMENT_3D('',#1949,#873,#874);
#815=AXIS2_PLACEMENT_3D('',#2063,#876,#877);
#816=AXIS2_PLACEMENT_3D('',#2190,#879,#880);
#817=AXIS2_PLACEMENT_3D('',#2349,#882,#883);
#818=AXIS2_PLACEMENT_3D('',#2463,#885,#886);
#819=AXIS2_PLACEMENT_3D('',#2577,#888,#889);
#820=AXIS2_PLACEMENT_3D('',#2704,#891,#892);
#821=AXIS2_PLACEMENT_3D('',#2863,#894,#895);
#822=AXIS2_PLACEMENT_3D('',#2977,#897,#898);
#823=AXIS2_PLACEMENT_3D('',#3091,#900,#901);
#824=AXIS2_PLACEMENT_3D('',#3220,#903,#904);
#825=AXIS2_PLACEMENT_3D('',#3367,#906,#907);
#826=AXIS2_PLACEMENT_3D('',#3481,#909,#910);
#827=AXIS2_PLACEMENT_3D('',#3595,#912,#913);
#828=AXIS2_PLACEMENT_3D('',#3600,#915,#916);
#829=AXIS2_PLACEMENT_3D('',#3691,#918,#919);
#830=AXIS2_PLACEMENT_3D('',#3693,#920,#921);
#831=AXIS2_PLACEMENT_3D('',#3706,#928,#929);
#832=AXIS2_PLACEMENT_3D('',#3712,#933,#934);
#833=AXIS2_PLACEMENT_3D('',#3716,#937,#938);
#834=AXIS2_PLACEMENT_3D('',#3720,#941,#942);
#835=AXIS2_PLACEMENT_3D('',#3724,#945,#946);
#836=AXIS2_PLACEMENT_3D('',#3728,#949,#950);
#837=AXIS2_PLACEMENT_3D('',#3730,#952,#953);
#838=AXIS2_PLACEMENT_3D('',#3731,#954,#955);
#839=AXIS2_PLACEMENT_3D('',#3734,#956,#957);
#840=AXIS2_PLACEMENT_3D('',#3736,#959,#960);
#841=AXIS2_PLACEMENT_3D('',#3737,#961,#962);
#842=AXIS2_PLACEMENT_3D('',#3740,#963,#964);
#843=AXIS2_PLACEMENT_3D('',#3742,#966,#967);
#844=AXIS2_PLACEMENT_3D('',#3743,#968,#969);
#845=AXIS2_PLACEMENT_3D('',#3746,#971,#972);
#846=AXIS2_PLACEMENT_3D('',#3747,#973,#974);
#847=AXIS2_PLACEMENT_3D('',#3781,#975,#976);
#848=AXIS2_PLACEMENT_3D('',#3814,#977,#978);
#849=AXIS2_PLACEMENT_3D('',#3815,#979,#980);
#850=AXIS2_PLACEMENT_3D('',#7283,#989,#990);
#851=DIRECTION('axis',(0.,0.,1.));
#852=DIRECTION('refdir',(1.,0.,0.));
#853=DIRECTION('center_axis',(0.,1.,0.));
#854=DIRECTION('ref_axis',(0.,0.,1.));
#855=DIRECTION('',(0.,-1.,0.));
#856=DIRECTION('center_axis',(0.,1.,0.));
#857=DIRECTION('ref_axis',(-0.951056516295143,0.,0.309016994374981));
#858=DIRECTION('center_axis',(0.,1.,0.));
#859=DIRECTION('ref_axis',(0.,0.,1.));
#860=DIRECTION('',(0.,-1.,0.));
#861=DIRECTION('center_axis',(0.,1.,0.));
#862=DIRECTION('ref_axis',(0.,0.,1.));
#863=DIRECTION('',(0.,-1.,0.));
#864=DIRECTION('center_axis',(0.,1.,0.));
#865=DIRECTION('ref_axis',(0.,0.,1.));
#866=DIRECTION('',(0.,-1.,0.));
#867=DIRECTION('center_axis',(0.,1.,0.));
#868=DIRECTION('ref_axis',(0.,0.,1.));
#869=DIRECTION('',(0.,-1.,0.));
#870=DIRECTION('center_axis',(0.,1.,0.));
#871=DIRECTION('ref_axis',(0.,0.,1.));
#872=DIRECTION('',(0.,-1.,0.));
#873=DIRECTION('center_axis',(0.,1.,0.));
#874=DIRECTION('ref_axis',(0.,0.,1.));
#875=DIRECTION('',(0.,-1.,0.));
#876=DIRECTION('center_axis',(0.,1.,0.));
#877=DIRECTION('ref_axis',(0.,0.,1.));
#878=DIRECTION('',(0.,-1.,0.));
#879=DIRECTION('center_axis',(0.,1.,0.));
#880=DIRECTION('ref_axis',(0.,0.,1.));
#881=DIRECTION('',(0.,-1.,0.));
#882=DIRECTION('center_axis',(0.,1.,0.));
#883=DIRECTION('ref_axis',(0.,0.,1.));
#884=DIRECTION('',(0.,-1.,0.));
#885=DIRECTION('center_axis',(0.,1.,0.));
#886=DIRECTION('ref_axis',(0.,0.,1.));
#887=DIRECTION('',(0.,-1.,0.));
#888=DIRECTION('center_axis',(0.,1.,0.));
#889=DIRECTION('ref_axis',(0.,0.,1.));
#890=DIRECTION('',(0.,-1.,0.));
#891=DIRECTION('center_axis',(0.,1.,0.));
#892=DIRECTION('ref_axis',(0.,0.,1.));
#893=DIRECTION('',(0.,-1.,0.));
#894=DIRECTION('center_axis',(0.,1.,0.));
#895=DIRECTION('ref_axis',(0.,0.,1.));
#896=DIRECTION('',(0.,-1.,0.));
#897=DIRECTION('center_axis',(0.,1.,0.));
#898=DIRECTION('ref_axis',(0.,0.,1.));
#899=DIRECTION('',(0.,-1.,0.));
#900=DIRECTION('center_axis',(0.,1.,0.));
#901=DIRECTION('ref_axis',(0.,0.,1.));
#902=DIRECTION('',(0.,-1.,0.));
#903=DIRECTION('center_axis',(0.,1.,0.));
#904=DIRECTION('ref_axis',(0.,0.,1.));
#905=DIRECTION('',(0.,-1.,0.));
#906=DIRECTION('center_axis',(0.,1.,0.));
#907=DIRECTION('ref_axis',(0.,0.,1.));
#908=DIRECTION('',(0.,-1.,0.));
#909=DIRECTION('center_axis',(0.,1.,0.));
#910=DIRECTION('ref_axis',(0.,0.,1.));
#911=DIRECTION('',(0.,-1.,0.));
#912=DIRECTION('center_axis',(0.,1.,0.));
#913=DIRECTION('ref_axis',(0.,0.,1.));
#914=DIRECTION('',(0.,-1.,0.));
#915=DIRECTION('center_axis',(0.,1.,0.));
#916=DIRECTION('ref_axis',(0.,0.,1.));
#917=DIRECTION('',(0.,1.,0.));
#918=DIRECTION('center_axis',(0.,1.,0.));
#919=DIRECTION('ref_axis',(1.,0.,0.));
#920=DIRECTION('center_axis',(0.,-1.,0.));
#921=DIRECTION('ref_axis',(1.,0.,0.));
#922=DIRECTION('',(0.,0.,1.));
#923=DIRECTION('',(0.866025403784429,0.,0.500000000000017));
#924=DIRECTION('',(0.866025403784429,0.,-0.500000000000017));
#925=DIRECTION('',(0.,0.,-1.));
#926=DIRECTION('',(-0.866025403784429,0.,-0.500000000000017));
#927=DIRECTION('',(-0.866025403784429,0.,0.500000000000017));
#928=DIRECTION('center_axis',(1.,0.,0.));
#929=DIRECTION('ref_axis',(0.,0.,1.));
#930=DIRECTION('',(0.,1.,0.));
#931=DIRECTION('',(0.,0.,1.));
#932=DIRECTION('',(0.,1.,0.));
#933=DIRECTION('center_axis',(0.500000000000017,0.,-0.866025403784429));
#934=DIRECTION('ref_axis',(0.866025403784429,0.,0.500000000000017));
#935=DIRECTION('',(0.866025403784429,0.,0.500000000000017));
#936=DIRECTION('',(0.,1.,0.));
#937=DIRECTION('center_axis',(-0.500000000000017,0.,-0.866025403784429));
#938=DIRECTION('ref_axis',(0.866025403784429,0.,-0.500000000000017));
#939=DIRECTION('',(0.866025403784429,0.,-0.500000000000017));
#940=DIRECTION('',(0.,1.,0.));
#941=DIRECTION('center_axis',(-1.,0.,0.));
#942=DIRECTION('ref_axis',(0.,0.,-1.));
#943=DIRECTION('',(0.,0.,-1.));
#944=DIRECTION('',(0.,1.,0.));
#945=DIRECTION('center_axis',(-0.500000000000017,0.,0.866025403784429));
#946=DIRECTION('ref_axis',(-0.866025403784429,0.,-0.500000000000017));
#947=DIRECTION('',(-0.866025403784429,0.,-0.500000000000017));
#948=DIRECTION('',(0.,1.,0.));
#949=DIRECTION('center_axis',(0.500000000000017,0.,0.866025403784429));
#950=DIRECTION('ref_axis',(-0.866025403784429,0.,0.500000000000017));
#951=DIRECTION('',(-0.866025403784429,0.,0.500000000000017));
#952=DIRECTION('center_axis',(0.,-1.,0.));
#953=DIRECTION('ref_axis',(0.,0.,1.));
#954=DIRECTION('center_axis',(0.,1.,0.));
#955=DIRECTION('ref_axis',(0.,0.,-1.));
#956=DIRECTION('center_axis',(0.,-1.,0.));
#957=DIRECTION('ref_axis',(1.,0.,0.));
#958=DIRECTION('',(-8.65956056235493E-17,-0.707106781186548,-0.707106781186548));
#959=DIRECTION('center_axis',(0.,-1.,0.));
#960=DIRECTION('ref_axis',(1.,0.,0.));
#961=DIRECTION('center_axis',(0.,1.,0.));
#962=DIRECTION('ref_axis',(1.,0.,0.));
#963=DIRECTION('center_axis',(0.,1.,0.));
#964=DIRECTION('ref_axis',(1.,0.,0.));
#965=DIRECTION('',(0.,-1.,0.));
#966=DIRECTION('center_axis',(0.,1.,0.));
#967=DIRECTION('ref_axis',(1.,0.,0.));
#968=DIRECTION('center_axis',(0.,-1.,0.));
#969=DIRECTION('ref_axis',(0.,0.,-1.));
#970=DIRECTION('',(8.65956056235493E-17,0.707106781186548,-0.707106781186548));
#971=DIRECTION('center_axis',(0.,1.,0.));
#972=DIRECTION('ref_axis',(1.,0.,0.));
#973=DIRECTION('center_axis',(0.,1.,0.));
#974=DIRECTION('ref_axis',(1.,0.,0.));
#975=DIRECTION('center_axis',(0.,1.,0.));
#976=DIRECTION('ref_axis',(0.,0.,1.));
#977=DIRECTION('center_axis',(0.,1.,0.));
#978=DIRECTION('ref_axis',(0.,0.,1.));
#979=DIRECTION('center_axis',(-1.,0.,0.));
#980=DIRECTION('ref_axis',(0.,0.,-1.));
#981=DIRECTION('',(0.,0.857492925712544,0.514495755427527));
#982=DIRECTION('',(0.,0.857492925712544,-0.514495755427527));
#983=DIRECTION('',(0.,0.857492925712544,-0.514495755427527));
#984=DIRECTION('',(0.,0.857492925712544,0.514495755427527));
#985=DIRECTION('',(-4.09829350190521E-14,0.857492925712544,0.514495755427527));
#986=DIRECTION('',(1.50325532142508E-14,0.857492925712544,0.514495755427527));
#987=DIRECTION('',(-1.48382799103908E-14,0.857492925712544,-0.514495755427527));
#988=DIRECTION('',(4.11681820325421E-14,0.857492925712544,-0.514495755427527));
#989=DIRECTION('center_axis',(0.,1.,0.));
#990=DIRECTION('ref_axis',(0.,0.,1.));
#991=CARTESIAN_POINT('',(0.,0.,0.));
#992=CARTESIAN_POINT('Origin',(0.,8.,0.));
#993=CARTESIAN_POINT('',(-5.28180594287656E-10,8.87502763596914,-3.7));
#994=CARTESIAN_POINT('',(5.7464974620527E-15,8.62496185531825,-3.7));
#995=CARTESIAN_POINT('',(-4.53119315684521E-16,8.,-3.7));
#996=CARTESIAN_POINT('',(-3.51889435799658,8.0000481383866,1.14331462947917));
#997=CARTESIAN_POINT('Ctrl Pts',(-1.056360735456E-9,8.87502763596914,-3.7));
#998=CARTESIAN_POINT('Ctrl Pts',(0.0177845115090778,8.87405219417134,-3.70000000000508));
#999=CARTESIAN_POINT('Ctrl Pts',(0.035570077306954,8.8730862892047,-3.69987177472798));
#1000=CARTESIAN_POINT('Ctrl Pts',(0.10425140150749,8.86939703004611,-3.69888126296598));
#1001=CARTESIAN_POINT('Ctrl Pts',(0.155131093695942,8.86674838630824,-3.69709697967125));
#1002=CARTESIAN_POINT('Ctrl Pts',(0.268858449403133,8.86095516913761,-3.69075649305979));
#1003=CARTESIAN_POINT('Ctrl Pts',(0.331659864261641,8.85784294841132,-3.68564390593569));
#1004=CARTESIAN_POINT('Ctrl Pts',(0.559333933445225,8.84670186357313,-3.66124207734276));
#1005=CARTESIAN_POINT('Ctrl Pts',(0.722988914381409,8.83894053919756,-3.63247033201688));
#1006=CARTESIAN_POINT('Ctrl Pts',(1.00131743951237,8.82501732729598,-3.56397493705031));
#1007=CARTESIAN_POINT('Ctrl Pts',(1.11697040488062,8.81901317258242,-3.5294371829706));
#1008=CARTESIAN_POINT('Ctrl Pts',(1.30332175888986,8.8087532262081,-3.46370877501442));
#1009=CARTESIAN_POINT('Ctrl Pts',(1.37509589830094,8.80465571783427,-3.43584569939272));
#1010=CARTESIAN_POINT('Ctrl Pts',(1.53328929863155,8.79526912676897,-3.36868342983581));
#1011=CARTESIAN_POINT('Ctrl Pts',(1.61916466449001,8.7899272534318,-3.32825881061958));
#1012=CARTESIAN_POINT('Ctrl Pts',(1.80769128837682,8.77767745156899,-3.23048879340467));
#1013=CARTESIAN_POINT('Ctrl Pts',(1.90935206484923,8.77070425183898,-3.17146277344685));
#1014=CARTESIAN_POINT('Ctrl Pts',(2.1522751056962,8.7534125309492,-3.01449949188885));
#1015=CARTESIAN_POINT('Ctrl Pts',(2.28986377091546,8.74304218193719,-2.91136110865384));
#1016=CARTESIAN_POINT('Ctrl Pts',(2.45535870730301,8.73071277550795,-2.76828893541118));
#1017=CARTESIAN_POINT('Ctrl Pts',(2.49033867554681,8.72811809291379,-2.73686404157381));
#1018=CARTESIAN_POINT('Ctrl Pts',(2.56288501133712,8.72279936168779,-2.66914717479699));
#1019=CARTESIAN_POINT('Ctrl Pts',(2.600298655212,8.72008978127977,-2.6327122808827));
#1020=CARTESIAN_POINT('Ctrl Pts',(2.682897997073,8.71411752611972,-2.54879427676791));
#1021=CARTESIAN_POINT('Ctrl Pts',(2.72761914620768,8.71089073489786,-2.50087758700789));
#1022=CARTESIAN_POINT('Ctrl Pts',(2.90191669555889,8.69812695696377,-2.30388462211608));
#1023=CARTESIAN_POINT('Ctrl Pts',(3.02073258615708,8.68893763494721,-2.14573732140343));
#1024=CARTESIAN_POINT('Ctrl Pts',(3.18015727311057,8.67421134944139,-1.89386219177184));
#1025=CARTESIAN_POINT('Ctrl Pts',(3.23045192828134,8.66911337486663,-1.80673507512516));
#1026=CARTESIAN_POINT('Ctrl Pts',(3.31268159680992,8.65981308594342,-1.64984976382798));
#1027=CARTESIAN_POINT('Ctrl Pts',(3.34611280721401,8.65569063646003,-1.58094623343752));
#1028=CARTESIAN_POINT('Ctrl Pts',(3.42234598217239,8.64538726746129,-1.41055681778437));
#1029=CARTESIAN_POINT('Ctrl Pts',(3.46279717162851,8.63909786204819,-1.30811064061971));
#1030=CARTESIAN_POINT('Ctrl Pts',(3.5507309098991,8.62329069694754,-1.05259478575959));
#1031=CARTESIAN_POINT('Ctrl Pts',(3.59295478340005,8.61360858051336,-0.897950006488071));
#1032=CARTESIAN_POINT('Ctrl Pts',(3.64504912870991,8.59814356983885,-0.643126509547832));
#1033=CARTESIAN_POINT('Ctrl Pts',(3.66109673255522,8.59227433745526,-0.544397656297282));
#1034=CARTESIAN_POINT('Ctrl Pts',(3.67867962552126,8.58405734689135,-0.399308163015403));
#1035=CARTESIAN_POINT('Ctrl Pts',(3.6833759411889,8.58151631238402,-0.353375306135953));
#1036=CARTESIAN_POINT('Ctrl Pts',(3.6916737523194,8.57617484802867,-0.25383040364803));
#1037=CARTESIAN_POINT('Ctrl Pts',(3.69496985876978,8.57339556532348,-0.200208876785799));
#1038=CARTESIAN_POINT('Ctrl Pts',(3.70359724048883,8.56237903612769,0.0174671928730298));
#1039=CARTESIAN_POINT('Ctrl Pts',(3.69917872533387,8.55465578659373,0.181733340631082));
#1040=CARTESIAN_POINT('Ctrl Pts',(3.66907462322583,8.53922981615597,0.503010748505392));
#1041=CARTESIAN_POINT('Ctrl Pts',(3.64415968272601,8.53154985227991,0.659714505223585));
#1042=CARTESIAN_POINT('Ctrl Pts',(3.59173273663417,8.51934391599458,0.892081197718802));
#1043=CARTESIAN_POINT('Ctrl Pts',(3.57168442780951,8.51515644814916,0.969237565205315));
#1044=CARTESIAN_POINT('Ctrl Pts',(3.52510212280517,8.50625772527055,1.12734303622195));
#1045=CARTESIAN_POINT('Ctrl Pts',(3.49823408053817,8.50153282211737,1.20814041581239));
#1046=CARTESIAN_POINT('Ctrl Pts',(3.43530006950446,8.49125103781001,1.3776313790848));
#1047=CARTESIAN_POINT('Ctrl Pts',(3.3985308503884,8.48566699088535,1.46599458234576));
#1048=CARTESIAN_POINT('Ctrl Pts',(3.28080129211459,8.46905319937925,1.72061435115811));
#1049=CARTESIAN_POINT('Ctrl Pts',(3.19076382786395,8.45779172662011,1.8823368325803));
#1050=CARTESIAN_POINT('Ctrl Pts',(3.05437680956345,8.44344307788827,2.08919676991308));
#1051=CARTESIAN_POINT('Ctrl Pts',(3.01839619662903,8.43986961694492,2.14085182461587));
#1052=CARTESIAN_POINT('Ctrl Pts',(2.95535792756814,8.43402704119125,2.22660058111998));
#1053=CARTESIAN_POINT('Ctrl Pts',(2.92899291039729,8.43170230783468,2.26117030009073));
#1054=CARTESIAN_POINT('Ctrl Pts',(2.85093107841785,8.42513449508246,2.35986745127236));
#1055=CARTESIAN_POINT('Ctrl Pts',(2.79769481946689,8.42102609502854,2.42274401270616));
#1056=CARTESIAN_POINT('Ctrl Pts',(2.64390637602217,8.40984090868768,2.59254436618017));
#1057=CARTESIAN_POINT('Ctrl Pts',(2.53902890808516,8.40295106668901,2.69534113911814));
#1058=CARTESIAN_POINT('Ctrl Pts',(2.32738043340917,8.38944597242783,2.87944388178194));
#1059=CARTESIAN_POINT('Ctrl Pts',(2.22176631881643,8.38287179919358,2.96169654448669));
#1060=CARTESIAN_POINT('Ctrl Pts',(2.04818900191948,8.3719860720689,3.08236099061521));
#1061=CARTESIAN_POINT('Ctrl Pts',(1.98306887476008,8.36788849909209,3.12465415833128));
#1062=CARTESIAN_POINT('Ctrl Pts',(1.84165283180929,8.35892943032363,3.21029693772584));
#1063=CARTESIAN_POINT('Ctrl Pts',(1.76505201533128,8.35404032112522,3.25304171559416));
#1064=CARTESIAN_POINT('Ctrl Pts',(1.59694089671152,8.34325087700482,3.3391647643155));
#1065=CARTESIAN_POINT('Ctrl Pts',(1.5050246872539,8.33731445194966,3.38158825970908));
#1066=CARTESIAN_POINT('Ctrl Pts',(1.24392008227836,8.32052583007937,3.48934456792979));
#1067=CARTESIAN_POINT('Ctrl Pts',(1.07150220760236,8.30949802466469,3.54608847755834));
#1068=CARTESIAN_POINT('Ctrl Pts',(0.839127737970629,8.29572111244674,3.60406082907376));
#1069=CARTESIAN_POINT('Ctrl Pts',(0.78230719708342,8.29243911782399,3.61681992388498));
#1070=CARTESIAN_POINT('Ctrl Pts',(0.681557526983589,8.28683325852161,3.6369575971));
#1071=CARTESIAN_POINT('Ctrl Pts',(0.637762527417876,8.28447185475067,3.64489228191503));
#1072=CARTESIAN_POINT('Ctrl Pts',(0.494607511609468,8.2769537255607,3.66816977715946));
#1073=CARTESIAN_POINT('Ctrl Pts',(0.394754117274358,8.27201250830291,3.680255332366));
#1074=CARTESIAN_POINT('Ctrl Pts',(0.0942710637235636,8.25746054216193,3.70425025428974));
#1075=CARTESIAN_POINT('Ctrl Pts',(-0.106941039372518,8.24808727718909,3.70390707990527));
#1076=CARTESIAN_POINT('Ctrl Pts',(-0.400560944833828,8.23340856855151,3.67944778855646));
#1077=CARTESIAN_POINT('Ctrl Pts',(-0.493627840187781,8.22861727419175,3.6681213284742));
#1078=CARTESIAN_POINT('Ctrl Pts',(-0.662330826514953,8.21959270940622,3.6410533247555));
#1079=CARTESIAN_POINT('Ctrl Pts',(-0.738094160795031,8.21541369403976,3.62645373655236));
#1080=CARTESIAN_POINT('Ctrl Pts',(-0.934134756854495,8.20425580776703,3.58227917338755));
#1081=CARTESIAN_POINT('Ctrl Pts',(-1.0534685525713,8.19711445732626,3.54901804454634));
#1082=CARTESIAN_POINT('Ctrl Pts',(-1.37407573557915,8.17717717180266,3.44206189806293));
#1083=CARTESIAN_POINT('Ctrl Pts',(-1.57095362250706,8.16404766155834,3.35677919578964));
#1084=CARTESIAN_POINT('Ctrl Pts',(-1.80797361780547,8.14861606158273,3.22866638381469));
#1085=CARTESIAN_POINT('Ctrl Pts',(-1.85600825272943,8.14551422279099,3.201294980687));
#1086=CARTESIAN_POINT('Ctrl Pts',(-1.94240077989594,8.14003715071617,3.14946759133491));
#1087=CARTESIAN_POINT('Ctrl Pts',(-1.98094836444849,8.13763611676521,3.12536558064909));
#1088=CARTESIAN_POINT('Ctrl Pts',(-2.11990680904148,8.12907627964091,3.03487775784287));
#1089=CARTESIAN_POINT('Ctrl Pts',(-2.21751901608288,8.12323746237196,2.96430492611167));
#1090=CARTESIAN_POINT('Ctrl Pts',(-2.49195013241881,8.10639446642982,2.74473606578459));
#1091=CARTESIAN_POINT('Ctrl Pts',(-2.65846852266743,8.09552495746049,2.58378427719594));
#1092=CARTESIAN_POINT('Ctrl Pts',(-2.85999579658951,8.07959146535459,2.34874254052594));
#1093=CARTESIAN_POINT('Ctrl Pts',(-2.90919799222247,8.07544798980604,2.28751672564666));
#1094=CARTESIAN_POINT('Ctrl Pts',(-3.00912985393492,8.06644201129492,2.15472136478604));
#1095=CARTESIAN_POINT('Ctrl Pts',(-3.0593349441861,8.06155456071294,2.08282351096026));
#1096=CARTESIAN_POINT('Ctrl Pts',(-3.16186537975238,8.05076965143206,1.92427626396179));
#1097=CARTESIAN_POINT('Ctrl Pts',(-3.2132832225643,8.04483615927428,1.83712810402269));
#1098=CARTESIAN_POINT('Ctrl Pts',(-3.34606842605535,8.02813066739202,1.5894028687288));
#1099=CARTESIAN_POINT('Ctrl Pts',(-3.41938810763982,8.0171869024247,1.42483619115367));
#1100=CARTESIAN_POINT('Ctrl Pts',(-3.49386976380859,8.00454857185947,1.21837555625636));
#1101=CARTESIAN_POINT('Ctrl Pts',(-3.50669715816034,8.00230132125038,1.18094889192201));
#1102=CARTESIAN_POINT('Ctrl Pts',(-3.51892241213253,8.0000962767732,1.14332193952158));
#1103=CARTESIAN_POINT('',(0.00452821854257868,8.,3.69999722908502));
#1104=CARTESIAN_POINT('Origin',(0.,8.,0.));
#1105=CARTESIAN_POINT('Ctrl Pts',(0.00452821854258635,8.,3.69999722908502));
#1106=CARTESIAN_POINT('Ctrl Pts',(0.263559031439216,8.0136803632669,3.69968021583949));
#1107=CARTESIAN_POINT('Ctrl Pts',(0.521815612752803,8.0275445061662,3.67216463386893));
#1108=CARTESIAN_POINT('Ctrl Pts',(0.896219917112855,8.04849110472775,3.59195479720696));
#1109=CARTESIAN_POINT('Ctrl Pts',(1.0159846188151,8.05529357865407,3.55993332083815));
#1110=CARTESIAN_POINT('Ctrl Pts',(1.49746077832062,8.08253337574335,3.4049190813058));
#1111=CARTESIAN_POINT('Ctrl Pts',(1.84072394990052,8.10230400029479,3.23228278126158));
#1112=CARTESIAN_POINT('Ctrl Pts',(2.26198398114533,8.13062182223244,2.93118965450094));
#1113=CARTESIAN_POINT('Ctrl Pts',(2.36804681149158,8.13807598892721,2.84619087593202));
#1114=CARTESIAN_POINT('Ctrl Pts',(2.5909953162165,8.15411915474121,2.6464104461419));
#1115=CARTESIAN_POINT('Ctrl Pts',(2.70542326497749,8.1626702872006,2.5293149648696));
#1116=CARTESIAN_POINT('Ctrl Pts',(2.96352747851003,8.18374218590656,2.22756363078273));
#1117=CARTESIAN_POINT('Ctrl Pts',(3.09817135354637,8.19641047723935,2.03613732889701));
#1118=CARTESIAN_POINT('Ctrl Pts',(3.35348625521852,8.22460361642187,1.58856199760804));
#1119=CARTESIAN_POINT('Ctrl Pts',(3.46468956524367,8.23939505360237,1.32865711886693));
#1120=CARTESIAN_POINT('Ctrl Pts',(3.61130542553039,8.26662962154238,0.837655656875681));
#1121=CARTESIAN_POINT('Ctrl Pts',(3.65648429509171,8.27917400092324,0.610984950679413));
#1122=CARTESIAN_POINT('Ctrl Pts',(3.73116956770147,8.31878175271598,-0.109290038916595));
#1123=CARTESIAN_POINT('Ctrl Pts',(3.6833398986874,8.34409653949555,-0.605441359783569));
#1124=CARTESIAN_POINT('Ctrl Pts',(3.39554555236274,8.39816735394048,-1.55080124106074));
#1125=CARTESIAN_POINT('Ctrl Pts',(3.15802374186602,8.42353305919854,-1.99037663053587));
#1126=CARTESIAN_POINT('Ctrl Pts',(2.52525966253573,8.47758090981749,-2.74885245511635));
#1127=CARTESIAN_POINT('Ctrl Pts',(2.13686159973411,8.50287056152809,-3.0605497303768));
#1128=CARTESIAN_POINT('Ctrl Pts',(1.58310511691832,8.53696754635431,-3.34675112249407));
#1129=CARTESIAN_POINT('Ctrl Pts',(1.46431449694701,8.54411510567037,-3.40040451031401));
#1130=CARTESIAN_POINT('Ctrl Pts',(1.18863227288749,8.55998785086613,-3.50778788280993));
#1131=CARTESIAN_POINT('Ctrl Pts',(1.03046215551021,8.56864450726844,-3.55746749076439));
#1132=CARTESIAN_POINT('Ctrl Pts',(0.642234114010991,8.58983754920354,-3.65132832129747));
#1133=CARTESIAN_POINT('Ctrl Pts',(0.41029625606089,8.60251698859573,-3.68460395405244));
#1134=CARTESIAN_POINT('Ctrl Pts',(0.117840224141792,8.61853666396279,-3.69859390409956));
#1135=CARTESIAN_POINT('Ctrl Pts',(0.0588936021435085,8.62176017652365,-3.7));
#1136=CARTESIAN_POINT('Ctrl Pts',(1.19461142397899E-14,8.62496185531825,
-3.7));
#1137=CARTESIAN_POINT('Origin',(0.,8.,0.));
#1138=CARTESIAN_POINT('',(1.23542445540222E-8,10.1301654629255,-3.7));
#1139=CARTESIAN_POINT('',(-2.55976273303107E-15,9.87466427185601,-3.7));
#1140=CARTESIAN_POINT('',(-4.53119315684521E-16,8.,-3.7));
#1141=CARTESIAN_POINT('Ctrl Pts',(1.23871381615176E-8,10.1301654635622,
-3.7));
#1142=CARTESIAN_POINT('Ctrl Pts',(0.0444817998178326,10.1278670962541,-3.69999999985108));
#1143=CARTESIAN_POINT('Ctrl Pts',(0.0889617881410191,10.1255356273467,-3.6991978606938));
#1144=CARTESIAN_POINT('Ctrl Pts',(0.21202037547239,10.1189840933493,-3.69475758183118));
#1145=CARTESIAN_POINT('Ctrl Pts',(0.290503839720172,10.1146901096842,-3.68941619893022));
#1146=CARTESIAN_POINT('Ctrl Pts',(0.505039159644485,10.1026276741193,-3.66792798254258));
#1147=CARTESIAN_POINT('Ctrl Pts',(0.640442590016004,10.0946439546056,-3.64672246266703));
#1148=CARTESIAN_POINT('Ctrl Pts',(0.9144569038996,10.0779934660811,-3.58807731762795));
#1149=CARTESIAN_POINT('Ctrl Pts',(1.05270181312341,10.0693260698558,-3.5499785584339));
#1150=CARTESIAN_POINT('Ctrl Pts',(1.26551888445055,10.0561117716662,-3.47780034121479));
#1151=CARTESIAN_POINT('Ctrl Pts',(1.34177135485673,10.0514077686812,-3.44909918881473));
#1152=CARTESIAN_POINT('Ctrl Pts',(1.45714149725697,10.0444760344368,-3.40126816019685));
#1153=CARTESIAN_POINT('Ctrl Pts',(1.49696523318052,10.04212145508,-3.38393005723772));
#1154=CARTESIAN_POINT('Ctrl Pts',(1.59416114699968,10.0364799767501,-3.3395612824644));
#1155=CARTESIAN_POINT('Ctrl Pts',(1.65115332672576,10.0332533449163,-3.31175381127188));
#1156=CARTESIAN_POINT('Ctrl Pts',(1.87156597884953,10.0208937876596,-3.19710497716572));
#1157=CARTESIAN_POINT('Ctrl Pts',(2.0290995410074,10.0122861813418,-3.09951754997915));
#1158=CARTESIAN_POINT('Ctrl Pts',(2.28516103774798,9.99699162691704,-2.91296959638385));
#1159=CARTESIAN_POINT('Ctrl Pts',(2.38740384857177,9.99048709539339,-2.82977928468839));
#1160=CARTESIAN_POINT('Ctrl Pts',(2.54243302073131,9.97966456936407,-2.68924632580386));
#1161=CARTESIAN_POINT('Ctrl Pts',(2.59822123044947,9.97555352448543,-2.63538539814794));
#1162=CARTESIAN_POINT('Ctrl Pts',(2.71598986893991,9.96636039213973,-2.51430900898759));
#1163=CARTESIAN_POINT('Ctrl Pts',(2.7772504356096,9.96123865487053,-2.44647254218822));
#1164=CARTESIAN_POINT('Ctrl Pts',(2.90616215281042,9.94971223159904,-2.29263544004585));
#1165=CARTESIAN_POINT('Ctrl Pts',(2.97263507529848,9.94325744624306,-2.20576354035386));
#1166=CARTESIAN_POINT('Ctrl Pts',(3.14511291373872,9.92526661694791,-1.95837343162113));
#1167=CARTESIAN_POINT('Ctrl Pts',(3.24260548014283,9.91358575304394,-1.79233737726591));
#1168=CARTESIAN_POINT('Ctrl Pts',(3.34687035924019,9.90020134227559,-1.57815417199808));
#1169=CARTESIAN_POINT('Ctrl Pts',(3.36621617802949,9.89767346110966,-1.53645764386726));
#1170=CARTESIAN_POINT('Ctrl Pts',(3.4066474138394,9.89232379276669,-1.44488187766718));
#1171=CARTESIAN_POINT('Ctrl Pts',(3.42742325786672,9.88952497520372,-1.39488384978151));
#1172=CARTESIAN_POINT('Ctrl Pts',(3.50811321937866,9.8783041388551,-1.18799837418946));
#1173=CARTESIAN_POINT('Ctrl Pts',(3.5584160466859,9.87041682166214,-1.0275636928946));
#1174=CARTESIAN_POINT('Ctrl Pts',(3.63322141097583,9.85509600494529,-0.716166874910117));
#1175=CARTESIAN_POINT('Ctrl Pts',(3.65961507892333,9.84770493653992,-0.566043429334049));
#1176=CARTESIAN_POINT('Ctrl Pts',(3.68564958985164,9.83581473699141,-0.335239971470267));
#1177=CARTESIAN_POINT('Ctrl Pts',(3.69203494015462,9.8316161086203,-0.255489568009953));
#1178=CARTESIAN_POINT('Ctrl Pts',(3.69984732071458,9.8227359665856,-0.0910624119220096));
#1179=CARTESIAN_POINT('Ctrl Pts',(3.70096190336623,9.81804317268339,-0.00642168145783533));
#1180=CARTESIAN_POINT('Ctrl Pts',(3.69717478088386,9.80785970957386,0.172775570771416));
#1181=CARTESIAN_POINT('Ctrl Pts',(3.69154786837385,9.8023435425518,0.267253499002358));
#1182=CARTESIAN_POINT('Ctrl Pts',(3.66419835069219,9.78577383588225,0.545913248458551));
#1183=CARTESIAN_POINT('Ctrl Pts',(3.63225032245312,9.77447752691956,0.728781671237783));
#1184=CARTESIAN_POINT('Ctrl Pts',(3.5709767798799,9.76000615385583,0.970691913251183));
#1185=CARTESIAN_POINT('Ctrl Pts',(3.55360325343852,9.75635712336617,1.0324840074968));
#1186=CARTESIAN_POINT('Ctrl Pts',(3.52180617155186,9.75044581134336,1.13523697265822));
#1187=CARTESIAN_POINT('Ctrl Pts',(3.50825933435513,9.74812363264626,1.17643453186015));
#1188=CARTESIAN_POINT('Ctrl Pts',(3.46766160564288,9.7416758825201,1.29295176911262));
#1189=CARTESIAN_POINT('Ctrl Pts',(3.43889045227644,9.73767569093592,1.36763885262719));
#1190=CARTESIAN_POINT('Ctrl Pts',(3.35395274648178,9.72700971593863,1.56845459239589));
#1191=CARTESIAN_POINT('Ctrl Pts',(3.29311578695328,9.72051292698809,1.69246601094784));
#1192=CARTESIAN_POINT('Ctrl Pts',(3.15540574514733,9.7070243551675,1.93749199698109));
#1193=CARTESIAN_POINT('Ctrl Pts',(3.07815770942451,9.7000321821358,2.05800889613793));
#1194=CARTESIAN_POINT('Ctrl Pts',(2.94780256520779,9.68862770826269,2.23756088992603));
#1195=CARTESIAN_POINT('Ctrl Pts',(2.89944922282859,9.68447217555441,2.29987198312937));
#1196=CARTESIAN_POINT('Ctrl Pts',(2.79370195793416,9.67550007268255,2.42750514351042));
#1197=CARTESIAN_POINT('Ctrl Pts',(2.73592478631499,9.67066191716796,2.4924415581137));
#1198=CARTESIAN_POINT('Ctrl Pts',(2.60255159992027,9.65964506784178,2.63211151661105));
#1199=CARTESIAN_POINT('Ctrl Pts',(2.52591604814715,9.65341130802964,2.70574026596829));
#1200=CARTESIAN_POINT('Ctrl Pts',(2.31084362727787,9.63636331992996,2.89526549686629));
#1201=CARTESIAN_POINT('Ctrl Pts',(2.1669235633669,9.6253905805187,3.00449682075669));
#1202=CARTESIAN_POINT('Ctrl Pts',(1.96750558414209,9.61172780885539,3.13404083233256));
#1203=CARTESIAN_POINT('Ctrl Pts',(1.91867956382958,9.60849849156963,3.1641681289685));
#1204=CARTESIAN_POINT('Ctrl Pts',(1.83055320370311,9.60293246882068,3.21575452018749));
#1205=CARTESIAN_POINT('Ctrl Pts',(1.79153563819819,9.6005616006488,3.23765374292234));
#1206=CARTESIAN_POINT('Ctrl Pts',(1.65982191046382,9.59281863984447,3.30847020111606));
#1207=CARTESIAN_POINT('Ctrl Pts',(1.56543648484402,9.58768305180729,3.3541611359107));
#1208=CARTESIAN_POINT('Ctrl Pts',(1.23844904712162,9.57051748892112,3.49563641107122));
#1209=CARTESIAN_POINT('Ctrl Pts',(0.998121676013469,9.55880534354428,3.5716940625831));
#1210=CARTESIAN_POINT('Ctrl Pts',(0.675985722975098,9.54185413262502,3.63855077870901));
#1211=CARTESIAN_POINT('Ctrl Pts',(0.599619487563586,9.53776072827591,3.65191227298651));
#1212=CARTESIAN_POINT('Ctrl Pts',(0.435692467109901,9.52878304342316,3.67531374628748));
#1213=CARTESIAN_POINT('Ctrl Pts',(0.34808362796965,9.52386959552373,3.68464302943082));
#1214=CARTESIAN_POINT('Ctrl Pts',(0.158452071543598,9.51300425854844,3.69801343601913));
#1215=CARTESIAN_POINT('Ctrl Pts',(0.056429005321751,9.50701490276851,3.70097596064356));
#1216=CARTESIAN_POINT('Ctrl Pts',(-0.249150238387926,9.48884299933365,3.69721131868622));
#1217=CARTESIAN_POINT('Ctrl Pts',(-0.452154503599602,9.47641680644784,3.67790714741629));
#1218=CARTESIAN_POINT('Ctrl Pts',(-0.699433699630103,9.46223559895581,3.63360176861409));
#1219=CARTESIAN_POINT('Ctrl Pts',(-0.746164537511029,9.45960182832527,3.62429429388672));
#1220=CARTESIAN_POINT('Ctrl Pts',(-0.842811834578953,9.45429100561548,3.60309578516561));
#1221=CARTESIAN_POINT('Ctrl Pts',(-0.892684472606802,9.4516241561579,3.59106477982646));
#1222=CARTESIAN_POINT('Ctrl Pts',(-1.00393917025191,9.44577768161519,3.56176498547634));
#1223=CARTESIAN_POINT('Ctrl Pts',(-1.06515822568764,9.44263144608557,3.54393884756995));
#1224=CARTESIAN_POINT('Ctrl Pts',(-1.28917354218316,9.43119865526007,3.47237873215688));
#1225=CARTESIAN_POINT('Ctrl Pts',(-1.44863651426006,9.42319067040942,3.40893543840389));
#1226=CARTESIAN_POINT('Ctrl Pts',(-1.7080088993312,9.40917082592796,3.28424189062896));
#1227=CARTESIAN_POINT('Ctrl Pts',(-1.81043060511122,9.40336011768892,3.22891254666954));
#1228=CARTESIAN_POINT('Ctrl Pts',(-1.97583655547898,9.39331383490517,3.12921180743772));
#1229=CARTESIAN_POINT('Ctrl Pts',(-2.04034665436949,9.38921891978805,3.0875363123176));
#1230=CARTESIAN_POINT('Ctrl Pts',(-2.18316240662267,9.37972121027207,2.98884196113547));
#1231=CARTESIAN_POINT('Ctrl Pts',(-2.26061410583712,9.37425855547355,2.93069869439916));
#1232=CARTESIAN_POINT('Ctrl Pts',(-2.53148073738457,9.3540693378073,2.71022781087094));
#1233=CARTESIAN_POINT('Ctrl Pts',(-2.71038508985755,9.33849018961201,2.53130335834177));
#1234=CARTESIAN_POINT('Ctrl Pts',(-2.908493898729,9.32036039603805,2.28789065765448));
#1235=CARTESIAN_POINT('Ctrl Pts',(-2.94611442008573,9.31687912551571,2.23923904123627));
#1236=CARTESIAN_POINT('Ctrl Pts',(-3.00845259988779,9.31111200493365,2.15432935787565));
#1237=CARTESIAN_POINT('Ctrl Pts',(-3.03376308715656,9.30877604373596,2.11853801127431));
#1238=CARTESIAN_POINT('Ctrl Pts',(-3.10856029037082,9.30185992842226,2.00867766527895));
#1239=CARTESIAN_POINT('Ctrl Pts',(-3.15601660973387,9.2974428571747,1.93326024467635));
#1240=CARTESIAN_POINT('Ctrl Pts',(-3.28864135059685,9.28459777586685,1.70457061978321));
#1241=CARTESIAN_POINT('Ctrl Pts',(-3.36568968873467,9.27641421055676,1.54688792378552));
#1242=CARTESIAN_POINT('Ctrl Pts',(-3.47372767395866,9.26231676388302,1.27909747007535));
#1243=CARTESIAN_POINT('Ctrl Pts',(-3.51131276219624,9.25663679421454,1.17198684839539));
#1244=CARTESIAN_POINT('Ctrl Pts',(-3.56595200059446,9.24673308875526,0.989881687350789));
#1245=CARTESIAN_POINT('Ctrl Pts',(-3.58569764473151,9.24263842861523,0.915778438684894));
#1246=CARTESIAN_POINT('Ctrl Pts',(-3.62549373624971,9.2330485760539,0.745302802688212));
#1247=CARTESIAN_POINT('Ctrl Pts',(-3.64402786385652,9.2274878120288,0.648643569609993));
#1248=CARTESIAN_POINT('Ctrl Pts',(-3.68595961335601,9.21119444107524,0.37039868174369));
#1249=CARTESIAN_POINT('Ctrl Pts',(-3.69976481083721,9.20011853887068,0.187667466882413));
#1250=CARTESIAN_POINT('Ctrl Pts',(-3.7001246814209,9.18325443046253,-0.095896127552686));
#1251=CARTESIAN_POINT('Ctrl Pts',(-3.69615005676794,9.17734678183414,-0.196460560316449));
#1252=CARTESIAN_POINT('Ctrl Pts',(-3.68437386871042,9.16908983783997,-0.342820556854136));
#1253=CARTESIAN_POINT('Ctrl Pts',(-3.67980285271855,9.16654471380252,-0.388830722322161));
#1254=CARTESIAN_POINT('Ctrl Pts',(-3.66807300696123,9.1612056018204,-0.487967013062199));
#1255=CARTESIAN_POINT('Ctrl Pts',(-3.66062088110861,9.15843220916876,-0.541042543967983));
#1256=CARTESIAN_POINT('Ctrl Pts',(-3.62574412638043,9.14744233374922,-0.755492310749831));
#1257=CARTESIAN_POINT('Ctrl Pts',(-3.58877719641146,9.13973831700303,-0.915139275884986));
#1258=CARTESIAN_POINT('Ctrl Pts',(-3.49515261727837,9.1242895298954,-1.22447664272466));
#1259=CARTESIAN_POINT('Ctrl Pts',(-3.43913524184078,9.11656500624946,-1.37396442383474));
#1260=CARTESIAN_POINT('Ctrl Pts',(-3.34093981751569,9.10431012622685,-1.5920009978886));
#1261=CARTESIAN_POINT('Ctrl Pts',(-3.30589332148423,9.10012433196562,-1.66355450331743));
#1262=CARTESIAN_POINT('Ctrl Pts',(-3.22863619590941,9.09122270056097,-1.80919006963168));
#1263=CARTESIAN_POINT('Ctrl Pts',(-3.18612145651727,9.0864928531967,-1.88305286723145));
#1264=CARTESIAN_POINT('Ctrl Pts',(-3.09044591982321,9.07619588635077,-2.03674501113252));
#1265=CARTESIAN_POINT('Ctrl Pts',(-3.03665594130846,9.0706013411892,-2.11610589994965));
#1266=CARTESIAN_POINT('Ctrl Pts',(-2.87032395717835,9.05398100017749,-2.34208858141653));
#1267=CARTESIAN_POINT('Ctrl Pts',(-2.74981594371491,9.04272517650852,-2.48246768385576));
#1268=CARTESIAN_POINT('Ctrl Pts',(-2.5750074564747,9.02839524134309,-2.65768213033311));
#1269=CARTESIAN_POINT('Ctrl Pts',(-2.52956019838331,9.02483302737501,-2.7009746754517));
#1270=CARTESIAN_POINT('Ctrl Pts',(-2.45077992162599,9.01900047292633,-2.77228607677514));
#1271=CARTESIAN_POINT('Ctrl Pts',(-2.41802358939024,9.01667519998665,-2.80090238824927));
#1272=CARTESIAN_POINT('Ctrl Pts',(-2.32150247007063,9.0100874812273,-2.88226860652216));
#1273=CARTESIAN_POINT('Ctrl Pts',(-2.25646313532846,9.005961299226,-2.93346597699488));
#1274=CARTESIAN_POINT('Ctrl Pts',(-2.07029115856664,8.99468804214542,-3.07015636899421));
#1275=CARTESIAN_POINT('Ctrl Pts',(-1.94566055456361,8.98773096270866,-3.1506150417523));
#1276=CARTESIAN_POINT('Ctrl Pts',(-1.69759498828898,8.97401383920683,-3.29041173804626));
#1277=CARTESIAN_POINT('Ctrl Pts',(-1.5750522134422,8.96729358298638,-3.35079744572029));
#1278=CARTESIAN_POINT('Ctrl Pts',(-1.37790536643247,8.95622569814556,-3.43473798209014));
#1279=CARTESIAN_POINT('Ctrl Pts',(-1.30541495128927,8.9521075310004,-3.46293781245736));
#1280=CARTESIAN_POINT('Ctrl Pts',(-1.14692770269994,8.9429700630175,-3.51890816859028));
#1281=CARTESIAN_POINT('Ctrl Pts',(-1.06069831698866,8.93791521821485,-3.54585309190712));
#1282=CARTESIAN_POINT('Ctrl Pts',(-0.870388729272336,8.92660332086814,-3.59775804282269));
#1283=CARTESIAN_POINT('Ctrl Pts',(-0.766039605043463,8.92030039068471,-3.62141123452125));
#1284=CARTESIAN_POINT('Ctrl Pts',(-0.472490620508416,8.90251874367558,-3.67469578292729));
#1285=CARTESIAN_POINT('Ctrl Pts',(-0.281798113298751,8.89087874222416,-3.69421532043999));
#1286=CARTESIAN_POINT('Ctrl Pts',(-0.0603057873979482,8.87836275126011,
-3.69963136928686));
#1287=CARTESIAN_POINT('Ctrl Pts',(-0.0301544051981628,8.87668153939099,
-3.69999999999139));
#1288=CARTESIAN_POINT('Ctrl Pts',(-1.056360735456E-9,8.87502763596914,-3.7));
#1289=CARTESIAN_POINT('Ctrl Pts',(1.19461142397899E-14,8.62496185531825,
-3.7));
#1290=CARTESIAN_POINT('Ctrl Pts',(-0.434710670090656,8.64859437028692,-3.7));
#1291=CARTESIAN_POINT('Ctrl Pts',(-0.866536746300539,8.67096583719511,-3.62338043636584));
#1292=CARTESIAN_POINT('Ctrl Pts',(-1.73898527861065,8.72182229201539,-3.30299218093226));
#1293=CARTESIAN_POINT('Ctrl Pts',(-2.1637838237227,8.74714531027511,-3.04169004288976));
#1294=CARTESIAN_POINT('Ctrl Pts',(-2.61269533544587,8.78074068808764,-2.62265028563311));
#1295=CARTESIAN_POINT('Ctrl Pts',(-2.69657937023497,8.78733824152737,-2.53632253184641));
#1296=CARTESIAN_POINT('Ctrl Pts',(-2.8882508191578,8.80292780401829,-2.31878868842916));
#1297=CARTESIAN_POINT('Ctrl Pts',(-2.9915107836627,8.81179038494481,-2.18395115418216));
#1298=CARTESIAN_POINT('Ctrl Pts',(-3.21456101244252,8.83322317180679,-1.8470372712259));
#1299=CARTESIAN_POINT('Ctrl Pts',(-3.32508776523903,8.8459279032164,-1.63973373687294));
#1300=CARTESIAN_POINT('Ctrl Pts',(-3.60556269797299,8.88581982675213,-0.966766806626199));
#1301=CARTESIAN_POINT('Ctrl Pts',(-3.70237538660076,8.91118602436563,-0.47658625422275));
#1302=CARTESIAN_POINT('Ctrl Pts',(-3.69754267008054,8.96524929453707,0.511436826921086));
#1303=CARTESIAN_POINT('Ctrl Pts',(-3.59648259415721,8.99055147003659,0.999358227699048));
#1304=CARTESIAN_POINT('Ctrl Pts',(-3.35513861338272,9.0241683239575,1.56452198519498));
#1305=CARTESIAN_POINT('Ctrl Pts',(-3.30210253653987,9.03081589562183,1.67356018448451));
#1306=CARTESIAN_POINT('Ctrl Pts',(-3.16179881851093,9.04650705500753,1.92927356922761));
#1307=CARTESIAN_POINT('Ctrl Pts',(-3.06955074456833,9.05541385679351,2.07290417546048));
#1308=CARTESIAN_POINT('Ctrl Pts',(-2.82765377977254,9.07689776458535,2.39778686200843));
#1309=CARTESIAN_POINT('Ctrl Pts',(-2.67002453874355,9.08960762965933,2.57215141408983));
#1310=CARTESIAN_POINT('Ctrl Pts',(-2.13191264698082,9.12950660966372,3.06425656069084));
#1311=CARTESIAN_POINT('Ctrl Pts',(-1.70358645542881,9.15487270030894,3.32152241195105));
#1312=CARTESIAN_POINT('Ctrl Pts',(-0.772541832567522,9.20892990969727,3.65191223738163));
#1313=CARTESIAN_POINT('Ctrl Pts',(-0.279366544314934,9.23422706177087,3.72226454039501));
#1314=CARTESIAN_POINT('Ctrl Pts',(0.341262791804201,9.26823292959094,3.68646554189715));
#1315=CARTESIAN_POINT('Ctrl Pts',(0.468990000780013,9.27527871138795,3.67240240163567));
#1316=CARTESIAN_POINT('Ctrl Pts',(0.759857151495368,9.29109599416661,3.62495118602345));
#1317=CARTESIAN_POINT('Ctrl Pts',(0.921995561176095,9.29978828302401,3.58714134430224));
#1318=CARTESIAN_POINT('Ctrl Pts',(1.30475208303125,9.32102296038825,3.47020694384819));
#1319=CARTESIAN_POINT('Ctrl Pts',(1.52145877805129,9.33370694080858,3.38080812428828));
#1320=CARTESIAN_POINT('Ctrl Pts',(2.1656426600255,9.37356867326209,3.04050720310438));
#1321=CARTESIAN_POINT('Ctrl Pts',(2.55227919938011,9.39893385740792,2.72407015633198));
#1322=CARTESIAN_POINT('Ctrl Pts',(3.17763077208325,9.45301646847435,1.95867824641126));
#1323=CARTESIAN_POINT('Ctrl Pts',(3.41035124266313,9.4783361828826,1.51765421249065));
#1324=CARTESIAN_POINT('Ctrl Pts',(3.58396036959332,9.51199638731059,0.927364451075364));
#1325=CARTESIAN_POINT('Ctrl Pts',(3.61249201645329,9.51866372837109,0.809122557529601));
#1326=CARTESIAN_POINT('Ctrl Pts',(3.66666864787764,9.53428682042936,0.523573086743812));
#1327=CARTESIAN_POINT('Ctrl Pts',(3.68676313973226,9.54312134532471,0.355486713696235));
#1328=CARTESIAN_POINT('Ctrl Pts',(3.70710967321342,9.56452158840296,-0.047427243723866));
#1329=CARTESIAN_POINT('Ctrl Pts',(3.69666745306052,9.57722300526937,-0.282041483212488));
#1330=CARTESIAN_POINT('Ctrl Pts',(3.59538238463226,9.61711028240589,-1.00396447644656));
#1331=CARTESIAN_POINT('Ctrl Pts',(3.42909697454301,9.64247647064647,-1.47513058616294));
#1332=CARTESIAN_POINT('Ctrl Pts',(2.92179039161381,9.69654337092917,-2.32305730986051));
#1333=CARTESIAN_POINT('Ctrl Pts',(2.58630288965516,9.72184863703351,-2.69156196722364));
#1334=CARTESIAN_POINT('Ctrl Pts',(2.08667035903379,9.75574499031426,-3.05806099960193));
#1335=CARTESIAN_POINT('Ctrl Pts',(1.98114341391712,9.7626696257522,-3.12745953415665));
#1336=CARTESIAN_POINT('Ctrl Pts',(1.72810038345106,9.77842259889417,-3.27591345363137));
#1337=CARTESIAN_POINT('Ctrl Pts',(1.57835750064648,9.78715869070201,-3.35063166201373));
#1338=CARTESIAN_POINT('Ctrl Pts',(1.20805432500847,9.80844446185042,-3.50505076016251));
#1339=CARTESIAN_POINT('Ctrl Pts',(0.983993108957657,9.82113392802808,-3.57442580124378));
#1340=CARTESIAN_POINT('Ctrl Pts',(0.505986381981968,9.84784985554715,-3.67404791499034));
#1341=CARTESIAN_POINT('Ctrl Pts',(0.253011484043098,9.8612661671138,-3.7));
#1342=CARTESIAN_POINT('Ctrl Pts',(-4.57966997657877E-15,9.87466427185601,
-3.7));
#1343=CARTESIAN_POINT('Origin',(0.,8.,0.));
#1344=CARTESIAN_POINT('',(-6.16872439937042E-16,11.3758424290172,-3.7));
#1345=CARTESIAN_POINT('',(6.94652191532184E-15,11.1246608258121,-3.7));
#1346=CARTESIAN_POINT('',(-4.53119315684521E-16,8.,-3.7));
#1347=CARTESIAN_POINT('Ctrl Pts',(-2.46741405703087E-16,11.3758424290172,
-3.7));
#1348=CARTESIAN_POINT('Ctrl Pts',(0.0402757713022422,11.3734821618075,-3.7));
#1349=CARTESIAN_POINT('Ctrl Pts',(0.0805575659900392,11.3711444741683,-3.69934237899374));
#1350=CARTESIAN_POINT('Ctrl Pts',(0.174894066294306,11.3657483798214,-3.69626002409043));
#1351=CARTESIAN_POINT('Ctrl Pts',(0.228918078399961,11.3627185624579,-3.69330793906505));
#1352=CARTESIAN_POINT('Ctrl Pts',(0.328709484712491,11.3572859621642,-3.68565658369851));
#1353=CARTESIAN_POINT('Ctrl Pts',(0.374484200367708,11.3548622387021,-3.68128721501899));
#1354=CARTESIAN_POINT('Ctrl Pts',(0.518010572940426,11.3474188691932,-3.66488252431757));
#1355=CARTESIAN_POINT('Ctrl Pts',(0.615381027776529,11.3425926125129,-3.64979570015247));
#1356=CARTESIAN_POINT('Ctrl Pts',(0.891809847093743,11.3290132266033,-3.59558547786272));
#1357=CARTESIAN_POINT('Ctrl Pts',(1.06870504912545,11.3204392176447,-3.54703166105972));
#1358=CARTESIAN_POINT('Ctrl Pts',(1.33516748985345,11.3064508908598,-3.45213816477196));
#1359=CARTESIAN_POINT('Ctrl Pts',(1.42764429637124,11.301394183658,-3.41493176568406));
#1360=CARTESIAN_POINT('Ctrl Pts',(1.58837574041967,11.2921328439688,-3.34259386562093));
#1361=CARTESIAN_POINT('Ctrl Pts',(1.65724924101076,11.2880046130265,-3.30898692928827));
#1362=CARTESIAN_POINT('Ctrl Pts',(1.82367138483003,11.2776136748564,-3.22128175442047));
#1363=CARTESIAN_POINT('Ctrl Pts',(1.91990341257138,11.2712372361176,-3.16486955740078));
#1364=CARTESIAN_POINT('Ctrl Pts',(2.16279167328744,11.254285344462,-3.007328469599));
#1365=CARTESIAN_POINT('Ctrl Pts',(2.30494161598752,11.2434747123449,-2.8998149160972));
#1366=CARTESIAN_POINT('Ctrl Pts',(2.48739670279846,11.2291410781155,-2.73989667056496));
#1367=CARTESIAN_POINT('Ctrl Pts',(2.53487364150875,11.2253688248997,-2.69603277486546));
#1368=CARTESIAN_POINT('Ctrl Pts',(2.61825600812943,11.2187427125749,-2.6148448132886));
#1369=CARTESIAN_POINT('Ctrl Pts',(2.65457413365056,11.215856422501,-2.5779672066801));
#1370=CARTESIAN_POINT('Ctrl Pts',(2.72260415367789,11.2104970700031,-2.50592630811748));
#1371=CARTESIAN_POINT('Ctrl Pts',(2.75443551192775,11.2080132019337,-2.47089557974446));
#1372=CARTESIAN_POINT('Ctrl Pts',(2.91357177689026,11.195608188064,-2.28886696442954));
#1373=CARTESIAN_POINT('Ctrl Pts',(3.02983587585802,11.1865414684167,-2.13258809826944));
#1374=CARTESIAN_POINT('Ctrl Pts',(3.18986060542136,11.1721210631729,-1.8777918392741));
#1375=CARTESIAN_POINT('Ctrl Pts',(3.2425166413188,11.1669636235667,-1.78532819661941));
#1376=CARTESIAN_POINT('Ctrl Pts',(3.33226539195127,11.1571258128266,-1.61062629001483));
#1377=CARTESIAN_POINT('Ctrl Pts',(3.37047384961299,11.1524979894576,-1.52905636192668));
#1378=CARTESIAN_POINT('Ctrl Pts',(3.43608804929115,11.1435962562403,-1.37453868412121));
#1379=CARTESIAN_POINT('Ctrl Pts',(3.46423817322946,11.1393624048551,-1.30196380845246));
#1380=CARTESIAN_POINT('Ctrl Pts',(3.57528941735433,11.1207170777236,-0.986490701121614));
#1381=CARTESIAN_POINT('Ctrl Pts',(3.6350685878013,11.1051588465116,-0.736251723996793));
#1382=CARTESIAN_POINT('Ctrl Pts',(3.6780169456279,11.0855655811264,-0.409333752877172));
#1383=CARTESIAN_POINT('Ctrl Pts',(3.6853984873835,11.081256796978,-0.336454980814));
#1384=CARTESIAN_POINT('Ctrl Pts',(3.69460197353467,11.0738432567666,-0.207501756424456));
#1385=CARTESIAN_POINT('Ctrl Pts',(3.69732138003661,11.0706944161049,-0.151513475751049));
#1386=CARTESIAN_POINT('Ctrl Pts',(3.69993355027016,11.0651857580107,-0.0503226394051664));
#1387=CARTESIAN_POINT('Ctrl Pts',(3.70027210168487,11.0627970236335,-0.00515189904752642));
#1388=CARTESIAN_POINT('Ctrl Pts',(3.69755287400081,11.0498022065411,0.2462759340975));
#1389=CARTESIAN_POINT('Ctrl Pts',(3.67807781916399,11.0402198595462,0.452022977997568));
#1390=CARTESIAN_POINT('Ctrl Pts',(3.62166596361057,11.0249345536274,0.765595642305677));
#1391=CARTESIAN_POINT('Ctrl Pts',(3.59677420062975,11.0194756130324,0.875107979561722));
#1392=CARTESIAN_POINT('Ctrl Pts',(3.54394184653654,11.0094576439642,1.0667556462352));
#1393=CARTESIAN_POINT('Ctrl Pts',(3.51802105935212,11.0049835055843,1.14935507309884));
#1394=CARTESIAN_POINT('Ctrl Pts',(3.46294446337213,10.9961648415298,1.30547223711823));
#1395=CARTESIAN_POINT('Ctrl Pts',(3.43428223857314,10.991845755049,1.37911048855787));
#1396=CARTESIAN_POINT('Ctrl Pts',(3.34647815674817,10.9793098818632,1.58494358471144));
#1397=CARTESIAN_POINT('Ctrl Pts',(3.28191037773272,10.9708406569586,1.71464753196149));
#1398=CARTESIAN_POINT('Ctrl Pts',(3.14219364832452,10.9541120329653,1.95835682837373));
#1399=CARTESIAN_POINT('Ctrl Pts',(3.06800025009271,10.9458856198397,2.07265925667606));
#1400=CARTESIAN_POINT('Ctrl Pts',(2.94078606660152,10.9332210571592,2.24679670999969));
#1401=CARTESIAN_POINT('Ctrl Pts',(2.89183640981743,10.9286373944954,2.30945935869776));
#1402=CARTESIAN_POINT('Ctrl Pts',(2.81312880029777,10.9218254927765,2.40378568060992));
#1403=CARTESIAN_POINT('Ctrl Pts',(2.7847748743583,10.9194782389786,2.43657734351292));
#1404=CARTESIAN_POINT('Ctrl Pts',(2.71177539328926,10.9137073972565,2.51806183886131));
#1405=CARTESIAN_POINT('Ctrl Pts',(2.66639665936539,10.910354256464,2.56606537370035));
#1406=CARTESIAN_POINT('Ctrl Pts',(2.4885431464114,10.8978567906942,2.74439006771133));
#1407=CARTESIAN_POINT('Ctrl Pts',(2.34760203477612,10.8892173968023,2.86588600940481));
#1408=CARTESIAN_POINT('Ctrl Pts',(2.12276562897329,10.8757042345605,3.03193648925463));
#1409=CARTESIAN_POINT('Ctrl Pts',(2.04534181875613,10.8711014453579,3.08469574922678));
#1410=CARTESIAN_POINT('Ctrl Pts',(1.89468762612196,10.8620967386987,3.17918944102284));
#1411=CARTESIAN_POINT('Ctrl Pts',(1.82187345689376,10.8577249022111,3.22146888482689));
#1412=CARTESIAN_POINT('Ctrl Pts',(1.67693004734128,10.8489323561539,3.29914375674672));
#1413=CARTESIAN_POINT('Ctrl Pts',(1.60496731077887,10.8445260039932,3.33474464758103));
#1414=CARTESIAN_POINT('Ctrl Pts',(1.3486403853823,10.8286873769069,3.45133376805413));
#1415=CARTESIAN_POINT('Ctrl Pts',(1.15890365511934,10.8166518600396,3.51958091027426));
#1416=CARTESIAN_POINT('Ctrl Pts',(0.840196497480859,10.796903522214,3.60564478764185));
#1417=CARTESIAN_POINT('Ctrl Pts',(0.714115335568566,10.7892236570855,3.63271910374741));
#1418=CARTESIAN_POINT('Ctrl Pts',(0.538213774090994,10.7791290160168,3.6609772775783));
#1419=CARTESIAN_POINT('Ctrl Pts',(0.489400425602649,10.7763938552956,3.66782178886142));
#1420=CARTESIAN_POINT('Ctrl Pts',(0.391442990088589,10.7710803474393,3.67956651470904));
#1421=CARTESIAN_POINT('Ctrl Pts',(0.34230784930021,10.7685027273419,3.68446243235941));
#1422=CARTESIAN_POINT('Ctrl Pts',(0.154973777295195,10.7589116449717,3.69934839999615));
#1423=CARTESIAN_POINT('Ctrl Pts',(0.0163380854465879,10.75229198523,3.70255817424026));
#1424=CARTESIAN_POINT('Ctrl Pts',(-0.300039782830945,10.7371844093896,3.69210647068501));
#1425=CARTESIAN_POINT('Ctrl Pts',(-0.477256298420667,10.7287006191252,3.67340407045631));
#1426=CARTESIAN_POINT('Ctrl Pts',(-0.734527584672166,10.7154432848355,3.62731654442934));
#1427=CARTESIAN_POINT('Ctrl Pts',(-0.816095230293284,10.711104604165,3.609839701272));
#1428=CARTESIAN_POINT('Ctrl Pts',(-0.975408800443597,10.7023123550209,3.57002937228488));
#1429=CARTESIAN_POINT('Ctrl Pts',(-1.05314808844027,10.6978691473977,3.54787388895604));
#1430=CARTESIAN_POINT('Ctrl Pts',(-1.30690167001098,10.6828574573495,3.4664801805029));
#1431=CARTESIAN_POINT('Ctrl Pts',(-1.47916089762301,10.6718040075598,3.39654800587798));
#1432=CARTESIAN_POINT('Ctrl Pts',(-1.78074865711282,10.6516516253084,3.24680821287293));
#1433=CARTESIAN_POINT('Ctrl Pts',(-1.91184549677643,10.6426034976652,3.17138484425601));
#1434=CARTESIAN_POINT('Ctrl Pts',(-2.07643380281304,10.6315190824005,3.06276778489276));
#1435=CARTESIAN_POINT('Ctrl Pts',(-2.11442695279854,10.6289828466349,3.03666332449069));
#1436=CARTESIAN_POINT('Ctrl Pts',(-2.1957456125407,10.6236385526318,2.97852351023012));
#1437=CARTESIAN_POINT('Ctrl Pts',(-2.23887513928476,10.6208522953482,2.94624169011986));
#1438=CARTESIAN_POINT('Ctrl Pts',(-2.45156950874145,10.6071944634871,2.77967374862985));
#1439=CARTESIAN_POINT('Ctrl Pts',(-2.60984906712751,10.5972311643243,2.63163400862103));
#1440=CARTESIAN_POINT('Ctrl Pts',(-2.83737220538481,10.5807172070993,2.37798057160956));
#1441=CARTESIAN_POINT('Ctrl Pts',(-2.9156993460706,10.5745437589833,2.28126400795615));
#1442=CARTESIAN_POINT('Ctrl Pts',(-3.03448458273458,10.5640947846754,2.11845640857871));
#1443=CARTESIAN_POINT('Ctrl Pts',(-3.07799983132124,10.5599934841388,2.05471885767757));
#1444=CARTESIAN_POINT('Ctrl Pts',(-3.16976897227684,10.5506849686083,1.91083939546479));
#1445=CARTESIAN_POINT('Ctrl Pts',(-3.21703747790722,10.5454301051095,1.83013915496919));
#1446=CARTESIAN_POINT('Ctrl Pts',(-3.35614246942265,10.5284719622793,1.57057627417658));
#1447=CARTESIAN_POINT('Ctrl Pts',(-3.43648584005145,10.5162791932972,1.38598168604011));
#1448=CARTESIAN_POINT('Ctrl Pts',(-3.53404318477866,10.4983582859301,1.10032755021892));
#1449=CARTESIAN_POINT('Ctrl Pts',(-3.56273855090646,10.492453076,1.00353352100111));
#1450=CARTESIAN_POINT('Ctrl Pts',(-3.59833953371244,10.4843249217415,0.862516366789303));
#1451=CARTESIAN_POINT('Ctrl Pts',(-3.60845807611286,10.4818910905433,0.819154321696509));
#1452=CARTESIAN_POINT('Ctrl Pts',(-3.62998020737511,10.476432493151,0.718765087807902));
#1453=CARTESIAN_POINT('Ctrl Pts',(-3.6408261545349,10.4734472999725,0.661638521868605));
#1454=CARTESIAN_POINT('Ctrl Pts',(-3.67991071238339,10.461438644172,0.425535808535979));
#1455=CARTESIAN_POINT('Ctrl Pts',(-3.69633446872149,10.4529886139233,0.244848084108405));
#1456=CARTESIAN_POINT('Ctrl Pts',(-3.7011953038196,10.439410215196,-0.0376310164884677));
#1457=CARTESIAN_POINT('Ctrl Pts',(-3.69877754892967,10.4344741267878,-0.13894430429138));
#1458=CARTESIAN_POINT('Ctrl Pts',(-3.68651361727393,10.4249682513824,-0.327593835971022));
#1459=CARTESIAN_POINT('Ctrl Pts',(-3.67770825825355,10.4204417656947,-0.414921811830341));
#1460=CARTESIAN_POINT('Ctrl Pts',(-3.65515613068105,10.411599351433,-0.579655803730818));
#1461=CARTESIAN_POINT('Ctrl Pts',(-3.64203118648262,10.4073140453868,-0.657095257787887));
#1462=CARTESIAN_POINT('Ctrl Pts',(-3.59595681537629,10.3943274107465,-0.884716824821737));
#1463=CARTESIAN_POINT('Ctrl Pts',(-3.55610593200461,10.3853226976147,-1.03330893553099));
#1464=CARTESIAN_POINT('Ctrl Pts',(-3.46506756180334,10.368289741969,-1.3041237137889));
#1465=CARTESIAN_POINT('Ctrl Pts',(-3.41632965676718,10.360320261396,-1.42692800267689));
#1466=CARTESIAN_POINT('Ctrl Pts',(-3.32839879042852,10.3479789730448,-1.61798999074181));
#1467=CARTESIAN_POINT('Ctrl Pts',(-3.29341323651338,10.3434684986921,-1.68806442597777));
#1468=CARTESIAN_POINT('Ctrl Pts',(-3.23566350162789,10.3367292957786,-1.79509249899396));
#1469=CARTESIAN_POINT('Ctrl Pts',(-3.21443409561271,10.334386275084,-1.83283653515134));
#1470=CARTESIAN_POINT('Ctrl Pts',(-3.15877787437375,10.3285817422533,-1.92784429797174));
#1471=CARTESIAN_POINT('Ctrl Pts',(-3.12345902082014,10.3251935813858,-1.98455700871741));
#1472=CARTESIAN_POINT('Ctrl Pts',(-2.97730591599832,10.3120538676707,-2.20566287922637));
#1473=CARTESIAN_POINT('Ctrl Pts',(-2.85487196735004,10.302871813331,-2.3619954491187));
#1474=CARTESIAN_POINT('Ctrl Pts',(-2.63911452831883,10.2874030175761,-2.59605190526728));
#1475=CARTESIAN_POINT('Ctrl Pts',(-2.55351073619694,10.2814256952869,-2.68029656800653));
#1476=CARTESIAN_POINT('Ctrl Pts',(-2.40656111933648,10.2711955469905,-2.81147387922063));
#1477=CARTESIAN_POINT('Ctrl Pts',(-2.34757402928042,10.2670985228817,-2.86091179291926));
#1478=CARTESIAN_POINT('Ctrl Pts',(-2.21230937941707,10.2576980397476,-2.96727782661742));
#1479=CARTESIAN_POINT('Ctrl Pts',(-2.13529545407999,10.2523408926064,-3.02317061850052));
#1480=CARTESIAN_POINT('Ctrl Pts',(-1.88967031435129,10.23529412987,-3.18736244311615));
#1481=CARTESIAN_POINT('Ctrl Pts',(-1.71436505609622,10.223132251359,-3.28497559612543));
#1482=CARTESIAN_POINT('Ctrl Pts',(-1.44258878759879,10.2054235978265,-3.40860666768521));
#1483=CARTESIAN_POINT('Ctrl Pts',(-1.35152126450972,10.1996801117095,-3.44573003700532));
#1484=CARTESIAN_POINT('Ctrl Pts',(-1.21735563254554,10.1917118432213,-3.49428302644093));
#1485=CARTESIAN_POINT('Ctrl Pts',(-1.17536225412205,10.1892882001529,-3.50863132158674));
#1486=CARTESIAN_POINT('Ctrl Pts',(-1.077201028702,10.1838096934824,-3.54021002699223));
#1487=CARTESIAN_POINT('Ctrl Pts',(-1.02086869463385,10.1807967860039,-3.55686340605784));
#1488=CARTESIAN_POINT('Ctrl Pts',(-0.788734962522188,10.1687431312865,-3.61951832791036));
#1489=CARTESIAN_POINT('Ctrl Pts',(-0.610045756874838,10.1602716022681,-3.65388497260438));
#1490=CARTESIAN_POINT('Ctrl Pts',(-0.329615265750827,10.146695707911,-3.68666150240168));
#1491=CARTESIAN_POINT('Ctrl Pts',(-0.229272097943271,10.1417906968889,-3.69425928654559));
#1492=CARTESIAN_POINT('Ctrl Pts',(-0.0858428902123092,10.1345700602457,
-3.69925317691175));
#1493=CARTESIAN_POINT('Ctrl Pts',(-0.0429206017064628,10.1323831652773,
-3.70000000014369));
#1494=CARTESIAN_POINT('Ctrl Pts',(1.23871381615176E-8,10.1301654635622,
-3.7));
#1495=CARTESIAN_POINT('Ctrl Pts',(-4.37150315946155E-15,9.87466427185601,
-3.7));
#1496=CARTESIAN_POINT('Ctrl Pts',(-0.239227148297259,9.88733243354909,-3.7));
#1497=CARTESIAN_POINT('Ctrl Pts',(-0.478471173016454,9.90028238546035,-3.6768005244442));
#1498=CARTESIAN_POINT('Ctrl Pts',(-1.19869816625398,9.9404478113921,-3.53508014106702));
#1499=CARTESIAN_POINT('Ctrl Pts',(-1.65911377143065,9.96576329169929,-3.34380369016877));
#1500=CARTESIAN_POINT('Ctrl Pts',(-2.17044264652814,9.99949968841632,-2.99905325576202));
#1501=CARTESIAN_POINT('Ctrl Pts',(-2.26897763316399,10.0062494967898,-2.9252151474663));
#1502=CARTESIAN_POINT('Ctrl Pts',(-2.4932458521473,10.0219131738939,-2.73899596359507));
#1503=CARTESIAN_POINT('Ctrl Pts',(-2.61534434999778,10.0307153124237,-2.62266144344845));
#1504=CARTESIAN_POINT('Ctrl Pts',(-2.88726479171701,10.0520779432696,-2.32563313657812));
#1505=CARTESIAN_POINT('Ctrl Pts',(-3.02865984067406,10.0647754841748,-2.1382406810285));
#1506=CARTESIAN_POINT('Ctrl Pts',(-3.41059355223019,10.1046572403681,-1.51742139469062));
#1507=CARTESIAN_POINT('Ctrl Pts',(-3.58269091802261,10.1300233417824,-1.04835039377835));
#1508=CARTESIAN_POINT('Ctrl Pts',(-3.73207844103514,10.1840942156933,-0.0715382896021129));
#1509=CARTESIAN_POINT('Ctrl Pts',(-3.70834128871549,10.2094029501051,0.426316496750145));
#1510=CARTESIAN_POINT('Ctrl Pts',(-3.55703940224851,10.2432481787691,1.02622879639576));
#1511=CARTESIAN_POINT('Ctrl Pts',(-3.52027923125708,10.2501166743621,1.14599776564238));
#1512=CARTESIAN_POINT('Ctrl Pts',(-3.42028937311206,10.2658405073315,1.4211604395022));
#1513=CARTESIAN_POINT('Ctrl Pts',(-3.35242848900738,10.2745974329838,1.57458081884608));
#1514=CARTESIAN_POINT('Ctrl Pts',(-3.16538865586666,10.2959074718425,1.93005694380744));
#1515=CARTESIAN_POINT('Ctrl Pts',(-3.03696859664262,10.3085995102663,2.12640848845135));
#1516=CARTESIAN_POINT('Ctrl Pts',(-2.58212726544317,10.3484732713408,2.69579813005324));
#1517=CARTESIAN_POINT('Ctrl Pts',(-2.19898442748575,10.3738391131305,3.01648343629028));
#1518=CARTESIAN_POINT('Ctrl Pts',(-1.33029143040202,10.4279151444643,3.48768546622094));
#1519=CARTESIAN_POINT('Ctrl Pts',(-0.853678597586308,10.4532285439892,3.63385072243214));
#1520=CARTESIAN_POINT('Ctrl Pts',(-0.239309401270683,10.4869999941316,3.69432577027458));
#1521=CARTESIAN_POINT('Ctrl Pts',(-0.115629840171817,10.4937879121687,3.70026258758744));
#1522=CARTESIAN_POINT('Ctrl Pts',(0.131635350314946,10.5070724094976,3.69972010665173));
#1523=CARTESIAN_POINT('Ctrl Pts',(0.255066303753183,10.5135697070008,3.69326415323357));
#1524=CARTESIAN_POINT('Ctrl Pts',(0.867717284115813,10.5461140347668,3.63035408155));
#1525=CARTESIAN_POINT('Ctrl Pts',(1.34253911455598,10.5732835184054,3.48281159126453));
#1526=CARTESIAN_POINT('Ctrl Pts',(2.20851316459571,10.6254135239767,3.00949405980196));
#1527=CARTESIAN_POINT('Ctrl Pts',(2.59054548218706,10.6527072319033,2.68768657213182));
#1528=CARTESIAN_POINT('Ctrl Pts',(3.20507833301507,10.7049202567534,1.91348121678784));
#1529=CARTESIAN_POINT('Ctrl Pts',(3.4315981779079,10.7321714087097,1.46904324054445));
#1530=CARTESIAN_POINT('Ctrl Pts',(3.62632240360803,10.7705003944376,0.770296750592812));
#1531=CARTESIAN_POINT('Ctrl Pts',(3.66739574038,10.7827494980199,0.542010978760036));
#1532=CARTESIAN_POINT('Ctrl Pts',(3.69973577762429,10.8036550398177,0.159097957923856));
#1533=CARTESIAN_POINT('Ctrl Pts',(3.70314966915379,10.8120701106194,0.00616429953374248));
#1534=CARTESIAN_POINT('Ctrl Pts',(3.69008592210692,10.8299611863571,-0.323422767070789));
#1535=CARTESIAN_POINT('Ctrl Pts',(3.67039252341022,10.8392352741751,-0.499553022666305));
#1536=CARTESIAN_POINT('Ctrl Pts',(3.59379361133914,10.8615013442429,-0.913263355160998));
#1537=CARTESIAN_POINT('Ctrl Pts',(3.52585329717305,10.8746445701424,-1.14793170520258));
#1538=CARTESIAN_POINT('Ctrl Pts',(3.25185478760163,10.9150111807372,-1.83289753675067));
#1539=CARTESIAN_POINT('Ctrl Pts',(2.97833459386911,10.9403518562021,-2.25024721205322));
#1540=CARTESIAN_POINT('Ctrl Pts',(2.54758159474132,10.9738629913827,-2.68586818787881));
#1541=CARTESIAN_POINT('Ctrl Pts',(2.46020362900513,10.9803676994816,-2.76612700728444));
#1542=CARTESIAN_POINT('Ctrl Pts',(2.27182373364097,10.9935776545865,-2.92315963858493));
#1543=CARTESIAN_POINT('Ctrl Pts',(2.1704228594868,11.0002428741982,-2.99921843641557));
#1544=CARTESIAN_POINT('Ctrl Pts',(1.65598483902068,11.0330010854389,-3.34531082977439));
#1545=CARTESIAN_POINT('Ctrl Pts',(1.19569091914839,11.0602273357473,-3.53605741910819));
#1546=CARTESIAN_POINT('Ctrl Pts',(0.476582787365322,11.0989340239764,-3.6769833193275));
#1547=CARTESIAN_POINT('Ctrl Pts',(0.238266430850074,11.1116570861383,-3.7));
#1548=CARTESIAN_POINT('Ctrl Pts',(1.12410081243297E-14,11.1246608258121,
-3.7));
#1549=CARTESIAN_POINT('Origin',(0.,8.,0.));
#1550=CARTESIAN_POINT('',(2.70210046341515E-8,12.6250362739167,-3.7));
#1551=CARTESIAN_POINT('',(-9.03678651145947E-15,12.3749637232089,-3.7));
#1552=CARTESIAN_POINT('',(-4.53119315684521E-16,8.,-3.7));
#1553=CARTESIAN_POINT('',(-3.11358410625189E-5,12.002263079365,3.7013591164118));
#1554=CARTESIAN_POINT('Ctrl Pts',(2.70972423624696E-8,12.6250362753498,
-3.7));
#1555=CARTESIAN_POINT('Ctrl Pts',(0.0810485530487668,12.6207254869694,-3.69999999940644));
#1556=CARTESIAN_POINT('Ctrl Pts',(0.162087518247859,12.6164507881449,-3.69733695326252));
#1557=CARTESIAN_POINT('Ctrl Pts',(0.735695513086907,12.5860813689879,-3.65958553832144));
#1558=CARTESIAN_POINT('Ctrl Pts',(1.21695254288214,12.5588308909673,-3.52885703112333));
#1559=CARTESIAN_POINT('Ctrl Pts',(2.10047536397372,12.5066250886612,-3.08587446446008));
#1560=CARTESIAN_POINT('Ctrl Pts',(2.49369871578499,12.4793314074134,-2.7777854860362));
#1561=CARTESIAN_POINT('Ctrl Pts',(2.96641093372108,12.4408565969877,-2.22374099159316));
#1562=CARTESIAN_POINT('Ctrl Pts',(3.10090663539214,12.4284630413154,-2.03199183138029));
#1563=CARTESIAN_POINT('Ctrl Pts',(3.29804358118782,12.40674016035,-1.68528344942037));
#1564=CARTESIAN_POINT('Ctrl Pts',(3.36996525081035,12.3976332437228,-1.53642589455194));
#1565=CARTESIAN_POINT('Ctrl Pts',(3.48086933961128,12.3816386059061,-1.2612867462543));
#1566=CARTESIAN_POINT('Ctrl Pts',(3.52349826567045,12.374721147968,-1.1367745462104));
#1567=CARTESIAN_POINT('Ctrl Pts',(3.69399972357569,12.3417267424752,-0.536051438415674));
#1568=CARTESIAN_POINT('Ctrl Pts',(3.73247829688356,12.3145237793786,-0.0397142177111945));
#1569=CARTESIAN_POINT('Ctrl Pts',(3.61248886826982,12.2623588648999,0.940525117855028));
#1570=CARTESIAN_POINT('Ctrl Pts',(3.45454481942005,12.2350612422833,1.41449146982616));
#1571=CARTESIAN_POINT('Ctrl Pts',(2.96225897123849,12.1828667680228,2.27124189846307));
#1572=CARTESIAN_POINT('Ctrl Pts',(2.63327682777476,12.155640912023,2.64563605788296));
#1573=CARTESIAN_POINT('Ctrl Pts',(2.08633299772414,12.1193165823353,3.06182449260292));
#1574=CARTESIAN_POINT('Ctrl Pts',(1.92313974404015,12.1090873651556,3.16687326809969));
#1575=CARTESIAN_POINT('Ctrl Pts',(1.54063121419286,12.0856078808328,3.37258203830306));
#1576=CARTESIAN_POINT('Ctrl Pts',(1.31819187344601,12.0722566551521,3.46557784745164));
#1577=CARTESIAN_POINT('Ctrl Pts',(0.943686938443151,12.0513207912548,3.58083034848512));
#1578=CARTESIAN_POINT('Ctrl Pts',(0.796485702113254,12.0434002367038,3.61642148809436));
#1579=CARTESIAN_POINT('Ctrl Pts',(0.433781339759938,12.0238626567339,3.68089098798538));
#1580=CARTESIAN_POINT('Ctrl Pts',(0.217135177904113,12.0121270657164,3.69999522389639));
#1581=CARTESIAN_POINT('Ctrl Pts',(8.14004277278901E-5,12.0002482471662,
3.69999999910459));
#1582=CARTESIAN_POINT('Ctrl Pts',(-0.000150321077147519,12.0043920644228,
3.69999999694643));
#1583=CARTESIAN_POINT('Ctrl Pts',(-0.284891438878894,11.9881336377285,3.69998842867844));
#1584=CARTESIAN_POINT('Ctrl Pts',(-0.568566471862775,11.9705712436023,3.66711615173711));
#1585=CARTESIAN_POINT('Ctrl Pts',(-0.898858392259454,11.9512992211124,3.58957384835366));
#1586=CARTESIAN_POINT('Ctrl Pts',(-0.951784808808643,11.9482567449826,3.57590455861175));
#1587=CARTESIAN_POINT('Ctrl Pts',(-1.04969734337522,11.9427652890416,3.54828850230478));
#1588=CARTESIAN_POINT('Ctrl Pts',(-1.09474843850749,11.9402989693856,3.53464865713963));
#1589=CARTESIAN_POINT('Ctrl Pts',(-1.25325360019586,11.9317731324168,3.48333811370676));
#1590=CARTESIAN_POINT('Ctrl Pts',(-1.36514228458186,11.9260183403033,3.44102915259814));
#1591=CARTESIAN_POINT('Ctrl Pts',(-1.60937833993397,11.9133363050343,3.33488155195591));
#1592=CARTESIAN_POINT('Ctrl Pts',(-1.74036464933504,11.9064434690651,3.26843458769458));
#1593=CARTESIAN_POINT('Ctrl Pts',(-1.95784408423437,11.8941207468957,3.14132215465275));
#1594=CARTESIAN_POINT('Ctrl Pts',(-2.04631990670298,11.8888400350197,3.08441726242569));
#1595=CARTESIAN_POINT('Ctrl Pts',(-2.19229758264196,11.8795236331046,2.9814812244756));
#1596=CARTESIAN_POINT('Ctrl Pts',(-2.25106720569801,11.8755955342281,2.93736172279856));
#1597=CARTESIAN_POINT('Ctrl Pts',(-2.38286286614339,11.8663503146337,2.8321411558274));
#1598=CARTESIAN_POINT('Ctrl Pts',(-2.45491656024491,11.860968009633,2.76991702508168));
#1599=CARTESIAN_POINT('Ctrl Pts',(-2.67391805429341,11.8436062926985,2.56552937524299));
#1600=CARTESIAN_POINT('Ctrl Pts',(-2.81152599509135,11.8311204534002,2.41393404546409));
#1601=CARTESIAN_POINT('Ctrl Pts',(-2.99341595966782,11.8133524968353,2.17678576632473));
#1602=CARTESIAN_POINT('Ctrl Pts',(-3.04805488386505,11.8078226494883,2.09959520944702));
#1603=CARTESIAN_POINT('Ctrl Pts',(-3.12352554198015,11.8000916951276,1.98380821282375));
#1604=CARTESIAN_POINT('Ctrl Pts',(-3.14672204746352,11.7977037787874,1.9468047220554));
#1605=CARTESIAN_POINT('Ctrl Pts',(-3.1992418879938,11.7922882740278,1.85963051827168));
#1606=CARTESIAN_POINT('Ctrl Pts',(-3.22804537191719,11.7893023014368,1.80917065470939));
#1607=CARTESIAN_POINT('Ctrl Pts',(-3.34153110793189,11.7773033689051,1.59901171310583));
#1608=CARTESIAN_POINT('Ctrl Pts',(-3.41565072659381,11.7688586997914,1.43388077419098));
#1609=CARTESIAN_POINT('Ctrl Pts',(-3.51204868366991,11.7552777941057,1.16867251479507));
#1610=CARTESIAN_POINT('Ctrl Pts',(-3.5427533834708,11.7503310443583,1.0719971919017));
#1611=CARTESIAN_POINT('Ctrl Pts',(-3.59262236389985,11.7407971751856,0.889275797990915));
#1612=CARTESIAN_POINT('Ctrl Pts',(-3.61275714858013,11.7362527218285,0.803573545658565));
#1613=CARTESIAN_POINT('Ctrl Pts',(-3.64521201983552,11.7273418361501,0.639325351279431));
#1614=CARTESIAN_POINT('Ctrl Pts',(-3.65809348336895,11.7230041974616,0.560943618612559));
#1615=CARTESIAN_POINT('Ctrl Pts',(-3.68725404551346,11.7104816506178,0.339104025970568));
#1616=CARTESIAN_POINT('Ctrl Pts',(-3.6976727574574,11.7020492510816,0.195038315686773));
#1617=CARTESIAN_POINT('Ctrl Pts',(-3.70210426932903,11.6828334096892,-0.128033003350082));
#1618=CARTESIAN_POINT('Ctrl Pts',(-3.69159484439606,11.6719846473279,-0.306749767714439));
#1619=CARTESIAN_POINT('Ctrl Pts',(-3.66098179733683,11.6585952671208,-0.538759783264368));
#1620=CARTESIAN_POINT('Ctrl Pts',(-3.652532081435,11.6554992617759,-0.593346592375029));
#1621=CARTESIAN_POINT('Ctrl Pts',(-3.63485020291719,11.6500130985104,-0.692790651125345));
#1622=CARTESIAN_POINT('Ctrl Pts',(-3.62600304644728,11.6475983433829,-0.737696634417042));
#1623=CARTESIAN_POINT('Ctrl Pts',(-3.57269198691692,11.6345984387885,-0.984096954311841));
#1624=CARTESIAN_POINT('Ctrl Pts',(-3.51225949328801,11.6250205379489,-1.18179511241225));
#1625=CARTESIAN_POINT('Ctrl Pts',(-3.39479926662488,11.6098355040676,-1.47561560992992));
#1626=CARTESIAN_POINT('Ctrl Pts',(-3.34942743028822,11.604482841256,-1.57589246419772));
#1627=CARTESIAN_POINT('Ctrl Pts',(-3.26047008954098,11.5945774392591,-1.75123871211726));
#1628=CARTESIAN_POINT('Ctrl Pts',(-3.21858626896041,11.590101303776,-1.82707484634382));
#1629=CARTESIAN_POINT('Ctrl Pts',(-3.13355536011966,11.5812888735174,-1.96902270349784));
#1630=CARTESIAN_POINT('Ctrl Pts',(-3.0908795046221,11.5769786375369,-2.03535785891277));
#1631=CARTESIAN_POINT('Ctrl Pts',(-2.96459977403726,11.5645193710627,-2.21850678162388));
#1632=CARTESIAN_POINT('Ctrl Pts',(-2.87627795390527,11.5561230617593,-2.33187460652355));
#1633=CARTESIAN_POINT('Ctrl Pts',(-2.69091953039208,11.5393870712009,-2.54319963103853));
#1634=CARTESIAN_POINT('Ctrl Pts',(-2.5945455202363,11.5310754054721,-2.64144756008764));
#1635=CARTESIAN_POINT('Ctrl Pts',(-2.43390385714445,11.5183036962642,-2.78791888549546));
#1636=CARTESIAN_POINT('Ctrl Pts',(-2.3731489428291,11.5136957492702,-2.83981443469339));
#1637=CARTESIAN_POINT('Ctrl Pts',(-2.27690572444916,11.5068607741586,-2.91677544259958));
#1638=CARTESIAN_POINT('Ctrl Pts',(-2.24258390547129,11.5045130537946,-2.94324601688463));
#1639=CARTESIAN_POINT('Ctrl Pts',(-2.15633919203031,11.4988421153019,-3.00737636496604));
#1640=CARTESIAN_POINT('Ctrl Pts',(-2.10389513630679,11.4955820109105,-3.044295960548));
#1641=CARTESIAN_POINT('Ctrl Pts',(-1.896243011473,11.4831839353381,-3.18254799389027));
#1642=CARTESIAN_POINT('Ctrl Pts',(-1.7344633888617,11.4745643966152,-3.27353027018293));
#1643=CARTESIAN_POINT('Ctrl Pts',(-1.4807800608044,11.461038960747,-3.39208608850405));
#1644=CARTESIAN_POINT('Ctrl Pts',(-1.39353623448764,11.4563936461104,-3.42885003967116));
#1645=CARTESIAN_POINT('Ctrl Pts',(-1.22578458819119,11.4473254781601,-3.49207897271995));
#1646=CARTESIAN_POINT('Ctrl Pts',(-1.14559346557753,11.4429343803407,-3.51920118236017));
#1647=CARTESIAN_POINT('Ctrl Pts',(-0.987970407945312,11.4341415155999,-3.56655403363));
#1648=CARTESIAN_POINT('Ctrl Pts',(-0.910675748783535,11.4297564353126,-3.58706857019324));
#1649=CARTESIAN_POINT('Ctrl Pts',(-0.683864892555955,11.4166748212242,-3.63946265660135));
#1650=CARTESIAN_POINT('Ctrl Pts',(-0.532981728811452,11.4076887909595,-3.6645979519182));
#1651=CARTESIAN_POINT('Ctrl Pts',(-0.254392961115803,11.3909707266271,-3.69343795693188));
#1652=CARTESIAN_POINT('Ctrl Pts',(-0.127226280392913,11.3832982270842,-3.7));
#1653=CARTESIAN_POINT('Ctrl Pts',(-1.73472347597681E-16,11.3758424290172,
-3.7));
#1654=CARTESIAN_POINT('Ctrl Pts',(1.14838694109665E-14,11.1246608258121,
-3.7));
#1655=CARTESIAN_POINT('Ctrl Pts',(-0.253921690226075,11.1385189742111,-3.7));
#1656=CARTESIAN_POINT('Ctrl Pts',(-0.507804962143425,11.1523599003204,-3.67386106336502));
#1657=CARTESIAN_POINT('Ctrl Pts',(-0.986936388813477,11.1782182294177,-3.57363395368422));
#1658=CARTESIAN_POINT('Ctrl Pts',(-1.21119801338174,11.1906515057287,-3.50398302370238));
#1659=CARTESIAN_POINT('Ctrl Pts',(-1.58339481052122,11.2126311452606,-3.34835230348363));
#1660=CARTESIAN_POINT('Ctrl Pts',(-1.73476463478632,11.2219616257787,-3.27249026305269));
#1661=CARTESIAN_POINT('Ctrl Pts',(-1.9850374286097,11.2375958026709,-3.12480148910585));
#1662=CARTESIAN_POINT('Ctrl Pts',(-2.0865603334204,11.243990731277,-3.05794470127098));
#1663=CARTESIAN_POINT('Ctrl Pts',(-2.58306150273023,11.276491250875,-2.69472109415875));
#1664=CARTESIAN_POINT('Ctrl Pts',(-2.91915981040061,11.3037368416237,-2.32641895094609));
#1665=CARTESIAN_POINT('Ctrl Pts',(-3.42747105336078,11.3559389758884,-1.47887703467228));
#1666=CARTESIAN_POINT('Ctrl Pts',(-3.5942486750019,11.3832338279195,-1.00797742243896));
#1667=CARTESIAN_POINT('Ctrl Pts',(-3.6962797383059,11.42171637842,-0.286702718515751));
#1668=CARTESIAN_POINT('Ctrl Pts',(-3.70700837138597,11.4341189016268,-0.0525941743563743));
#1669=CARTESIAN_POINT('Ctrl Pts',(-3.68745298203889,11.4558982894526,0.346772070446236));
#1670=CARTESIAN_POINT('Ctrl Pts',(-3.66818362728719,11.4650541582756,0.511847437871232));
#1671=CARTESIAN_POINT('Ctrl Pts',(-3.61432729388383,11.4809621860212,0.802074761589462));
#1672=CARTESIAN_POINT('Ctrl Pts',(-3.58412442124789,11.4877577951599,0.927760126174669));
#1673=CARTESIAN_POINT('Ctrl Pts',(-3.40724882090297,11.5206386330995,1.52441699008045));
#1674=CARTESIAN_POINT('Ctrl Pts',(-3.17397403564104,11.5478534872283,1.96445104951671));
#1675=CARTESIAN_POINT('Ctrl Pts',(-2.54772653372678,11.6000289249125,2.72832476678188));
#1676=CARTESIAN_POINT('Ctrl Pts',(-2.16058384126343,11.6273264700068,3.04410047213796));
#1677=CARTESIAN_POINT('Ctrl Pts',(-1.51526496401899,11.6658459747366,3.38363499156158));
#1678=CARTESIAN_POINT('Ctrl Pts',(-1.29779038767041,11.6782947023413,3.47285879728604));
#1679=CARTESIAN_POINT('Ctrl Pts',(-0.90992900073942,11.700378565464,3.59042966324678));
#1680=CARTESIAN_POINT('Ctrl Pts',(-0.743290775919272,11.7098005340616,3.62859122113012));
#1681=CARTESIAN_POINT('Ctrl Pts',(-0.45437480406247,11.7255204698312,3.67401116252087));
#1682=CARTESIAN_POINT('Ctrl Pts',(-0.333273147555331,11.7319255801029,3.68696971019363));
#1683=CARTESIAN_POINT('Ctrl Pts',(0.280553442134748,11.7644109907991,3.72215635095669));
#1684=CARTESIAN_POINT('Ctrl Pts',(0.773549500726948,11.7916239179159,3.65167996227378));
#1685=CARTESIAN_POINT('Ctrl Pts',(1.70433254699663,11.8437975364782,3.32113173214467));
#1686=CARTESIAN_POINT('Ctrl Pts',(2.13255430275743,11.8710950626069,3.0638017363347));
#1687=CARTESIAN_POINT('Ctrl Pts',(2.86153988189453,11.923287682267,2.39687815115184));
#1688=CARTESIAN_POINT('Ctrl Pts',(3.15530641125431,11.9505081285306,1.99436630780462));
#1689=CARTESIAN_POINT('Ctrl Pts',(3.45778199241065,11.9887624470288,1.33673129397923));
#1690=CARTESIAN_POINT('Ctrl Pts',(3.53430406574116,12.0009479709933,1.11883792393657));
#1691=CARTESIAN_POINT('Ctrl Pts',(3.65788659756709,12.0287198396106,0.623253114465514));
#1692=CARTESIAN_POINT('Ctrl Pts',(3.69458876119972,12.0440703801573,0.344405298855884));
#1693=CARTESIAN_POINT('Ctrl Pts',(3.70347757384982,12.0711826661823,-0.168693059854597));
#1694=CARTESIAN_POINT('Ctrl Pts',(3.6855309566329,12.0835188091565,-0.401323423386363));
#1695=CARTESIAN_POINT('Ctrl Pts',(3.61859454771816,12.1048960428352,-0.788244395006354));
#1696=CARTESIAN_POINT('Ctrl Pts',(3.581164520979,12.1137063419594,-0.94382992037199));
#1697=CARTESIAN_POINT('Ctrl Pts',(3.48999902071694,12.1303377299394,-1.23763571400536));
#1698=CARTESIAN_POINT('Ctrl Pts',(3.43779686170015,12.1380999975432,-1.37600421835533));
#1699=CARTESIAN_POINT('Ctrl Pts',(3.2786134695875,12.1587044743967,-1.73184437091165));
#1700=CARTESIAN_POINT('Ctrl Pts',(3.15833265079769,12.1716857972379,-1.94255367822229));
#1701=CARTESIAN_POINT('Ctrl Pts',(2.95008235928998,12.1913744290511,-2.23627912947718));
#1702=CARTESIAN_POINT('Ctrl Pts',(2.87725031517448,12.1978527054996,-2.32924049751559));
#1703=CARTESIAN_POINT('Ctrl Pts',(2.70846016044288,12.2117970012135,-2.52465790953453));
#1704=CARTESIAN_POINT('Ctrl Pts',(2.61086528630876,12.2191662244473,-2.62545929662257));
#1705=CARTESIAN_POINT('Ctrl Pts',(2.14607555198459,12.2525723167239,-3.0539107707488));
#1706=CARTESIAN_POINT('Ctrl Pts',(1.72148980595973,12.279719088355,-3.31186751519439));
#1707=CARTESIAN_POINT('Ctrl Pts',(0.854805306172187,12.3284053063853,-3.62546411005499));
#1708=CARTESIAN_POINT('Ctrl Pts',(0.428775132385122,12.3521581404998,-3.7));
#1709=CARTESIAN_POINT('Ctrl Pts',(-1.77718634652482E-14,12.3749637232089,
-3.7));
#1710=CARTESIAN_POINT('Origin',(0.,8.,0.));
#1711=CARTESIAN_POINT('',(2.2394879057789E-8,13.8753391717435,-3.7));
#1712=CARTESIAN_POINT('',(2.39511487885845E-14,13.6249618553223,-3.7));
#1713=CARTESIAN_POINT('',(-4.53119315684521E-16,8.,-3.7));
#1714=CARTESIAN_POINT('Ctrl Pts',(2.24614216809416E-8,13.8753391729621,
-3.7));
#1715=CARTESIAN_POINT('Ctrl Pts',(0.144859239043253,13.8674332689013,-3.69999999912061));
#1716=CARTESIAN_POINT('Ctrl Pts',(0.289605990194116,13.8594594092881,-3.69149305417984));
#1717=CARTESIAN_POINT('Ctrl Pts',(0.568454787688127,13.8443079074566,-3.65859623721109));
#1718=CARTESIAN_POINT('Ctrl Pts',(0.702434032080693,13.8371623197924,-3.63525158689623));
#1719=CARTESIAN_POINT('Ctrl Pts',(1.31460316940131,13.8039581579797,-3.49347277464778));
#1720=CARTESIAN_POINT('Ctrl Pts',(1.76738448620851,13.7767811988848,-3.28768458642224));
#1721=CARTESIAN_POINT('Ctrl Pts',(2.56750203439368,13.7246434109053,-2.70971179230029));
#1722=CARTESIAN_POINT('Ctrl Pts',(2.90630852450356,13.6973486820705,-2.34264297132106));
#1723=CARTESIAN_POINT('Ctrl Pts',(3.41917348095573,13.6451379405004,-1.49770570459053));
#1724=CARTESIAN_POINT('Ctrl Pts',(3.58832468445338,13.6178909463753,-1.02850025951867));
#1725=CARTESIAN_POINT('Ctrl Pts',(3.69414589003861,13.5795727142267,-0.311108396464461));
#1726=CARTESIAN_POINT('Ctrl Pts',(3.70636718091013,13.5673330700974,-0.07962943717158));
#1727=CARTESIAN_POINT('Ctrl Pts',(3.69067008533666,13.5464753723966,0.303475974114851));
#1728=CARTESIAN_POINT('Ctrl Pts',(3.6750738051547,13.5380996967667,0.454944344291248));
#1729=CARTESIAN_POINT('Ctrl Pts',(3.62066780758475,13.5200472882001,0.783185248396672));
#1730=CARTESIAN_POINT('Ctrl Pts',(3.57813787806388,13.5105894764466,0.958927416198996));
#1731=CARTESIAN_POINT('Ctrl Pts',(3.44952016879963,13.4883150247645,1.35960197152052));
#1732=CARTESIAN_POINT('Ctrl Pts',(3.35400192621957,13.4753584527782,1.58062161234133));
#1733=CARTESIAN_POINT('Ctrl Pts',(2.99873655709725,13.4351960578107,2.22293461593441));
#1734=CARTESIAN_POINT('Ctrl Pts',(2.67560728029262,13.4098646744122,2.60288363985762));
#1735=CARTESIAN_POINT('Ctrl Pts',(2.19433626121794,13.3763730865343,2.98142964076108));
#1736=CARTESIAN_POINT('Ctrl Pts',(2.09775739189695,13.3698735157989,3.05015554116782));
#1737=CARTESIAN_POINT('Ctrl Pts',(1.88941336038458,13.3565332829965,3.18383048726211));
#1738=CARTESIAN_POINT('Ctrl Pts',(1.77720537278274,13.3497429772979,3.24779948571332));
#1739=CARTESIAN_POINT('Ctrl Pts',(1.22127354105733,13.3168671047903,3.52727815451721));
#1740=CARTESIAN_POINT('Ctrl Pts',(0.740809956606987,13.2896517594611,3.65846802807548));
#1741=CARTESIAN_POINT('Ctrl Pts',(-0.244733245266565,13.2374758601803,3.72488555539493));
#1742=CARTESIAN_POINT('Ctrl Pts',(-0.73994309890433,13.2101783129777,3.65884609043257));
#1743=CARTESIAN_POINT('Ctrl Pts',(-1.42920120796339,13.1716592800558,3.42087606373835));
#1744=CARTESIAN_POINT('Ctrl Pts',(-1.64310805889727,13.1592111860405,3.32343188552262));
#1745=CARTESIAN_POINT('Ctrl Pts',(-1.9942622227255,13.1371316555694,3.1212258744349));
#1746=CARTESIAN_POINT('Ctrl Pts',(-2.13610156095563,13.1277134942322,3.02592172768428));
#1747=CARTESIAN_POINT('Ctrl Pts',(-2.36683290453002,13.1120045761899,2.84655589759923));
#1748=CARTESIAN_POINT('Ctrl Pts',(-2.45907830925088,13.1056070298537,2.76725757593616));
#1749=CARTESIAN_POINT('Ctrl Pts',(-2.90494327771032,13.0731267222279,2.3440390527277));
#1750=CARTESIAN_POINT('Ctrl Pts',(-3.19115630979601,13.045910556656,1.93642027269076));
#1751=CARTESIAN_POINT('Ctrl Pts',(-3.58753133622968,12.9937338885128,1.03164239466873));
#1752=CARTESIAN_POINT('Ctrl Pts',(-3.6931625297619,12.9664363403147,0.543342860671284));
#1753=CARTESIAN_POINT('Ctrl Pts',(-3.70276851812079,12.92791810207,-0.185760133070744));
#1754=CARTESIAN_POINT('Ctrl Pts',(-3.68355596180368,12.9154710721512,-0.420013650116414));
#1755=CARTESIAN_POINT('Ctrl Pts',(-3.61229782762932,12.8933988056982,-0.818778569016387));
#1756=CARTESIAN_POINT('Ctrl Pts',(-3.57071876067392,12.8839870275107,-0.984408843057311));
#1757=CARTESIAN_POINT('Ctrl Pts',(-3.48026703300903,12.8682965424789,-1.26192699857452));
#1758=CARTESIAN_POINT('Ctrl Pts',(-3.43702011348925,12.8619116415026,-1.37535931707516));
#1759=CARTESIAN_POINT('Ctrl Pts',(-3.19011032524123,12.8294399617339,-1.93817000047198));
#1760=CARTESIAN_POINT('Ctrl Pts',(-2.90361115128556,12.8022184987871,-2.34570611108237));
#1761=CARTESIAN_POINT('Ctrl Pts',(-2.18670567744409,12.7500369272763,-3.02539028680824));
#1762=CARTESIAN_POINT('Ctrl Pts',(-1.76312623345608,12.7227394528773,-3.2902976018741));
#1763=CARTESIAN_POINT('Ctrl Pts',(-1.08054991357443,12.6842265612993,-3.54645779153688));
#1764=CARTESIAN_POINT('Ctrl Pts',(-0.853761228865221,12.6717865946911,-3.60777455983802));
#1765=CARTESIAN_POINT('Ctrl Pts',(-0.455300860561566,12.6497621449855,-3.67580473983698));
#1766=CARTESIAN_POINT('Ctrl Pts',(-0.286137187099844,12.6403923803336,-3.69282594515093));
#1767=CARTESIAN_POINT('Ctrl Pts',(-0.0776100061781541,12.629172604936,-3.69938956311778));
#1768=CARTESIAN_POINT('Ctrl Pts',(-0.038803900941795,12.627100168803,-3.70000000028418));
#1769=CARTESIAN_POINT('Ctrl Pts',(2.70972423624696E-8,12.6250362753498,
-3.7));
#1770=CARTESIAN_POINT('',(2.91125961623573E-6,12.9998302402329,3.70004159602105));
#1771=CARTESIAN_POINT('Ctrl Pts',(-1.77718634652482E-14,12.3749637232089,
-3.7));
#1772=CARTESIAN_POINT('Ctrl Pts',(-0.064591494214317,12.3783991991784,-3.7));
#1773=CARTESIAN_POINT('Ctrl Pts',(-0.129245188541472,12.3818150041466,-3.69830861950409));
#1774=CARTESIAN_POINT('Ctrl Pts',(-0.687290583327884,12.4113327390809,-3.66902470891785));
#1775=CARTESIAN_POINT('Ctrl Pts',(-1.17053697478096,12.4385945352407,-3.54456893431536));
#1776=CARTESIAN_POINT('Ctrl Pts',(-1.82367903459306,12.4769523993512,-3.22768576581106));
#1777=CARTESIAN_POINT('Ctrl Pts',(-2.02230129580701,12.4892275093176,-3.10709736544845));
#1778=CARTESIAN_POINT('Ctrl Pts',(-2.33254986648174,12.5102678946849,-2.87631354063425));
#1779=CARTESIAN_POINT('Ctrl Pts',(-2.45084294743967,12.5187947153082,-2.77620889058219));
#1780=CARTESIAN_POINT('Ctrl Pts',(-2.68343163170925,12.5362684359369,-2.55289878864614));
#1781=CARTESIAN_POINT('Ctrl Pts',(-2.79630534074239,12.5450583598917,-2.42873886802876));
#1782=CARTESIAN_POINT('Ctrl Pts',(-3.05147503707623,12.5667964320251,-2.10658904486713));
#1783=CARTESIAN_POINT('Ctrl Pts',(-3.18337347867223,12.579894620356,-1.901404111091));
#1784=CARTESIAN_POINT('Ctrl Pts',(-3.34834288649372,12.5997157913523,-1.57884622302903));
#1785=CARTESIAN_POINT('Ctrl Pts',(-3.39737837857043,12.6062393884144,-1.47036615933926));
#1786=CARTESIAN_POINT('Ctrl Pts',(-3.48554180084296,12.6191370003257,-1.24724558412086));
#1787=CARTESIAN_POINT('Ctrl Pts',(-3.52444230106564,12.6255018130957,-1.13266578953417));
#1788=CARTESIAN_POINT('Ctrl Pts',(-3.69320023313918,12.6579594706368,-0.541959424272994));
#1789=CARTESIAN_POINT('Ctrl Pts',(-3.73247826270267,12.6851890061695,-0.0451976497228658));
#1790=CARTESIAN_POINT('Ctrl Pts',(-3.61374799937945,12.7373788084986,0.935681380540937));
#1791=CARTESIAN_POINT('Ctrl Pts',(-3.45643552505624,12.7646764214478,1.40986981292447));
#1792=CARTESIAN_POINT('Ctrl Pts',(-3.09414276291606,12.8031791359059,2.04233835222399));
#1793=CARTESIAN_POINT('Ctrl Pts',(-2.95868644296765,12.8156068274524,2.23406234055662));
#1794=CARTESIAN_POINT('Ctrl Pts',(-2.69637643573394,12.8375318760047,2.53926157429659));
#1795=CARTESIAN_POINT('Ctrl Pts',(-2.57816589410558,12.846811607831,2.65920184066223));
#1796=CARTESIAN_POINT('Ctrl Pts',(-2.35975333072517,12.8625113942985,2.85250894836387));
#1797=CARTESIAN_POINT('Ctrl Pts',(-2.2632601928849,12.8690102134684,2.92965835012194));
#1798=CARTESIAN_POINT('Ctrl Pts',(-1.85135712503699,12.8958363638497,3.22647043787678));
#1799=CARTESIAN_POINT('Ctrl Pts',(-1.50658471199951,12.9169769365609,3.40113911197299));
#1800=CARTESIAN_POINT('Ctrl Pts',(-1.02673075903033,12.9440900836843,3.55672654612978));
#1801=CARTESIAN_POINT('Ctrl Pts',(-0.910519009296502,12.9504220518142,3.58823592078464));
#1802=CARTESIAN_POINT('Ctrl Pts',(-0.532503676205206,12.9708624632733,3.67117844524813));
#1803=CARTESIAN_POINT('Ctrl Pts',(-0.266632267199281,12.9851640692045,3.70000050845506));
#1804=CARTESIAN_POINT('Ctrl Pts',(7.05563071086435E-6,12.9997565938178,
3.69999999999327));
#1805=CARTESIAN_POINT('Ctrl Pts',(6.61941611704298E-6,12.9997612025637,
3.69999999999408));
#1806=CARTESIAN_POINT('Ctrl Pts',(0.17712237976275,13.0091149734576,3.69999968312843));
#1807=CARTESIAN_POINT('Ctrl Pts',(0.354000884894811,13.0185134960038,3.68728224105463));
#1808=CARTESIAN_POINT('Ctrl Pts',(0.696426303636769,13.0372542982354,3.63778912138588));
#1809=CARTESIAN_POINT('Ctrl Pts',(0.861707230376665,13.0465527188781,3.60221826116889));
#1810=CARTESIAN_POINT('Ctrl Pts',(1.26411102292261,13.0693376178328,3.48632617593086));
#1811=CARTESIAN_POINT('Ctrl Pts',(1.4965941247878,13.082296205321,3.39302952583273));
#1812=CARTESIAN_POINT('Ctrl Pts',(1.88861466142822,13.1059072718989,3.18751967032931));
#1813=CARTESIAN_POINT('Ctrl Pts',(2.05205463019842,13.1163905780797,3.08483566195249));
#1814=CARTESIAN_POINT('Ctrl Pts',(2.60370618030579,13.1539924818841,2.67493828822454));
#1815=CARTESIAN_POINT('Ctrl Pts',(2.93753252432761,13.1793512026972,2.30336410951037));
#1816=CARTESIAN_POINT('Ctrl Pts',(3.43813577181647,13.2333409265229,1.45307829575209));
#1817=CARTESIAN_POINT('Ctrl Pts',(3.60072549998499,13.2585872088808,0.983366753821301));
#1818=CARTESIAN_POINT('Ctrl Pts',(3.68523135632098,13.293089515461,0.358194519127805));
#1819=CARTESIAN_POINT('Ctrl Pts',(3.69606800630736,13.3007032744647,0.219816269897752));
#1820=CARTESIAN_POINT('Ctrl Pts',(3.70267711033194,13.3168449778483,-0.081454725953493));
#1821=CARTESIAN_POINT('Ctrl Pts',(3.69551915900589,13.3253506590035,-0.244120591282669));
#1822=CARTESIAN_POINT('Ctrl Pts',(3.65209038832649,13.3463666677461,-0.637711647027211));
#1823=CARTESIAN_POINT('Ctrl Pts',(3.60462202972114,13.3590261865799,-0.866675543012013));
#1824=CARTESIAN_POINT('Ctrl Pts',(3.45307683004927,13.3871808212392,-1.35845175323967));
#1825=CARTESIAN_POINT('Ctrl Pts',(3.33984904942774,13.4019445321677,-1.61695490216998));
#1826=CARTESIAN_POINT('Ctrl Pts',(3.08249651310002,13.4291519496906,-2.05946313644376));
#1827=CARTESIAN_POINT('Ctrl Pts',(2.94819372729176,13.4416944538465,-2.24751263426159));
#1828=CARTESIAN_POINT('Ctrl Pts',(2.47425353940636,13.4812988911851,-2.79492796348507));
#1829=CARTESIAN_POINT('Ctrl Pts',(2.07982264616065,13.50661286442,-3.09965674026256));
#1830=CARTESIAN_POINT('Ctrl Pts',(1.19365869256733,13.5606825634351,-3.53693284724945));
#1831=CARTESIAN_POINT('Ctrl Pts',(0.71061654727885,13.5860483391666,-3.66466069548874));
#1832=CARTESIAN_POINT('Ctrl Pts',(0.144507202694874,13.6170777296268,-3.69788576314082));
#1833=CARTESIAN_POINT('Ctrl Pts',(0.0722170211094218,13.6210358651183,-3.7));
#1834=CARTESIAN_POINT('Ctrl Pts',(5.03926481408324E-14,13.6249618553223,
-3.7));
#1835=CARTESIAN_POINT('Origin',(0.,8.,0.));
#1836=CARTESIAN_POINT('',(1.49949020075466E-15,15.12533572814,-3.7));
#1837=CARTESIAN_POINT('',(-2.09138739451733E-15,14.87466427186,-3.7));
#1838=CARTESIAN_POINT('',(-4.53119315684521E-16,8.,-3.7));
#1839=CARTESIAN_POINT('Ctrl Pts',(1.38777878078145E-15,15.12533572814,-3.7));
#1840=CARTESIAN_POINT('Ctrl Pts',(0.239595629782503,15.1126480536823,-3.7));
#1841=CARTESIAN_POINT('Ctrl Pts',(0.479206344695889,15.0996774191417,-3.67672900037183));
#1842=CARTESIAN_POINT('Ctrl Pts',(1.19983813600213,15.0594869619499,-3.53470534793446));
#1843=CARTESIAN_POINT('Ctrl Pts',(1.6602708365279,15.0341674546254,-3.34324189073603));
#1844=CARTESIAN_POINT('Ctrl Pts',(2.17036986377564,15.0005033554825,-2.99904816638061));
#1845=CARTESIAN_POINT('Ctrl Pts',(2.26778425423957,14.9938318108187,-2.92608116235487));
#1846=CARTESIAN_POINT('Ctrl Pts',(2.49156970188568,14.978206674926,-2.74055781051839));
#1847=CARTESIAN_POINT('Ctrl Pts',(2.61416787792935,14.96937382072,-2.62387280404039));
#1848=CARTESIAN_POINT('Ctrl Pts',(2.88664208621083,14.9479755167155,-2.32641498471389));
#1849=CARTESIAN_POINT('Ctrl Pts',(3.02813942634848,14.9352742984822,-2.13898738035097));
#1850=CARTESIAN_POINT('Ctrl Pts',(3.41025893756817,14.8953873020058,-1.51817424026638));
#1851=CARTESIAN_POINT('Ctrl Pts',(3.5824607577039,14.870021116244,-1.04913825912608));
#1852=CARTESIAN_POINT('Ctrl Pts',(3.73205209527439,14.8159540052871,-0.0724246434832126));
#1853=CARTESIAN_POINT('Ctrl Pts',(3.70844135747881,14.7906485576651,0.425364489307505));
#1854=CARTESIAN_POINT('Ctrl Pts',(3.55708588037066,14.7567548093533,1.02618575882837));
#1855=CARTESIAN_POINT('Ctrl Pts',(3.52002825212326,14.7498330406333,1.14687417159483));
#1856=CARTESIAN_POINT('Ctrl Pts',(3.41970148579684,14.7340815658623,1.4225289263643));
#1857=CARTESIAN_POINT('Ctrl Pts',(3.35194425615493,14.7253444185655,1.5755702301358));
#1858=CARTESIAN_POINT('Ctrl Pts',(3.16504375821042,14.7040574174423,1.93061533456008));
#1859=CARTESIAN_POINT('Ctrl Pts',(3.03662297574462,14.6913678203828,2.12689553772581));
#1860=CARTESIAN_POINT('Ctrl Pts',(2.58173847178336,14.651497664183,2.6961696790186));
#1861=CARTESIAN_POINT('Ctrl Pts',(2.19855304161484,14.6261319874545,3.01679710616461));
#1862=CARTESIAN_POINT('Ctrl Pts',(1.32976041403723,14.5720538433715,3.48789391281074));
#1863=CARTESIAN_POINT('Ctrl Pts',(0.853083300979047,14.5467384674415,3.63399619283981));
#1864=CARTESIAN_POINT('Ctrl Pts',(0.242004550785394,14.5131482213447,3.69403921845404));
#1865=CARTESIAN_POINT('Ctrl Pts',(0.121694602268514,14.5065453936158,3.69995717450567));
#1866=CARTESIAN_POINT('Ctrl Pts',(-0.119105702070289,14.4935938403921,3.70004237259914));
#1867=CARTESIAN_POINT('Ctrl Pts',(-0.239454843811147,14.4872545200278,3.69420669800713));
#1868=CARTESIAN_POINT('Ctrl Pts',(-0.850722685565435,14.4548075722379,3.63456427240821));
#1869=CARTESIAN_POINT('Ctrl Pts',(-1.32759106036371,14.4275586716763,3.48873609675734));
#1870=CARTESIAN_POINT('Ctrl Pts',(-2.19669420551974,14.3753540242446,3.01813827564825));
#1871=CARTESIAN_POINT('Ctrl Pts',(-2.58001630339088,14.3480599275367,2.69780415967872));
#1872=CARTESIAN_POINT('Ctrl Pts',(-3.03506132032561,14.309582551958,2.12909413855073));
#1873=CARTESIAN_POINT('Ctrl Pts',(-3.16346739185326,14.2971860472411,1.93316011818745));
#1874=CARTESIAN_POINT('Ctrl Pts',(-3.34971776844952,14.2754447794342,1.58011270700304));
#1875=CARTESIAN_POINT('Ctrl Pts',(-3.41700393909458,14.2663219684365,1.42879247279487));
#1876=CARTESIAN_POINT('Ctrl Pts',(-3.51893860645611,14.250355971084,1.15072366033387));
#1877=CARTESIAN_POINT('Ctrl Pts',(-3.55740068835231,14.2434785701706,1.02566810203812));
#1878=CARTESIAN_POINT('Ctrl Pts',(-3.70892834524668,14.2105213971253,0.420600843175161));
#1879=CARTESIAN_POINT('Ctrl Pts',(-3.73190942342937,14.1833144234201,-0.0767678928028076));
#1880=CARTESIAN_POINT('Ctrl Pts',(-3.58136384245691,14.131146503082,-1.05285010721289));
#1881=CARTESIAN_POINT('Ctrl Pts',(-3.40870065473164,14.1038491369557,-1.52165145871549));
#1882=CARTESIAN_POINT('Ctrl Pts',(-2.88990689403197,14.0516524974259,-2.3626173629858));
#1883=CARTESIAN_POINT('Ctrl Pts',(-2.54939283437666,14.024426722948,-2.72656165175058));
#1884=CARTESIAN_POINT('Ctrl Pts',(-1.95973303199906,13.9861601098492,-3.14684407514696));
#1885=CARTESIAN_POINT('Ctrl Pts',(-1.75984906026218,13.9739644271229,-3.26283757858652));
#1886=CARTESIAN_POINT('Ctrl Pts',(-1.29478860436417,13.9461118957394,-3.47747318523802));
#1887=CARTESIAN_POINT('Ctrl Pts',(-1.02644248015574,13.9306996107432,-3.56591297470311));
#1888=CARTESIAN_POINT('Ctrl Pts',(-0.522063049492669,13.90348769239,-3.67041566620543));
#1889=CARTESIAN_POINT('Ctrl Pts',(-0.289506392144345,13.8911103616136,-3.69603600083174));
#1890=CARTESIAN_POINT('Ctrl Pts',(-0.0373920636322326,13.8773789351052,
-3.69985830808675));
#1891=CARTESIAN_POINT('Ctrl Pts',(-0.0186950912847281,13.8763594861956,
-3.70000000011349));
#1892=CARTESIAN_POINT('Ctrl Pts',(2.24614204849126E-8,13.8753391729621,
-3.7));
#1893=CARTESIAN_POINT('Ctrl Pts',(5.03926481408324E-14,13.6249618553223,
-3.7));
#1894=CARTESIAN_POINT('Ctrl Pts',(-0.419657554118861,13.6477760260151,-3.7));
#1895=CARTESIAN_POINT('Ctrl Pts',(-0.836853387405359,13.6693491186301,-3.62859248946809));
#1896=CARTESIAN_POINT('Ctrl Pts',(-1.35601199847683,13.6994704647809,-3.44501313109986));
#1897=CARTESIAN_POINT('Ctrl Pts',(-1.47615491184289,13.7066008478591,-3.39526928573068));
#1898=CARTESIAN_POINT('Ctrl Pts',(-1.74299534942649,13.7224641467835,-3.26793945218899));
#1899=CARTESIAN_POINT('Ctrl Pts',(-1.88759554296183,13.7311267463747,-3.18660459332135));
#1900=CARTESIAN_POINT('Ctrl Pts',(-2.22190322950802,13.7523267368205,-2.9677967862577));
#1901=CARTESIAN_POINT('Ctrl Pts',(-2.40495451146687,13.765006938047,-2.8214981257294));
#1902=CARTESIAN_POINT('Ctrl Pts',(-2.92843415795258,13.8048629030681,-2.31494178316644));
#1903=CARTESIAN_POINT('Ctrl Pts',(-3.2113399165288,13.830227669623,-1.90314811253026));
#1904=CARTESIAN_POINT('Ctrl Pts',(-3.59814798089844,13.884312987903,-0.993552654484934));
#1905=CARTESIAN_POINT('Ctrl Pts',(-3.69848234302251,13.9096354641501,-0.505030512441525));
#1906=CARTESIAN_POINT('Ctrl Pts',(-3.7003491359885,13.9432418446372,0.109266638680283));
#1907=CARTESIAN_POINT('Ctrl Pts',(-3.69482751371736,13.9498512192875,0.229724763012019));
#1908=CARTESIAN_POINT('Ctrl Pts',(-3.67220308390051,13.9627219259053,0.468030855286516));
#1909=CARTESIAN_POINT('Ctrl Pts',(-3.65527300278352,13.9689804847802,0.585755657799273));
#1910=CARTESIAN_POINT('Ctrl Pts',(-3.58651897826951,13.9881121259588,0.941307952357372));
#1911=CARTESIAN_POINT('Ctrl Pts',(-3.51689422223625,14.0011117163427,1.17499973096899));
#1912=CARTESIAN_POINT('Ctrl Pts',(-3.36214825859011,14.0234565666902,1.55351480736481));
#1913=CARTESIAN_POINT('Ctrl Pts',(-3.28921766098808,14.0325661339951,1.70249969620854));
#1914=CARTESIAN_POINT('Ctrl Pts',(-3.12908024507327,14.0496955453009,1.98064588521766));
#1915=CARTESIAN_POINT('Ctrl Pts',(-3.04322885417676,14.057823370467,2.11018059571106));
#1916=CARTESIAN_POINT('Ctrl Pts',(-2.80943307126004,14.0783893420899,2.418862799586));
#1917=CARTESIAN_POINT('Ctrl Pts',(-2.65230233109627,14.0909915057568,2.59019108772655));
#1918=CARTESIAN_POINT('Ctrl Pts',(-2.11347952248898,14.1307133562866,3.07691421720177));
#1919=CARTESIAN_POINT('Ctrl Pts',(-1.68410620753482,14.1560565470277,3.33136153997659));
#1920=CARTESIAN_POINT('Ctrl Pts',(-0.75049081321907,14.2101550749317,3.65668092450481));
#1921=CARTESIAN_POINT('Ctrl Pts',(-0.25558938380474,14.2355127537983,3.72414148366213));
#1922=CARTESIAN_POINT('Ctrl Pts',(0.728835609500674,14.289486972323,3.66071089756683));
#1923=CARTESIAN_POINT('Ctrl Pts',(1.20857380760578,14.3147233041147,3.53148353181581));
#1924=CARTESIAN_POINT('Ctrl Pts',(1.77464540696141,14.3493058383505,3.24966773795815));
#1925=CARTESIAN_POINT('Ctrl Pts',(1.89665870307788,14.3570134285687,3.17999956439925));
#1926=CARTESIAN_POINT('Ctrl Pts',(2.15038995008781,14.3732121215438,3.01531059723281));
#1927=CARTESIAN_POINT('Ctrl Pts',(2.28041272199724,14.3816898609025,2.91821806987125));
#1928=CARTESIAN_POINT('Ctrl Pts',(2.58096540541465,14.4026727766672,2.66139311155334));
#1929=CARTESIAN_POINT('Ctrl Pts',(2.74354361535727,14.4153282566746,2.49346150381873));
#1930=CARTESIAN_POINT('Ctrl Pts',(3.06482617518338,14.4434666653465,2.09185587052717));
#1931=CARTESIAN_POINT('Ctrl Pts',(3.21484401785053,14.458218927474,1.85305218630267));
#1932=CARTESIAN_POINT('Ctrl Pts',(3.43605186784245,14.4854149830644,1.39165713974338));
#1933=CARTESIAN_POINT('Ctrl Pts',(3.51607267466694,14.497956438268,1.17489621309518));
#1934=CARTESIAN_POINT('Ctrl Pts',(3.70238906737677,14.5375587414139,0.475242427464855));
#1935=CARTESIAN_POINT('Ctrl Pts',(3.73269688721837,14.5628721326449,-0.0222548698442414));
#1936=CARTESIAN_POINT('Ctrl Pts',(3.59622185291367,14.6169411201184,-1.00095163994543));
#1937=CARTESIAN_POINT('Ctrl Pts',(3.43033282465048,14.6423069429089,-1.47225381001184));
#1938=CARTESIAN_POINT('Ctrl Pts',(2.9238871385574,14.6963573666431,-2.32035625520821));
#1939=CARTESIAN_POINT('Ctrl Pts',(2.58895089973098,14.7216490594948,-2.6889622765106));
#1940=CARTESIAN_POINT('Ctrl Pts',(2.08708416574795,14.7557220601181,-3.05792709040441));
#1941=CARTESIAN_POINT('Ctrl Pts',(1.97855991539703,14.7628427387135,-3.12923982229574));
#1942=CARTESIAN_POINT('Ctrl Pts',(1.72336908665698,14.778700714843,-3.27833523378915));
#1943=CARTESIAN_POINT('Ctrl Pts',(1.5747664353813,14.7873666838895,-3.35225272306979));
#1944=CARTESIAN_POINT('Ctrl Pts',(1.2058206304242,14.8085706131052,-3.50580563909215));
#1945=CARTESIAN_POINT('Ctrl Pts',(0.981921841661287,14.8212512455537,-3.57498142921227));
#1946=CARTESIAN_POINT('Ctrl Pts',(0.504704040657097,14.847919827033,-3.67417964115562));
#1947=CARTESIAN_POINT('Ctrl Pts',(0.252368460949178,14.8613002181049,-3.7));
#1948=CARTESIAN_POINT('Ctrl Pts',(-1.04083408558608E-16,14.87466427186,
-3.7));
#1949=CARTESIAN_POINT('Origin',(0.,8.,0.));
#1950=CARTESIAN_POINT('',(-1.14827466125868E-14,16.3750381446777,-3.7));
#1951=CARTESIAN_POINT('',(3.20819282459182E-15,16.1246608258121,-3.7));
#1952=CARTESIAN_POINT('',(-4.53119315684521E-16,8.,-3.7));
#1953=CARTESIAN_POINT('Ctrl Pts',(-2.23435517333733E-14,16.3750381446777,
-3.7));
#1954=CARTESIAN_POINT('Ctrl Pts',(0.432441467246294,16.3515289921518,-3.7));
#1955=CARTESIAN_POINT('Ctrl Pts',(0.862065588110042,16.3292784993781,-3.62417822322187));
#1956=CARTESIAN_POINT('Ctrl Pts',(1.73246364210276,16.2785761421508,-3.30633395217391));
#1957=CARTESIAN_POINT('Ctrl Pts',(2.15730575189289,16.2532794373749,-3.0461978797351));
#1958=CARTESIAN_POINT('Ctrl Pts',(2.60762833745701,16.2196526755004,-2.62774307665726));
#1959=CARTESIAN_POINT('Ctrl Pts',(2.69249806256302,16.2129877122724,-2.54071133590681));
#1960=CARTESIAN_POINT('Ctrl Pts',(2.88590702085658,16.19727097444,-2.32177898459283));
#1961=CARTESIAN_POINT('Ctrl Pts',(2.98990247094717,16.1883568695009,-2.186230847646));
#1962=CARTESIAN_POINT('Ctrl Pts',(3.2137514309151,16.1668645471587,-1.84846396024811));
#1963=CARTESIAN_POINT('Ctrl Pts',(3.32443462752722,16.1541538472322,-1.6410782679951));
#1964=CARTESIAN_POINT('Ctrl Pts',(3.60521007577087,16.1142537361796,-0.968080424627944));
#1965=CARTESIAN_POINT('Ctrl Pts',(3.70220131720126,16.0888876772157,-0.477936235548025));
#1966=CARTESIAN_POINT('Ctrl Pts',(3.69772952236987,16.0348315052666,0.509963229879866));
#1967=CARTESIAN_POINT('Ctrl Pts',(3.59689783106683,16.0095351981821,0.997801238434188));
#1968=CARTESIAN_POINT('Ctrl Pts',(3.35294467795243,15.9755186274974,1.56981077138089));
#1969=CARTESIAN_POINT('Ctrl Pts',(3.29634944294282,15.9684609382477,1.68541591283746));
#1970=CARTESIAN_POINT('Ctrl Pts',(3.15308312161645,15.9526372325465,1.94311433982505));
#1971=CARTESIAN_POINT('Ctrl Pts',(3.0626207048195,15.9439491662351,2.08278317553478));
#1972=CARTESIAN_POINT('Ctrl Pts',(2.82298903726709,15.9227194194324,2.40321474493561));
#1973=CARTESIAN_POINT('Ctrl Pts',(2.66547096235863,15.9100359734865,2.57681177389993));
#1974=CARTESIAN_POINT('Ctrl Pts',(2.12707392302269,15.870175051916,3.06761264962386));
#1975=CARTESIAN_POINT('Ctrl Pts',(1.69836919323767,15.8448099226832,3.32418832356734));
#1976=CARTESIAN_POINT('Ctrl Pts',(0.766379733775133,15.7907269144307,3.65327637306657));
#1977=CARTESIAN_POINT('Ctrl Pts',(0.272586536172651,15.7654068018974,3.72283155479475));
#1978=CARTESIAN_POINT('Ctrl Pts',(-0.341473868639255,15.7317541379522,3.68620897347916));
#1979=CARTESIAN_POINT('Ctrl Pts',(-0.46224381831803,15.7250949318568,3.67301956783013));
#1980=CARTESIAN_POINT('Ctrl Pts',(-0.749184428432307,15.7094757873764,3.62730366664059));
#1981=CARTESIAN_POINT('Ctrl Pts',(-0.91420460692799,15.7006380231543,3.58926798269571));
#1982=CARTESIAN_POINT('Ctrl Pts',(-1.30026399500883,15.6792340207434,3.4719201300676));
#1983=CARTESIAN_POINT('Ctrl Pts',(-1.51748194498818,15.6665322191489,3.38262480593473));
#1984=CARTESIAN_POINT('Ctrl Pts',(-2.16243266268801,15.6266443991146,3.04279548341357));
#1985=CARTESIAN_POINT('Ctrl Pts',(-2.54942411812429,15.6012782066865,2.7267477387472));
#1986=CARTESIAN_POINT('Ctrl Pts',(-3.17539113127634,15.547211716645,1.96222784353598));
#1987=CARTESIAN_POINT('Ctrl Pts',(-3.40847563401899,15.5219068032941,1.52176047618213));
#1988=CARTESIAN_POINT('Ctrl Pts',(-3.58260570511989,15.4882951327797,0.932513823119022));
#1989=CARTESIAN_POINT('Ctrl Pts',(-3.61118798898246,15.4816564962586,0.814842118173158));
#1990=CARTESIAN_POINT('Ctrl Pts',(-3.66600919123876,15.4659784906159,0.52860174254895));
#1991=CARTESIAN_POINT('Ctrl Pts',(-3.68646463598944,15.4570754499486,0.359203220131009));
#1992=CARTESIAN_POINT('Ctrl Pts',(-3.70714943856666,15.4355958785553,-0.0452310395508983));
#1993=CARTESIAN_POINT('Ctrl Pts',(-3.69683143708052,15.4228864449005,-0.280047018098826));
#1994=CARTESIAN_POINT('Ctrl Pts',(-3.59587109240053,15.3829880512215,-1.00221308438203));
#1995=CARTESIAN_POINT('Ctrl Pts',(-3.42981497609415,15.3576219457933,-1.47346099315048));
#1996=CARTESIAN_POINT('Ctrl Pts',(-2.92300387046219,15.3035642060612,-2.32149549982881));
#1997=CARTESIAN_POINT('Ctrl Pts',(-2.58783252100812,15.2782666204574,-2.6900615004619));
#1998=CARTESIAN_POINT('Ctrl Pts',(-2.08688017778773,15.2442662909631,-3.05800441574987));
#1999=CARTESIAN_POINT('Ctrl Pts',(-1.97959460606997,15.2372266659578,-3.12852482692098));
#2000=CARTESIAN_POINT('Ctrl Pts',(-1.72529871373886,15.2214126971562,-3.27734840877725));
#2001=CARTESIAN_POINT('Ctrl Pts',(-1.57623242555569,15.2127182192999,-3.35159132973705));
#2002=CARTESIAN_POINT('Ctrl Pts',(-1.20673427831841,15.191480986259,-3.50549707289315));
#2003=CARTESIAN_POINT('Ctrl Pts',(-0.982768860901184,15.1787967291581,-3.57475437872796));
#2004=CARTESIAN_POINT('Ctrl Pts',(-0.505228277994027,15.152108776322,-3.6741258310538));
#2005=CARTESIAN_POINT('Ctrl Pts',(-0.252631333340644,15.1387137021796,-3.7));
#2006=CARTESIAN_POINT('Ctrl Pts',(1.00613961606655E-15,15.12533572814,-3.7));
#2007=CARTESIAN_POINT('Ctrl Pts',(-9.71445146547012E-16,14.87466427186,
-3.7));
#2008=CARTESIAN_POINT('Ctrl Pts',(-0.239848740565189,14.8873653496808,-3.7));
#2009=CARTESIAN_POINT('Ctrl Pts',(-0.479711325105274,14.900350193133,-3.67667980648678));
#2010=CARTESIAN_POINT('Ctrl Pts',(-1.20061885740125,14.9405577112969,-3.53444813866925));
#2011=CARTESIAN_POINT('Ctrl Pts',(-1.6610612685049,14.9658798786162,-3.34285753302986));
#2012=CARTESIAN_POINT('Ctrl Pts',(-2.17028852642812,14.9994924626269,-2.99906647617191));
#2013=CARTESIAN_POINT('Ctrl Pts',(-2.26690886833321,15.0061085064179,-2.92671780704852));
#2014=CARTESIAN_POINT('Ctrl Pts',(-2.49036011144578,15.0217068780052,-2.74168388971414));
#2015=CARTESIAN_POINT('Ctrl Pts',(-2.61332007472851,15.0305619661701,-2.62474528730397));
#2016=CARTESIAN_POINT('Ctrl Pts',(-2.88619441944425,15.0519860653228,-2.326976777578));
#2017=CARTESIAN_POINT('Ctrl Pts',(-3.02776519172446,15.0646899154539,-2.13952407854485));
#2018=CARTESIAN_POINT('Ctrl Pts',(-3.4100176986964,15.1045806104527,-1.51871640263177));
#2019=CARTESIAN_POINT('Ctrl Pts',(-3.58229446471163,15.1299468115053,-1.04970663295638));
#2020=CARTESIAN_POINT('Ctrl Pts',(-3.73203271824008,15.184011068139,-0.0730665500643425));
#2021=CARTESIAN_POINT('Ctrl Pts',(-3.70851365736266,15.2093140768354,0.424673724646346));
#2022=CARTESIAN_POINT('Ctrl Pts',(-3.55712336882275,15.2432422199406,1.02614037357161));
#2023=CARTESIAN_POINT('Ctrl Pts',(-3.51985445584407,15.2502018942754,1.14748314329027));
#2024=CARTESIAN_POINT('Ctrl Pts',(-3.41928753190132,15.2659732702017,1.4234917553243));
#2025=CARTESIAN_POINT('Ctrl Pts',(-3.35160311763841,15.2746965329141,1.57626696042676));
#2026=CARTESIAN_POINT('Ctrl Pts',(-3.16480041637899,15.2959673496888,1.9310091655875));
#2027=CARTESIAN_POINT('Ctrl Pts',(-3.03637917688392,15.3086552201729,2.1272389918332));
#2028=CARTESIAN_POINT('Ctrl Pts',(-2.58146454881544,15.3485228060423,2.6964313143048));
#2029=CARTESIAN_POINT('Ctrl Pts',(-2.19824945814564,15.3738883479371,3.01701772527972));
#2030=CARTESIAN_POINT('Ctrl Pts',(-1.32938764328499,15.4279679228959,3.48804011512491));
#2031=CARTESIAN_POINT('Ctrl Pts',(-0.852665914067608,15.4532846630034,3.63409806373107));
#2032=CARTESIAN_POINT('Ctrl Pts',(-0.239323432376697,15.4869991098256,3.69428750654089));
#2033=CARTESIAN_POINT('Ctrl Pts',(-0.116766336606507,15.4937251096555,3.70018957118736));
#2034=CARTESIAN_POINT('Ctrl Pts',(0.128320033595631,15.5068960011107,3.69980141113166));
#2035=CARTESIAN_POINT('Ctrl Pts',(0.250699175210285,15.5133392133614,3.69352793464166));
#2036=CARTESIAN_POINT('Ctrl Pts',(0.862850826488011,15.5458496922033,3.63157672739654));
#2037=CARTESIAN_POINT('Ctrl Pts',(1.33831949653438,15.5730455343349,3.48450108110725));
#2038=CARTESIAN_POINT('Ctrl Pts',(2.20527312004137,15.6252025227415,3.011879040439));
#2039=CARTESIAN_POINT('Ctrl Pts',(2.58769741643762,15.6524992287157,2.69044030551536));
#2040=CARTESIAN_POINT('Ctrl Pts',(3.20290752138481,15.7047021697206,1.91704224314984));
#2041=CARTESIAN_POINT('Ctrl Pts',(3.42981248459758,15.7319367954132,1.4731165989999));
#2042=CARTESIAN_POINT('Ctrl Pts',(3.62519370714798,15.7702243673354,0.775422659513069));
#2043=CARTESIAN_POINT('Ctrl Pts',(3.66650607590611,15.7824376309141,0.547758486237373));
#2044=CARTESIAN_POINT('Ctrl Pts',(3.69923380005603,15.8031651659082,0.168048511270941));
#2045=CARTESIAN_POINT('Ctrl Pts',(3.70300625432372,15.8114343738623,0.0177248117592842));
#2046=CARTESIAN_POINT('Ctrl Pts',(3.6907935067753,15.8299653201503,-0.323322558942267));
#2047=CARTESIAN_POINT('Ctrl Pts',(3.66918477027981,15.8399584826425,-0.513395442462602));
#2048=CARTESIAN_POINT('Ctrl Pts',(3.55315768078033,15.8723987604901,-1.11474684261351));
#2049=CARTESIAN_POINT('Ctrl Pts',(3.4032217171854,15.895821638344,-1.51184422059533));
#2050=CARTESIAN_POINT('Ctrl Pts',(3.07563172775867,15.9300172229642,-2.06908356260624));
#2051=CARTESIAN_POINT('Ctrl Pts',(2.94416506540315,15.9418651901427,-2.25222302284545));
#2052=CARTESIAN_POINT('Ctrl Pts',(2.63194200568445,15.9677192627757,-2.61272881405048));
#2053=CARTESIAN_POINT('Ctrl Pts',(2.44797837748816,15.9816702600091,-2.78583760777674));
#2054=CARTESIAN_POINT('Ctrl Pts',(2.06308506270942,16.0074007235768,-3.08022427140899));
#2055=CARTESIAN_POINT('Ctrl Pts',(1.865423919201,16.0195705823273,-3.20379454287923));
#2056=CARTESIAN_POINT('Ctrl Pts',(1.44475185333715,16.0449934654294,-3.41457115762383));
#2057=CARTESIAN_POINT('Ctrl Pts',(1.22226656592223,16.0581991663678,-3.50038131438366));
#2058=CARTESIAN_POINT('Ctrl Pts',(0.857325869717301,16.078480365334,-3.60206215406986));
#2059=CARTESIAN_POINT('Ctrl Pts',(0.719519865569045,16.0858699240902,-3.63210037935533));
#2060=CARTESIAN_POINT('Ctrl Pts',(0.388009422468303,16.1036439884223,-3.68474821050786));
#2061=CARTESIAN_POINT('Ctrl Pts',(0.193959626568172,16.1140751949193,-3.7));
#2062=CARTESIAN_POINT('Ctrl Pts',(6.52256026967279E-15,16.1246608258121,
-3.7));
#2063=CARTESIAN_POINT('Origin',(0.,8.,0.));
#2064=CARTESIAN_POINT('',(4.27229183349665E-9,17.6250362763366,-3.7));
#2065=CARTESIAN_POINT('',(-6.80485736803404E-15,17.3749637232089,-3.7));
#2066=CARTESIAN_POINT('',(-4.53119315684521E-16,8.,-3.7));
#2067=CARTESIAN_POINT('',(-2.91160883738859E-6,17.0001697696808,3.70004159042818));
#2068=CARTESIAN_POINT('Ctrl Pts',(8.54458016577895E-9,17.6250362763366,
-3.7));
#2069=CARTESIAN_POINT('Ctrl Pts',(0.0894126382100751,17.6202806201293,-3.69999999979352));
#2070=CARTESIAN_POINT('Ctrl Pts',(0.178812765762211,17.615568526231,-3.69675894644199));
#2071=CARTESIAN_POINT('Ctrl Pts',(0.508939718400237,17.5980762151747,-3.67278187234027));
#2072=CARTESIAN_POINT('Ctrl Pts',(0.747548040570871,17.5851356873578,-3.63173615477903));
#2073=CARTESIAN_POINT('Ctrl Pts',(1.09400272430985,17.5654928922575,-3.53652768381297));
#2074=CARTESIAN_POINT('Ctrl Pts',(1.20600922005182,17.5590272526828,-3.49991601041958));
#2075=CARTESIAN_POINT('Ctrl Pts',(1.45428660080457,17.5446649255623,-3.40542485835608));
#2076=CARTESIAN_POINT('Ctrl Pts',(1.58920513533395,17.5368969248205,-3.34459183760631));
#2077=CARTESIAN_POINT('Ctrl Pts',(1.93444487914237,17.5162861006369,-3.16330812646434));
#2078=CARTESIAN_POINT('Ctrl Pts',(2.1371864589165,17.5033040831104,-3.03001947877247));
#2079=CARTESIAN_POINT('Ctrl Pts',(2.41725441063217,17.4836146692838,-2.80371404977827));
#2080=CARTESIAN_POINT('Ctrl Pts',(2.50545835629275,17.4771361669785,-2.72518076193719));
#2081=CARTESIAN_POINT('Ctrl Pts',(2.68979284274974,17.4631988748571,-2.54452988896596));
#2082=CARTESIAN_POINT('Ctrl Pts',(2.78417991535701,17.4558363511364,-2.44089331227182));
#2083=CARTESIAN_POINT('Ctrl Pts',(3.1825545151523,17.4224362646541,-1.95022421570372));
#2084=CARTESIAN_POINT('Ctrl Pts',(3.41336852307632,17.3952885301805,-1.5102733006692));
#2085=CARTESIAN_POINT('Ctrl Pts',(3.6901256799585,17.3431817801705,-0.56346163023066));
#2086=CARTESIAN_POINT('Ctrl Pts',(3.73231619057111,17.3158917889786,-0.0658108908677908));
#2087=CARTESIAN_POINT('Ctrl Pts',(3.61865869885226,17.2636728598399,0.916203937962603));
#2088=CARTESIAN_POINT('Ctrl Pts',(3.46411594555222,17.2364105101799,1.39069635582431));
#2089=CARTESIAN_POINT('Ctrl Pts',(3.10687004534332,17.1980547030865,2.02264869993273));
#2090=CARTESIAN_POINT('Ctrl Pts',(2.97406884323888,17.1857814803578,2.21329160040702));
#2091=CARTESIAN_POINT('Ctrl Pts',(2.72456737795379,17.1647659402862,2.50810043316164));
#2092=CARTESIAN_POINT('Ctrl Pts',(2.61755650549058,17.1562629873644,2.61958615338636));
#2093=CARTESIAN_POINT('Ctrl Pts',(2.37928752532413,17.1387209167764,2.83859768705739));
#2094=CARTESIAN_POINT('Ctrl Pts',(2.24698198481084,17.1298461529562,2.94443820951111));
#2095=CARTESIAN_POINT('Ctrl Pts',(1.79930156736852,17.1010273261346,3.25476489356583));
#2096=CARTESIAN_POINT('Ctrl Pts',(1.45998964380355,17.0802352959457,3.42043336383548));
#2097=CARTESIAN_POINT('Ctrl Pts',(0.965765925031076,17.0525367445664,3.57456885262379));
#2098=CARTESIAN_POINT('Ctrl Pts',(0.827595370010019,17.0450797356133,3.60906287406158));
#2099=CARTESIAN_POINT('Ctrl Pts',(0.461014799580545,17.0253246281384,3.67841360996431));
#2100=CARTESIAN_POINT('Ctrl Pts',(0.230750561673816,17.0128722119205,3.70000043999982));
#2101=CARTESIAN_POINT('Ctrl Pts',(-7.05512663984331E-6,17.0002434062097,
3.69999999999327));
#2102=CARTESIAN_POINT('Ctrl Pts',(-6.61889608278426E-6,17.0002387974638,
3.69999999999408));
#2103=CARTESIAN_POINT('Ctrl Pts',(-0.181392485201174,16.9906595153407,3.69999967551457));
#2104=CARTESIAN_POINT('Ctrl Pts',(-0.362523687811327,16.981031633207,3.68666165025786));
#2105=CARTESIAN_POINT('Ctrl Pts',(-0.71261406243171,16.9618479123506,3.63482433794289));
#2106=CARTESIAN_POINT('Ctrl Pts',(-0.881298346637452,16.9523397955134,3.59764873143663));
#2107=CARTESIAN_POINT('Ctrl Pts',(-1.28298507335163,16.9295907483587,3.47916674087634));
#2108=CARTESIAN_POINT('Ctrl Pts',(-1.51162993978899,16.9168309280922,3.3860927790218));
#2109=CARTESIAN_POINT('Ctrl Pts',(-1.90004075277988,16.8933773146569,3.18074299575543));
#2110=CARTESIAN_POINT('Ctrl Pts',(-2.063401421194,16.8828639291898,3.07727926089898));
#2111=CARTESIAN_POINT('Ctrl Pts',(-2.61385508363609,16.845240437981,2.6650393886761));
#2112=CARTESIAN_POINT('Ctrl Pts',(-2.94632454085313,16.8198765721335,2.29212577185117));
#2113=CARTESIAN_POINT('Ctrl Pts',(-3.44444348642091,16.7657980257065,1.43856920876625));
#2114=CARTESIAN_POINT('Ctrl Pts',(-3.60543527806897,16.7404823534781,0.966706527293683));
#2115=CARTESIAN_POINT('Ctrl Pts',(-3.68462376271147,16.7068928330994,0.357821504274772));
#2116=CARTESIAN_POINT('Ctrl Pts',(-3.69431377034294,16.7002908771074,0.237770873911566));
#2117=CARTESIAN_POINT('Ctrl Pts',(-3.70353509068412,16.6846679601222,-0.0525542052156491));
#2118=CARTESIAN_POINT('Ctrl Pts',(-3.69720495841992,16.6757813029752,-0.222744483016276));
#2119=CARTESIAN_POINT('Ctrl Pts',(-3.65434968210914,16.6543205012467,-0.625068907828988));
#2120=CARTESIAN_POINT('Ctrl Pts',(-3.60740576166505,16.6416128053205,-0.855331867954512));
#2121=CARTESIAN_POINT('Ctrl Pts',(-3.39465545882516,16.6017167036408,-1.55275091136253));
#2122=CARTESIAN_POINT('Ctrl Pts',(-3.15687731533688,16.5763505287257,-1.99219591886031));
#2123=CARTESIAN_POINT('Ctrl Pts',(-2.52353954551797,16.5222906823863,-2.75046855019012));
#2124=CARTESIAN_POINT('Ctrl Pts',(-2.13477139964785,16.49699137538,-3.062040985769));
#2125=CARTESIAN_POINT('Ctrl Pts',(-1.58853702147533,16.4633692527649,-3.34384119935338));
#2126=CARTESIAN_POINT('Ctrl Pts',(-1.47802749255975,16.4567124826228,-3.39413601038368));
#2127=CARTESIAN_POINT('Ctrl Pts',(-1.20671194896803,16.4410077929197,-3.50184812833836));
#2128=CARTESIAN_POINT('Ctrl Pts',(-1.04401127769336,16.4320971278181,-3.55375008409678));
#2129=CARTESIAN_POINT('Ctrl Pts',(-0.65045817863401,16.4106087669596,-3.64992012962217));
#2130=CARTESIAN_POINT('Ctrl Pts',(-0.417848934233931,16.3978984587884,-3.68380255503064));
#2131=CARTESIAN_POINT('Ctrl Pts',(-0.122392637136441,16.3817122779062,-3.69848320207575));
#2132=CARTESIAN_POINT('Ctrl Pts',(-0.061168085580909,16.3783634729881,-3.7));
#2133=CARTESIAN_POINT('Ctrl Pts',(-2.23435517333733E-14,16.3750381446777,
-3.7));
#2134=CARTESIAN_POINT('Ctrl Pts',(7.04297731246584E-15,16.1246608258121,
-3.7));
#2135=CARTESIAN_POINT('Ctrl Pts',(-0.247879605868261,16.1381892186018,-3.7));
#2136=CARTESIAN_POINT('Ctrl Pts',(-0.495625866319363,16.1517141468654,-3.67509021056733));
#2137=CARTESIAN_POINT('Ctrl Pts',(-0.967007999034484,16.1771327591973,-3.57894170516908));
#2138=CARTESIAN_POINT('Ctrl Pts',(-1.18966116785967,16.1894309270746,-3.51121492632183));
#2139=CARTESIAN_POINT('Ctrl Pts',(-1.54942935641861,16.2105951131002,-3.36360084497485));
#2140=CARTESIAN_POINT('Ctrl Pts',(-1.69043544970329,16.2192254309204,-3.29499142132619));
#2141=CARTESIAN_POINT('Ctrl Pts',(-1.96561572504696,16.2363592592996,-3.13877105212293));
#2142=CARTESIAN_POINT('Ctrl Pts',(-2.0992951017636,16.2447438409823,-3.05098145622233));
#2143=CARTESIAN_POINT('Ctrl Pts',(-2.4208725899892,16.2660363064567,-2.80862555835285));
#2144=CARTESIAN_POINT('Ctrl Pts',(-2.59997535130638,16.2790909990824,-2.64369390699395));
#2145=CARTESIAN_POINT('Ctrl Pts',(-2.84052759370497,16.2988625973807,-2.37391298301228));
#2146=CARTESIAN_POINT('Ctrl Pts',(-2.91514159998413,16.3053672968704,-2.2816682330172));
#2147=CARTESIAN_POINT('Ctrl Pts',(-3.06003851801324,16.3185774658673,-2.08379716301653));
#2148=CARTESIAN_POINT('Ctrl Pts',(-3.12958243165093,16.3252428909009,-1.97781733745226));
#2149=CARTESIAN_POINT('Ctrl Pts',(-3.44269128322712,16.3580012962203,-1.44265961652268));
#2150=CARTESIAN_POINT('Ctrl Pts',(-3.60415879650554,16.3852275296725,-0.971297029299449));
#2151=CARTESIAN_POINT('Ctrl Pts',(-3.73290755472549,16.437413417334,0.00825027130391578));
#2152=CARTESIAN_POINT('Ctrl Pts',(-3.69837505715872,16.4647106959973,0.506649387302105));
#2153=CARTESIAN_POINT('Ctrl Pts',(-3.50461074631427,16.5032184280549,1.20938280126575));
#2154=CARTESIAN_POINT('Ctrl Pts',(-3.4210153863535,16.5156517284699,1.42882873600078));
#2155=CARTESIAN_POINT('Ctrl Pts',(-3.24231962513527,16.5376315286214,1.79052131233749));
#2156=CARTESIAN_POINT('Ctrl Pts',(-3.15710109975484,16.5469621498153,1.93683100787642));
#2157=CARTESIAN_POINT('Ctrl Pts',(-2.99399007469133,16.5625961264657,2.17733322188609));
#2158=CARTESIAN_POINT('Ctrl Pts',(-2.92089395342451,16.5689907521275,2.27445310389369));
#2159=CARTESIAN_POINT('Ctrl Pts',(-2.52721571926586,16.6014909803724,2.74716390790201));
#2160=CARTESIAN_POINT('Ctrl Pts',(-2.13853669820414,16.6287365897441,3.05947385232365));
#2161=CARTESIAN_POINT('Ctrl Pts',(-1.26075038493567,16.6809387384117,3.51356564129634));
#2162=CARTESIAN_POINT('Ctrl Pts',(-0.780308155838318,16.7082335865292,3.65044670548683));
#2163=CARTESIAN_POINT('Ctrl Pts',(-0.0540507720847705,16.746716108761,3.70698808043204));
#2164=CARTESIAN_POINT('Ctrl Pts',(0.180268962116969,16.7591185988378,3.70299609452988));
#2165=CARTESIAN_POINT('Ctrl Pts',(0.577615587184574,16.7808977758836,3.65840395740247));
#2166=CARTESIAN_POINT('Ctrl Pts',(0.741152155249661,16.7900534617536,3.62880852683134));
#2167=CARTESIAN_POINT('Ctrl Pts',(1.02743058970891,16.8059618046192,3.55683487269703));
#2168=CARTESIAN_POINT('Ctrl Pts',(1.15097973931982,16.8127578609181,3.51879731944474));
#2169=CARTESIAN_POINT('Ctrl Pts',(1.73535992626995,16.8456391174316,3.30480209549293));
#2170=CARTESIAN_POINT('Ctrl Pts',(2.15987697117861,16.8728539300358,3.04435704990736));
#2171=CARTESIAN_POINT('Ctrl Pts',(2.88291900467771,16.9250293286576,2.37138029745215));
#2172=CARTESIAN_POINT('Ctrl Pts',(3.17376185780399,16.9523268735215,1.96517324038671));
#2173=CARTESIAN_POINT('Ctrl Pts',(3.47210543426396,16.9908464179994,1.29980687134676));
#2174=CARTESIAN_POINT('Ctrl Pts',(3.54749756845373,17.0032951990434,1.07715806625232));
#2175=CARTESIAN_POINT('Ctrl Pts',(3.64048284993833,17.0253794278829,0.682673076809529));
#2176=CARTESIAN_POINT('Ctrl Pts',(3.66810588661879,17.0348017178542,0.513961666982775));
#2177=CARTESIAN_POINT('Ctrl Pts',(3.69529457250363,17.050522584382,0.22274548715635));
#2178=CARTESIAN_POINT('Ctrl Pts',(3.70062254973626,17.0569283338169,0.101056539448911));
#2179=CARTESIAN_POINT('Ctrl Pts',(3.69718646973882,17.0894141737649,-0.513775765959934));
#2180=CARTESIAN_POINT('Ctrl Pts',(3.59588711964429,17.1166268248592,-1.00136725012176));
#2181=CARTESIAN_POINT('Ctrl Pts',(3.20753647557512,17.1688001818843,-1.90954837331966));
#2182=CARTESIAN_POINT('Ctrl Pts',(2.9238205508875,17.1960977039629,-2.32076326114721));
#2183=CARTESIAN_POINT('Ctrl Pts',(2.21242748301752,17.2482905208326,-3.00642715048862));
#2184=CARTESIAN_POINT('Ctrl Pts',(1.7922563946025,17.2755112241547,-3.27433607321906));
#2185=CARTESIAN_POINT('Ctrl Pts',(1.11691096037297,17.3137661314922,-3.53491446973491));
#2186=CARTESIAN_POINT('Ctrl Pts',(0.894633999588722,17.3259521395278,-3.59760157250635));
#2187=CARTESIAN_POINT('Ctrl Pts',(0.447514760326569,17.3506698108053,-3.67966965596904));
#2188=CARTESIAN_POINT('Ctrl Pts',(0.223939645076784,17.3630528783117,-3.7));
#2189=CARTESIAN_POINT('Ctrl Pts',(-1.31565954203836E-14,17.3749637232089,
-3.7));
#2190=CARTESIAN_POINT('Origin',(0.,8.,0.));
#2191=CARTESIAN_POINT('',(2.22896386233664E-8,18.875339171755,-3.7));
#2192=CARTESIAN_POINT('',(2.41766628404615E-14,18.6249618553223,-3.7));
#2193=CARTESIAN_POINT('',(-4.53119315684521E-16,8.,-3.7));
#2194=CARTESIAN_POINT('Ctrl Pts',(2.23558667064583E-8,18.8753391729678,
-3.7));
#2195=CARTESIAN_POINT('Ctrl Pts',(0.145022076424401,18.8674243818126,-3.69999999912376));
#2196=CARTESIAN_POINT('Ctrl Pts',(0.289931219070789,18.8594414569113,-3.69147391815464));
#2197=CARTESIAN_POINT('Ctrl Pts',(0.568651780584792,18.8442974670747,-3.65855495432658));
#2198=CARTESIAN_POINT('Ctrl Pts',(0.702346784133066,18.8371668461715,-3.63525770983979));
#2199=CARTESIAN_POINT('Ctrl Pts',(1.31428188339185,18.8039763313102,-3.4935982450012));
#2200=CARTESIAN_POINT('Ctrl Pts',(1.76711192370888,18.7767975229534,-3.2878359891683));
#2201=CARTESIAN_POINT('Ctrl Pts',(2.56730297743619,18.7246578240921,-2.70990123556904));
#2202=CARTESIAN_POINT('Ctrl Pts',(2.90613951358207,18.6973628615639,-2.34285364079582));
#2203=CARTESIAN_POINT('Ctrl Pts',(3.41905768503973,18.645152748647,-1.49796410896576));
#2204=CARTESIAN_POINT('Ctrl Pts',(3.5882393708434,18.6179068417089,-1.02878930580112));
#2205=CARTESIAN_POINT('Ctrl Pts',(3.69411371727391,18.5795913803499,-0.3114618604658));
#2206=CARTESIAN_POINT('Ctrl Pts',(3.7063563384458,18.5673541552945,-0.0800224626161042));
#2207=CARTESIAN_POINT('Ctrl Pts',(3.69071259529548,18.5465085920097,0.302869573879031));
#2208=CARTESIAN_POINT('Ctrl Pts',(3.67516298392755,18.538142886052,0.454164028694892));
#2209=CARTESIAN_POINT('Ctrl Pts',(3.6207197544257,18.5200483728763,0.783159610432008));
#2210=CARTESIAN_POINT('Ctrl Pts',(3.57795028669545,18.5105428985068,0.959802158399682));
#2211=CARTESIAN_POINT('Ctrl Pts',(3.44969187372091,18.4883633591063,1.35868383224026));
#2212=CARTESIAN_POINT('Ctrl Pts',(3.35540532916481,18.4755577529441,1.57722479312925));
#2213=CARTESIAN_POINT('Ctrl Pts',(3.18331500398076,18.4560428701984,1.88963469278496));
#2214=CARTESIAN_POINT('Ctrl Pts',(3.12077665628588,18.4495082663461,1.99122290546374));
#2215=CARTESIAN_POINT('Ctrl Pts',(2.98263338442548,18.4363726117574,2.19308392503846));
#2216=CARTESIAN_POINT('Ctrl Pts',(2.90661063416194,18.4297803153986,2.29288810530496));
#2217=CARTESIAN_POINT('Ctrl Pts',(2.66959846281591,18.4103772531464,2.57326358587436));
#2218=CARTESIAN_POINT('Ctrl Pts',(2.49582358222639,18.3974210674371,2.74213331763146));
#2219=CARTESIAN_POINT('Ctrl Pts',(2.21467880213631,18.3777607017783,2.96632603278529));
#2220=CARTESIAN_POINT('Ctrl Pts',(2.11906665726708,18.3712903552477,3.03536639772282));
#2221=CARTESIAN_POINT('Ctrl Pts',(1.89892640825407,18.3570898500517,3.17884817239362));
#2222=CARTESIAN_POINT('Ctrl Pts',(1.77298842966351,18.3494757244624,3.25077051876277));
#2223=CARTESIAN_POINT('Ctrl Pts',(1.42647989294486,18.3290358811782,3.42251938027597));
#2224=CARTESIAN_POINT('Ctrl Pts',(1.19980744315734,18.3160726501272,3.50840916239684));
#2225=CARTESIAN_POINT('Ctrl Pts',(0.852572883063929,18.2964043695308,3.60236341418709));
#2226=CARTESIAN_POINT('Ctrl Pts',(0.737348679929697,18.2899318486249,3.62770174727911));
#2227=CARTESIAN_POINT('Ctrl Pts',(0.479571126412927,18.2758035295755,3.67159718628528));
#2228=CARTESIAN_POINT('Ctrl Pts',(0.33674922189369,18.2682583618466,3.68744005305994));
#2229=CARTESIAN_POINT('Ctrl Pts',(-0.0480301871145913,18.2478948522492,
3.70757687466875));
#2230=CARTESIAN_POINT('Ctrl Pts',(-0.290071856189283,18.2349400340937,3.69652276696518));
#2231=CARTESIAN_POINT('Ctrl Pts',(-0.645938037199675,18.2152812041322,3.64508633565069));
#2232=CARTESIAN_POINT('Ctrl Pts',(-0.761711308864004,18.2088112755046,3.62266290977222));
#2233=CARTESIAN_POINT('Ctrl Pts',(-1.01725067112224,18.1945967214208,3.56037542816121));
#2234=CARTESIAN_POINT('Ctrl Pts',(-1.15613781629899,18.1869691792024,3.517728980501));
#2235=CARTESIAN_POINT('Ctrl Pts',(-1.51878570603965,18.1665144831063,3.38257055672198));
#2236=CARTESIAN_POINT('Ctrl Pts',(-1.73657106845577,18.1535496154391,3.27609576369062));
#2237=CARTESIAN_POINT('Ctrl Pts',(-2.042762544151,18.1338794954094,3.08723603134508));
#2238=CARTESIAN_POINT('Ctrl Pts',(-2.14011006554509,18.1274064641788,3.02056855419956));
#2239=CARTESIAN_POINT('Ctrl Pts',(-2.34831222120566,18.113294869466,2.8628579897147));
#2240=CARTESIAN_POINT('Ctrl Pts',(-2.45739465660089,18.105765682965,2.76979015452177));
#2241=CARTESIAN_POINT('Ctrl Pts',(-2.73526612551448,18.0854198620864,2.50334588487522));
#2242=CARTESIAN_POINT('Ctrl Pts',(-2.89290502601735,18.072466993195,2.31937728721447));
#2243=CARTESIAN_POINT('Ctrl Pts',(-3.09903724043684,18.0528103518009,2.02481004177449));
#2244=CARTESIAN_POINT('Ctrl Pts',(-3.16195162340823,18.0463410165397,1.9250843573856));
#2245=CARTESIAN_POINT('Ctrl Pts',(-3.29168472492786,18.0321064162094,1.69587467230828));
#2246=CARTESIAN_POINT('Ctrl Pts',(-3.35583440978822,18.0244597321662,1.5651052154811));
#2247=CARTESIAN_POINT('Ctrl Pts',(-3.50565843597289,18.0039838448115,1.20783544919721));
#2248=CARTESIAN_POINT('Ctrl Pts',(-3.57709750094836,17.9910166426061,0.976150560412572));
#2249=CARTESIAN_POINT('Ctrl Pts',(-3.6489754041707,17.9713438981966,0.623608145940475));
#2250=CARTESIAN_POINT('Ctrl Pts',(-3.66699743418045,17.964870135546,0.506989942394484));
#2251=CARTESIAN_POINT('Ctrl Pts',(-3.69446329589988,17.9507823692249,0.247672685443755));
#2252=CARTESIAN_POINT('Ctrl Pts',(-3.70127004527054,17.9432759554652,0.104884350708537));
#2253=CARTESIAN_POINT('Ctrl Pts',(-3.69732744442824,17.9229553388661,-0.279596750509104));
#2254=CARTESIAN_POINT('Ctrl Pts',(-3.67117980449502,17.9100052468042,-0.520415743922026));
#2255=CARTESIAN_POINT('Ctrl Pts',(-3.59763749741133,17.8903517224067,-0.872288925768042));
#2256=CARTESIAN_POINT('Ctrl Pts',(-3.56803627091883,17.8838832278096,-0.986408142953006));
#2257=CARTESIAN_POINT('Ctrl Pts',(-3.48965949729684,17.8696198373468,-1.23839013838572));
#2258=CARTESIAN_POINT('Ctrl Pts',(-3.43806261409569,17.8619462204889,-1.3751576848382));
#2259=CARTESIAN_POINT('Ctrl Pts',(-3.27987811402149,17.841439918084,-1.72942965591412));
#2260=CARTESIAN_POINT('Ctrl Pts',(-3.159821768585,17.828469386929,-1.94011407659312));
#2261=CARTESIAN_POINT('Ctrl Pts',(-2.95192509375836,17.8087928991744,-2.23384240383719));
#2262=CARTESIAN_POINT('Ctrl Pts',(-2.87921420370379,17.8023180863952,-2.32680888469966));
#2263=CARTESIAN_POINT('Ctrl Pts',(-2.70932320241334,17.7882642432399,-2.52384444420474));
#2264=CARTESIAN_POINT('Ctrl Pts',(-2.61032838972003,17.7807902560511,-2.62610140824677));
#2265=CARTESIAN_POINT('Ctrl Pts',(-2.32791334122044,17.7605055246791,-2.88603534951841));
#2266=CARTESIAN_POINT('Ctrl Pts',(-2.1345427678125,17.7475593842907,-3.03184711281153));
#2267=CARTESIAN_POINT('Ctrl Pts',(-1.82781067565079,17.727910294175,-3.2191592133271));
#2268=CARTESIAN_POINT('Ctrl Pts',(-1.7243954375252,17.7214429867148,-3.27571955373004));
#2269=CARTESIAN_POINT('Ctrl Pts',(-1.48643790170802,17.7071387968545,-3.39146804695501));
#2270=CARTESIAN_POINT('Ctrl Pts',(-1.35072390157436,17.6994262502511,-3.44776705961681));
#2271=CARTESIAN_POINT('Ctrl Pts',(-0.983383881954842,17.6788768350043,-3.5751240066813));
#2272=CARTESIAN_POINT('Ctrl Pts',(-0.747541719775488,17.6659015606397,-3.63176619545193));
#2273=CARTESIAN_POINT('Ctrl Pts',(-0.391002582031053,17.6462197370058,-3.68117343643098));
#2274=CARTESIAN_POINT('Ctrl Pts',(-0.273424368581189,17.6397434131152,-3.69176927601035));
#2275=CARTESIAN_POINT('Ctrl Pts',(-0.10371222348063,17.6305689322045,-3.6989099302116));
#2276=CARTESIAN_POINT('Ctrl Pts',(-0.0518540583030248,17.6277942772566,
-3.70000000011975));
#2277=CARTESIAN_POINT('Ctrl Pts',(8.54458016577895E-9,17.6250362763366,
-3.7));
#2278=CARTESIAN_POINT('',(2.85164928263537E-6,17.9998312958897,3.70004219226996));
#2279=CARTESIAN_POINT('Ctrl Pts',(-1.31565954203836E-14,17.3749637232089,
-3.7));
#2280=CARTESIAN_POINT('Ctrl Pts',(-0.0561905114243246,17.377952369842,-3.7));
#2281=CARTESIAN_POINT('Ctrl Pts',(-0.112403264589882,17.380924708843,-3.6987199675219));
#2282=CARTESIAN_POINT('Ctrl Pts',(-0.401198405281366,17.3961982674029,-3.68554711423191));
#2283=CARTESIAN_POINT('Ctrl Pts',(-0.632270505888394,17.4085363729864,-3.65300521712066));
#2284=CARTESIAN_POINT('Ctrl Pts',(-1.01441258307123,17.4299249339133,-3.56182224027895));
#2285=CARTESIAN_POINT('Ctrl Pts',(-1.16749734346406,17.4387448641814,-3.51462075221507));
#2286=CARTESIAN_POINT('Ctrl Pts',(-1.45458055574813,17.4553521269293,-3.40526889073966));
#2287=CARTESIAN_POINT('Ctrl Pts',(-1.58885787805948,17.4630836838801,-3.34472585393544));
#2288=CARTESIAN_POINT('Ctrl Pts',(-1.93348075047777,17.4836541502908,-3.16389338956131));
#2289=CARTESIAN_POINT('Ctrl Pts',(-2.13621845543863,17.4966317366508,-3.03069772025463));
#2290=CARTESIAN_POINT('Ctrl Pts',(-2.41629718748378,17.5163161619663,-2.80453781486789));
#2291=CARTESIAN_POINT('Ctrl Pts',(-2.50450631201684,17.5227932283951,-2.72605447058968));
#2292=CARTESIAN_POINT('Ctrl Pts',(-2.6894742871389,17.5367754108795,-2.5449121681432));
#2293=CARTESIAN_POINT('Ctrl Pts',(-2.78442097687989,17.5441808757744,-2.44066583491622));
#2294=CARTESIAN_POINT('Ctrl Pts',(-3.02536300639266,17.564389805549,-2.14371368827077));
#2295=CARTESIAN_POINT('Ctrl Pts',(-3.15879742754722,17.5773276232485,-1.94173061886123));
#2296=CARTESIAN_POINT('Ctrl Pts',(-3.32659544740876,17.5969673800939,-1.62407789594873));
#2297=CARTESIAN_POINT('Ctrl Pts',(-3.37659479914386,17.6034322262476,-1.51739056891076));
#2298=CARTESIAN_POINT('Ctrl Pts',(-3.47791088097197,17.6178224849435,-1.27128122840372));
#2299=CARTESIAN_POINT('Ctrl Pts',(-3.52609004148428,17.6256171135568,-1.1307999752122));
#2300=CARTESIAN_POINT('Ctrl Pts',(-3.63034079949866,17.646257375116,-0.754479805905781));
#2301=CARTESIAN_POINT('Ctrl Pts',(-3.67191618454776,17.6592425716937,-0.51539722245781));
#2302=CARTESIAN_POINT('Ctrl Pts',(-3.69858362255305,17.6789355673571,-0.1562542089513));
#2303=CARTESIAN_POINT('Ctrl Pts',(-3.7016860009541,17.6854150843118,-0.0381752655977395));
#2304=CARTESIAN_POINT('Ctrl Pts',(-3.69612788292407,17.6993212255269,0.219308610656623));
#2305=CARTESIAN_POINT('Ctrl Pts',(-3.68523356529388,17.7066539741077,0.358484697126164));
#2306=CARTESIAN_POINT('Ctrl Pts',(-3.60045420139476,17.7400270943336,0.984287162025348));
#2307=CARTESIAN_POINT('Ctrl Pts',(-3.43780902705321,17.7671785022204,1.45380310382109));
#2308=CARTESIAN_POINT('Ctrl Pts',(-2.93716193801189,17.819286955608,2.30382265399983));
#2309=CARTESIAN_POINT('Ctrl Pts',(-2.60332612666703,17.8465773713339,2.67529641834458));
#2310=CARTESIAN_POINT('Ctrl Pts',(-2.05167677051224,17.8828811637091,3.08508686088944));
#2311=CARTESIAN_POINT('Ctrl Pts',(-1.8882422622379,17.8930870318344,3.18773848761414));
#2312=CARTESIAN_POINT('Ctrl Pts',(-1.49613642775003,17.9170729744987,3.39323880212881));
#2313=CARTESIAN_POINT('Ctrl Pts',(-1.26351306420203,17.9309259020021,3.48655214858318));
#2314=CARTESIAN_POINT('Ctrl Pts',(-0.861083028740526,17.9531776290296,3.60236160966666));
#2315=CARTESIAN_POINT('Ctrl Pts',(-0.695922379720169,17.962010443935,3.63787949720531));
#2316=CARTESIAN_POINT('Ctrl Pts',(-0.353731118689249,17.9804582884102,3.68730279385693));
#2317=CARTESIAN_POINT('Ctrl Pts',(-0.176972054132666,17.9900709556012,3.70000033745544));
#2318=CARTESIAN_POINT('Ctrl Pts',(7.0551265935262E-6,17.9997565937903,3.69999999999327));
#2319=CARTESIAN_POINT('Ctrl Pts',(6.61889603976312E-6,17.9997612025362,
3.69999999999408));
#2320=CARTESIAN_POINT('Ctrl Pts',(0.177122379860148,18.0091149734627,3.69999968315332));
#2321=CARTESIAN_POINT('Ctrl Pts',(0.35400088561876,18.0185134960422,3.68728224101573));
#2322=CARTESIAN_POINT('Ctrl Pts',(0.696426311529594,18.0372542986686,3.63778912018239));
#2323=CARTESIAN_POINT('Ctrl Pts',(0.861707244659241,18.0465527196844,3.60221825806278));
#2324=CARTESIAN_POINT('Ctrl Pts',(1.26411103967238,18.0693376187848,3.48632616961635));
#2325=CARTESIAN_POINT('Ctrl Pts',(1.49659413798411,18.0822962060866,3.39302951976436));
#2326=CARTESIAN_POINT('Ctrl Pts',(1.88861467297174,18.1059072726168,3.18751966362256));
#2327=CARTESIAN_POINT('Ctrl Pts',(2.05205464321009,18.1163905789296,3.08483565343422));
#2328=CARTESIAN_POINT('Ctrl Pts',(2.60370619346318,18.1539924828758,2.67493827549726));
#2329=CARTESIAN_POINT('Ctrl Pts',(2.93753253593105,18.1793512037097,2.30336409480281));
#2330=CARTESIAN_POINT('Ctrl Pts',(3.43813578052122,18.2333409276993,1.45307827599002));
#2331=CARTESIAN_POINT('Ctrl Pts',(3.6007255066409,18.2585872101726,0.983366730677684));
#2332=CARTESIAN_POINT('Ctrl Pts',(3.685231356282,18.2930895158468,0.358194512062664));
#2333=CARTESIAN_POINT('Ctrl Pts',(3.69606800485671,18.3007032737842,0.219816282115529));
#2334=CARTESIAN_POINT('Ctrl Pts',(3.70267711116513,18.3168449765265,-0.0814547007192935));
#2335=CARTESIAN_POINT('Ctrl Pts',(3.69551916052955,18.3253506580052,-0.244120572437746));
#2336=CARTESIAN_POINT('Ctrl Pts',(3.65209039037566,18.3463666671287,-0.637711635680006));
#2337=CARTESIAN_POINT('Ctrl Pts',(3.60462203223288,18.3590261860071,-0.866675532850983));
#2338=CARTESIAN_POINT('Ctrl Pts',(3.45307683286584,18.3871808208439,-1.35845174652361));
#2339=CARTESIAN_POINT('Ctrl Pts',(3.33984905180809,18.4019445318974,-1.61695489762611));
#2340=CARTESIAN_POINT('Ctrl Pts',(3.08249651462501,18.4291519495446,-2.05946313419126));
#2341=CARTESIAN_POINT('Ctrl Pts',(2.94819372879114,18.4416944537122,-2.24751263232227));
#2342=CARTESIAN_POINT('Ctrl Pts',(2.47425354095712,18.4812988910748,-2.79492796213802));
#2343=CARTESIAN_POINT('Ctrl Pts',(2.07982264775416,18.5066128643163,-3.09965673921676));
#2344=CARTESIAN_POINT('Ctrl Pts',(1.19365869424337,18.5606825633394,-3.53693284668253));
#2345=CARTESIAN_POINT('Ctrl Pts',(0.710616549024715,18.5860483390703,-3.66466069514908));
#2346=CARTESIAN_POINT('Ctrl Pts',(0.144507203874124,18.6170777295623,-3.69788576310632));
#2347=CARTESIAN_POINT('Ctrl Pts',(0.0722170216986083,18.6210358650862,-3.7));
#2348=CARTESIAN_POINT('Ctrl Pts',(5.12596723157814E-14,18.6249618553223,
-3.7));
#2349=CARTESIAN_POINT('Origin',(0.,8.,0.));
#2350=CARTESIAN_POINT('',(2.22807406066492E-15,20.12533572814,-3.7));
#2351=CARTESIAN_POINT('',(-3.59192320123727E-15,19.87466427186,-3.7));
#2352=CARTESIAN_POINT('',(-4.53119315684521E-16,8.,-3.7));
#2353=CARTESIAN_POINT('Ctrl Pts',(5.48172618408671E-15,20.12533572814,-3.7));
#2354=CARTESIAN_POINT('Ctrl Pts',(0.239652105565203,20.1126450630336,-3.7));
#2355=CARTESIAN_POINT('Ctrl Pts',(0.479319020085025,20.0996712582437,-3.67671802840658));
#2356=CARTESIAN_POINT('Ctrl Pts',(1.20001249929647,20.0594769849407,-3.53464794102833));
#2357=CARTESIAN_POINT('Ctrl Pts',(1.66044750926709,20.0341568766409,-3.34315602175824));
#2358=CARTESIAN_POINT('Ctrl Pts',(2.17035406082573,20.0005041321522,-2.99905062167595));
#2359=CARTESIAN_POINT('Ctrl Pts',(2.26759312144971,19.9938448391879,-2.92622007216275));
#2360=CARTESIAN_POINT('Ctrl Pts',(2.49130420286915,19.9782256526069,-2.74080505276233));
#2361=CARTESIAN_POINT('Ctrl Pts',(2.61398170388149,19.9693879230182,-2.6240644308384));
#2362=CARTESIAN_POINT('Ctrl Pts',(2.88654370353518,19.9479839607981,-2.32653846886965));
#2363=CARTESIAN_POINT('Ctrl Pts',(3.028057189276,19.9352821633144,-2.13910533700899));
#2364=CARTESIAN_POINT('Ctrl Pts',(3.41020597018493,19.895394349076,-1.5182933225413));
#2365=CARTESIAN_POINT('Ctrl Pts',(3.58242427159713,19.8700281566889,-1.04926302729333));
#2366=CARTESIAN_POINT('Ctrl Pts',(3.73204786843521,19.8159616622489,-0.0725653746893428));
#2367=CARTESIAN_POINT('Ctrl Pts',(3.70845722077757,19.7906567451202,0.425213140803479));
#2368=CARTESIAN_POINT('Ctrl Pts',(3.55709383264904,19.7567554045152,1.02617679778595));
#2369=CARTESIAN_POINT('Ctrl Pts',(3.51998959622515,19.7498252787402,1.14700946675674));
#2370=CARTESIAN_POINT('Ctrl Pts',(3.41960991326561,19.7340694328381,1.42274197303025));
#2371=CARTESIAN_POINT('Ctrl Pts',(3.35186880370313,19.7253353600114,1.57572435333996));
#2372=CARTESIAN_POINT('Ctrl Pts',(3.16498996221543,19.7040519417628,1.93070240945704));
#2373=CARTESIAN_POINT('Ctrl Pts',(3.03656907492581,19.6913627261104,2.1269714786999));
#2374=CARTESIAN_POINT('Ctrl Pts',(2.58167788747849,19.6514931362259,2.69622755544069));
#2375=CARTESIAN_POINT('Ctrl Pts',(2.19848587248651,19.6261274880005,3.01684592782606));
#2376=CARTESIAN_POINT('Ctrl Pts',(1.32967787109286,19.5720490233559,3.48792629547837));
#2377=CARTESIAN_POINT('Ctrl Pts',(0.85299084251909,19.5467333437027,3.63401876785994));
#2378=CARTESIAN_POINT('Ctrl Pts',(0.241923254813849,19.5131437627076,3.69404391540236));
#2379=CARTESIAN_POINT('Ctrl Pts',(0.121632473706605,19.5065420189303,3.69995859049476));
#2380=CARTESIAN_POINT('Ctrl Pts',(-0.119128132295061,19.4935926670646,3.70004098570541));
#2381=CARTESIAN_POINT('Ctrl Pts',(-0.2394568198897,19.4872544108998,3.69420590445056));
#2382=CARTESIAN_POINT('Ctrl Pts',(-0.85070572072769,19.4548084901202,3.63456839101019));
#2383=CARTESIAN_POINT('Ctrl Pts',(-1.32757583464195,19.4275595283264,3.48874204571285));
#2384=CARTESIAN_POINT('Ctrl Pts',(-2.19668166862225,19.3753548353175,3.01814736336858));
#2385=CARTESIAN_POINT('Ctrl Pts',(-2.58000492769275,19.3480607537597,2.69781499872155));
#2386=CARTESIAN_POINT('Ctrl Pts',(-3.03505114018742,19.3095834768797,2.12910845801109));
#2387=CARTESIAN_POINT('Ctrl Pts',(-3.16345721991626,19.2971870860636,1.93317655200115));
#2388=CARTESIAN_POINT('Ctrl Pts',(-3.3497036178383,19.2754465363792,1.58014154525174));
#2389=CARTESIAN_POINT('Ctrl Pts',(-3.4169868114825,19.2663243475646,1.4288321509064));
#2390=CARTESIAN_POINT('Ctrl Pts',(-3.51893204287427,19.2503572390469,1.15074713256962));
#2391=CARTESIAN_POINT('Ctrl Pts',(-3.55740325612611,19.2434782793332,1.02566301020237));
#2392=CARTESIAN_POINT('Ctrl Pts',(-3.70893171074346,19.2105196559624,0.420567942863791));
#2393=CARTESIAN_POINT('Ctrl Pts',(-3.73190843605102,19.1833128380622,-0.076798147978589));
#2394=CARTESIAN_POINT('Ctrl Pts',(-3.58135610233617,19.1311450683462,-1.05287635716474));
#2395=CARTESIAN_POINT('Ctrl Pts',(-3.40868954619009,19.1038477083502,-1.52167628440304));
#2396=CARTESIAN_POINT('Ctrl Pts',(-2.8898886304997,19.0516509701544,-2.36264016501059));
#2397=CARTESIAN_POINT('Ctrl Pts',(-2.5493700548073,19.0244250622121,-2.7265833492448));
#2398=CARTESIAN_POINT('Ctrl Pts',(-1.95970133704819,18.9861581382304,-3.14686411352213));
#2399=CARTESIAN_POINT('Ctrl Pts',(-1.75981256274019,18.9739621971959,-3.26285755289962));
#2400=CARTESIAN_POINT('Ctrl Pts',(-1.29471582048441,18.946107590553,-3.47750295348812));
#2401=CARTESIAN_POINT('Ctrl Pts',(-1.02633581136411,18.9306937150047,-3.56594627991978));
#2402=CARTESIAN_POINT('Ctrl Pts',(-0.521904198150338,18.9034792389449,-3.67043928633516));
#2403=CARTESIAN_POINT('Ctrl Pts',(-0.289330187027278,18.8911008598579,-3.69605081954476));
#2404=CARTESIAN_POINT('Ctrl Pts',(-0.0372636945011629,18.8773719358234,
-3.69985927926562));
#2405=CARTESIAN_POINT('Ctrl Pts',(-0.0186309115658219,18.8763559834934,
-3.70000000011257));
#2406=CARTESIAN_POINT('Ctrl Pts',(2.23558671892204E-8,18.8753391729678,
-3.7));
#2407=CARTESIAN_POINT('Ctrl Pts',(5.12596723157814E-14,18.6249618553223,
-3.7));
#2408=CARTESIAN_POINT('Ctrl Pts',(-0.419657553347277,18.6477760259732,-3.7));
#2409=CARTESIAN_POINT('Ctrl Pts',(-0.836853385882161,18.6693491185475,-3.62859248973053));
#2410=CARTESIAN_POINT('Ctrl Pts',(-1.3560119981962,18.6994704647628,-3.44501313128439));
#2411=CARTESIAN_POINT('Ctrl Pts',(-1.47615491337217,18.7066008479495,-3.395269285141));
#2412=CARTESIAN_POINT('Ctrl Pts',(-1.74299535194078,18.7224641469335,-3.26793945081062));
#2413=CARTESIAN_POINT('Ctrl Pts',(-1.8875955447771,18.7311267464872,-3.18660459220775));
#2414=CARTESIAN_POINT('Ctrl Pts',(-2.22190323052758,18.752326736889,-2.96779678548526));
#2415=CARTESIAN_POINT('Ctrl Pts',(-2.40495451234718,18.7650069381107,-2.82149812496945));
#2416=CARTESIAN_POINT('Ctrl Pts',(-2.92843415859649,18.8048629031243,-2.3149417823489));
#2417=CARTESIAN_POINT('Ctrl Pts',(-3.21133991705047,18.8302276696787,-1.90314811164622));
#2418=CARTESIAN_POINT('Ctrl Pts',(-3.59814798119646,18.8843129879619,-0.993552653442027));
#2419=CARTESIAN_POINT('Ctrl Pts',(-3.69848234318874,18.9096354642125,-0.505030511295176));
#2420=CARTESIAN_POINT('Ctrl Pts',(-3.70034913594838,18.9432418446302,0.109266638549841));
#2421=CARTESIAN_POINT('Ctrl Pts',(-3.69482751376536,18.9498512192058,0.229724761531104));
#2422=CARTESIAN_POINT('Ctrl Pts',(-3.67220308425186,18.9627219257591,0.468030852547648));
#2423=CARTESIAN_POINT('Ctrl Pts',(-3.65527300321154,18.9689804846383,0.585755655142656));
#2424=CARTESIAN_POINT('Ctrl Pts',(-3.58651897892231,18.9881121258238,0.941307949888547));
#2425=CARTESIAN_POINT('Ctrl Pts',(-3.51689422302724,19.0011117162081,1.17499972861625));
#2426=CARTESIAN_POINT('Ctrl Pts',(-3.36214825909186,19.0234565666316,1.55351480642216));
#2427=CARTESIAN_POINT('Ctrl Pts',(-3.28921766091304,19.0325661340111,1.70249969648428));
#2428=CARTESIAN_POINT('Ctrl Pts',(-3.12908024435946,19.0496955453698,1.98064588632126));
#2429=CARTESIAN_POINT('Ctrl Pts',(-3.04322885359273,19.0578233705201,2.1101805965307));
#2430=CARTESIAN_POINT('Ctrl Pts',(-2.80943307084026,19.0783893421242,2.4188628000677));
#2431=CARTESIAN_POINT('Ctrl Pts',(-2.65230233068988,19.0909915057885,2.59019108813722));
#2432=CARTESIAN_POINT('Ctrl Pts',(-2.11347952207781,19.1307133563134,3.07691421748035));
#2433=CARTESIAN_POINT('Ctrl Pts',(-1.68410620711184,19.1560565470534,3.33136154018682));
#2434=CARTESIAN_POINT('Ctrl Pts',(-0.750490812767606,19.2101550749567,3.65668092459922));
#2435=CARTESIAN_POINT('Ctrl Pts',(-0.255589383331772,19.235512753824,3.72414148369628));
#2436=CARTESIAN_POINT('Ctrl Pts',(0.728835610043619,19.289486972353,3.66071089746755));
#2437=CARTESIAN_POINT('Ctrl Pts',(1.20857380819345,19.3147233041479,3.5314835316238));
#2438=CARTESIAN_POINT('Ctrl Pts',(1.7746454071224,19.3493058383611,3.2496677378493));
#2439=CARTESIAN_POINT('Ctrl Pts',(1.89665870281802,19.3570134285525,3.17999956453284));
#2440=CARTESIAN_POINT('Ctrl Pts',(2.1503899495863,19.3732121215113,3.01531059759882));
#2441=CARTESIAN_POINT('Ctrl Pts',(2.28041272163493,19.381689860878,2.91821807016302));
#2442=CARTESIAN_POINT('Ctrl Pts',(2.58096540521198,19.402672776652,2.66139311175218));
#2443=CARTESIAN_POINT('Ctrl Pts',(2.74354361518522,19.4153282566605,2.49346150401049));
#2444=CARTESIAN_POINT('Ctrl Pts',(3.06482617508564,19.4434666653368,2.09185587067743));
#2445=CARTESIAN_POINT('Ctrl Pts',(3.21484401779091,19.4582189274673,1.85305218641409));
#2446=CARTESIAN_POINT('Ctrl Pts',(3.43605186781762,19.4854149830608,1.39165713980578));
#2447=CARTESIAN_POINT('Ctrl Pts',(3.51607267464815,19.4979564382647,1.17489621315271));
#2448=CARTESIAN_POINT('Ctrl Pts',(3.70238906737079,19.5375587414112,0.475242427515206));
#2449=CARTESIAN_POINT('Ctrl Pts',(3.73269688721913,19.5628721326423,-0.0222548697972055));
#2450=CARTESIAN_POINT('Ctrl Pts',(3.59622185292535,19.6169411201161,-1.00095163990337));
#2451=CARTESIAN_POINT('Ctrl Pts',(3.43033282466776,19.6423069429065,-1.47225380997151));
#2452=CARTESIAN_POINT('Ctrl Pts',(2.92388713858691,19.6963573666405,-2.32035625517014));
#2453=CARTESIAN_POINT('Ctrl Pts',(2.5889508997683,19.721649059492,-2.68896227647392));
#2454=CARTESIAN_POINT('Ctrl Pts',(2.08708416575548,19.7557220601176,-3.05792709040131));
#2455=CARTESIAN_POINT('Ctrl Pts',(1.97855991536404,19.7628427387157,-3.1292398223186));
#2456=CARTESIAN_POINT('Ctrl Pts',(1.72336908659385,19.7787007148467,-3.27833523382146));
#2457=CARTESIAN_POINT('Ctrl Pts',(1.57476643533243,19.7873666838924,-3.3522527230919));
#2458=CARTESIAN_POINT('Ctrl Pts',(1.20582063039267,19.808570613107,-3.50580563910278));
#2459=CARTESIAN_POINT('Ctrl Pts',(0.981921841632203,19.8212512455554,-3.57498142922005));
#2460=CARTESIAN_POINT('Ctrl Pts',(0.504704040639197,19.847919827034,-3.67417964115745));
#2461=CARTESIAN_POINT('Ctrl Pts',(0.252368460940199,19.8613002181054,-3.7));
#2462=CARTESIAN_POINT('Ctrl Pts',(-5.06539254985228E-15,19.87466427186,
-3.7));
#2463=CARTESIAN_POINT('Origin',(0.,8.,0.));
#2464=CARTESIAN_POINT('',(-9.66095758216124E-15,21.3750381446777,-3.7));
#2465=CARTESIAN_POINT('',(4.78245437904077E-15,21.1246608258121,-3.7));
#2466=CARTESIAN_POINT('',(-4.53119315684521E-16,8.,-3.7));
#2467=CARTESIAN_POINT('Ctrl Pts',(-1.88687958486378E-14,21.3750381446777,
-3.7));
#2468=CARTESIAN_POINT('Ctrl Pts',(0.432819352278532,21.3515084488933,-3.7));
#2469=CARTESIAN_POINT('Ctrl Pts',(0.862810285016993,21.3292378242967,-3.62404565950563));
#2470=CARTESIAN_POINT('Ctrl Pts',(1.7335601678919,21.2785091835236,-3.30577462821793));
#2471=CARTESIAN_POINT('Ctrl Pts',(2.1584032670609,21.2532076114214,-3.04543702152145));
#2472=CARTESIAN_POINT('Ctrl Pts',(2.61285448917925,21.2192597944153,-2.62281949276486));
#2473=CARTESIAN_POINT('Ctrl Pts',(2.70150408674373,21.2122783841914,-2.53141633245329));
#2474=CARTESIAN_POINT('Ctrl Pts',(2.89503638421838,21.1964955106547,-2.31010146846604));
#2475=CARTESIAN_POINT('Ctrl Pts',(2.99619450947774,21.1877801400846,-2.17729829648507));
#2476=CARTESIAN_POINT('Ctrl Pts',(3.21694038118931,21.1665185270602,-1.84283518897707));
#2477=CARTESIAN_POINT('Ctrl Pts',(3.3270051782046,21.153831642775,-1.63577799644132));
#2478=CARTESIAN_POINT('Ctrl Pts',(3.60658620549632,21.1139655327693,-0.962930367946498));
#2479=CARTESIAN_POINT('Ctrl Pts',(3.70287430427471,21.0886000745546,-0.47266934673874));
#2480=CARTESIAN_POINT('Ctrl Pts',(3.69700093812158,21.0345197054814,0.515650576827834));
#2481=CARTESIAN_POINT('Ctrl Pts',(3.59529579852996,21.0092021984426,1.00377886548757));
#2482=CARTESIAN_POINT('Ctrl Pts',(3.35344982693271,20.9756166770056,1.56806677570924));
#2483=CARTESIAN_POINT('Ctrl Pts',(3.30072098401218,20.9690215145763,1.67621623442769));
#2484=CARTESIAN_POINT('Ctrl Pts',(3.16093229886069,20.9534076329823,1.93065471230046));
#2485=CARTESIAN_POINT('Ctrl Pts',(3.06886447540841,20.9445229820784,2.0738845153385));
#2486=CARTESIAN_POINT('Ctrl Pts',(2.82719604687869,20.9230646416631,2.39832047167157));
#2487=CARTESIAN_POINT('Ctrl Pts',(2.66957718299863,20.9103573315738,2.57261004269463));
#2488=CARTESIAN_POINT('Ctrl Pts',(2.13143387311228,20.8704618419196,3.06458972083135));
#2489=CARTESIAN_POINT('Ctrl Pts',(1.70306682000319,20.8450956793124,3.32178893919486));
#2490=CARTESIAN_POINT('Ctrl Pts',(0.7719191734726,20.7910353857214,3.65205119995564));
#2491=CARTESIAN_POINT('Ctrl Pts',(0.27867659357224,20.7657356968544,3.72232337811859));
#2492=CARTESIAN_POINT('Ctrl Pts',(-0.33492366982066,20.7321142681677,3.68680684394176));
#2493=CARTESIAN_POINT('Ctrl Pts',(-0.455624113473832,20.7254587180808,3.67384348165413));
#2494=CARTESIAN_POINT('Ctrl Pts',(-0.743954857854075,20.7097558206578,3.62844619732439));
#2495=CARTESIAN_POINT('Ctrl Pts',(-0.910408320682456,20.7008456657554,3.59029977865774));
#2496=CARTESIAN_POINT('Ctrl Pts',(-1.29809907611841,20.6793578936255,3.47274400246924));
#2497=CARTESIAN_POINT('Ctrl Pts',(-1.5155614678678,20.6666476447566,3.38349992709129));
#2498=CARTESIAN_POINT('Ctrl Pts',(-2.16086873559023,20.6267481441951,3.04390636127288));
#2499=CARTESIAN_POINT('Ctrl Pts',(-2.54802285842124,20.6013820676065,2.72805742742499));
#2500=CARTESIAN_POINT('Ctrl Pts',(-3.17427314773257,20.5473253333138,1.96399228978093));
#2501=CARTESIAN_POINT('Ctrl Pts',(-3.40753135275201,20.5220285687013,1.52381788899853));
#2502=CARTESIAN_POINT('Ctrl Pts',(-3.58212876897985,20.4884019122369,0.934404568385612));
#2503=CARTESIAN_POINT('Ctrl Pts',(-3.6108757681102,20.4817371360466,0.816293628809061));
#2504=CARTESIAN_POINT('Ctrl Pts',(-3.6659038718412,20.4660206735183,0.529400853185058));
#2505=CARTESIAN_POINT('Ctrl Pts',(-3.68641709765023,20.4571066473448,0.359792388500922));
#2506=CARTESIAN_POINT('Ctrl Pts',(-3.70715558868518,20.4356144156526,-0.0448844219925926));
#2507=CARTESIAN_POINT('Ctrl Pts',(-3.6968572219555,20.4229037246421,-0.279732109090992));
#2508=CARTESIAN_POINT('Ctrl Pts',(-3.59594831035135,20.3830036256066,-1.00193570317128));
#2509=CARTESIAN_POINT('Ctrl Pts',(-3.42992879595541,20.3576375662716,-1.47319587868479));
#2510=CARTESIAN_POINT('Ctrl Pts',(-2.92319742416831,20.3035813831626,-2.32124602881922));
#2511=CARTESIAN_POINT('Ctrl Pts',(-2.58807723491585,20.2782850670101,-2.68982113422684));
#2512=CARTESIAN_POINT('Ctrl Pts',(-2.08692140069063,20.2442686105205,-3.05798991936341));
#2513=CARTESIAN_POINT('Ctrl Pts',(-1.97936164148218,20.2372110483872,-3.12868556254064));
#2514=CARTESIAN_POINT('Ctrl Pts',(-1.72486852492209,20.2213874113474,-3.27756851553104));
#2515=CARTESIAN_POINT('Ctrl Pts',(-1.57590576725373,20.2126993000356,-3.35173874930999));
#2516=CARTESIAN_POINT('Ctrl Pts',(-1.20653090869492,20.1914695006826,-3.50556578105947));
#2517=CARTESIAN_POINT('Ctrl Pts',(-0.982580299407521,20.1787860490359,-3.57480494414395));
#2518=CARTESIAN_POINT('Ctrl Pts',(-0.505111554335058,20.15210240744,-3.6741378170333));
#2519=CARTESIAN_POINT('Ctrl Pts',(-0.252572803265226,20.1387106027468,-3.7));
#2520=CARTESIAN_POINT('Ctrl Pts',(5.34294830600857E-15,20.12533572814,-3.7));
#2521=CARTESIAN_POINT('Ctrl Pts',(-4.64905891561784E-15,19.87466427186,
-3.7));
#2522=CARTESIAN_POINT('Ctrl Pts',(-0.239848740573826,19.8873653496812,-3.7));
#2523=CARTESIAN_POINT('Ctrl Pts',(-0.479711325122503,19.900350193134,-3.6766798064851));
#2524=CARTESIAN_POINT('Ctrl Pts',(-1.20061885742787,19.9405577112984,-3.53444813866048));
#2525=CARTESIAN_POINT('Ctrl Pts',(-1.66106126853183,19.9658798786178,-3.34285753301675));
#2526=CARTESIAN_POINT('Ctrl Pts',(-2.17028852642488,19.9994924626267,-2.99906647617286));
#2527=CARTESIAN_POINT('Ctrl Pts',(-2.26690886830247,20.0061085064158,-2.92671780707089));
#2528=CARTESIAN_POINT('Ctrl Pts',(-2.49036011140357,20.0217068780022,-2.74168388975342));
#2529=CARTESIAN_POINT('Ctrl Pts',(-2.61332007469893,20.0305619661678,-2.6247452873344));
#2530=CARTESIAN_POINT('Ctrl Pts',(-2.88619441942863,20.0519860653215,-2.32697677759759));
#2531=CARTESIAN_POINT('Ctrl Pts',(-3.0277651917114,20.0646899154527,-2.13952407856357));
#2532=CARTESIAN_POINT('Ctrl Pts',(-3.41001769868797,20.1045806104516,-1.51871640265069));
#2533=CARTESIAN_POINT('Ctrl Pts',(-3.58229446470582,20.1299468115042,-1.04970663297623));
#2534=CARTESIAN_POINT('Ctrl Pts',(-3.7320327182394,20.1840110681378,-0.0730665500868052));
#2535=CARTESIAN_POINT('Ctrl Pts',(-3.70851365736519,20.2093140768341,0.424673724622159));
#2536=CARTESIAN_POINT('Ctrl Pts',(-3.5571233688241,20.2432422199404,1.02614037356986));
#2537=CARTESIAN_POINT('Ctrl Pts',(-3.51985445583809,20.2502018942766,1.14748314331126));
#2538=CARTESIAN_POINT('Ctrl Pts',(-3.41928753188699,20.2659732702036,1.42349175535762));
#2539=CARTESIAN_POINT('Ctrl Pts',(-3.3516031176266,20.2746965329155,1.57626696045087));
#2540=CARTESIAN_POINT('Ctrl Pts',(-3.16480041637055,20.2959673496897,1.93100916560115));
#2541=CARTESIAN_POINT('Ctrl Pts',(-3.03637917687546,20.3086552201737,2.12723899184511));
#2542=CARTESIAN_POINT('Ctrl Pts',(-2.58146454880594,20.348522806043,2.69643131431387));
#2543=CARTESIAN_POINT('Ctrl Pts',(-2.19824945813513,20.3738883479378,3.01701772528736));
#2544=CARTESIAN_POINT('Ctrl Pts',(-1.3293876432721,20.4279679228967,3.48804011512997));
#2545=CARTESIAN_POINT('Ctrl Pts',(-0.852665914053178,20.4532846630042,3.63409806373459));
#2546=CARTESIAN_POINT('Ctrl Pts',(-0.23932343237712,20.4869991098256,3.69428750654033));
#2547=CARTESIAN_POINT('Ctrl Pts',(-0.116766336623179,20.4937251096546,3.70018957118629));
#2548=CARTESIAN_POINT('Ctrl Pts',(0.128320033547429,20.5068960011082,3.69980141113282));
#2549=CARTESIAN_POINT('Ctrl Pts',(0.250699175146868,20.5133392133581,3.69352793464546));
#2550=CARTESIAN_POINT('Ctrl Pts',(0.862850826417105,20.5458496921994,3.63157672741426));
#2551=CARTESIAN_POINT('Ctrl Pts',(1.33831949647256,20.5730455343314,3.4845010811319));
#2552=CARTESIAN_POINT('Ctrl Pts',(2.20527311999338,20.6252025227384,3.01187904047424));
#2553=CARTESIAN_POINT('Ctrl Pts',(2.58769741639523,20.6524992287126,2.69044030555625));
#2554=CARTESIAN_POINT('Ctrl Pts',(3.20290752135213,20.7047021697173,1.9170422432033));
#2555=CARTESIAN_POINT('Ctrl Pts',(3.42981248457054,20.7319367954096,1.47311659906138));
#2556=CARTESIAN_POINT('Ctrl Pts',(3.62519370713079,20.7702243673312,0.775422659590874));
#2557=CARTESIAN_POINT('Ctrl Pts',(3.66650607589252,20.7824376309093,0.547758486324684));
#2558=CARTESIAN_POINT('Ctrl Pts',(3.69923380004835,20.8031651659008,0.168048511405884));
#2559=CARTESIAN_POINT('Ctrl Pts',(3.70300625432134,20.8114343738528,0.0177248119327727));
#2560=CARTESIAN_POINT('Ctrl Pts',(3.69079350678578,20.8299653201511,-0.323322558954868));
#2561=CARTESIAN_POINT('Ctrl Pts',(3.66918477025855,20.8399584826547,-0.513395442697816));
#2562=CARTESIAN_POINT('Ctrl Pts',(3.5531576808353,20.8723987604608,-1.11474684205279));
#2563=CARTESIAN_POINT('Ctrl Pts',(3.40322171772222,20.8958216382597,-1.51184421910273));
#2564=CARTESIAN_POINT('Ctrl Pts',(3.07563172937807,20.9300172228102,-2.06908356016094));
#2565=CARTESIAN_POINT('Ctrl Pts',(2.94416506738164,20.9418651899675,-2.25222302022415));
#2566=CARTESIAN_POINT('Ctrl Pts',(2.63194200904426,20.9677192625103,-2.6127288105483));
#2567=CARTESIAN_POINT('Ctrl Pts',(2.44797838199944,20.9816702596814,-2.78583760370211));
#2568=CARTESIAN_POINT('Ctrl Pts',(2.0630850765608,21.0074007226749,-3.08022426139089));
#2569=CARTESIAN_POINT('Ctrl Pts',(1.86542394215707,21.0195705809047,-3.20379452880085));
#2570=CARTESIAN_POINT('Ctrl Pts',(1.44475189221288,21.0449934631161,-3.41457114078035));
#2571=CARTESIAN_POINT('Ctrl Pts',(1.22226661118181,21.0581991637314,-3.50038129819268));
#2572=CARTESIAN_POINT('Ctrl Pts',(0.85732595292365,21.0784803607817,-3.60206213300754));
#2573=CARTESIAN_POINT('Ctrl Pts',(0.719519981104795,21.0858699178849,-3.63210035521958));
#2574=CARTESIAN_POINT('Ctrl Pts',(0.388009521716436,21.103643983116,-3.6847482027426));
#2575=CARTESIAN_POINT('Ctrl Pts',(0.193959675951901,21.1140751922241,-3.7));
#2576=CARTESIAN_POINT('Ctrl Pts',(1.09634523681734E-14,21.1246608258121,
-3.7));
#2577=CARTESIAN_POINT('Origin',(0.,8.,0.));
#2578=CARTESIAN_POINT('',(4.2723250491144E-9,22.6250362763366,-3.7));
#2579=CARTESIAN_POINT('',(-5.8753586174354E-15,22.3749637232089,-3.7));
#2580=CARTESIAN_POINT('',(-4.53119315684521E-16,8.,-3.7));
#2581=CARTESIAN_POINT('',(-2.91160895768652E-6,22.0001697696833,3.70004159042673));
#2582=CARTESIAN_POINT('Ctrl Pts',(8.54465157553671E-9,22.6250362763366,
-3.7));
#2583=CARTESIAN_POINT('Ctrl Pts',(0.0894126318867949,22.6202806204656,-3.69999999979351));
#2584=CARTESIAN_POINT('Ctrl Pts',(0.178812753117717,22.6155685268978,-3.69675894690041));
#2585=CARTESIAN_POINT('Ctrl Pts',(0.508939698492515,22.5980762162382,-3.67278187502825));
#2586=CARTESIAN_POINT('Ctrl Pts',(0.747548019825385,22.5851356885061,-3.63173615897793));
#2587=CARTESIAN_POINT('Ctrl Pts',(1.09400270261719,22.565492893501,-3.53652769050673));
#2588=CARTESIAN_POINT('Ctrl Pts',(1.20600919810739,22.5590272539514,-3.49991601796431));
#2589=CARTESIAN_POINT('Ctrl Pts',(1.454286594119,22.5446649259502,-3.40542486191386));
#2590=CARTESIAN_POINT('Ctrl Pts',(1.58920514342488,22.5368969243686,-3.34459183447718));
#2591=CARTESIAN_POINT('Ctrl Pts',(1.93444490143902,22.5162860992549,-3.16330811292411));
#2592=CARTESIAN_POINT('Ctrl Pts',(2.13718648129516,22.5033040816264,-3.03001946308666));
#2593=CARTESIAN_POINT('Ctrl Pts',(2.41725443275606,22.483614667685,-2.80371403073245));
#2594=CARTESIAN_POINT('Ctrl Pts',(2.5054583782979,22.4771361653464,-2.72518074173566));
#2595=CARTESIAN_POINT('Ctrl Pts',(2.68979285018424,22.4631988742575,-2.54452988006158));
#2596=CARTESIAN_POINT('Ctrl Pts',(2.78417990991582,22.4558363515245,-2.44089331738869));
#2597=CARTESIAN_POINT('Ctrl Pts',(3.18255450283031,22.4224362659263,-1.95022423644733));
#2598=CARTESIAN_POINT('Ctrl Pts',(3.41336851465678,22.3952885313092,-1.51027332052173));
#2599=CARTESIAN_POINT('Ctrl Pts',(3.6901256772178,22.3431817811453,-0.563461648604617));
#2600=CARTESIAN_POINT('Ctrl Pts',(3.73231619031774,22.3158917899272,-0.0658109089429706));
#2601=CARTESIAN_POINT('Ctrl Pts',(3.61865870328104,22.2636728608103,0.916203919945297));
#2602=CARTESIAN_POINT('Ctrl Pts',(3.46411595271365,22.2364105112095,1.390696337643));
#2603=CARTESIAN_POINT('Ctrl Pts',(3.10687005763717,22.1980547042838,2.02264868077225));
#2604=CARTESIAN_POINT('Ctrl Pts',(2.97406885815383,22.185781481709,2.21329158011283));
#2605=CARTESIAN_POINT('Ctrl Pts',(2.72456740433784,22.1647659424452,2.50810040376509));
#2606=CARTESIAN_POINT('Ctrl Pts',(2.61755654154075,22.156262990195,2.61958611666005));
#2607=CARTESIAN_POINT('Ctrl Pts',(2.37928753379981,22.1387209172068,2.8385976832023));
#2608=CARTESIAN_POINT('Ctrl Pts',(2.24698195007089,22.1298461505759,2.94443823915407));
#2609=CARTESIAN_POINT('Ctrl Pts',(1.79930149336041,22.1010273216897,3.25476493252884));
#2610=CARTESIAN_POINT('Ctrl Pts',(1.4599895818927,22.0802352922914,3.42043338841236));
#2611=CARTESIAN_POINT('Ctrl Pts',(0.965765848121899,22.052536740326,3.57456887461287));
#2612=CARTESIAN_POINT('Ctrl Pts',(0.827595262649764,22.0450797298107,3.60906289987893));
#2613=CARTESIAN_POINT('Ctrl Pts',(0.461014705896966,22.0253246231173,3.67841361875681));
#2614=CARTESIAN_POINT('Ctrl Pts',(0.230750514678625,22.0128722093486,3.70000043999973));
#2615=CARTESIAN_POINT('Ctrl Pts',(-7.05512661222651E-6,22.0002434062097,
3.69999999999327));
#2616=CARTESIAN_POINT('Ctrl Pts',(-6.61889606127369E-6,22.0002387974638,
3.69999999999408));
#2617=CARTESIAN_POINT('Ctrl Pts',(-0.179391084426894,21.9907652125653,3.69999967909486));
#2618=CARTESIAN_POINT('Ctrl Pts',(-0.35852914655525,21.9812448631561,3.6869543621933));
#2619=CARTESIAN_POINT('Ctrl Pts',(-0.705025636068121,21.962268936792,3.63622285184581));
#2620=CARTESIAN_POINT('Ctrl Pts',(-0.872113404520138,21.9528592566356,3.59980449659626));
#2621=CARTESIAN_POINT('Ctrl Pts',(-1.2741003642988,21.9300949135532,3.48254790368129));
#2622=CARTESIAN_POINT('Ctrl Pts',(-1.50450987869131,21.917244415977,3.38938321081359));
#2623=CARTESIAN_POINT('Ctrl Pts',(-1.89459039418088,21.8937188643315,3.18398294963909));
#2624=CARTESIAN_POINT('Ctrl Pts',(-2.05799637941389,21.8832193550511,3.08088677592215));
#2625=CARTESIAN_POINT('Ctrl Pts',(-2.60907610603149,21.8456021581068,2.66972105658573));
#2626=CARTESIAN_POINT('Ctrl Pts',(-2.94222361748666,21.8202380301107,2.29739152215856));
#2627=CARTESIAN_POINT('Ctrl Pts',(-3.44157114204632,21.7661922417959,1.44522348716503));
#2628=CARTESIAN_POINT('Ctrl Pts',(-3.60331865400455,21.7409046250879,0.974265756218995));
#2629=CARTESIAN_POINT('Ctrl Pts',(-3.68515540104269,21.7067882846024,0.355950581134912));
#2630=CARTESIAN_POINT('Ctrl Pts',(-3.69542666844724,21.6996182704301,0.225601087749384));
#2631=CARTESIAN_POINT('Ctrl Pts',(-3.70302762251717,21.6837332582889,-0.0704126956778002));
#2632=CARTESIAN_POINT('Ctrl Pts',(-3.69617708375917,21.675084489769,-0.235904945593006));
#2633=CARTESIAN_POINT('Ctrl Pts',(-3.65297405266607,21.6539005242365,-0.632798461147673));
#2634=CARTESIAN_POINT('Ctrl Pts',(-3.6057073489092,21.6412219412133,-0.862272568517927));
#2635=CARTESIAN_POINT('Ctrl Pts',(-3.39196457235463,21.6013683797974,-1.55860655764674));
#2636=CARTESIAN_POINT('Ctrl Pts',(-3.15345177689566,21.5760037857701,-1.99760218657516));
#2637=CARTESIAN_POINT('Ctrl Pts',(-2.51852212562221,21.5219173620491,-2.75515625029789));
#2638=CARTESIAN_POINT('Ctrl Pts',(-2.12874605721007,21.4965937441313,-3.06631560625163));
#2639=CARTESIAN_POINT('Ctrl Pts',(-1.58260185698315,21.4630106984865,-3.34660802259083));
#2640=CARTESIAN_POINT('Ctrl Pts',(-1.47318351628862,21.4564263810963,-3.39619566833219));
#2641=CARTESIAN_POINT('Ctrl Pts',(-1.20372301426465,21.440843095005,-3.50283606039309));
#2642=CARTESIAN_POINT('Ctrl Pts',(-1.04178285593203,21.4319751277201,-3.55436403664423));
#2643=CARTESIAN_POINT('Ctrl Pts',(-0.649118918450951,21.4105360960399,-3.65015082178544));
#2644=CARTESIAN_POINT('Ctrl Pts',(-0.416617603505502,21.3978307317243,-3.68393435827866));
#2645=CARTESIAN_POINT('Ctrl Pts',(-0.121649427155314,21.3816716331924,-3.69850156127796));
#2646=CARTESIAN_POINT('Ctrl Pts',(-0.060796763016994,21.3783432864902,-3.7));
#2647=CARTESIAN_POINT('Ctrl Pts',(-1.88687958486378E-14,21.3750381446777,
-3.7));
#2648=CARTESIAN_POINT('Ctrl Pts',(1.04083408558608E-14,21.1246608258121,
-3.7));
#2649=CARTESIAN_POINT('Ctrl Pts',(-0.247879933571773,21.1381892364867,-3.7));
#2650=CARTESIAN_POINT('Ctrl Pts',(-0.495626520719563,21.151714181607,-3.67509014469335));
#2651=CARTESIAN_POINT('Ctrl Pts',(-0.967009064793126,21.1771328171763,-3.57894142469961));
#2652=CARTESIAN_POINT('Ctrl Pts',(-1.18966232358482,21.1894309924395,-3.51121454236953));
#2653=CARTESIAN_POINT('Ctrl Pts',(-1.54943112267784,21.2105952187743,-3.36360005939008));
#2654=CARTESIAN_POINT('Ctrl Pts',(-1.69043771748606,21.2192255704268,-3.29499028650076));
#2655=CARTESIAN_POINT('Ctrl Pts',(-1.96561625941297,21.2363592943003,-3.13877059312024));
#2656=CARTESIAN_POINT('Ctrl Pts',(-2.09929360073422,21.2447437496075,-3.0509823611173));
#2657=CARTESIAN_POINT('Ctrl Pts',(-2.42086928969913,21.2660360757559,-2.80862838972287));
#2658=CARTESIAN_POINT('Ctrl Pts',(-2.59997213404631,21.2790907541626,-2.64369705697271));
#2659=CARTESIAN_POINT('Ctrl Pts',(-2.8405245332296,21.2988623363063,-2.37391663904515));
#2660=CARTESIAN_POINT('Ctrl Pts',(-2.91513858402847,21.3053670300915,-2.28167208005029));
#2661=CARTESIAN_POINT('Ctrl Pts',(-3.06003724234192,21.3185773408238,-2.08379919516251));
#2662=CARTESIAN_POINT('Ctrl Pts',(-3.12958262310555,21.3252429019799,-1.97781720178));
#2663=CARTESIAN_POINT('Ctrl Pts',(-3.44269228510109,21.358001435904,-1.44265715814068));
#2664=CARTESIAN_POINT('Ctrl Pts',(-3.60415940946441,21.3852276581846,-0.971294653891677));
#2665=CARTESIAN_POINT('Ctrl Pts',(-3.73290755045319,21.4374135358594,0.00825253296945397));
#2666=CARTESIAN_POINT('Ctrl Pts',(-3.69837475001442,21.4647108151366,0.506651633600103));
#2667=CARTESIAN_POINT('Ctrl Pts',(-3.50460994548403,21.5032185596859,1.20938516926139));
#2668=CARTESIAN_POINT('Ctrl Pts',(-3.42101434281235,21.5156518760739,1.42883127452285));
#2669=CARTESIAN_POINT('Ctrl Pts',(-3.2423174468104,21.5376317826649,1.79052541368194));
#2670=CARTESIAN_POINT('Ctrl Pts',(-3.15709786680019,21.5469624970821,1.93683642264009));
#2671=CARTESIAN_POINT('Ctrl Pts',(-2.9939875556669,21.5625963410522,2.17733647074841));
#2672=CARTESIAN_POINT('Ctrl Pts',(-2.92089369787031,21.568990765974,2.27445322639573));
#2673=CARTESIAN_POINT('Ctrl Pts',(-2.52721824705113,21.6014908011567,2.74716162185067));
#2674=CARTESIAN_POINT('Ctrl Pts',(-2.13853932496773,21.628736422865,3.059472051823));
#2675=CARTESIAN_POINT('Ctrl Pts',(-1.26075321029624,21.6809385810717,3.51356462215877));
#2676=CARTESIAN_POINT('Ctrl Pts',(-0.78031112952174,21.7082334265948,3.65044606491517));
#2677=CARTESIAN_POINT('Ctrl Pts',(-0.0540541650503779,21.7467159300953,
3.70698800967221));
#2678=CARTESIAN_POINT('Ctrl Pts',(0.180265233447872,21.7591183982212,3.70299625476369));
#2679=CARTESIAN_POINT('Ctrl Pts',(0.577609427895095,21.7808974356159,3.658404831943));
#2680=CARTESIAN_POINT('Ctrl Pts',(0.741143923513692,21.7900530002724,3.6288101093523));
#2681=CARTESIAN_POINT('Ctrl Pts',(1.02742598614584,21.8059615519515,3.55683640907587));
#2682=CARTESIAN_POINT('Ctrl Pts',(1.15098060260588,21.8127579045446,3.51879724581337));
#2683=CARTESIAN_POINT('Ctrl Pts',(1.73536529504083,21.845639438403,3.30479920381527));
#2684=CARTESIAN_POINT('Ctrl Pts',(2.15988150295421,21.8728542234831,3.0443537556125));
#2685=CARTESIAN_POINT('Ctrl Pts',(2.88292224575879,21.92502959621,2.37137635427047));
#2686=CARTESIAN_POINT('Ctrl Pts',(3.17376453543128,21.9523271409172,1.96516891180154));
#2687=CARTESIAN_POINT('Ctrl Pts',(3.47210742163576,21.9908467117287,1.29980165997905));
#2688=CARTESIAN_POINT('Ctrl Pts',(3.54749937881946,22.0032955281828,1.07715222139257));
#2689=CARTESIAN_POINT('Ctrl Pts',(3.64048494703249,22.0253799993591,0.682662843574789));
#2690=CARTESIAN_POINT('Ctrl Pts',(3.66810803842506,22.0348025022811,0.513947574925375));
#2691=CARTESIAN_POINT('Ctrl Pts',(3.69529642900243,22.0505239856548,0.222719216855505));
#2692=CARTESIAN_POINT('Ctrl Pts',(3.70062376741532,22.0569301587112,0.10102192902621));
#2693=CARTESIAN_POINT('Ctrl Pts',(3.69718053161017,22.0894162829925,-0.513815393149949));
#2694=CARTESIAN_POINT('Ctrl Pts',(3.59587684114197,22.1166287509432,-1.00140255916312));
#2695=CARTESIAN_POINT('Ctrl Pts',(3.20751936076661,22.168801934235,-1.90957708904745));
#2696=CARTESIAN_POINT('Ctrl Pts',(2.92379983208142,22.1960994534171,-2.3207893334031));
#2697=CARTESIAN_POINT('Ctrl Pts',(2.21239874057989,22.2482924007646,-3.00644876550301));
#2698=CARTESIAN_POINT('Ctrl Pts',(1.79222251593654,22.2755132742303,-3.2743550401131));
#2699=CARTESIAN_POINT('Ctrl Pts',(1.11686681149499,22.3137685710993,-3.53492875059676));
#2700=CARTESIAN_POINT('Ctrl Pts',(0.894584096855863,22.3259548994937,-3.59761430721892));
#2701=CARTESIAN_POINT('Ctrl Pts',(0.44747705186273,22.3506718942004,-3.67967309957186));
#2702=CARTESIAN_POINT('Ctrl Pts',(0.223920679979122,22.3630538870224,-3.7));
#2703=CARTESIAN_POINT('Ctrl Pts',(-1.12975979191866E-14,22.3749637232089,
-3.7));
#2704=CARTESIAN_POINT('Origin',(0.,8.,0.));
#2705=CARTESIAN_POINT('',(2.22896352580029E-8,23.875339171755,-3.7));
#2706=CARTESIAN_POINT('',(2.43935032749586E-14,23.6249618553223,-3.7));
#2707=CARTESIAN_POINT('',(-4.53119315684521E-16,8.,-3.7));
#2708=CARTESIAN_POINT('Ctrl Pts',(2.23558590389805E-8,23.8753391729679,
-3.7));
#2709=CARTESIAN_POINT('Ctrl Pts',(0.145022076465574,23.8674243818104,-3.69999999912376));
#2710=CARTESIAN_POINT('Ctrl Pts',(0.289931219153044,23.8594414569067,-3.6914739181498));
#2711=CARTESIAN_POINT('Ctrl Pts',(0.568651780634905,23.8442974670721,-3.6585549543161));
#2712=CARTESIAN_POINT('Ctrl Pts',(0.702346784111573,23.8371668461726,-3.63525770984124));
#2713=CARTESIAN_POINT('Ctrl Pts',(1.31428188331192,23.8039763313148,-3.4935982450325));
#2714=CARTESIAN_POINT('Ctrl Pts',(1.76711192364169,23.7767975229574,-3.28783598920573));
#2715=CARTESIAN_POINT('Ctrl Pts',(2.5673029773886,23.724657824096,-2.70990123561455));
#2716=CARTESIAN_POINT('Ctrl Pts',(2.90613951354249,23.697362861568,-2.34285364084543));
#2717=CARTESIAN_POINT('Ctrl Pts',(3.41905768501375,23.645152748651,-1.49796410902414));
#2718=CARTESIAN_POINT('Ctrl Pts',(3.58823937082465,23.6179068417127,-1.02878930586518));
#2719=CARTESIAN_POINT('Ctrl Pts',(3.69411371726643,23.5795913803542,-0.311461860545944));
#2720=CARTESIAN_POINT('Ctrl Pts',(3.70635633844311,23.5673541552994,-0.0800224627080709));
#2721=CARTESIAN_POINT('Ctrl Pts',(3.69071259530511,23.546508592017,0.302869573747256));
#2722=CARTESIAN_POINT('Ctrl Pts',(3.67516298394612,23.5381428860608,0.45416402853493));
#2723=CARTESIAN_POINT('Ctrl Pts',(3.62071975443603,23.5200483728765,0.783159610426555));
#2724=CARTESIAN_POINT('Ctrl Pts',(3.57795028665863,23.5105428984977,0.959802158571487));
#2725=CARTESIAN_POINT('Ctrl Pts',(3.44969187375436,23.4883633591157,1.35868383206127));
#2726=CARTESIAN_POINT('Ctrl Pts',(3.35540532943936,23.4755577529831,1.57722479246417));
#2727=CARTESIAN_POINT('Ctrl Pts',(3.18331500463809,23.456042870269,1.88963469167533));
#2728=CARTESIAN_POINT('Ctrl Pts',(3.12077665699817,23.4495082664183,1.99122290434521));
#2729=CARTESIAN_POINT('Ctrl Pts',(2.98263338560661,23.436372611865,2.19308392339425));
#2730=CARTESIAN_POINT('Ctrl Pts',(2.90661063580849,23.4297803155401,2.29288810318148));
#2731=CARTESIAN_POINT('Ctrl Pts',(2.66959846526056,23.4103772533336,2.57326358332115));
#2732=CARTESIAN_POINT('Ctrl Pts',(2.49582358496717,23.3974210676388,2.74213331512091));
#2733=CARTESIAN_POINT('Ctrl Pts',(2.2146788053244,23.3777607019963,2.96632603040147));
#2734=CARTESIAN_POINT('Ctrl Pts',(2.1190666606032,23.3712903554702,3.0353663953903));
#2735=CARTESIAN_POINT('Ctrl Pts',(1.89892640952897,23.357089850125,3.17884817175707));
#2736=CARTESIAN_POINT('Ctrl Pts',(1.77298842855173,23.3494757243932,3.25077051949137));
#2737=CARTESIAN_POINT('Ctrl Pts',(1.42647988899475,23.3290358809512,3.42251938193756));
#2738=CARTESIAN_POINT('Ctrl Pts',(1.1998074389027,23.3160726498829,3.50840916386665));
#2739=CARTESIAN_POINT('Ctrl Pts',(0.852572878376636,23.2964043692669,3.60236341530002));
#2740=CARTESIAN_POINT('Ctrl Pts',(0.737348675101763,23.2899318483556,3.62770174826397));
#2741=CARTESIAN_POINT('Ctrl Pts',(0.47957112463961,23.275803529484,3.67159718638908));
#2742=CARTESIAN_POINT('Ctrl Pts',(0.336749223376636,23.268258361925,3.68744005279726));
#2743=CARTESIAN_POINT('Ctrl Pts',(-0.0480301820835543,23.2478948525156,
3.70757687471705));
#2744=CARTESIAN_POINT('Ctrl Pts',(-0.290071850913225,23.2349400343809,3.69652276736231));
#2745=CARTESIAN_POINT('Ctrl Pts',(-0.645938031618641,23.2152812044426,3.64508633663557));
#2746=CARTESIAN_POINT('Ctrl Pts',(-0.761711303192067,23.2088112758214,3.62266291096066));
#2747=CARTESIAN_POINT('Ctrl Pts',(-1.01725066923082,23.1945967215245,3.56037542886129));
#2748=CARTESIAN_POINT('Ctrl Pts',(-1.15613781816136,23.1869691791027,3.5177289800505));
#2749=CARTESIAN_POINT('Ctrl Pts',(-1.51878571164619,23.1665144827813,3.38257055422658));
#2750=CARTESIAN_POINT('Ctrl Pts',(-1.73657107415938,23.1535496150893,3.2760957606899));
#2751=CARTESIAN_POINT('Ctrl Pts',(-2.04276254990513,23.1338794950317,3.08723602754368));
#2752=CARTESIAN_POINT('Ctrl Pts',(-2.14011007130353,23.1274064637933,3.02056855012577));
#2753=CARTESIAN_POINT('Ctrl Pts',(-2.34831222306659,23.1132948693341,2.86285798795496));
#2754=CARTESIAN_POINT('Ctrl Pts',(-2.45739465490164,23.1057656830753,2.76979015578831));
#2755=CARTESIAN_POINT('Ctrl Pts',(-2.73526612067158,23.0854198624648,2.50334589013108));
#2756=CARTESIAN_POINT('Ctrl Pts',(-2.89290502129592,23.072466993603,2.31937729306493));
#2757=CARTESIAN_POINT('Ctrl Pts',(-3.09903723602664,23.052810352242,2.02481004851392));
#2758=CARTESIAN_POINT('Ctrl Pts',(-3.16195161912069,23.0463410169898,1.92508436441681));
#2759=CARTESIAN_POINT('Ctrl Pts',(-3.29168472382515,23.0321064163555,1.69587467492824));
#2760=CARTESIAN_POINT('Ctrl Pts',(-3.35583441115434,23.0244597320219,1.56510521307149));
#2761=CARTESIAN_POINT('Ctrl Pts',(-3.50565843886372,23.0039838443458,1.20783544089425));
#2762=CARTESIAN_POINT('Ctrl Pts',(-3.57709750340571,22.991016642105,0.976150551515628));
#2763=CARTESIAN_POINT('Ctrl Pts',(-3.64897540584123,22.9713438976557,0.62360813620819));
#2764=CARTESIAN_POINT('Ctrl Pts',(-3.66699743557089,22.964870134994,0.506989932390164));
#2765=CARTESIAN_POINT('Ctrl Pts',(-3.69446329589139,22.9507823690341,0.24767268174126));
#2766=CARTESIAN_POINT('Ctrl Pts',(-3.70127004493091,22.9432759556195,0.104884353653608));
#2767=CARTESIAN_POINT('Ctrl Pts',(-3.69732744515756,22.9229553394023,-0.279596740408254));
#2768=CARTESIAN_POINT('Ctrl Pts',(-3.67117980595675,22.9100052473825,-0.520415733365801));
#2769=CARTESIAN_POINT('Ctrl Pts',(-3.59763750009439,22.8903517230322,-0.872288914667591));
#2770=CARTESIAN_POINT('Ctrl Pts',(-3.56803627402222,22.8838832284478,-0.986408131696848));
#2771=CARTESIAN_POINT('Ctrl Pts',(-3.48965949892027,22.8696198375512,-1.23839013475147));
#2772=CARTESIAN_POINT('Ctrl Pts',(-3.43806261289762,22.8619462202793,-1.37515768868022));
#2773=CARTESIAN_POINT('Ctrl Pts',(-3.27987810817432,22.8414399174159,-1.72942966709013));
#2774=CARTESIAN_POINT('Ctrl Pts',(-3.15982176169402,22.8284693862105,-1.94011408789351));
#2775=CARTESIAN_POINT('Ctrl Pts',(-2.95192508522482,22.8087928983991,-2.23384241513103));
#2776=CARTESIAN_POINT('Ctrl Pts',(-2.87921419461027,22.8023180856039,-2.32680889596853));
#2777=CARTESIAN_POINT('Ctrl Pts',(-2.70932319848957,22.7882642429624,-2.52384444788449));
#2778=CARTESIAN_POINT('Ctrl Pts',(-2.61032839236617,22.7807902562647,-2.626101405105));
#2779=CARTESIAN_POINT('Ctrl Pts',(-2.32791335232128,22.7605055254363,-2.88603534050124));
#2780=CARTESIAN_POINT('Ctrl Pts',(-2.13454278009665,22.7475593851077,-3.03184710410307));
#2781=CARTESIAN_POINT('Ctrl Pts',(-1.82781068968227,22.7279102950592,-3.21915920534699));
#2782=CARTESIAN_POINT('Ctrl Pts',(-1.72439545212238,22.7214429876169,-3.27571954603288));
#2783=CARTESIAN_POINT('Ctrl Pts',(-1.48643790693403,22.7071387971381,-3.39146804515659));
#2784=CARTESIAN_POINT('Ctrl Pts',(-1.35072389627433,22.6994262499445,-3.44776706217713));
#2785=CARTESIAN_POINT('Ctrl Pts',(-0.983383864493967,22.6788768340442,-3.57512401154362));
#2786=CARTESIAN_POINT('Ctrl Pts',(-0.747541701170358,22.6659015596078,-3.63176619933993));
#2787=CARTESIAN_POINT('Ctrl Pts',(-0.391002561828563,22.646219735893,-3.68117343859184));
#2788=CARTESIAN_POINT('Ctrl Pts',(-0.273424347852254,22.6397434119794,-3.6917692775606));
#2789=CARTESIAN_POINT('Ctrl Pts',(-0.10371220932186,22.6305689314458,-3.69890993050922));
#2790=CARTESIAN_POINT('Ctrl Pts',(-0.0518540512241911,22.6277942768801,
-3.70000000011975));
#2791=CARTESIAN_POINT('Ctrl Pts',(8.54465157553671E-9,22.6250362763366,
-3.7));
#2792=CARTESIAN_POINT('',(2.85949217407994E-6,22.9998311565102,3.70004211354739));
#2793=CARTESIAN_POINT('Ctrl Pts',(-1.12975979191866E-14,22.3749637232089,
-3.7));
#2794=CARTESIAN_POINT('Ctrl Pts',(-0.0562490093145831,22.377955481213,-3.7));
#2795=CARTESIAN_POINT('Ctrl Pts',(-0.112520296552872,22.3809308977885,-3.6987173009122));
#2796=CARTESIAN_POINT('Ctrl Pts',(-0.401393501665555,22.3962085877536,-3.6855271450665));
#2797=CARTESIAN_POINT('Ctrl Pts',(-0.632483879728852,22.4085479909296,-3.65296956301858));
#2798=CARTESIAN_POINT('Ctrl Pts',(-1.0147503621941,22.429944063012,-3.56173113533249));
#2799=CARTESIAN_POINT('Ctrl Pts',(-1.16793896903859,22.4387703839957,-3.51447920211321));
#2800=CARTESIAN_POINT('Ctrl Pts',(-1.45474713569899,22.455361788549,-3.40518090328928));
#2801=CARTESIAN_POINT('Ctrl Pts',(-1.58866839810057,22.4630731088103,-3.34479872964613));
#2802=CARTESIAN_POINT('Ctrl Pts',(-1.93294836162903,22.4836211644357,-3.16421637380058));
#2803=CARTESIAN_POINT('Ctrl Pts',(-2.13568364503824,22.4965962874353,-3.03107221921308));
#2804=CARTESIAN_POINT('Ctrl Pts',(-2.41576812818586,22.516277940571,-2.80499287061974));
#2805=CARTESIAN_POINT('Ctrl Pts',(-2.50398015157162,22.5227542155803,-2.72653707803883));
#2806=CARTESIAN_POINT('Ctrl Pts',(-2.68930090017172,22.5367613976764,-2.54512088694913));
#2807=CARTESIAN_POINT('Ctrl Pts',(-2.78455907020245,22.5441907712597,-2.44053486382917));
#2808=CARTESIAN_POINT('Ctrl Pts',(-3.02576183306153,22.5644261504982,-2.14315487517563));
#2809=CARTESIAN_POINT('Ctrl Pts',(-3.1591782816146,22.5773668742201,-1.94111548447405));
#2810=CARTESIAN_POINT('Ctrl Pts',(-3.32693634270129,22.5970098891883,-1.62338069877269));
#2811=CARTESIAN_POINT('Ctrl Pts',(-3.37692037373544,22.6034755909685,-1.51666720514192));
#2812=CARTESIAN_POINT('Ctrl Pts',(-3.47797806795091,22.6178356624222,-1.27103277068097));
#2813=CARTESIAN_POINT('Ctrl Pts',(-3.52597767666277,22.6256015054167,-1.13107767650964));
#2814=CARTESIAN_POINT('Ctrl Pts',(-3.6301556116593,22.6462098908707,-0.755356753806904));
#2815=CARTESIAN_POINT('Ctrl Pts',(-3.67178284412852,22.659191591727,-0.516326493876622));
#2816=CARTESIAN_POINT('Ctrl Pts',(-3.69854042141821,22.6788806504016,-0.157255955138764));
#2817=CARTESIAN_POINT('Ctrl Pts',(-3.70167453285102,22.6853590242603,-0.0392012470453773));
#2818=CARTESIAN_POINT('Ctrl Pts',(-3.69617605080227,22.6993005214188,0.218911104353559));
#2819=CARTESIAN_POINT('Ctrl Pts',(-3.68523365307634,22.7066670986548,0.358737311871886));
#2820=CARTESIAN_POINT('Ctrl Pts',(-3.60022606820535,22.7400705140455,0.98507841781359));
#2821=CARTESIAN_POINT('Ctrl Pts',(-3.43751181036999,22.7672170347178,1.45447659859533));
#2822=CARTESIAN_POINT('Ctrl Pts',(-2.93676816548703,22.8193202934324,2.30432125250821));
#2823=CARTESIAN_POINT('Ctrl Pts',(-2.60288081928359,22.8466098730082,2.67572674355756));
#2824=CARTESIAN_POINT('Ctrl Pts',(-2.05119109330481,22.8829118776467,3.08540877313322));
#2825=CARTESIAN_POINT('Ctrl Pts',(-1.88775461388774,22.8931173588536,3.18802630126955));
#2826=CARTESIAN_POINT('Ctrl Pts',(-1.49548477075394,22.9171121914855,3.39353837094474));
#2827=CARTESIAN_POINT('Ctrl Pts',(-1.26268474729005,22.9309737190232,3.48686422026068));
#2828=CARTESIAN_POINT('Ctrl Pts',(-0.860216001107412,22.9532242040765,3.60256119859119));
#2829=CARTESIAN_POINT('Ctrl Pts',(-0.695205837858844,22.9620489822309,3.63800901786137));
#2830=CARTESIAN_POINT('Ctrl Pts',(-0.353353810248397,22.9804787253452,3.68732990070658));
#2831=CARTESIAN_POINT('Ctrl Pts',(-0.176783043767257,22.9900812996809,3.70000033709504));
#2832=CARTESIAN_POINT('Ctrl Pts',(7.05512661791641E-6,22.9997565937903,
3.69999999999327));
#2833=CARTESIAN_POINT('Ctrl Pts',(6.618896062488E-6,22.9997612025362,3.69999999999408));
#2834=CARTESIAN_POINT('Ctrl Pts',(0.177122372710909,23.0091149730852,3.69999968315333));
#2835=CARTESIAN_POINT('Ctrl Pts',(0.354000871348728,23.0185134952808,3.68728224204238));
#2836=CARTESIAN_POINT('Ctrl Pts',(0.696426284433065,23.0372542971668,3.63778912508659));
#2837=CARTESIAN_POINT('Ctrl Pts',(0.861707211871599,23.0465527178325,3.60221826562011));
#2838=CARTESIAN_POINT('Ctrl Pts',(1.26411100831994,23.0693376170028,3.48632618143606));
#2839=CARTESIAN_POINT('Ctrl Pts',(1.49659411328463,23.0822962046537,3.39302953112265));
#2840=CARTESIAN_POINT('Ctrl Pts',(1.88861465446323,23.1059072714598,3.18751967455166));
#2841=CARTESIAN_POINT('Ctrl Pts',(2.0520546247814,23.1163905777209,3.08483566565465));
#2842=CARTESIAN_POINT('Ctrl Pts',(2.60370617661103,23.1539924816055,2.67493829179847));
#2843=CARTESIAN_POINT('Ctrl Pts',(2.93753252106908,23.1793512024129,2.30336411364058));
#2844=CARTESIAN_POINT('Ctrl Pts',(3.43813576937225,23.2333409261925,1.45307830130132));
#2845=CARTESIAN_POINT('Ctrl Pts',(3.60072549811626,23.2585872085181,0.983366760319425));
#2846=CARTESIAN_POINT('Ctrl Pts',(3.68523135633209,23.2930895153528,0.358194521110078));
#2847=CARTESIAN_POINT('Ctrl Pts',(3.69606800671484,23.3007032746559,0.219816266465051));
#2848=CARTESIAN_POINT('Ctrl Pts',(3.70267711009792,23.3168449782195,-0.0814547330414008));
#2849=CARTESIAN_POINT('Ctrl Pts',(3.69551915857792,23.325350659284,-0.244120596576327));
#2850=CARTESIAN_POINT('Ctrl Pts',(3.65209038775077,23.3463666679195,-0.63771165021526));
#2851=CARTESIAN_POINT('Ctrl Pts',(3.60462202901545,23.3590261867408,-0.866675545866849));
#2852=CARTESIAN_POINT('Ctrl Pts',(3.45307682925788,23.3871808213503,-1.35845175512676));
#2853=CARTESIAN_POINT('Ctrl Pts',(3.33984904875887,23.4019445322436,-1.61695490344683));
#2854=CARTESIAN_POINT('Ctrl Pts',(3.08249651267142,23.4291519497316,-2.05946313707684));
#2855=CARTESIAN_POINT('Ctrl Pts',(2.94819372687035,23.4416944538842,-2.24751263480664));
#2856=CARTESIAN_POINT('Ctrl Pts',(2.47425353897053,23.4812988912161,-2.79492796386365));
#2857=CARTESIAN_POINT('Ctrl Pts',(2.07982264571281,23.5066128644492,-3.09965674055648));
#2858=CARTESIAN_POINT('Ctrl Pts',(1.19365869209634,23.560682563462,-3.53693284740875));
#2859=CARTESIAN_POINT('Ctrl Pts',(0.71061654678831,23.5860483391936,-3.66466069558416));
#2860=CARTESIAN_POINT('Ctrl Pts',(0.144507202363596,23.617077729645,-3.69788576315051));
#2861=CARTESIAN_POINT('Ctrl Pts',(0.0722170209439051,23.6210358651273,-3.7));
#2862=CARTESIAN_POINT('Ctrl Pts',(5.03926481408324E-14,23.6249618553223,
-3.7));
#2863=CARTESIAN_POINT('Origin',(0.,8.,0.));
#2864=CARTESIAN_POINT('',(1.87245574808968E-15,25.12533572814,-3.7));
#2865=CARTESIAN_POINT('',(-2.31690144639431E-15,24.87466427186,-3.7));
#2866=CARTESIAN_POINT('',(-4.53119315684521E-16,8.,-3.7));
#2867=CARTESIAN_POINT('Ctrl Pts',(5.27355936696949E-15,25.12533572814,-3.7));
#2868=CARTESIAN_POINT('Ctrl Pts',(0.239652105580596,25.1126450630328,-3.7));
#2869=CARTESIAN_POINT('Ctrl Pts',(0.479319020115734,25.099671258242,-3.67671802840359));
#2870=CARTESIAN_POINT('Ctrl Pts',(1.20001249934399,25.059476984938,-3.53464794101269));
#2871=CARTESIAN_POINT('Ctrl Pts',(1.66044750931525,25.034156876638,-3.34315602173483));
#2872=CARTESIAN_POINT('Ctrl Pts',(2.17035406082127,25.0005041321525,-2.99905062167673));
#2873=CARTESIAN_POINT('Ctrl Pts',(2.26759312139726,24.9938448391915,-2.92622007220087));
#2874=CARTESIAN_POINT('Ctrl Pts',(2.49130420279639,24.9782256526121,-2.74080505283009));
#2875=CARTESIAN_POINT('Ctrl Pts',(2.61398170383048,24.9693879230221,-2.62406443089091));
#2876=CARTESIAN_POINT('Ctrl Pts',(2.88654370350823,24.9479839608004,-2.32653846890348));
#2877=CARTESIAN_POINT('Ctrl Pts',(3.02805718925347,24.9352821633165,-2.13910533704131));
#2878=CARTESIAN_POINT('Ctrl Pts',(3.41020597017041,24.8953943490779,-1.51829332257394));
#2879=CARTESIAN_POINT('Ctrl Pts',(3.58242427158713,24.8700281566908,-1.04926302732754));
#2880=CARTESIAN_POINT('Ctrl Pts',(3.73204786843405,24.815961662251,-0.072565374727955));
#2881=CARTESIAN_POINT('Ctrl Pts',(3.70845722078192,24.7906567451224,0.425213140761936));
#2882=CARTESIAN_POINT('Ctrl Pts',(3.55709383265125,24.7567554045154,1.02617679778341));
#2883=CARTESIAN_POINT('Ctrl Pts',(3.51998959621458,24.7498252787381,1.14700946679374));
#2884=CARTESIAN_POINT('Ctrl Pts',(3.41960991324053,24.7340694328348,1.4227419730886));
#2885=CARTESIAN_POINT('Ctrl Pts',(3.35186880368246,24.7253353600089,1.57572435338219));
#2886=CARTESIAN_POINT('Ctrl Pts',(3.16498996220069,24.7040519417613,1.93070240948089));
#2887=CARTESIAN_POINT('Ctrl Pts',(3.03656907491104,24.6913627261091,2.1269714787207));
#2888=CARTESIAN_POINT('Ctrl Pts',(2.58167788746189,24.6514931362246,2.69622755545655));
#2889=CARTESIAN_POINT('Ctrl Pts',(2.19848587246809,24.6261274879993,3.01684592783945));
#2890=CARTESIAN_POINT('Ctrl Pts',(1.32967787107027,24.5720490233546,3.48792629548722));
#2891=CARTESIAN_POINT('Ctrl Pts',(0.852990842493839,24.5467333437013,3.6340187678661));
#2892=CARTESIAN_POINT('Ctrl Pts',(0.241923254791704,24.5131437627064,3.69404391540364));
#2893=CARTESIAN_POINT('Ctrl Pts',(0.121632473689674,24.5065420189293,3.69995859049515));
#2894=CARTESIAN_POINT('Ctrl Pts',(-0.119128132301174,24.4935926670643,3.70004098570504));
#2895=CARTESIAN_POINT('Ctrl Pts',(-0.239456819890234,24.4872544108998,3.69420590445035));
#2896=CARTESIAN_POINT('Ctrl Pts',(-0.850705720723072,24.4548084901204,3.63456839101131));
#2897=CARTESIAN_POINT('Ctrl Pts',(-1.32757583463784,24.4275595283267,3.48874204571446));
#2898=CARTESIAN_POINT('Ctrl Pts',(-2.19668166861888,24.3753548353177,3.01814736337102));
#2899=CARTESIAN_POINT('Ctrl Pts',(-2.58000492768967,24.3480607537599,2.69781499872447));
#2900=CARTESIAN_POINT('Ctrl Pts',(-3.03505114018466,24.3095834768799,2.12910845801498));
#2901=CARTESIAN_POINT('Ctrl Pts',(-3.1634572199135,24.2971870860639,1.93317655200561));
#2902=CARTESIAN_POINT('Ctrl Pts',(-3.34970361783444,24.2754465363796,1.5801415452596));
#2903=CARTESIAN_POINT('Ctrl Pts',(-3.41698681147783,24.2663243475653,1.42883215091722));
#2904=CARTESIAN_POINT('Ctrl Pts',(-3.51893204287248,24.2503572390472,1.15074713257603));
#2905=CARTESIAN_POINT('Ctrl Pts',(-3.5574032561268,24.2434782793332,1.02566301020099));
#2906=CARTESIAN_POINT('Ctrl Pts',(-3.70893171074437,24.2105196559619,0.420567942854862));
#2907=CARTESIAN_POINT('Ctrl Pts',(-3.73190843605075,24.1833128380618,-0.0767981479867867));
#2908=CARTESIAN_POINT('Ctrl Pts',(-3.58135610233408,24.1311450683458,-1.0528763571718));
#2909=CARTESIAN_POINT('Ctrl Pts',(-3.40868954618711,24.1038477083498,-1.52167628440968));
#2910=CARTESIAN_POINT('Ctrl Pts',(-2.88988863049482,24.051650970154,-2.36264016501669));
#2911=CARTESIAN_POINT('Ctrl Pts',(-2.54937005480118,24.0244250622116,-2.72658334925063));
#2912=CARTESIAN_POINT('Ctrl Pts',(-1.95970133703967,23.9861581382298,-3.14686411352751));
#2913=CARTESIAN_POINT('Ctrl Pts',(-1.7598125627304,23.9739621971952,-3.26285755290497));
#2914=CARTESIAN_POINT('Ctrl Pts',(-1.29471582046598,23.9461075905519,-3.4775029534956));
#2915=CARTESIAN_POINT('Ctrl Pts',(-1.02633581133777,23.9306937150032,-3.56594627992796));
#2916=CARTESIAN_POINT('Ctrl Pts',(-0.52190419811167,23.9034792389429,-3.67043928634091));
#2917=CARTESIAN_POINT('Ctrl Pts',(-0.289330186984402,23.8911008598556,-3.69605081954836));
#2918=CARTESIAN_POINT('Ctrl Pts',(-0.0372636944699329,23.8773719358217,
-3.69985927926586));
#2919=CARTESIAN_POINT('Ctrl Pts',(-0.0186309115502155,23.8763559834926,
-3.70000000011257));
#2920=CARTESIAN_POINT('Ctrl Pts',(2.23558603167852E-8,23.8753391729678,
-3.7));
#2921=CARTESIAN_POINT('Ctrl Pts',(5.03926481408324E-14,23.6249618553223,
-3.7));
#2922=CARTESIAN_POINT('Ctrl Pts',(-0.419657554335541,23.6477760260269,-3.7));
#2923=CARTESIAN_POINT('Ctrl Pts',(-0.836853387833103,23.6693491186533,-3.62859248939439));
#2924=CARTESIAN_POINT('Ctrl Pts',(-1.35601199855568,23.699470464786,-3.44501313104802));
#2925=CARTESIAN_POINT('Ctrl Pts',(-1.47615491141347,23.7066008478337,-3.39526928589625));
#2926=CARTESIAN_POINT('Ctrl Pts',(-1.74299534872044,23.7224641467414,-3.26793945257606));
#2927=CARTESIAN_POINT('Ctrl Pts',(-1.88759554245205,23.7311267463432,-3.18660459363408));
#2928=CARTESIAN_POINT('Ctrl Pts',(-2.22190322922171,23.7523267368013,-2.96779678647461));
#2929=CARTESIAN_POINT('Ctrl Pts',(-2.40495451121966,23.7650069380292,-2.8214981259428));
#2930=CARTESIAN_POINT('Ctrl Pts',(-2.92843415777175,23.8048629030523,-2.31494178339603));
#2931=CARTESIAN_POINT('Ctrl Pts',(-3.2113399163823,23.8302276696074,-1.90314811277852));
#2932=CARTESIAN_POINT('Ctrl Pts',(-3.59814798081475,23.8843129878864,-0.993552654777802));
#2933=CARTESIAN_POINT('Ctrl Pts',(-3.69848234297583,23.9096354641326,-0.505030512763426));
#2934=CARTESIAN_POINT('Ctrl Pts',(-3.70034913599976,23.9432418446392,0.109266638716966));
#2935=CARTESIAN_POINT('Ctrl Pts',(-3.69482751370388,23.9498512193104,0.229724763427912));
#2936=CARTESIAN_POINT('Ctrl Pts',(-3.67220308380184,23.9627219259464,0.468030856055625));
#2937=CARTESIAN_POINT('Ctrl Pts',(-3.65527300266334,23.96898048482,0.585755658545267));
#2938=CARTESIAN_POINT('Ctrl Pts',(-3.58651897808619,23.9881121259966,0.941307953050693));
#2939=CARTESIAN_POINT('Ctrl Pts',(-3.5168942220141,24.0011117163805,1.17499973162973));
#2940=CARTESIAN_POINT('Ctrl Pts',(-3.3621482584492,24.0234565667067,1.55351480762954));
#2941=CARTESIAN_POINT('Ctrl Pts',(-3.28921766100915,24.0325661339906,1.7024996961311));
#2942=CARTESIAN_POINT('Ctrl Pts',(-3.12908024527368,24.0496955452816,1.98064588490782));
#2943=CARTESIAN_POINT('Ctrl Pts',(-3.04322885434066,24.057823370452,2.11018059548105));
#2944=CARTESIAN_POINT('Ctrl Pts',(-2.80943307137775,24.0783893420803,2.41886279945092));
#2945=CARTESIAN_POINT('Ctrl Pts',(-2.65230233121024,24.0909915057479,2.59019108761136));
#2946=CARTESIAN_POINT('Ctrl Pts',(-2.11347952260428,24.1307133562791,3.07691421712367));
#2947=CARTESIAN_POINT('Ctrl Pts',(-1.68410620765336,24.1560565470205,3.33136153991768));
#2948=CARTESIAN_POINT('Ctrl Pts',(-0.750490813345584,24.2101550749247,3.65668092447834));
#2949=CARTESIAN_POINT('Ctrl Pts',(-0.255589383937351,24.2355127537912,3.72414148365254));
#2950=CARTESIAN_POINT('Ctrl Pts',(0.728835609348454,24.2894869723145,3.66071089759467));
#2951=CARTESIAN_POINT('Ctrl Pts',(1.2085738074411,24.3147233041054,3.53148353186962));
#2952=CARTESIAN_POINT('Ctrl Pts',(1.77464540691645,24.3493058383476,3.24966773798857));
#2953=CARTESIAN_POINT('Ctrl Pts',(1.89665870315095,24.3570134285732,3.17999956436167));
#2954=CARTESIAN_POINT('Ctrl Pts',(2.15038995022898,24.3732121215529,3.01531059712981));
#2955=CARTESIAN_POINT('Ctrl Pts',(2.28041272209969,24.3816898609095,2.91821806978879));
#2956=CARTESIAN_POINT('Ctrl Pts',(2.58096540547238,24.4026727766716,2.66139311149669));
#2957=CARTESIAN_POINT('Ctrl Pts',(2.74354361540621,24.4153282566786,2.49346150376417));
#2958=CARTESIAN_POINT('Ctrl Pts',(3.0648261752105,24.4434666653492,2.09185587048529));
#2959=CARTESIAN_POINT('Ctrl Pts',(3.21484401786635,24.4582189274757,1.85305218627278));
#2960=CARTESIAN_POINT('Ctrl Pts',(3.4360518678485,24.4854149830653,1.3916571397282));
#2961=CARTESIAN_POINT('Ctrl Pts',(3.51607267467156,24.4979564382688,1.17489621308107));
#2962=CARTESIAN_POINT('Ctrl Pts',(3.7023890673776,24.5375587414145,0.475242427454814));
#2963=CARTESIAN_POINT('Ctrl Pts',(3.73269688721788,24.5628721326453,-0.0222548698508441));
#2964=CARTESIAN_POINT('Ctrl Pts',(3.59622185291296,24.6169411201183,-1.00095163994745));
#2965=CARTESIAN_POINT('Ctrl Pts',(3.43033282464995,24.6423069429083,-1.47225381001271));
#2966=CARTESIAN_POINT('Ctrl Pts',(2.92388713855422,24.6963573666426,-2.32035625521355));
#2967=CARTESIAN_POINT('Ctrl Pts',(2.58895089972251,24.721649059495,-2.68896227651991));
#2968=CARTESIAN_POINT('Ctrl Pts',(2.08708416573068,24.755722060119,-3.05792709041631));
#2969=CARTESIAN_POINT('Ctrl Pts',(1.97855991537733,24.7628427387146,-3.1292398223083));
#2970=CARTESIAN_POINT('Ctrl Pts',(1.72336908663377,24.7787007148443,-3.27833523380137));
#2971=CARTESIAN_POINT('Ctrl Pts',(1.57476643535713,24.7873666838909,-3.35225272308117));
#2972=CARTESIAN_POINT('Ctrl Pts',(1.20582063040026,24.8085706131065,-3.50580563910025));
#2973=CARTESIAN_POINT('Ctrl Pts',(0.98192184163878,24.821251245555,-3.57498142921832));
#2974=CARTESIAN_POINT('Ctrl Pts',(0.504704040642926,24.8479198270337,-3.67417964115707));
#2975=CARTESIAN_POINT('Ctrl Pts',(0.252368460942069,24.8613002181053,-3.7));
#2976=CARTESIAN_POINT('Ctrl Pts',(-2.35922392732846E-15,24.87466427186,
-3.7));
#2977=CARTESIAN_POINT('Origin',(0.,8.,0.));
#2978=CARTESIAN_POINT('',(-1.04977272152923E-14,26.3750381446777,-3.7));
#2979=CARTESIAN_POINT('',(1.8854661741595E-15,26.1246608258121,-3.7));
#2980=CARTESIAN_POINT('',(-4.53119315684521E-16,8.,-3.7));
#2981=CARTESIAN_POINT('Ctrl Pts',(-2.05423351148998E-14,26.3750381446777,
-3.7));
#2982=CARTESIAN_POINT('Ctrl Pts',(0.432819370776644,26.3515084478877,-3.7));
#2983=CARTESIAN_POINT('Ctrl Pts',(0.862810321469958,26.3292378223054,-3.62404565301357));
#2984=CARTESIAN_POINT('Ctrl Pts',(1.73356022146411,26.278509180252,-3.30577460086626));
#2985=CARTESIAN_POINT('Ctrl Pts',(2.15840332059918,26.2532076079163,-3.04543698437755));
#2986=CARTESIAN_POINT('Ctrl Pts',(2.61285449205554,26.219259794073,-2.62281948682892));
#2987=CARTESIAN_POINT('Ctrl Pts',(2.70150404607902,26.2122783873465,-2.53141637266636));
#2988=CARTESIAN_POINT('Ctrl Pts',(2.89503632537144,26.1964955156649,-2.31010154400204));
#2989=CARTESIAN_POINT('Ctrl Pts',(2.9961944686896,26.1877801438289,-2.17729835451286));
#2990=CARTESIAN_POINT('Ctrl Pts',(3.21694036032933,26.166518529328,-1.84283522587599));
#2991=CARTESIAN_POINT('Ctrl Pts',(3.32700516140857,26.1538316448844,-1.63577803114892));
#2992=CARTESIAN_POINT('Ctrl Pts',(3.60658619660559,26.1139655346411,-0.962930401425363));
#2993=CARTESIAN_POINT('Ctrl Pts',(3.70287429998177,26.0886000764125,-0.472669380753795));
#2994=CARTESIAN_POINT('Ctrl Pts',(3.69700094282276,26.0345197074655,0.515650540628139));
#2995=CARTESIAN_POINT('Ctrl Pts',(3.59529580872168,26.0092022005493,1.00377882771087));
#2996=CARTESIAN_POINT('Ctrl Pts',(3.35344984133109,25.9756166788367,1.56806674552337));
#2997=CARTESIAN_POINT('Ctrl Pts',(3.30072099580098,25.9690215159627,1.67621621178095));
#2998=CARTESIAN_POINT('Ctrl Pts',(3.16093230627257,25.9534076337117,1.93065470049144));
#2999=CARTESIAN_POINT('Ctrl Pts',(3.06886448128185,25.9445229826189,2.07388450694995));
#3000=CARTESIAN_POINT('Ctrl Pts',(2.82719605080182,25.9230646419852,2.39832046709905));
#3001=CARTESIAN_POINT('Ctrl Pts',(2.66957718683231,25.910357331874,2.57261003876507));
#3002=CARTESIAN_POINT('Ctrl Pts',(2.13143387721195,25.8704618421897,3.06458971797958));
#3003=CARTESIAN_POINT('Ctrl Pts',(1.70306682444951,25.845095679583,3.32178893691524));
#3004=CARTESIAN_POINT('Ctrl Pts',(0.771919178791906,25.7910353860178,3.65205119876958));
#3005=CARTESIAN_POINT('Ctrl Pts',(0.278676599461761,25.7657356971723,3.72232337761743));
#3006=CARTESIAN_POINT('Ctrl Pts',(-0.334923664751172,25.7321142684466,3.68680684444228));
#3007=CARTESIAN_POINT('Ctrl Pts',(-0.455624109630441,25.7254587182915,3.67384348217091));
#3008=CARTESIAN_POINT('Ctrl Pts',(-0.743954855797871,25.7097558207679,3.62844619777235));
#3009=CARTESIAN_POINT('Ctrl Pts',(-0.910408319193234,25.7008456658368,3.59029977906197));
#3010=CARTESIAN_POINT('Ctrl Pts',(-1.29809907527263,25.6793578936739,3.47274400279079));
#3011=CARTESIAN_POINT('Ctrl Pts',(-1.51556146711726,25.6666476448017,3.38349992743302));
#3012=CARTESIAN_POINT('Ctrl Pts',(-2.16086873497725,25.6267481442358,3.04390636170778));
#3013=CARTESIAN_POINT('Ctrl Pts',(-2.54802285787069,25.6013820676473,2.72805742793898));
#3014=CARTESIAN_POINT('Ctrl Pts',(-3.17427314729087,25.5473253333586,1.96399229047706));
#3015=CARTESIAN_POINT('Ctrl Pts',(-3.40753135237791,25.5220285687495,1.52381788981235));
#3016=CARTESIAN_POINT('Ctrl Pts',(-3.58212876879064,25.4884019122792,0.934404569134947));
#3017=CARTESIAN_POINT('Ctrl Pts',(-3.61087576798644,25.4817371360786,0.816293629384017));
#3018=CARTESIAN_POINT('Ctrl Pts',(-3.66590387179858,25.4660206735352,0.529400853506035));
#3019=CARTESIAN_POINT('Ctrl Pts',(-3.68641709763024,25.4571066473576,0.359792388743702));
#3020=CARTESIAN_POINT('Ctrl Pts',(-3.70715558868796,25.4356144156605,-0.0448844218443575));
#3021=CARTESIAN_POINT('Ctrl Pts',(-3.69685722196649,25.4229037246493,-0.279732108958859));
#3022=CARTESIAN_POINT('Ctrl Pts',(-3.59594831038286,25.3830036256127,-1.00193570305857));
#3023=CARTESIAN_POINT('Ctrl Pts',(-3.42992879600138,25.3576375662772,-1.47319587857803));
#3024=CARTESIAN_POINT('Ctrl Pts',(-2.92319742424873,25.303581383169,-2.32124602871435));
#3025=CARTESIAN_POINT('Ctrl Pts',(-2.58807723502182,25.2782850670176,-2.68982113412179));
#3026=CARTESIAN_POINT('Ctrl Pts',(-2.08692140072476,25.2442686105224,-3.05798991934542));
#3027=CARTESIAN_POINT('Ctrl Pts',(-1.97936164141011,25.2372110483821,-3.12868556259143));
#3028=CARTESIAN_POINT('Ctrl Pts',(-1.7248685247753,25.2213874113388,-3.27756851560577));
#3029=CARTESIAN_POINT('Ctrl Pts',(-1.5759057671488,25.2126993000295,-3.35173874935685));
#3030=CARTESIAN_POINT('Ctrl Pts',(-1.2065309086385,25.1914695006795,-3.50556578107851));
#3031=CARTESIAN_POINT('Ctrl Pts',(-0.982580299355548,25.178786049033,-3.57480494415787));
#3032=CARTESIAN_POINT('Ctrl Pts',(-0.505111554303132,25.1521024074383,-3.67413781703658));
#3033=CARTESIAN_POINT('Ctrl Pts',(-0.252572803249216,25.138710602746,-3.7));
#3034=CARTESIAN_POINT('Ctrl Pts',(5.27355936696949E-15,25.12533572814,-3.7));
#3035=CARTESIAN_POINT('Ctrl Pts',(-1.2490009027033E-15,24.87466427186,-3.7));
#3036=CARTESIAN_POINT('Ctrl Pts',(-0.23984874057206,24.8873653496812,-3.7));
#3037=CARTESIAN_POINT('Ctrl Pts',(-0.479711325118981,24.9003501931338,-3.67667980648544));
#3038=CARTESIAN_POINT('Ctrl Pts',(-1.20061885742244,24.9405577112981,-3.53444813866227));
#3039=CARTESIAN_POINT('Ctrl Pts',(-1.66106126852635,24.9658798786175,-3.34285753301943));
#3040=CARTESIAN_POINT('Ctrl Pts',(-2.17028852642555,24.9994924626268,-2.99906647617266));
#3041=CARTESIAN_POINT('Ctrl Pts',(-2.26690886830876,25.0061085064163,-2.92671780706632));
#3042=CARTESIAN_POINT('Ctrl Pts',(-2.4903601114122,25.0217068780028,-2.74168388974539));
#3043=CARTESIAN_POINT('Ctrl Pts',(-2.61332007470499,25.0305619661683,-2.62474528732817));
#3044=CARTESIAN_POINT('Ctrl Pts',(-2.88619441943182,25.0519860653217,-2.32697677759358));
#3045=CARTESIAN_POINT('Ctrl Pts',(-3.02776519171407,25.0646899154529,-2.13952407855975));
#3046=CARTESIAN_POINT('Ctrl Pts',(-3.41001769868968,25.1045806104518,-1.51871640264685));
#3047=CARTESIAN_POINT('Ctrl Pts',(-3.58229446470699,25.1299468115044,-1.04970663297222));
#3048=CARTESIAN_POINT('Ctrl Pts',(-3.73203271823954,25.184011068138,-0.0730665500822977));
#3049=CARTESIAN_POINT('Ctrl Pts',(-3.70851365736468,25.2093140768344,0.424673724627022));
#3050=CARTESIAN_POINT('Ctrl Pts',(-3.55712336882383,25.2432422199405,1.02614037357022));
#3051=CARTESIAN_POINT('Ctrl Pts',(-3.51985445583929,25.2502018942764,1.14748314330703));
#3052=CARTESIAN_POINT('Ctrl Pts',(-3.41928753188988,25.2659732702032,1.42349175535091));
#3053=CARTESIAN_POINT('Ctrl Pts',(-3.35160311762899,25.2746965329153,1.576266960446));
#3054=CARTESIAN_POINT('Ctrl Pts',(-3.16480041637228,25.2959673496895,1.93100916559836));
#3055=CARTESIAN_POINT('Ctrl Pts',(-3.0363791768772,25.3086552201735,2.12723899184266));
#3056=CARTESIAN_POINT('Ctrl Pts',(-2.58146454880791,25.3485228060429,2.69643131431199));
#3057=CARTESIAN_POINT('Ctrl Pts',(-2.19824945813732,25.3738883479377,3.01701772528577));
#3058=CARTESIAN_POINT('Ctrl Pts',(-1.32938764327476,25.4279679228965,3.48804011512893));
#3059=CARTESIAN_POINT('Ctrl Pts',(-0.852665914056106,25.453284663004,3.63409806373388));
#3060=CARTESIAN_POINT('Ctrl Pts',(-0.239323432376802,25.4869991098256,3.69428750654046));
#3061=CARTESIAN_POINT('Ctrl Pts',(-0.116766336619469,25.4937251096548,3.70018957118652));
#3062=CARTESIAN_POINT('Ctrl Pts',(0.128320033557753,25.5068960011087,3.69980141113257));
#3063=CARTESIAN_POINT('Ctrl Pts',(0.250699175160396,25.5133392133588,3.69352793464465));
#3064=CARTESIAN_POINT('Ctrl Pts',(0.862850826432243,25.5458496922003,3.63157672741047));
#3065=CARTESIAN_POINT('Ctrl Pts',(1.33831949648571,25.5730455343322,3.48450108112665));
#3066=CARTESIAN_POINT('Ctrl Pts',(2.20527312000355,25.625202522739,3.01187904046678));
#3067=CARTESIAN_POINT('Ctrl Pts',(2.58769741640422,25.6524992287133,2.69044030554758));
#3068=CARTESIAN_POINT('Ctrl Pts',(3.20290752135906,25.704702169718,1.91704224319196));
#3069=CARTESIAN_POINT('Ctrl Pts',(3.42981248457627,25.7319367954104,1.47311659904835));
#3070=CARTESIAN_POINT('Ctrl Pts',(3.62519370713443,25.7702243673321,0.775422659574384));
#3071=CARTESIAN_POINT('Ctrl Pts',(3.6665060758954,25.7824376309103,0.547758486306177));
#3072=CARTESIAN_POINT('Ctrl Pts',(3.69923380004998,25.8031651659023,0.1680485113773));
#3073=CARTESIAN_POINT('Ctrl Pts',(3.70300625432184,25.8114343738548,0.0177248118960256));
#3074=CARTESIAN_POINT('Ctrl Pts',(3.69079350678356,25.8299653201509,-0.323322558952198));
#3075=CARTESIAN_POINT('Ctrl Pts',(3.66918477026306,25.8399584826521,-0.513395442648001));
#3076=CARTESIAN_POINT('Ctrl Pts',(3.55315768082366,25.872398760467,-1.11474684217154));
#3077=CARTESIAN_POINT('Ctrl Pts',(3.40322171760853,25.8958216382775,-1.51184421941884));
#3078=CARTESIAN_POINT('Ctrl Pts',(3.07563172903511,25.9300172228428,-2.06908356067881));
#3079=CARTESIAN_POINT('Ctrl Pts',(2.94416506696263,25.9418651900046,-2.25222302077929));
#3080=CARTESIAN_POINT('Ctrl Pts',(2.63194200833268,25.9677192625665,-2.61272881129003));
#3081=CARTESIAN_POINT('Ctrl Pts',(2.44797838104398,25.9816702597508,-2.78583760456509));
#3082=CARTESIAN_POINT('Ctrl Pts',(2.06308507362713,26.0074007228659,-3.08022426351268));
#3083=CARTESIAN_POINT('Ctrl Pts',(1.86542393729507,26.019570581206,-3.20379453178259));
#3084=CARTESIAN_POINT('Ctrl Pts',(1.44475188397914,26.044993463606,-3.41457114434774));
#3085=CARTESIAN_POINT('Ctrl Pts',(1.22226660159598,26.0581991642898,-3.50038130162188));
#3086=CARTESIAN_POINT('Ctrl Pts',(0.857325935300777,26.0784803617458,-3.60206213746849));
#3087=CARTESIAN_POINT('Ctrl Pts',(0.719519956634632,26.0858699191992,-3.63210036033146));
#3088=CARTESIAN_POINT('Ctrl Pts',(0.388009500695945,26.1036439842398,-3.68474820438726));
#3089=CARTESIAN_POINT('Ctrl Pts',(0.193959665492556,26.1140751927949,-3.7));
#3090=CARTESIAN_POINT('Ctrl Pts',(5.79397640976254E-15,26.1246608258121,
-3.7));
#3091=CARTESIAN_POINT('Origin',(0.,8.,0.));
#3092=CARTESIAN_POINT('',(4.32230340119478E-15,27.6250362767911,-3.7));
#3093=CARTESIAN_POINT('',(-9.83779509587118E-15,27.3749637232089,-3.7));
#3094=CARTESIAN_POINT('',(-4.53119315684521E-16,8.,-3.7));
#3095=CARTESIAN_POINT('',(-2.7827067532856E-6,27.0001674788978,3.70004288427867));
#3096=CARTESIAN_POINT('Ctrl Pts',(9.09772611807396E-15,27.6250362767911,
-3.7));
#3097=CARTESIAN_POINT('Ctrl Pts',(0.0533480779716968,27.6221988127856,-3.7));
#3098=CARTESIAN_POINT('Ctrl Pts',(0.106741375227895,27.6193747468939,-3.69884620810167));
#3099=CARTESIAN_POINT('Ctrl Pts',(0.391784322585438,27.6042995549067,-3.68649750542507));
#3100=CARTESIAN_POINT('Ctrl Pts',(0.621958692656783,27.5920246937771,-3.65471232041193));
#3101=CARTESIAN_POINT('Ctrl Pts',(0.998324438514717,27.5709856195559,-3.56613386839286));
#3102=CARTESIAN_POINT('Ctrl Pts',(1.14662706923691,27.5624598901906,-3.52125081602419));
#3103=CARTESIAN_POINT('Ctrl Pts',(1.44883925143394,27.5449823981479,-3.40866414781868));
#3104=CARTESIAN_POINT('Ctrl Pts',(1.60181777129369,27.5361880279077,-3.3395066661649));
#3105=CARTESIAN_POINT('Ctrl Pts',(1.96401360953126,27.5144450908582,-3.14513432536426));
#3106=CARTESIAN_POINT('Ctrl Pts',(2.16655041209645,27.5013464600917,-3.00919684966785));
#3107=CARTESIAN_POINT('Ctrl Pts',(2.44605122275152,27.4815247825691,-2.77866693522287));
#3108=CARTESIAN_POINT('Ctrl Pts',(2.53413589316911,27.4750009817227,-2.69857607321242));
#3109=CARTESIAN_POINT('Ctrl Pts',(2.70371603214477,27.4620987466228,-2.52874745976811));
#3110=CARTESIAN_POINT('Ctrl Pts',(2.78497282307568,27.4557295042639,-2.43896957879611));
#3111=CARTESIAN_POINT('Ctrl Pts',(3.17442783025836,27.4232686658741,-1.96377843378183));
#3112=CARTESIAN_POINT('Ctrl Pts',(3.40770149721672,27.3960408328808,-1.52347529190228));
#3113=CARTESIAN_POINT('Ctrl Pts',(3.68818904267385,27.3438537710369,-0.576129209928207));
#3114=CARTESIAN_POINT('Ctrl Pts',(3.73209196021968,27.3165567623551,-0.0784717340713926));
#3115=CARTESIAN_POINT('Ctrl Pts',(3.65071371430214,27.2780505041208,0.645892658483585));
#3116=CARTESIAN_POINT('Ctrl Pts',(3.60250677886506,27.265619250281,0.875686854109745));
#3117=CARTESIAN_POINT('Ctrl Pts',(3.48268323713444,27.2436483822488,1.2607453386038));
#3118=CARTESIAN_POINT('Ctrl Pts',(3.42147280556953,27.2343247932704,1.41847938419143));
#3119=CARTESIAN_POINT('Ctrl Pts',(3.29796429663475,27.2186789314388,1.68174520354524));
#3120=CARTESIAN_POINT('Ctrl Pts',(3.24081776725487,27.2122676089097,1.78939583709868));
#3121=CARTESIAN_POINT('Ctrl Pts',(2.92574564140923,27.1797515102084,2.3181324351253));
#3122=CARTESIAN_POINT('Ctrl Pts',(2.59069352757217,27.1525057451973,2.68738217839302));
#3123=CARTESIAN_POINT('Ctrl Pts',(2.03827129327921,27.1162719668292,3.09392921497317));
#3124=CARTESIAN_POINT('Ctrl Pts',(1.87482297613789,27.1060790069971,3.19561938480465));
#3125=CARTESIAN_POINT('Ctrl Pts',(1.47789182916999,27.0818295486369,3.40159547350513));
#3126=CARTESIAN_POINT('Ctrl Pts',(1.24001687790595,27.067722138568,3.49533893705073));
#3127=CARTESIAN_POINT('Ctrl Pts',(0.836280725404234,27.0454904518434,3.60798765325074));
#3128=CARTESIAN_POINT('Ctrl Pts',(0.675425644836686,27.0368871403088,3.64153013831223));
#3129=CARTESIAN_POINT('Ctrl Pts',(0.342938852087246,27.0189569234672,3.68806666203106));
#3130=CARTESIAN_POINT('Ctrl Pts',(0.171566039382128,27.0096331862993,3.7000003271473));
#3131=CARTESIAN_POINT('Ctrl Pts',(-7.05512659980589E-6,27.0002434062097,
3.69999999999327));
#3132=CARTESIAN_POINT('Ctrl Pts',(-6.61889606106553E-6,27.0002387974638,
3.69999999999408));
#3133=CARTESIAN_POINT('Ctrl Pts',(-0.179391120986262,26.9907652106345,3.69999967909479));
#3134=CARTESIAN_POINT('Ctrl Pts',(-0.35852921952473,26.9812448592615,3.68695435687602));
#3135=CARTESIAN_POINT('Ctrl Pts',(-0.705025774659921,26.9622689291052,3.63622282644392));
#3136=CARTESIAN_POINT('Ctrl Pts',(-0.872113572247981,26.9528592471534,3.59980445744576));
#3137=CARTESIAN_POINT('Ctrl Pts',(-1.2741005259509,26.9300949043754,3.48254784234026));
#3138=CARTESIAN_POINT('Ctrl Pts',(-1.50451000754752,26.9172444084963,3.38938315135644));
#3139=CARTESIAN_POINT('Ctrl Pts',(-1.89459049217666,26.8937188581953,3.18398289150739));
#3140=CARTESIAN_POINT('Ctrl Pts',(-2.05799647671733,26.8832193486577,3.08088671111001));
#3141=CARTESIAN_POINT('Ctrl Pts',(-2.60907619294349,26.8456021515366,2.6697209717723));
#3142=CARTESIAN_POINT('Ctrl Pts',(-2.94222369270506,26.8202380235013,2.29739142595863));
#3143=CARTESIAN_POINT('Ctrl Pts',(-3.4415711958196,26.7661922344492,1.44522336333816));
#3144=CARTESIAN_POINT('Ctrl Pts',(-3.60331869407032,26.7409046171601,0.974265614271655));
#3145=CARTESIAN_POINT('Ctrl Pts',(-3.68515539872521,26.7067882832432,0.355950556041549));
#3146=CARTESIAN_POINT('Ctrl Pts',(-3.69542665708222,26.6996182764607,0.225601196408433));
#3147=CARTESIAN_POINT('Ctrl Pts',(-3.7030276284091,26.6837332684125,-0.0704125023167895));
#3148=CARTESIAN_POINT('Ctrl Pts',(-3.69617709512782,26.6750844973596,-0.235904802263414));
#3149=CARTESIAN_POINT('Ctrl Pts',(-3.65297406791252,26.6539005288637,-0.632798376030742));
#3150=CARTESIAN_POINT('Ctrl Pts',(-3.6057073676727,26.641221945514,-0.862272492181919));
#3151=CARTESIAN_POINT('Ctrl Pts',(-3.39196460181803,26.6013683835935,-1.55860649384282));
#3152=CARTESIAN_POINT('Ctrl Pts',(-3.15345181407756,26.5760037895249,-1.99760212813534));
#3153=CARTESIAN_POINT('Ctrl Pts',(-2.5185221791124,26.5219173660192,-2.75515620053008));
#3154=CARTESIAN_POINT('Ctrl Pts',(-2.12874612088213,26.4965937483304,-3.06631556127076));
#3155=CARTESIAN_POINT('Ctrl Pts',(-1.58260184908452,26.4630106979318,-3.34660802963574));
#3156=CARTESIAN_POINT('Ctrl Pts',(-1.47318342341986,26.4564263754408,-3.39619571188067));
#3157=CARTESIAN_POINT('Ctrl Pts',(-1.20372286781052,26.4408430869379,-3.50283610874652));
#3158=CARTESIAN_POINT('Ctrl Pts',(-1.04178274659373,26.4319751217343,-3.55436406674403));
#3159=CARTESIAN_POINT('Ctrl Pts',(-0.649118852601645,26.4105360924667,-3.65015083311506));
#3160=CARTESIAN_POINT('Ctrl Pts',(-0.416617542976578,26.397830728395,-3.68393436474673));
#3161=CARTESIAN_POINT('Ctrl Pts',(-0.121649390631012,26.381671631195,-3.69850156217746));
#3162=CARTESIAN_POINT('Ctrl Pts',(-0.060796744768714,26.3783432854981,-3.7));
#3163=CARTESIAN_POINT('Ctrl Pts',(-2.05423351148998E-14,26.3750381446777,
-3.7));
#3164=CARTESIAN_POINT('Ctrl Pts',(5.89805981832114E-15,26.1246608258121,
-3.7));
#3165=CARTESIAN_POINT('Ctrl Pts',(-0.247879864164985,26.1381892326987,-3.7));
#3166=CARTESIAN_POINT('Ctrl Pts',(-0.495626382119228,26.1517141742489,-3.6750901586453));
#3167=CARTESIAN_POINT('Ctrl Pts',(-0.967008839068042,26.1771328048965,-3.57894148410239));
#3168=CARTESIAN_POINT('Ctrl Pts',(-1.189662078805,26.1894309785954,-3.51121462368974));
#3169=CARTESIAN_POINT('Ctrl Pts',(-1.54943074858519,26.2105951963926,-3.36360022577644));
#3170=CARTESIAN_POINT('Ctrl Pts',(-1.69043723716899,26.2192255408793,-3.29499052685719));
#3171=CARTESIAN_POINT('Ctrl Pts',(-1.96561614623231,26.236359286887,-3.13877069033811));
#3172=CARTESIAN_POINT('Ctrl Pts',(-2.09929391865077,26.2447437689607,-3.05098216946151));
#3173=CARTESIAN_POINT('Ctrl Pts',(-2.42086998870037,26.2660361246184,-2.80862779003948));
#3174=CARTESIAN_POINT('Ctrl Pts',(-2.5999728154623,26.2790908060367,-2.6436963898076));
#3175=CARTESIAN_POINT('Ctrl Pts',(-2.84052518143908,26.2988623916021,-2.37391586469724));
#3176=CARTESIAN_POINT('Ctrl Pts',(-2.91513922280876,26.3053670865954,-2.28167126524843));
#3177=CARTESIAN_POINT('Ctrl Pts',(-3.06003751252201,26.3185773673075,-2.0837987647636));
#3178=CARTESIAN_POINT('Ctrl Pts',(-3.12958258254172,26.3252428996322,-1.97781723053601));
#3179=CARTESIAN_POINT('Ctrl Pts',(-3.44269207289198,26.3580014063174,-1.44265767885707));
#3180=CARTESIAN_POINT('Ctrl Pts',(-3.60415927963295,26.3852276309643,-0.97129515703099));
#3181=CARTESIAN_POINT('Ctrl Pts',(-3.73290755135842,26.4374135107545,0.00825205392592343));
#3182=CARTESIAN_POINT('Ctrl Pts',(-3.69837481507078,26.4647107899018,0.506651157813147));
#3183=CARTESIAN_POINT('Ctrl Pts',(-3.50461011510694,26.5032185318053,1.2093846676995));
#3184=CARTESIAN_POINT('Ctrl Pts',(-3.42101456384348,26.5156518448101,1.42883073684218));
#3185=CARTESIAN_POINT('Ctrl Pts',(-3.24231790820004,26.5376317288561,1.79052454497941));
#3186=CARTESIAN_POINT('Ctrl Pts',(-3.15709855157165,26.5469624235277,1.9368352757416));
#3187=CARTESIAN_POINT('Ctrl Pts',(-2.99398808923124,26.5625962955997,2.17733578259246));
#3188=CARTESIAN_POINT('Ctrl Pts',(-2.92089375202099,26.5689907630392,2.27445320041908));
#3189=CARTESIAN_POINT('Ctrl Pts',(-2.52721771167914,26.6014908391137,2.74716210602535));
#3190=CARTESIAN_POINT('Ctrl Pts',(-2.13853876863089,26.6287364582092,3.05947243316164));
#3191=CARTESIAN_POINT('Ctrl Pts',(-1.26075261189357,26.6809386143959,3.51356483800944));
#3192=CARTESIAN_POINT('Ctrl Pts',(-0.780310499702904,26.7082334604685,3.65044620058712));
#3193=CARTESIAN_POINT('Ctrl Pts',(-0.0540534464261849,26.7467159679364,
3.7069880246593));
#3194=CARTESIAN_POINT('Ctrl Pts',(0.180266023173846,26.7591184407115,3.70299622082676));
#3195=CARTESIAN_POINT('Ctrl Pts',(0.577610732417057,26.7808975076838,3.65840464671812));
#3196=CARTESIAN_POINT('Ctrl Pts',(0.741145666970897,26.7900530980127,3.62880977418044));
#3197=CARTESIAN_POINT('Ctrl Pts',(1.02742696112976,26.8059616054637,3.55683608368462));
#3198=CARTESIAN_POINT('Ctrl Pts',(1.15098041969412,26.8127578953008,3.51879726142924));
#3199=CARTESIAN_POINT('Ctrl Pts',(1.73536415786771,26.8456393704172,3.3047998163108));
#3200=CARTESIAN_POINT('Ctrl Pts',(2.15988054307254,26.8728541613276,3.04435445338361));
#3201=CARTESIAN_POINT('Ctrl Pts',(2.88292155926865,26.9250295395399,2.37137718947382));
#3202=CARTESIAN_POINT('Ctrl Pts',(3.1737639682887,26.9523270842806,1.9651698286324));
#3203=CARTESIAN_POINT('Ctrl Pts',(3.47210700069702,26.9908466495148,1.29980276378396));
#3204=CARTESIAN_POINT('Ctrl Pts',(3.5474989953723,27.0032954584687,1.07715345937465));
#3205=CARTESIAN_POINT('Ctrl Pts',(3.64048450285036,27.0253798783152,0.682665011066915));
#3206=CARTESIAN_POINT('Ctrl Pts',(3.66810758265444,27.0348023361318,0.513950559766236));
#3207=CARTESIAN_POINT('Ctrl Pts',(3.69529603578175,27.0505236888456,0.222724781277619));
#3208=CARTESIAN_POINT('Ctrl Pts',(3.70062350951542,27.0569297721697,0.101029260066052));
#3209=CARTESIAN_POINT('Ctrl Pts',(3.69718178944073,27.0894158362342,-0.513806999689739));
#3210=CARTESIAN_POINT('Ctrl Pts',(3.59587901823088,27.1166283429921,-1.00139508060213));
#3211=CARTESIAN_POINT('Ctrl Pts',(3.20752298553275,27.1688015631068,-1.90957100741368));
#3212=CARTESIAN_POINT('Ctrl Pts',(2.92380421999126,27.1960990829149,-2.32078381180515));
#3213=CARTESIAN_POINT('Ctrl Pts',(2.21240482732336,27.2482920026564,-3.00644418820462));
#3214=CARTESIAN_POINT('Ctrl Pts',(1.79222969011634,27.2755128401074,-3.27435102374174));
#3215=CARTESIAN_POINT('Ctrl Pts',(1.11687616015901,27.3137680545053,-3.5349257266328));
#3216=CARTESIAN_POINT('Ctrl Pts',(0.894594663866784,27.3259543150648,-3.59761161068003));
#3217=CARTESIAN_POINT('Ctrl Pts',(0.447485036672844,27.3506714530393,-3.67967237040931));
#3218=CARTESIAN_POINT('Ctrl Pts',(0.223924695860132,27.3630536734268,-3.7));
#3219=CARTESIAN_POINT('Ctrl Pts',(-1.92224708760578E-14,27.3749637232089,
-3.7));
#3220=CARTESIAN_POINT('Origin',(0.,8.,0.));
#3221=CARTESIAN_POINT('',(2.23053170888368E-8,28.8753391717533,-3.7));
#3222=CARTESIAN_POINT('',(2.37993604844365E-14,28.6249618553223,-3.7));
#3223=CARTESIAN_POINT('',(-4.53119315684521E-16,8.,-3.7));
#3224=CARTESIAN_POINT('Ctrl Pts',(2.2371586354264E-8,28.875339172967,-3.7));
#3225=CARTESIAN_POINT('Ctrl Pts',(0.144997806846768,28.8674257063604,-3.69999999912329));
#3226=CARTESIAN_POINT('Ctrl Pts',(0.289882746440617,28.8594441325865,-3.69147677158574));
#3227=CARTESIAN_POINT('Ctrl Pts',(0.568622353914324,28.8442990267102,-3.65856111431766));
#3228=CARTESIAN_POINT('Ctrl Pts',(0.702359655313271,28.8371661785833,-3.63525681903429));
#3229=CARTESIAN_POINT('Ctrl Pts',(1.31432960932833,28.8039736318595,-3.49357961099853));
#3230=CARTESIAN_POINT('Ctrl Pts',(1.76715242530414,28.7767950973594,-3.28781349565163));
#3231=CARTESIAN_POINT('Ctrl Pts',(2.56733257597084,28.7246556811034,-2.70987307029727));
#3232=CARTESIAN_POINT('Ctrl Pts',(2.90616465191283,28.6973607526873,-2.34282231059054));
#3233=CARTESIAN_POINT('Ctrl Pts',(3.4190749199389,28.6451505449975,-1.49792565586538));
#3234=CARTESIAN_POINT('Ctrl Pts',(3.58825207340808,28.6179044755194,-1.02874627998216));
#3235=CARTESIAN_POINT('Ctrl Pts',(3.69411851013121,28.5795886009414,-0.311409229140121));
#3236=CARTESIAN_POINT('Ctrl Pts',(3.70635795572466,28.5673510155835,-0.0799639380339152));
#3237=CARTESIAN_POINT('Ctrl Pts',(3.6907062725374,28.546503647553,0.302959832251029));
#3238=CARTESIAN_POINT('Ctrl Pts',(3.67514972279414,28.5381364593763,0.454280143487294));
#3239=CARTESIAN_POINT('Ctrl Pts',(3.62071209541912,28.5200482394909,0.783162914169653));
#3240=CARTESIAN_POINT('Ctrl Pts',(3.57797843856577,28.5105498818585,0.959671010494369));
#3241=CARTESIAN_POINT('Ctrl Pts',(3.44966755877961,28.4883563840134,1.35881655342177));
#3242=CARTESIAN_POINT('Ctrl Pts',(3.35519929509995,28.4755284681713,1.57772415209525));
#3243=CARTESIAN_POINT('Ctrl Pts',(3.18282043155427,28.4559897721068,1.8904693250745));
#3244=CARTESIAN_POINT('Ctrl Pts',(3.12024071563665,28.4494539790793,1.99206426737544));
#3245=CARTESIAN_POINT('Ctrl Pts',(2.98174363278429,28.4362915480566,2.19432209987368));
#3246=CARTESIAN_POINT('Ctrl Pts',(2.90536945645978,28.4296736813193,2.2944879900621));
#3247=CARTESIAN_POINT('Ctrl Pts',(2.66775642292448,28.4102362575699,2.57518584083885));
#3248=CARTESIAN_POINT('Ctrl Pts',(2.49376009470433,28.3972692388329,2.74402185582255));
#3249=CARTESIAN_POINT('Ctrl Pts',(2.21228009642427,28.377596700693,2.96811811075286));
#3250=CARTESIAN_POINT('Ctrl Pts',(2.11655626139563,28.371122995673,3.03712006683187));
#3251=CARTESIAN_POINT('Ctrl Pts',(1.89794632404902,28.3570333578587,3.17934118751368));
#3252=CARTESIAN_POINT('Ctrl Pts',(1.77378126710756,28.3495251553844,3.25024776299145));
#3253=CARTESIAN_POINT('Ctrl Pts',(1.42938063406522,28.3292025591495,3.42129754622435));
#3254=CARTESIAN_POINT('Ctrl Pts',(1.2029347334947,28.316252249014,3.50732705207422));
#3255=CARTESIAN_POINT('Ctrl Pts',(0.856020536928178,28.2965984798597,3.60154309781516));
#3256=CARTESIAN_POINT('Ctrl Pts',(0.740899185565432,28.2901299194348,3.62697567743314));
#3257=CARTESIAN_POINT('Ctrl Pts',(0.480837952307678,28.275868777385,3.67152779306691));
#3258=CARTESIAN_POINT('Ctrl Pts',(0.335593845170001,28.2681973062233,3.68764123798541));
#3259=CARTESIAN_POINT('Ctrl Pts',(-0.0518342448137464,28.2476933800962,
3.70753813634413));
#3260=CARTESIAN_POINT('Ctrl Pts',(-0.294056847214463,28.2347231105349,3.69622040161012));
#3261=CARTESIAN_POINT('Ctrl Pts',(-0.650149983218661,28.2150469169833,3.64434057780104));
#3262=CARTESIAN_POINT('Ctrl Pts',(-0.765992575176346,28.2085721870424,3.62176324380664));
#3263=CARTESIAN_POINT('Ctrl Pts',(-1.01872867097947,28.1945156800939,3.5598355051048));
#3264=CARTESIAN_POINT('Ctrl Pts',(-1.15482997291273,28.1870391463543,3.5180398766334));
#3265=CARTESIAN_POINT('Ctrl Pts',(-1.51469359920796,28.1667515969251,3.384388534361));
#3266=CARTESIAN_POINT('Ctrl Pts',(-1.7324025928928,28.1538051462619,3.27828505217678));
#3267=CARTESIAN_POINT('Ctrl Pts',(-2.03855310055711,28.1341557080464,3.09001288068098));
#3268=CARTESIAN_POINT('Ctrl Pts',(-2.13589829423989,28.1276883077284,3.02354380435266));
#3269=CARTESIAN_POINT('Ctrl Pts',(-2.34701208666362,28.1133873264655,2.86410022586201));
#3270=CARTESIAN_POINT('Ctrl Pts',(-2.45874280644329,28.105677841066,2.76877576931795));
#3271=CARTESIAN_POINT('Ctrl Pts',(-2.73894827593599,28.0851318160555,2.49934304514091));
#3272=CARTESIAN_POINT('Ctrl Pts',(-2.89648874459614,28.0721569145679,2.31492874009886));
#3273=CARTESIAN_POINT('Ctrl Pts',(-3.10238051901862,28.0524755104745,2.01969191453097));
#3274=CARTESIAN_POINT('Ctrl Pts',(-3.16520245423272,28.04599930611,1.91974324365665));
#3275=CARTESIAN_POINT('Ctrl Pts',(-3.2925746841836,28.0319899017632,1.69379549167547));
#3276=CARTESIAN_POINT('Ctrl Pts',(-3.35489013414186,28.0245584038718,1.56674930334634));
#3277=CARTESIAN_POINT('Ctrl Pts',(-3.50356093975303,28.0043206857914,1.21384090965577));
#3278=CARTESIAN_POINT('Ctrl Pts',(-3.57530982513748,27.9913797172871,0.982597533734184));
#3279=CARTESIAN_POINT('Ctrl Pts',(-3.64775627108731,27.9717364281099,0.630670137378344));
#3280=CARTESIAN_POINT('Ctrl Pts',(-3.66598156965651,27.9652706581837,0.514247087572728));
#3281=CARTESIAN_POINT('Ctrl Pts',(-3.69448737432506,27.9509129055553,0.250212251864861));
#3282=CARTESIAN_POINT('Ctrl Pts',(-3.70153258738916,27.9431492674438,0.10246550120514));
#3283=CARTESIAN_POINT('Ctrl Pts',(-3.69675785287031,27.9225432729472,-0.287356163028909));
#3284=CARTESIAN_POINT('Ctrl Pts',(-3.6700492759861,27.9095617835903,-0.528506589018545));
#3285=CARTESIAN_POINT('Ctrl Pts',(-3.59557398125319,27.8898729642833,-0.880782764073511));
#3286=CARTESIAN_POINT('Ctrl Pts',(-3.56564968081663,27.8833946336752,-0.995024264119243));
#3287=CARTESIAN_POINT('Ctrl Pts',(-3.48835698188153,27.8694520229819,-1.24137459206928));
#3288=CARTESIAN_POINT('Ctrl Pts',(-3.43883274366855,27.8620844117565,-1.37261601871767));
#3289=CARTESIAN_POINT('Ctrl Pts',(-3.18244604553981,27.8286797617016,-1.95039803453347));
#3290=CARTESIAN_POINT('Ctrl Pts',(-2.89522908318829,27.8015327553737,-2.35576871022634));
#3291=CARTESIAN_POINT('Ctrl Pts',(-2.17725092535968,27.7494265983877,-3.03217645271526));
#3292=CARTESIAN_POINT('Ctrl Pts',(-1.75298896688569,27.7221366340662,-3.29568565866127));
#3293=CARTESIAN_POINT('Ctrl Pts',(-0.876508872332199,27.672742146796,-3.62158561791461));
#3294=CARTESIAN_POINT('Ctrl Pts',(-0.439791239669138,27.6484277814132,-3.7));
#3295=CARTESIAN_POINT('Ctrl Pts',(9.09772611807396E-15,27.6250362767911,
-3.7));
#3296=CARTESIAN_POINT('',(2.85779767676995E-6,27.9998311866239,3.7000421305558));
#3297=CARTESIAN_POINT('Ctrl Pts',(-1.92224708760578E-14,27.3749637232089,
-3.7));
#3298=CARTESIAN_POINT('Ctrl Pts',(-0.056236619734686,27.3779548222391,-3.7));
#3299=CARTESIAN_POINT('Ctrl Pts',(-0.112495509729162,27.3809295870016,-3.69871786591929));
#3300=CARTESIAN_POINT('Ctrl Pts',(-0.401352182424218,27.3962064020061,-3.68553137524207));
#3301=CARTESIAN_POINT('Ctrl Pts',(-0.632438690660718,27.4085455304124,-3.6529771150914));
#3302=CARTESIAN_POINT('Ctrl Pts',(-1.01467880928721,27.4299400107904,-3.56175043638353));
#3303=CARTESIAN_POINT('Ctrl Pts',(-1.16784540628929,27.4387649772782,-3.51450919524752));
#3304=CARTESIAN_POINT('Ctrl Pts',(-1.45471170195419,27.4553597335,-3.40519959611416));
#3305=CARTESIAN_POINT('Ctrl Pts',(-1.58870827409472,27.4630753339794,-3.34478340819901));
#3306=CARTESIAN_POINT('Ctrl Pts',(-1.93306078731821,27.4836281296913,-3.16414818015268));
#3307=CARTESIAN_POINT('Ctrl Pts',(-2.13579659878399,27.4966037738592,-3.03099313689797));
#3308=CARTESIAN_POINT('Ctrl Pts',(-2.41587987939533,27.5162860134392,-2.80489676518745));
#3309=CARTESIAN_POINT('Ctrl Pts',(-2.50409128829592,27.5227624554864,-2.72643515606604));
#3310=CARTESIAN_POINT('Ctrl Pts',(-2.68933736419279,27.5367643457551,-2.54507695312307));
#3311=CARTESIAN_POINT('Ctrl Pts',(-2.78452961149666,27.5441886587591,-2.44056284115835));
#3312=CARTESIAN_POINT('Ctrl Pts',(-3.02567722701827,27.5644184393386,-2.14327344113123));
#3313=CARTESIAN_POINT('Ctrl Pts',(-3.15909750217336,27.5773585477031,-1.94124598000094));
#3314=CARTESIAN_POINT('Ctrl Pts',(-3.32686404812926,27.5970008726795,-1.62352858581127));
#3315=CARTESIAN_POINT('Ctrl Pts',(-3.37685132751927,27.6034663928116,-1.51682064669584));
#3316=CARTESIAN_POINT('Ctrl Pts',(-3.47796369834436,27.6178328512355,-1.27108574570676));
#3317=CARTESIAN_POINT('Ctrl Pts',(-3.52600131396499,27.6256047851536,-1.13101933134414));
#3318=CARTESIAN_POINT('Ctrl Pts',(-3.63019472911019,27.6462199156117,-0.75517161471649));
#3319=CARTESIAN_POINT('Ctrl Pts',(-3.67181102293906,27.6592023565715,-0.516130267602675));
#3320=CARTESIAN_POINT('Ctrl Pts',(-3.69854956764075,27.6788922486494,-0.157044391870592));
#3321=CARTESIAN_POINT('Ctrl Pts',(-3.70167697820514,27.6853708636815,-0.0389845725197804));
#3322=CARTESIAN_POINT('Ctrl Pts',(-3.69616588201935,27.6993048703843,0.218994615205359));
#3323=CARTESIAN_POINT('Ctrl Pts',(-3.68523369451345,27.7066642813697,0.358683094831221));
#3324=CARTESIAN_POINT('Ctrl Pts',(-3.60027457764623,27.7400612862986,0.984910272465927));
#3325=CARTESIAN_POINT('Ctrl Pts',(-3.43757495530701,27.7672088517026,1.4543335799369));
#3326=CARTESIAN_POINT('Ctrl Pts',(-2.93685168947769,27.8193132231435,2.30421552442654));
#3327=CARTESIAN_POINT('Ctrl Pts',(-2.60297521534738,27.8466029844436,2.67563554966156));
#3328=CARTESIAN_POINT('Ctrl Pts',(-2.05129396695531,27.8829053721825,3.08534059713137));
#3329=CARTESIAN_POINT('Ctrl Pts',(-1.88785789581187,27.8931109358508,3.18796535251945));
#3330=CARTESIAN_POINT('Ctrl Pts',(-1.49562285697976,27.917103881509,3.39347489912895));
#3331=CARTESIAN_POINT('Ctrl Pts',(-1.26286033474713,27.9309635836853,3.48679808111081));
#3332=CARTESIAN_POINT('Ctrl Pts',(-0.860399840588334,27.9532143286694,3.60251889656969));
#3333=CARTESIAN_POINT('Ctrl Pts',(-0.695357769558547,27.9620408107748,3.6379815664648));
#3334=CARTESIAN_POINT('Ctrl Pts',(-0.353433812987223,27.9804743919436,3.68732415552447));
#3335=CARTESIAN_POINT('Ctrl Pts',(-0.176823120586649,27.9900791063736,3.70000033717146));
#3336=CARTESIAN_POINT('Ctrl Pts',(7.05512660358759E-6,27.9997565937903,
3.69999999999327));
#3337=CARTESIAN_POINT('Ctrl Pts',(6.61889605780425E-6,27.9997612025362,
3.69999999999408));
#3338=CARTESIAN_POINT('Ctrl Pts',(0.176828499670688,28.0090994531728,3.69999968367904));
#3339=CARTESIAN_POINT('Ctrl Pts',(0.353414293655481,28.0184821999034,3.68732440801844));
#3340=CARTESIAN_POINT('Ctrl Pts',(0.695312476228648,28.0371925724484,3.63799054750401));
#3341=CARTESIAN_POINT('Ctrl Pts',(0.860359476542872,28.0464766005261,3.60252865406116));
#3342=CARTESIAN_POINT('Ctrl Pts',(1.26282295212313,28.0692643990053,3.48681157174576));
#3343=CARTESIAN_POINT('Ctrl Pts',(1.49558019970916,28.0822373873263,3.39349569426558));
#3344=CARTESIAN_POINT('Ctrl Pts',(1.88785566962155,28.1058598319893,3.1879677167048));
#3345=CARTESIAN_POINT('Ctrl Pts',(2.05129877444998,28.1163410062203,3.08533674240156));
#3346=CARTESIAN_POINT('Ctrl Pts',(2.60301390231383,28.1539403090563,2.67560754887739));
#3347=CARTESIAN_POINT('Ctrl Pts',(2.93692122754679,28.1792978844046,2.30413848574087));
#3348=CARTESIAN_POINT('Ctrl Pts',(3.43767577341535,28.2332787957691,1.45412166674224));
#3349=CARTESIAN_POINT('Ctrl Pts',(3.60037320594739,28.2585189122238,0.984590276286056));
#3350=CARTESIAN_POINT('Ctrl Pts',(3.68523254479597,28.2930686909346,0.358575801485169));
#3351=CARTESIAN_POINT('Ctrl Pts',(3.6961437089538,28.3007384742633,0.219184425079541));
#3352=CARTESIAN_POINT('Ctrl Pts',(3.70263339009535,28.3169140206873,-0.0827728672325135));
#3353=CARTESIAN_POINT('Ctrl Pts',(3.69543944011337,28.3254028338532,-0.245105504356535));
#3354=CARTESIAN_POINT('Ctrl Pts',(3.65198313048473,28.3463989645295,-0.638305295489505));
#3355=CARTESIAN_POINT('Ctrl Pts',(3.60449058962907,28.3590561511747,-0.867207096059));
#3356=CARTESIAN_POINT('Ctrl Pts',(3.45292946234863,28.3872015017034,-1.35880311897768));
#3357=CARTESIAN_POINT('Ctrl Pts',(3.33972447852457,28.4019586741435,-1.6171926982495));
#3358=CARTESIAN_POINT('Ctrl Pts',(3.08241664764108,28.4291595953416,-2.05958109764611));
#3359=CARTESIAN_POINT('Ctrl Pts',(2.9481152053215,28.441701487029,-2.24761419182872));
#3360=CARTESIAN_POINT('Ctrl Pts',(2.47417233642692,28.4813046670885,-2.7949984955714));
#3361=CARTESIAN_POINT('Ctrl Pts',(2.07973921359231,28.5066182963794,-3.09971149312357));
#3362=CARTESIAN_POINT('Ctrl Pts',(1.19357096170349,28.5606875741955,-3.53696251905963));
#3363=CARTESIAN_POINT('Ctrl Pts',(0.710525175371595,28.5860533776861,-3.66467846870951));
#3364=CARTESIAN_POINT('Ctrl Pts',(0.144445494645229,28.6170811075152,-3.69788756793956));
#3365=CARTESIAN_POINT('Ctrl Pts',(0.0721861900512507,28.6210375412111,-3.7));
#3366=CARTESIAN_POINT('Ctrl Pts',(5.03926481408325E-14,28.6249618553223,
-3.7));
#3367=CARTESIAN_POINT('Origin',(0.,8.,0.));
#3368=CARTESIAN_POINT('',(2.14133788686608E-15,30.12533572814,-3.7));
#3369=CARTESIAN_POINT('',(-3.07150615844422E-15,29.8746642718601,-3.7));
#3370=CARTESIAN_POINT('',(-4.53119315684521E-16,8.,-3.7));
#3371=CARTESIAN_POINT('Ctrl Pts',(5.68989300120393E-15,30.12533572814,-3.7));
#3372=CARTESIAN_POINT('Ctrl Pts',(0.239643703394496,30.1126455079666,-3.7));
#3373=CARTESIAN_POINT('Ctrl Pts',(0.47930225685922,30.0996721748349,-3.6767196609219));
#3374=CARTESIAN_POINT('Ctrl Pts',(1.1999865643991,30.059478468932,-3.53465648111986));
#3375=CARTESIAN_POINT('Ctrl Pts',(1.66042123598711,30.0341584497702,-3.34316879293997));
#3376=CARTESIAN_POINT('Ctrl Pts',(2.17035649468706,30.0005040110817,-2.99905019882786));
#3377=CARTESIAN_POINT('Ctrl Pts',(2.267621704595,29.9938428907447,-2.92619929526675));
#3378=CARTESIAN_POINT('Ctrl Pts',(2.49134385684254,29.9782228182757,-2.74076812818223));
#3379=CARTESIAN_POINT('Ctrl Pts',(2.61400950710301,29.9693858170307,-2.62403581448762));
#3380=CARTESIAN_POINT('Ctrl Pts',(2.88655839324476,29.9479827000334,-2.32652003193378));
#3381=CARTESIAN_POINT('Ctrl Pts',(3.02806946852533,29.9352809890086,-2.13908772494773));
#3382=CARTESIAN_POINT('Ctrl Pts',(3.41021388060242,29.8953932966951,-1.51827553972491));
#3383=CARTESIAN_POINT('Ctrl Pts',(3.58242972154111,29.8700271051807,-1.04924439284346));
#3384=CARTESIAN_POINT('Ctrl Pts',(3.73204850067863,29.8159605183034,-0.0725443497412476));
#3385=CARTESIAN_POINT('Ctrl Pts',(3.70845485127291,29.7906555217697,0.425235755318339));
#3386=CARTESIAN_POINT('Ctrl Pts',(3.55709263493053,29.7567553135639,1.02617817241686));
#3387=CARTESIAN_POINT('Ctrl Pts',(3.5199953512626,29.7498264346177,1.14698931875656));
#3388=CARTESIAN_POINT('Ctrl Pts',(3.41962356430246,29.7340712414602,1.42271021540672));
#3389=CARTESIAN_POINT('Ctrl Pts',(3.35188005210479,29.7253367104195,1.57570137753102));
#3390=CARTESIAN_POINT('Ctrl Pts',(3.16499798302098,29.7040527581553,1.93068942723697));
#3391=CARTESIAN_POINT('Ctrl Pts',(3.03657711122376,29.691363485626,2.12696015661881));
#3392=CARTESIAN_POINT('Ctrl Pts',(2.58168691940059,29.6514938112367,2.69621892756421));
#3393=CARTESIAN_POINT('Ctrl Pts',(2.19849588518432,29.6261281587146,3.01683865044462));
#3394=CARTESIAN_POINT('Ctrl Pts',(1.32969017314402,29.5720497417118,3.48792146954756));
#3395=CARTESIAN_POINT('Ctrl Pts',(0.853004621057595,29.5467341072653,3.63401540395707));
#3396=CARTESIAN_POINT('Ctrl Pts',(0.241935368826033,29.5131444270935,3.69404321561358));
#3397=CARTESIAN_POINT('Ctrl Pts',(0.121641731945223,29.506542521792,3.69995837951637));
#3398=CARTESIAN_POINT('Ctrl Pts',(-0.119124788785248,29.4935928419402,3.70004119237962));
#3399=CARTESIAN_POINT('Ctrl Pts',(-0.239456523890199,29.4872544272425,3.69420602279408));
#3400=CARTESIAN_POINT('Ctrl Pts',(-0.85070824734493,29.4548083534178,3.63456777762692));
#3401=CARTESIAN_POINT('Ctrl Pts',(-1.3275781022877,29.4275594007412,3.488741159715));
#3402=CARTESIAN_POINT('Ctrl Pts',(-2.1966835358743,29.3753547145163,3.01814600984976));
#3403=CARTESIAN_POINT('Ctrl Pts',(-2.58000662202329,29.3480606306999,2.69781338433441));
#3404=CARTESIAN_POINT('Ctrl Pts',(-3.03505265647393,29.3095833391172,2.12910632520065));
#3405=CARTESIAN_POINT('Ctrl Pts',(-3.16345873498602,29.2971869313358,1.93317410426244));
#3406=CARTESIAN_POINT('Ctrl Pts',(-3.34970572546947,29.2754462746963,1.58013725003049));
#3407=CARTESIAN_POINT('Ctrl Pts',(-3.41698936249678,29.266323993217,1.42882624125292));
#3408=CARTESIAN_POINT('Ctrl Pts',(-3.51893302018184,29.2503570502382,1.15074363734754));
#3409=CARTESIAN_POINT('Ctrl Pts',(-3.55740287322239,29.2434783227302,1.02566377002711));
#3410=CARTESIAN_POINT('Ctrl Pts',(-3.70893120932226,29.2105199153954,0.420572844999961));
#3411=CARTESIAN_POINT('Ctrl Pts',(-3.73190858320065,29.1833130742724,-0.0767936401102787));
#3412=CARTESIAN_POINT('Ctrl Pts',(-3.58135725552902,29.1311452821014,-1.05287244630739));
#3413=CARTESIAN_POINT('Ctrl Pts',(-3.40869120118208,29.1038479211857,-1.52167258584626));
#3414=CARTESIAN_POINT('Ctrl Pts',(-2.88989135128706,29.0516511976759,-2.36263676815887));
#3415=CARTESIAN_POINT('Ctrl Pts',(-2.54937344825679,29.024425309608,-2.72658011703729));
#3416=CARTESIAN_POINT('Ctrl Pts',(-1.95970605845223,28.9861584319298,-3.14686112855719));
#3417=CARTESIAN_POINT('Ctrl Pts',(-1.75981799953155,28.9739625293727,-3.26285457749499));
#3418=CARTESIAN_POINT('Ctrl Pts',(-1.29472666378945,28.9461082319369,-3.47749851866018));
#3419=CARTESIAN_POINT('Ctrl Pts',(-1.02635170359885,28.9306945933821,-3.56594131804526));
#3420=CARTESIAN_POINT('Ctrl Pts',(-0.521927864857183,28.9034804983943,-3.67043576773211));
#3421=CARTESIAN_POINT('Ctrl Pts',(-0.289356438614407,28.8911022754658,-3.69604861237149));
#3422=CARTESIAN_POINT('Ctrl Pts',(-0.0372828189558706,28.8773729785791,
-3.69985913479095));
#3423=CARTESIAN_POINT('Ctrl Pts',(-0.0186404730712106,28.8763565053266,
-3.70000000011271));
#3424=CARTESIAN_POINT('Ctrl Pts',(2.23715855206436E-8,28.875339172967,-3.7));
#3425=CARTESIAN_POINT('Ctrl Pts',(5.03926481408325E-14,28.6249618553223,
-3.7));
#3426=CARTESIAN_POINT('Ctrl Pts',(-0.419697913132878,28.6477782200837,-3.7));
#3427=CARTESIAN_POINT('Ctrl Pts',(-0.836933060503375,28.6693534416152,-3.6285787612865));
#3428=CARTESIAN_POINT('Ctrl Pts',(-1.35602657415057,28.6994714029626,-3.44500351699073));
#3429=CARTESIAN_POINT('Ctrl Pts',(-1.47607471563625,28.7065961039375,-3.39530021483705));
#3430=CARTESIAN_POINT('Ctrl Pts',(-1.74286360565088,28.722456284667,-3.26801167292355));
#3431=CARTESIAN_POINT('Ctrl Pts',(-1.8875004313655,28.7311208557369,-3.18666293936889));
#3432=CARTESIAN_POINT('Ctrl Pts',(-2.22184981475646,28.7523231509735,-2.96783725363671));
#3433=CARTESIAN_POINT('Ctrl Pts',(-2.40490839137458,28.7650036047295,-2.82153793927199));
#3434=CARTESIAN_POINT('Ctrl Pts',(-2.92840041986206,28.8048599575935,-2.31498461730681));
#3435=CARTESIAN_POINT('Ctrl Pts',(-3.21131258076886,28.8302247541739,-1.9031944343845));
#3436=CARTESIAN_POINT('Ctrl Pts',(-3.59813236138218,28.8843098988455,-0.993607310070793));
#3437=CARTESIAN_POINT('Ctrl Pts',(-3.69847362934526,28.9096321943739,-0.505090593939292));
#3438=CARTESIAN_POINT('Ctrl Pts',(-3.70035123910042,28.9432422097705,0.109273389345188));
#3439=CARTESIAN_POINT('Ctrl Pts',(-3.69482500561097,28.9498554917802,0.229802211022966));
#3440=CARTESIAN_POINT('Ctrl Pts',(-3.67218469756501,28.9627295772241,0.468174159514998));
#3441=CARTESIAN_POINT('Ctrl Pts',(-3.65525060540719,28.9689879111297,0.58589465873977));
#3442=CARTESIAN_POINT('Ctrl Pts',(-3.58648482051411,28.9881191851245,0.941437124300893));
#3443=CARTESIAN_POINT('Ctrl Pts',(-3.51685283493423,29.001118755596,1.17512282468033));
#3444=CARTESIAN_POINT('Ctrl Pts',(-3.36212201489448,29.0234596319808,1.55356410901019));
#3445=CARTESIAN_POINT('Ctrl Pts',(-3.28922160247457,29.0325652941124,1.70248523936112));
#3446=CARTESIAN_POINT('Ctrl Pts',(-3.12911761168269,29.049691940182,1.98058811275223));
#3447=CARTESIAN_POINT('Ctrl Pts',(-3.04325942635929,29.0578205874015,2.11013768965678));
#3448=CARTESIAN_POINT('Ctrl Pts',(-2.80945504368055,29.0783875493356,2.41883758535994));
#3449=CARTESIAN_POINT('Ctrl Pts',(-2.65232360300074,29.0909898498196,2.59016959157802));
#3450=CARTESIAN_POINT('Ctrl Pts',(-2.11350104274206,29.1307119568185,3.07689963718787));
#3451=CARTESIAN_POINT('Ctrl Pts',(-1.68412834300371,29.1560552037069,3.33135053824864));
#3452=CARTESIAN_POINT('Ctrl Pts',(-0.750514449409083,29.2101537660474,3.6566759793563));
#3453=CARTESIAN_POINT('Ctrl Pts',(-0.255614159704864,29.2355114116987,3.72413969254678));
#3454=CARTESIAN_POINT('Ctrl Pts',(0.728807167149087,29.2894853966497,3.66071609985529));
#3455=CARTESIAN_POINT('Ctrl Pts',(1.20854303463016,29.3147215680414,3.53149358764197));
#3456=CARTESIAN_POINT('Ctrl Pts',(1.77463699504571,29.3493052833817,3.24967342799649));
#3457=CARTESIAN_POINT('Ctrl Pts',(1.89667233814851,29.3570142769812,3.17999255296325));
#3458=CARTESIAN_POINT('Ctrl Pts',(2.15041625619156,29.3732138264658,3.01529139986836));
#3459=CARTESIAN_POINT('Ctrl Pts',(2.28043174757069,29.3816911506786,2.91820275080371));
#3460=CARTESIAN_POINT('Ctrl Pts',(2.58097607171104,29.4026735767034,2.66138264675043));
#3461=CARTESIAN_POINT('Ctrl Pts',(2.74355267120547,29.4153289987597,2.4934514107283));
#3462=CARTESIAN_POINT('Ctrl Pts',(3.06483131991001,29.4434671774568,2.09184796070475));
#3463=CARTESIAN_POINT('Ctrl Pts',(3.21484715580326,29.4582192778583,1.85304632190904));
#3464=CARTESIAN_POINT('Ctrl Pts',(3.43605317414954,29.4854151727073,1.39165385668992));
#3465=CARTESIAN_POINT('Ctrl Pts',(3.5160736631767,29.4979566127108,1.17489318643648));
#3466=CARTESIAN_POINT('Ctrl Pts',(3.70238938191689,29.5375588846253,0.475239779137319));
#3467=CARTESIAN_POINT('Ctrl Pts',(3.73269684710339,29.5628722672962,-0.022257343241693));
#3468=CARTESIAN_POINT('Ctrl Pts',(3.59622123910192,29.6169412442498,-1.00095385065601));
#3469=CARTESIAN_POINT('Ctrl Pts',(3.43033191659105,29.6423070676996,-1.47225592905019));
#3470=CARTESIAN_POINT('Ctrl Pts',(2.9238855837562,29.6963575047893,-2.32035826240704));
#3471=CARTESIAN_POINT('Ctrl Pts',(2.5889489273635,29.7216492082386,-2.68896421670665));
#3472=CARTESIAN_POINT('Ctrl Pts',(2.08708377191542,29.7557220829528,-3.05792725097044));
#3473=CARTESIAN_POINT('Ctrl Pts',(1.97856167475658,29.7628426206074,-3.12923860404182));
#3474=CARTESIAN_POINT('Ctrl Pts',(1.72337241041323,29.7787005195109,-3.27833353503991));
#3475=CARTESIAN_POINT('Ctrl Pts',(1.57476896219966,29.7873665375558,-3.35225158352285));
#3476=CARTESIAN_POINT('Ctrl Pts',(1.20582220733413,29.8085705240476,-3.50580510676312));
#3477=CARTESIAN_POINT('Ctrl Pts',(0.981923303346961,29.8212511627656,-3.57498103759398));
#3478=CARTESIAN_POINT('Ctrl Pts',(0.504704945133709,29.8479197776853,-3.67417954836512));
#3479=CARTESIAN_POINT('Ctrl Pts',(0.252368914483659,29.8613001940882,-3.7));
#3480=CARTESIAN_POINT('Ctrl Pts',(-1.80411241501588E-15,29.8746642718601,
-3.7));
#3481=CARTESIAN_POINT('Origin',(0.,8.,0.));
#3482=CARTESIAN_POINT('',(-1.1056941092267E-14,31.3750381446777,-3.7));
#3483=CARTESIAN_POINT('',(6.84243850676323E-15,31.1246608258121,-3.7));
#3484=CARTESIAN_POINT('',(-4.53119315684521E-16,8.,-3.7));
#3485=CARTESIAN_POINT('Ctrl Pts',(-2.16607628688494E-14,31.3750381446777,
-3.7));
#3486=CARTESIAN_POINT('Ctrl Pts',(0.432898801275339,31.3515041297456,-3.7));
#3487=CARTESIAN_POINT('Ctrl Pts',(0.862966848623798,31.3292292718064,-3.62401777371499));
#3488=CARTESIAN_POINT('Ctrl Pts',(1.73379016526291,31.278495137184,-3.30565717875711));
#3489=CARTESIAN_POINT('Ctrl Pts',(2.15863304456486,31.2531925669058,-3.04527758057754));
#3490=CARTESIAN_POINT('Ctrl Pts',(2.61286618167925,31.2192583745772,-2.62279463960046));
#3491=CARTESIAN_POINT('Ctrl Pts',(2.7013283503499,31.2122920213999,-2.53159017216483));
#3492=CARTESIAN_POINT('Ctrl Pts',(2.89478256591944,31.1965171191038,-2.31042723799294));
#3493=CARTESIAN_POINT('Ctrl Pts',(2.99601861000001,31.1877962867068,-2.1775485273612));
#3494=CARTESIAN_POINT('Ctrl Pts',(3.21685044500616,31.1665283038564,-1.84299426620445));
#3495=CARTESIAN_POINT('Ctrl Pts',(3.32693276116796,31.1538407367471,-1.63592763106857));
#3496=CARTESIAN_POINT('Ctrl Pts',(3.60654786060255,31.1139736043197,-0.9630747343563));
#3497=CARTESIAN_POINT('Ctrl Pts',(3.70285578257513,31.0886080876637,-0.472816052078984));
#3498=CARTESIAN_POINT('Ctrl Pts',(3.6970212146882,31.0345282666377,0.515494386487151));
#3499=CARTESIAN_POINT('Ctrl Pts',(3.59533977322749,31.0092112896632,1.00361583894342));
#3500=CARTESIAN_POINT('Ctrl Pts',(3.35262242941097,30.9755010349341,1.57001228804801));
#3501=CARTESIAN_POINT('Ctrl Pts',(3.29878958048936,30.9687795774093,1.6801798651892));
#3502=CARTESIAN_POINT('Ctrl Pts',(3.15810780660959,30.953129967867,1.93514901627426));
#3503=CARTESIAN_POINT('Ctrl Pts',(3.06662273974725,30.9443167873538,2.07708377433678));
#3504=CARTESIAN_POINT('Ctrl Pts',(2.82569404795168,30.9229413272568,2.40006993098128));
#3505=CARTESIAN_POINT('Ctrl Pts',(2.66811005445615,30.9102424587987,2.57411294293397));
#3506=CARTESIAN_POINT('Ctrl Pts',(2.12986897859447,30.8703588011533,3.06567699776253));
#3507=CARTESIAN_POINT('Ctrl Pts',(1.70137361393851,30.8449926609183,3.3226558646663));
#3508=CARTESIAN_POINT('Ctrl Pts',(0.769904091099112,30.7909231156513,3.65249918793622));
#3509=CARTESIAN_POINT('Ctrl Pts',(0.276451235405355,30.7656155518196,3.72251140331555));
#3510=CARTESIAN_POINT('Ctrl Pts',(-0.336835733855723,30.7320090551584,3.68661761749324));
#3511=CARTESIAN_POINT('Ctrl Pts',(-0.45707460166334,30.7253792290225,3.67364822529152));
#3512=CARTESIAN_POINT('Ctrl Pts',(-0.744731905743999,30.709714201947,3.62827683796425));
#3513=CARTESIAN_POINT('Ctrl Pts',(-0.910971300231218,30.7008148760349,3.5901469385244));
#3514=CARTESIAN_POINT('Ctrl Pts',(-1.29841903830429,30.6793395895139,3.47262234221815));
#3515=CARTESIAN_POINT('Ctrl Pts',(-1.51584539343502,30.6666305829212,3.38337063780515));
#3516=CARTESIAN_POINT('Ctrl Pts',(-2.16110052512022,30.626732770865,3.04374188316124));
#3517=CARTESIAN_POINT('Ctrl Pts',(-2.54823096546575,30.6013666518602,2.72786310431491));
#3518=CARTESIAN_POINT('Ctrl Pts',(-3.17443997944996,30.547308390988,1.96372930243947));
#3519=CARTESIAN_POINT('Ctrl Pts',(-3.40767260262468,30.5220103783192,1.5235105478185));
#3520=CARTESIAN_POINT('Ctrl Pts',(-3.58220019291541,30.4883859335605,0.934121655095564));
#3521=CARTESIAN_POINT('Ctrl Pts',(-3.6109224928051,30.4817250749866,0.816076545411692));
#3522=CARTESIAN_POINT('Ctrl Pts',(-3.66591961439929,30.4660143713987,0.529281476462248));
#3523=CARTESIAN_POINT('Ctrl Pts',(-3.68642420067622,30.4571019882448,0.359704400577118));
#3524=CARTESIAN_POINT('Ctrl Pts',(-3.7071546729496,30.4356116489984,-0.0449361552363846));
#3525=CARTESIAN_POINT('Ctrl Pts',(-3.69685337518353,30.4229011455129,-0.279779112064999));
#3526=CARTESIAN_POINT('Ctrl Pts',(-3.59593678391894,30.3830013001472,-1.00197711964669));
#3527=CARTESIAN_POINT('Ctrl Pts',(-3.42991179941319,30.3576352333553,-1.47323547556706));
#3528=CARTESIAN_POINT('Ctrl Pts',(-2.92316850029879,30.3035788159673,-2.32128331500135));
#3529=CARTESIAN_POINT('Ctrl Pts',(-2.58804065303842,30.2782823093356,-2.68985707174962));
#3530=CARTESIAN_POINT('Ctrl Pts',(-2.08691511285563,30.2442682553371,-3.05799217556742));
#3531=CARTESIAN_POINT('Ctrl Pts',(-1.97939622509451,30.237213367141,-3.12866169250522));
#3532=CARTESIAN_POINT('Ctrl Pts',(-1.72493253933655,30.221391173944,-3.27753576628065));
#3533=CARTESIAN_POINT('Ctrl Pts',(-1.57595438185882,30.2127021156489,-3.35171681136967));
#3534=CARTESIAN_POINT('Ctrl Pts',(-1.20656118272946,30.1914712104488,-3.50555555389262));
#3535=CARTESIAN_POINT('Ctrl Pts',(-0.982608368244229,30.1787876388511,-3.57479741781482));
#3536=CARTESIAN_POINT('Ctrl Pts',(-0.505128928859272,30.1521033554513,-3.67413603307796));
#3537=CARTESIAN_POINT('Ctrl Pts',(-0.252581515555542,30.1387110641021,-3.7));
#3538=CARTESIAN_POINT('Ctrl Pts',(5.13478148889135E-15,30.12533572814,-3.7));
#3539=CARTESIAN_POINT('Ctrl Pts',(-1.73472347597681E-15,29.8746642718601,
-3.7));
#3540=CARTESIAN_POINT('Ctrl Pts',(-0.239848305055883,29.8873653266186,-3.7));
#3541=CARTESIAN_POINT('Ctrl Pts',(-0.47971045622976,29.9003501456212,-3.67667989117576));
#3542=CARTESIAN_POINT('Ctrl Pts',(-1.20061751568735,29.940557634522,-3.534448581066));
#3543=CARTESIAN_POINT('Ctrl Pts',(-1.66105991149418,29.9658797973382,-3.34285819329315));
#3544=CARTESIAN_POINT('Ctrl Pts',(-2.17028869031127,29.999492471418,-2.99906642804433));
#3545=CARTESIAN_POINT('Ctrl Pts',(-2.26691041740641,30.0061086120607,-2.92671667947812));
#3546=CARTESIAN_POINT('Ctrl Pts',(-2.49036223768775,30.021707029933,-2.74168191102277));
#3547=CARTESIAN_POINT('Ctrl Pts',(-2.61332156413954,30.030562078965,-2.62474375487398));
#3548=CARTESIAN_POINT('Ctrl Pts',(-2.88619520511404,30.0519861327368,-2.3269757918201));
#3549=CARTESIAN_POINT('Ctrl Pts',(-3.02776584859613,30.0646899782575,-2.1395231367011));
#3550=CARTESIAN_POINT('Ctrl Pts',(-3.41001812258125,30.1045806668159,-1.51871545042834));
#3551=CARTESIAN_POINT('Ctrl Pts',(-3.58229475717255,30.129946867875,-1.04970563398802));
#3552=CARTESIAN_POINT('Ctrl Pts',(-3.7320327525717,30.1840111296286,-0.0730654200230686));
#3553=CARTESIAN_POINT('Ctrl Pts',(-3.70851353020927,30.2093141426619,0.424674941668172));
#3554=CARTESIAN_POINT('Ctrl Pts',(-3.5571233001288,30.2432422257379,1.02614046347145));
#3555=CARTESIAN_POINT('Ctrl Pts',(-3.51985475621886,30.2502018338121,1.14748208924505));
#3556=CARTESIAN_POINT('Ctrl Pts',(-3.41928825239543,30.2659731747837,1.42349008005894));
#3557=CARTESIAN_POINT('Ctrl Pts',(-3.35160371152011,30.2746964616323,1.57626574771938));
#3558=CARTESIAN_POINT('Ctrl Pts',(-3.16480084027022,30.2959673065492,1.93100847965136));
#3559=CARTESIAN_POINT('Ctrl Pts',(-3.03637960153306,30.3086551800439,2.12723839368167));
#3560=CARTESIAN_POINT('Ctrl Pts',(-2.58146502569849,30.34852277041,2.69643085891286));
#3561=CARTESIAN_POINT('Ctrl Pts',(-2.19824998641646,30.3738883125528,3.01701734146479));
#3562=CARTESIAN_POINT('Ctrl Pts',(-1.32938829128659,30.4279678850617,3.4880398610661));
#3563=CARTESIAN_POINT('Ctrl Pts',(-0.852666639263613,30.4532846228144,3.63409788682275));
#3564=CARTESIAN_POINT('Ctrl Pts',(-0.239323408757732,30.4869991112049,3.69428753512384));
#3565=CARTESIAN_POINT('Ctrl Pts',(-0.116765496367551,30.4937251560834,3.70018962473576));
#3566=CARTESIAN_POINT('Ctrl Pts',(0.128322458980674,30.5068961301785,3.69980135248491));
#3567=CARTESIAN_POINT('Ctrl Pts',(0.25070236583367,30.5133393817692,3.6935277435951));
#3568=CARTESIAN_POINT('Ctrl Pts',(0.862854395820774,30.5458498859567,3.63157583559828));
#3569=CARTESIAN_POINT('Ctrl Pts',(1.33832260892263,30.5730457097975,3.4844998399141));
#3570=CARTESIAN_POINT('Ctrl Pts',(2.20527553703067,30.6252026799767,3.01187726559117));
#3571=CARTESIAN_POINT('Ctrl Pts',(2.58769955171957,30.6524993845211,2.69043824573997));
#3572=CARTESIAN_POINT('Ctrl Pts',(3.20290916735998,30.7047023347187,1.91703955064713));
#3573=CARTESIAN_POINT('Ctrl Pts',(3.42981384624981,30.7319369738918,1.47311350303962));
#3574=CARTESIAN_POINT('Ctrl Pts',(3.6251945728038,30.7702245782985,0.775418742110288));
#3575=CARTESIAN_POINT('Ctrl Pts',(3.66650675997776,30.7824378693971,0.547754090617783));
#3576=CARTESIAN_POINT('Ctrl Pts',(3.69923418702926,30.803165537729,0.168041717299254));
#3577=CARTESIAN_POINT('Ctrl Pts',(3.70300637439176,30.8114348542032,0.0177160761104907));
#3578=CARTESIAN_POINT('Ctrl Pts',(3.690792979038,30.8299652784484,-0.323321924518194));
#3579=CARTESIAN_POINT('Ctrl Pts',(3.66918584084051,30.8399578640708,-0.513383598082355));
#3580=CARTESIAN_POINT('Ctrl Pts',(3.55315491052223,30.8724002393767,-1.11477509053216));
#3581=CARTESIAN_POINT('Ctrl Pts',(3.40319467600466,30.8958258829157,-1.5119194049751));
#3582=CARTESIAN_POINT('Ctrl Pts',(3.07555015617357,30.930024978437,-2.06920672985293));
#3583=CARTESIAN_POINT('Ctrl Pts',(2.9440654073856,30.9418740164528,-2.2523550534441));
#3584=CARTESIAN_POINT('Ctrl Pts',(2.6317727265964,30.9677326368195,-2.61290525976538));
#3585=CARTESIAN_POINT('Ctrl Pts',(2.44775104432441,30.9816867703527,-2.78604292417685));
#3586=CARTESIAN_POINT('Ctrl Pts',(2.0623862948276,31.0074462207425,-3.08072960442651));
#3587=CARTESIAN_POINT('Ctrl Pts',(1.86426546927214,31.0196423707729,-3.20450475417503));
#3588=CARTESIAN_POINT('Ctrl Pts',(1.44278580144542,31.0451104497613,-3.41542258300694));
#3589=CARTESIAN_POINT('Ctrl Pts',(1.21997403925981,31.0583326608132,-3.50120082503617));
#3590=CARTESIAN_POINT('Ctrl Pts',(0.853089860608485,31.0787120764224,-3.60313255703708));
#3591=CARTESIAN_POINT('Ctrl Pts',(0.713627529313661,31.0861863292315,-3.63332697614117));
#3592=CARTESIAN_POINT('Ctrl Pts',(0.382940973951567,31.1039150487666,-3.68514238408021));
#3593=CARTESIAN_POINT('Ctrl Pts',(0.191436533951015,31.1142128963968,-3.7));
#3594=CARTESIAN_POINT('Ctrl Pts',(1.62717062046625E-14,31.1246608258121,
-3.7));
#3595=CARTESIAN_POINT('Origin',(0.,8.,0.));
#3596=CARTESIAN_POINT('',(-4.53119315684521E-16,33.,-3.7));
#3597=CARTESIAN_POINT('',(-2.47598864168443E-14,32.3749637232089,-3.7));
#3598=CARTESIAN_POINT('',(-4.53119315684521E-16,8.,-3.7));
#3599=CARTESIAN_POINT('',(8.80417655214067E-6,32.9998784807378,3.69999999998619));
#3600=CARTESIAN_POINT('Origin',(0.,33.,0.));
#3601=CARTESIAN_POINT('',(7.2040008896413E-15,32.0002391470184,3.7));
#3602=CARTESIAN_POINT('',(0.,32.,3.7));
#3603=CARTESIAN_POINT('Ctrl Pts',(7.21644966006352E-15,32.0002391470184,
3.7));
#3604=CARTESIAN_POINT('Ctrl Pts',(-0.179596869470643,31.9907543452081,3.7));
#3605=CARTESIAN_POINT('Ctrl Pts',(-0.358936431778351,31.9812231326572,3.68692506216401));
#3606=CARTESIAN_POINT('Ctrl Pts',(-0.705748941229379,31.9622287761158,3.63608797886399));
#3607=CARTESIAN_POINT('Ctrl Pts',(-0.872942471476512,31.9528123822654,3.5996090383563));
#3608=CARTESIAN_POINT('Ctrl Pts',(-1.27486918049709,31.9300512661081,3.48225609339225));
#3609=CARTESIAN_POINT('Ctrl Pts',(-1.50512300076796,31.9172088205363,3.38910026526896));
#3610=CARTESIAN_POINT('Ctrl Pts',(-1.89504094152828,31.893690613709,3.18371456916386));
#3611=CARTESIAN_POINT('Ctrl Pts',(-2.05842897190553,31.8831908950662,3.08059751243116));
#3612=CARTESIAN_POINT('Ctrl Pts',(-2.60945020996695,31.8455738746361,2.66935587487398));
#3613=CARTESIAN_POINT('Ctrl Pts',(-2.94254717142147,31.820209592544,2.29697758651527));
#3614=CARTESIAN_POINT('Ctrl Pts',(-3.44180207243114,31.7661606799582,1.44469145428082));
#3615=CARTESIAN_POINT('Ctrl Pts',(-3.60349056538291,31.740870586568,0.973656308762707));
#3616=CARTESIAN_POINT('Ctrl Pts',(-3.6851450486799,31.7067826412783,0.355846329368577));
#3617=CARTESIAN_POINT('Ctrl Pts',(-3.69537737687214,31.699644525077,0.226074188261624));
#3618=CARTESIAN_POINT('Ctrl Pts',(-3.7030530694251,31.6837771198361,-0.0695749283528327));
#3619=CARTESIAN_POINT('Ctrl Pts',(-3.69622629078453,31.6751173674647,-0.235284121041365));
#3620=CARTESIAN_POINT('Ctrl Pts',(-3.65304003685661,31.6539205559405,-0.632429975686224));
#3621=CARTESIAN_POINT('Ctrl Pts',(-3.60578856666425,31.6412405603954,-0.861942078079952));
#3622=CARTESIAN_POINT('Ctrl Pts',(-3.39209215815194,31.6013848219842,-1.55833020345301));
#3623=CARTESIAN_POINT('Ctrl Pts',(-3.15361285208257,31.576020053411,-1.99734897117553));
#3624=CARTESIAN_POINT('Ctrl Pts',(-2.51875404382599,31.5219345774913,-2.75494042995549));
#3625=CARTESIAN_POINT('Ctrl Pts',(-2.12902223322766,31.4966119580317,-3.06612046477725));
#3626=CARTESIAN_POINT('Ctrl Pts',(-1.58257009838836,31.4630084457501,-3.34663732475413));
#3627=CARTESIAN_POINT('Ctrl Pts',(-1.47278567168742,31.456402151641,-3.39638230313169));
#3628=CARTESIAN_POINT('Ctrl Pts',(-1.20309378804422,31.4408084356399,-3.50304375311463));
#3629=CARTESIAN_POINT('Ctrl Pts',(-1.04131300216431,31.4319494056731,-3.55449336053224));
#3630=CARTESIAN_POINT('Ctrl Pts',(-0.648835834149963,31.4105207348221,-3.65019951553788));
#3631=CARTESIAN_POINT('Ctrl Pts',(-0.416357403609825,31.3978164196943,-3.68396215302527));
#3632=CARTESIAN_POINT('Ctrl Pts',(-0.121492426519481,31.3816630473006,-3.69850542530017));
#3633=CARTESIAN_POINT('Ctrl Pts',(-0.0607183223095763,31.3783390221569,
-3.7));
#3634=CARTESIAN_POINT('Ctrl Pts',(-2.16607628688494E-14,31.3750381446777,
-3.7));
#3635=CARTESIAN_POINT('Ctrl Pts',(1.64451785522601E-14,31.1246608258121,
-3.7));
#3636=CARTESIAN_POINT('Ctrl Pts',(-0.232189467670895,31.1373329063137,-3.7));
#3637=CARTESIAN_POINT('Ctrl Pts',(-0.464288858905028,31.1500455852985,-3.67814429427182));
#3638=CARTESIAN_POINT('Ctrl Pts',(-0.915470784592567,31.1743372371434,-3.59209017253018));
#3639=CARTESIAN_POINT('Ctrl Pts',(-1.13336863160498,31.1862636637429,-3.52940118476487));
#3640=CARTESIAN_POINT('Ctrl Pts',(-1.58344454076936,31.2124709465534,-3.35390174787693));
#3641=CARTESIAN_POINT('Ctrl Pts',(-1.81236732090858,31.2266686953269,-3.23593866089951));
#3642=CARTESIAN_POINT('Ctrl Pts',(-2.25833443436235,31.2549324841049,-2.9438480270009));
#3643=CARTESIAN_POINT('Ctrl Pts',(-2.4717480830582,31.2694472654787,-2.76708877795841));
#3644=CARTESIAN_POINT('Ctrl Pts',(-2.77970003075435,31.2936160141332,-2.44771152104566));
#3645=CARTESIAN_POINT('Ctrl Pts',(-2.88758161651067,31.3028499770694,-2.31946005140006));
#3646=CARTESIAN_POINT('Ctrl Pts',(-3.06056531868739,31.3186290652743,-2.08295907329626));
#3647=CARTESIAN_POINT('Ctrl Pts',(-3.1295129306002,31.3252391924271,-1.97785964456804));
#3648=CARTESIAN_POINT('Ctrl Pts',(-3.44228901336327,31.3579452541776,-1.4436458942675));
#3649=CARTESIAN_POINT('Ctrl Pts',(-3.60391227837519,31.3851759031594,-0.972251186399007));
#3650=CARTESIAN_POINT('Ctrl Pts',(-3.73290903394207,31.437365690381,0.00733951944157388));
#3651=CARTESIAN_POINT('Ctrl Pts',(-3.69849863639134,31.464662664889,0.505743807305902));
#3652=CARTESIAN_POINT('Ctrl Pts',(-3.50493385161877,31.5031652979882,1.20842694017116));
#3653=CARTESIAN_POINT('Ctrl Pts',(-3.42143650883538,31.5155921426286,1.42780385027284));
#3654=CARTESIAN_POINT('Ctrl Pts',(-3.24319736616256,31.5375291322475,1.7888680219663));
#3655=CARTESIAN_POINT('Ctrl Pts',(-3.158402516333,31.5468222931733,1.93464985992627));
#3656=CARTESIAN_POINT('Ctrl Pts',(-2.99499400794869,31.562510696878,2.17604023767235));
#3657=CARTESIAN_POINT('Ctrl Pts',(-2.92097540496803,31.5689870738147,2.27443280684748));
#3658=CARTESIAN_POINT('Ctrl Pts',(-2.52616120615621,31.6015657242858,2.74811683851673));
#3659=CARTESIAN_POINT('Ctrl Pts',(-2.13744272942341,31.6288060674901,3.06022306253055));
#3660=CARTESIAN_POINT('Ctrl Pts',(-1.25957774989646,31.6810040358719,3.51398813980709));
#3661=CARTESIAN_POINT('Ctrl Pts',(-0.779075868668435,31.7082998525058,3.65071168995177));
#3662=CARTESIAN_POINT('Ctrl Pts',(-0.0526472350475192,31.7467900178059,
3.70701706476775));
#3663=CARTESIAN_POINT('Ctrl Pts',(0.181810990637353,31.7592015722222,3.70292948812379));
#3664=CARTESIAN_POINT('Ctrl Pts',(0.580168362437976,31.7810388109455,3.65804087917233));
#3665=CARTESIAN_POINT('Ctrl Pts',(0.744567682133455,31.7902449612894,3.62815048418936));
#3666=CARTESIAN_POINT('Ctrl Pts',(1.02937853142537,31.806068718784,3.55618793795072));
#3667=CARTESIAN_POINT('Ctrl Pts',(1.15069332722464,31.8127436913619,3.51880646332996));
#3668=CARTESIAN_POINT('Ctrl Pts',(1.73321776747433,31.8455111139699,3.30595409475287));
#3669=CARTESIAN_POINT('Ctrl Pts',(2.15806363682571,31.8727365602237,3.04567333698274));
#3670=CARTESIAN_POINT('Ctrl Pts',(2.88161465119629,31.9249217427389,2.37296528275738));
#3671=CARTESIAN_POINT('Ctrl Pts',(3.17268136121288,31.9522190628019,1.96691761866191));
#3672=CARTESIAN_POINT('Ctrl Pts',(3.47130125229101,31.9907276702299,1.30191354994489));
#3673=CARTESIAN_POINT('Ctrl Pts',(3.54676452248775,32.0031620918916,1.07952178069686));
#3674=CARTESIAN_POINT('Ctrl Pts',(3.63963716321616,32.0251493699965,0.686792477339911));
#3675=CARTESIAN_POINT('Ctrl Pts',(3.66723819510989,32.0344865416804,0.519620240021418));
#3676=CARTESIAN_POINT('Ctrl Pts',(3.69480260890538,32.050111228272,0.230487852623454));
#3677=CARTESIAN_POINT('Ctrl Pts',(3.70037015586995,32.0564917808817,0.109332501978254));
#3678=CARTESIAN_POINT('Ctrl Pts',(3.69839558787947,32.0889784684913,-0.505582774776405));
#3679=CARTESIAN_POINT('Ctrl Pts',(3.59801405524596,32.1162249357886,-0.993996711687756));
#3680=CARTESIAN_POINT('Ctrl Pts',(3.21116260501999,32.1684277449284,-1.90343560581207));
#3681=CARTESIAN_POINT('Ctrl Pts',(2.92825165786876,32.1957224087895,-2.31516341390799));
#3682=CARTESIAN_POINT('Ctrl Pts',(2.40474957291333,32.2342036184892,-2.82167513525347));
#3683=CARTESIAN_POINT('Ctrl Pts',(2.22168691132981,32.2466045734895,-2.96795775226482));
#3684=CARTESIAN_POINT('Ctrl Pts',(1.8872646332427,32.2683739939332,-3.18680740855652));
#3685=CARTESIAN_POINT('Ctrl Pts',(1.74253576434342,32.2775212129653,-3.26819169013432));
#3686=CARTESIAN_POINT('Ctrl Pts',(1.47587831394534,32.2934442070283,-3.39537542212556));
#3687=CARTESIAN_POINT('Ctrl Pts',(1.3560689465248,32.3002610229291,-3.44497736345258));
#3688=CARTESIAN_POINT('Ctrl Pts',(0.837127874073276,32.3293447300551,-3.62854608557986));
#3689=CARTESIAN_POINT('Ctrl Pts',(0.419820566838355,32.352634413655,-3.70000000000001));
#3690=CARTESIAN_POINT('Ctrl Pts',(-4.88309176988571E-14,32.3749637232089,
-3.7));
#3691=CARTESIAN_POINT('Origin',(0.,0.,0.));
#3692=CARTESIAN_POINT('',(7.5928101547139E-16,-2.50025694592537E-13,6.20000000000023));
#3693=CARTESIAN_POINT('Origin',(0.,0.,-1.645108866855E-14));
#3694=CARTESIAN_POINT('',(3.07,0.,-1.772465326412));
#3695=CARTESIAN_POINT('',(3.07,0.,1.772465326412));
#3696=CARTESIAN_POINT('',(3.07,0.,-1.772465326412));
#3697=CARTESIAN_POINT('',(0.,0.,-3.544930652824));
#3698=CARTESIAN_POINT('',(0.,0.,-3.544930652824));
#3699=CARTESIAN_POINT('',(-3.07,0.,-1.772465326412));
#3700=CARTESIAN_POINT('',(-3.07,0.,-1.772465326412));
#3701=CARTESIAN_POINT('',(-3.07,0.,1.772465326412));
#3702=CARTESIAN_POINT('',(-3.07,0.,1.772465326412));
#3703=CARTESIAN_POINT('',(0.,0.,3.544930652824));
#3704=CARTESIAN_POINT('',(0.,0.,3.544930652824));
#3705=CARTESIAN_POINT('',(3.07,0.,1.772465326412));
#3706=CARTESIAN_POINT('Origin',(3.07,0.,-1.772465326412));
#3707=CARTESIAN_POINT('',(3.07,4.,1.772465326412));
#3708=CARTESIAN_POINT('',(3.07,0.,1.772465326412));
#3709=CARTESIAN_POINT('',(3.07,4.,-1.772465326412));
#3710=CARTESIAN_POINT('',(3.07,4.,-1.772465326412));
#3711=CARTESIAN_POINT('',(3.07,0.,-1.772465326412));
#3712=CARTESIAN_POINT('Origin',(0.,0.,-3.544930652824));
#3713=CARTESIAN_POINT('',(0.,4.,-3.544930652824));
#3714=CARTESIAN_POINT('',(0.,4.,-3.544930652824));
#3715=CARTESIAN_POINT('',(0.,0.,-3.544930652824));
#3716=CARTESIAN_POINT('Origin',(-3.07,0.,-1.772465326412));
#3717=CARTESIAN_POINT('',(-3.07,4.,-1.772465326412));
#3718=CARTESIAN_POINT('',(-3.07,4.,-1.772465326412));
#3719=CARTESIAN_POINT('',(-3.07,0.,-1.772465326412));
#3720=CARTESIAN_POINT('Origin',(-3.07,0.,1.772465326412));
#3721=CARTESIAN_POINT('',(-3.07,4.,1.772465326412));
#3722=CARTESIAN_POINT('',(-3.07,4.,1.772465326412));
#3723=CARTESIAN_POINT('',(-3.07,0.,1.772465326412));
#3724=CARTESIAN_POINT('Origin',(0.,0.,3.544930652824));
#3725=CARTESIAN_POINT('',(0.,4.,3.544930652824));
#3726=CARTESIAN_POINT('',(0.,4.,3.544930652824));
#3727=CARTESIAN_POINT('',(0.,0.,3.544930652824));
#3728=CARTESIAN_POINT('Origin',(3.07,0.,1.772465326412));
#3729=CARTESIAN_POINT('',(3.07,4.,1.772465326412));
#3730=CARTESIAN_POINT('Origin',(0.,4.,0.));
#3731=CARTESIAN_POINT('Origin',(0.,0.1499999998505,-1.645108866855E-14));
#3732=CARTESIAN_POINT('',(-6.5,0.3,0.));
#3733=CARTESIAN_POINT('',(7.96020419445811E-16,0.299999999999759,6.50000000000024));
#3734=CARTESIAN_POINT('Origin',(0.,0.3,0.));
#3735=CARTESIAN_POINT('',(7.77650717440322E-16,0.1499999998505,6.34999999985098));
#3736=CARTESIAN_POINT('Origin',(0.,0.3,0.));
#3737=CARTESIAN_POINT('Origin',(0.,0.,0.));
#3738=CARTESIAN_POINT('',(-6.5,7.7,0.));
#3739=CARTESIAN_POINT('',(-7.9602041944578E-16,7.7,6.5));
#3740=CARTESIAN_POINT('Origin',(0.,7.7,0.));
#3741=CARTESIAN_POINT('',(-6.5,0.,7.9602041944578E-16));
#3742=CARTESIAN_POINT('Origin',(0.,7.7,0.));
#3743=CARTESIAN_POINT('Origin',(0.,7.850000000149,0.));
#3744=CARTESIAN_POINT('',(-7.59281015471359E-16,8.,6.2));
#3745=CARTESIAN_POINT('',(-7.77650717440322E-16,7.850000000149,6.349999999851));
#3746=CARTESIAN_POINT('Origin',(0.,8.,0.));
#3747=CARTESIAN_POINT('Origin',(0.,8.,0.));
#3748=CARTESIAN_POINT('',(2.35109148705612,8.0006546845677,-3.23421411538587));
#3749=CARTESIAN_POINT('Ctrl Pts',(2.35036071554251,8.,-3.23322692588937));
#3750=CARTESIAN_POINT('Ctrl Pts',(1.98523249075908,8.,-3.48344045741858));
#3751=CARTESIAN_POINT('Ctrl Pts',(1.51407376501076,8.00000000000922,-3.72132130673946));
#3752=CARTESIAN_POINT('Ctrl Pts',(0.41975360478349,8.00000000000922,-3.94630092234962));
#3753=CARTESIAN_POINT('Ctrl Pts',(-0.108068375537012,8.00000000000921,-3.95002581731247));
#3754=CARTESIAN_POINT('Ctrl Pts',(-1.12977136712846,8.00000000000921,-3.7579736007027));
#3755=CARTESIAN_POINT('Ctrl Pts',(-1.59170886086324,8.00000000000921,-3.56826032510867));
#3756=CARTESIAN_POINT('Ctrl Pts',(-2.42338766959032,8.00000000000921,-3.02126945844858));
#3757=CARTESIAN_POINT('Ctrl Pts',(-2.78700410635129,8.00000000000921,-2.66681087622723));
#3758=CARTESIAN_POINT('Ctrl Pts',(-3.35532872650537,8.00000000000921,-1.8471495082265));
#3759=CARTESIAN_POINT('Ctrl Pts',(-3.55094038614992,8.0000000000092,-1.39346508075527));
#3760=CARTESIAN_POINT('Ctrl Pts',(-3.72572620941411,8.0000000000092,-0.564766303518265));
#3761=CARTESIAN_POINT('Ctrl Pts',(-3.75085821692715,8.0000000000092,-0.213718117586354));
#3762=CARTESIAN_POINT('Ctrl Pts',(-3.7052073956822,8.0000000000092,0.486375175312457));
#3763=CARTESIAN_POINT('Ctrl Pts',(-3.63507754636727,8.,0.822534407879317));
#3764=CARTESIAN_POINT('Ctrl Pts',(-3.51886630386062,8.,1.14330731943676));
#3765=CARTESIAN_POINT('Ctrl Pts',(0.00452821854258262,8.,3.69999722908502));
#3766=CARTESIAN_POINT('Ctrl Pts',(0.408167230511558,8.,3.71229283202585));
#3767=CARTESIAN_POINT('Ctrl Pts',(0.814624606481788,8.,3.65856532044363));
#3768=CARTESIAN_POINT('Ctrl Pts',(1.59485328014261,8.,3.42094893730228));
#3769=CARTESIAN_POINT('Ctrl Pts',(1.96740901417064,8.,3.23603469570416));
#3770=CARTESIAN_POINT('Ctrl Pts',(2.75716019744722,8.,2.66906297359443));
#3771=CARTESIAN_POINT('Ctrl Pts',(3.08138875309773,8.,2.28207550049968));
#3772=CARTESIAN_POINT('Ctrl Pts',(3.61546884443592,8.,1.42774336525326));
#3773=CARTESIAN_POINT('Ctrl Pts',(3.76505279460456,7.99999999999999,0.936356821480507));
#3774=CARTESIAN_POINT('Ctrl Pts',(3.93379772409808,7.99999999999999,-0.051339949105792));
#3775=CARTESIAN_POINT('Ctrl Pts',(3.88528471899043,7.99999999999998,-0.569114075021152));
#3776=CARTESIAN_POINT('Ctrl Pts',(3.67523558775936,7.99999999999998,-1.50342629136017));
#3777=CARTESIAN_POINT('Ctrl Pts',(3.46827548259041,7.99999999999998,-1.91996444085989));
#3778=CARTESIAN_POINT('Ctrl Pts',(3.02604410721613,7.99999999999998,-2.61414021239471));
#3779=CARTESIAN_POINT('Ctrl Pts',(2.71595132672037,8.,-2.95371545291843));
#3780=CARTESIAN_POINT('Ctrl Pts',(2.3518067639717,8.,-3.23521258874112));
#3781=CARTESIAN_POINT('Origin',(0.,8.,0.));
#3782=CARTESIAN_POINT('Ctrl Pts',(-4.88309176988571E-14,32.3749637232089,
-3.7));
#3783=CARTESIAN_POINT('Ctrl Pts',(-0.0720619358295517,32.3787965351274,
-3.7));
#3784=CARTESIAN_POINT('Ctrl Pts',(-0.144197728267666,32.3826048545627,-3.69789475315149));
#3785=CARTESIAN_POINT('Ctrl Pts',(-0.71010455464047,32.4125481223113,-3.66475332185643));
#3786=CARTESIAN_POINT('Ctrl Pts',(-1.19311557563427,32.4398456493886,-3.53710957238196));
#3787=CARTESIAN_POINT('Ctrl Pts',(-2.07922091402754,32.4920383032608,-3.10004459602907));
#3788=CARTESIAN_POINT('Ctrl Pts',(-2.47361989101367,32.5192587920378,-2.79547149631286));
#3789=CARTESIAN_POINT('Ctrl Pts',(-2.94755933939036,32.5575132483763,-2.24833308322686));
#3790=CARTESIAN_POINT('Ctrl Pts',(-3.08183358431395,32.5696988922219,-2.0604383368326));
#3791=CARTESIAN_POINT('Ctrl Pts',(-3.33878075531969,32.5974718836523,-1.61899108444616));
#3792=CARTESIAN_POINT('Ctrl Pts',(-3.45182588614491,32.6128233138963,-1.36143653343173));
#3793=CARTESIAN_POINT('Ctrl Pts',(-3.60350952044376,32.6399368911215,-0.871163658119462));
#3794=CARTESIAN_POINT('Ctrl Pts',(-3.65117361035024,32.6522734974168,-0.642754758662484));
#3795=CARTESIAN_POINT('Ctrl Pts',(-3.69483575178117,32.6736524693201,-0.252491131001251));
#3796=CARTESIAN_POINT('Ctrl Pts',(-3.70229435597698,32.682464065567,-0.0926176212900595));
#3797=CARTESIAN_POINT('Ctrl Pts',(-3.69670544280642,32.6990917490471,0.214891144526049));
#3798=CARTESIAN_POINT('Ctrl Pts',(-3.68518520401996,32.7068495025224,0.362241494717845));
#3799=CARTESIAN_POINT('Ctrl Pts',(-3.63162185273583,32.7274491863485,0.748272189349463));
#3800=CARTESIAN_POINT('Ctrl Pts',(-3.57491111820324,32.740430179099,0.98416856899245));
#3801=CARTESIAN_POINT('Ctrl Pts',(-3.456888485109,32.7601184275555,1.32433099324496));
#3802=CARTESIAN_POINT('Ctrl Pts',(-3.4128866160001,32.7665967116572,1.43392326316952));
#3803=CARTESIAN_POINT('Ctrl Pts',(-3.30533060632335,32.7805401631674,1.66866403443464));
#3804=CARTESIAN_POINT('Ctrl Pts',(-3.23974457407089,32.7879084500593,1.79268101597856));
#3805=CARTESIAN_POINT('Ctrl Pts',(-2.9129514363033,32.8213148539192,2.33383115026573));
#3806=CARTESIAN_POINT('Ctrl Pts',(-2.57717080479276,32.8484644595463,2.70004198879745));
#3807=CARTESIAN_POINT('Ctrl Pts',(-1.86807539596515,32.8948234996199,3.21697690055226));
#3808=CARTESIAN_POINT('Ctrl Pts',(-1.52298376717042,32.9159785685667,3.39397671940838));
#3809=CARTESIAN_POINT('Ctrl Pts',(-1.0368969059165,32.9435371827468,3.55398365320194));
#3810=CARTESIAN_POINT('Ctrl Pts',(-0.914971064567807,32.9501817718215,3.58730876598631));
#3811=CARTESIAN_POINT('Ctrl Pts',(-0.531549616845445,32.9709130833912,3.67128217627047));
#3812=CARTESIAN_POINT('Ctrl Pts',(-0.266149765605028,32.9851904744917,3.70000099079267));
#3813=CARTESIAN_POINT('Ctrl Pts',(1.3773591040489E-5,32.9997569614756,3.69999999997436));
#3814=CARTESIAN_POINT('Origin',(0.,33.,0.));
#3815=CARTESIAN_POINT('Origin',(0.,33.,3.7));
#3816=CARTESIAN_POINT('',(6.900119960958E-11,32.4999976780458,3.99984337715395));
#3817=CARTESIAN_POINT('Ctrl Pts',(7.1080783737393E-17,32.4999976778614,
3.99984337684666));
#3818=CARTESIAN_POINT('Ctrl Pts',(2.07189436668778E-16,32.5833094110351,
3.94985829422073));
#3819=CARTESIAN_POINT('Ctrl Pts',(8.11615075582394E-14,32.6666211442092,
3.89987321159535));
#3820=CARTESIAN_POINT('Ctrl Pts',(8.11615075582394E-14,32.8332393048581,
3.7999062296395));
#3821=CARTESIAN_POINT('Ctrl Pts',(5.77300272108195E-17,32.9165457323329,
3.74992433030902));
#3822=CARTESIAN_POINT('Ctrl Pts',(-3.6741105740788E-17,32.9998521598074,
3.699942430978));
#3823=CARTESIAN_POINT('Ctrl Pts',(-1.03715943152226E-17,32.0002391470184,
3.7));
#3824=CARTESIAN_POINT('Ctrl Pts',(-2.12340097633721E-16,32.0835147290166,
3.74996339276992));
#3825=CARTESIAN_POINT('Ctrl Pts',(-7.9411832788674E-14,32.1667903110151,
3.79992678553928));
#3826=CARTESIAN_POINT('Ctrl Pts',(-7.9411832788674E-14,32.333376487963,
3.89987457802596));
#3827=CARTESIAN_POINT('Ctrl Pts',(-1.48626242226651E-16,32.4166870829124,
3.94985897774328));
#3828=CARTESIAN_POINT('Ctrl Pts',(-1.31968536807747E-17,32.4999976778615,
3.99984337746114));
#3829=CARTESIAN_POINT('Ctrl Pts',(1.771209998686,32.06098076639,3.221819027127));
#3830=CARTESIAN_POINT('Ctrl Pts',(1.332605469257,32.03389743306,3.462943907653));
#3831=CARTESIAN_POINT('Ctrl Pts',(0.3557825754107,31.97973076639,3.763429355989));
#3832=CARTESIAN_POINT('Ctrl Pts',(-1.168161985495,31.89848076639,3.59521117323));
#3833=CARTESIAN_POINT('Ctrl Pts',(-2.499904525906,31.81723076639,2.83558642587));
#3834=CARTESIAN_POINT('Ctrl Pts',(-3.420449345294,31.73598076639,1.609541336483));
#3835=CARTESIAN_POINT('Ctrl Pts',(-3.778358288385,31.65473076639,0.1187396070301));
#3836=CARTESIAN_POINT('Ctrl Pts',(-3.514763213395,31.57348076639,-1.391593158556));
#3837=CARTESIAN_POINT('Ctrl Pts',(-2.673021847498,31.49223076639,-2.673021865905));
#3838=CARTESIAN_POINT('Ctrl Pts',(-1.391593186107,31.41098076639,-3.514763167318));
#3839=CARTESIAN_POINT('Ctrl Pts',(0.1187396988295,31.32973076639,-3.778358454285));
#3840=CARTESIAN_POINT('Ctrl Pts',(1.609540996837,31.24848076639,-3.42044872777));
#3841=CARTESIAN_POINT('Ctrl Pts',(2.835587692655,31.16723076639,-2.4999068301));
#3842=CARTESIAN_POINT('Ctrl Pts',(3.595206445738,31.08598076639,-1.16815338624));
#3843=CARTESIAN_POINT('Ctrl Pts',(3.763446999171,31.00473076639,0.355750482587));
#3844=CARTESIAN_POINT('Ctrl Pts',(3.312635338248,30.92348076639,1.821136688221));
#3845=CARTESIAN_POINT('Ctrl Pts',(2.316925810598,30.84223076639,2.986962756645));
#3846=CARTESIAN_POINT('Ctrl Pts',(0.9401034218365,30.76098076639,3.661461085093));
#3847=CARTESIAN_POINT('Ctrl Pts',(-0.5913572825742,30.67973076639,3.733682938567));
#3848=CARTESIAN_POINT('Ctrl Pts',(-2.025545184865,30.59848076639,3.191748490321));
#3849=CARTESIAN_POINT('Ctrl Pts',(-3.12654964331,30.51723076639,2.124800943458));
#3850=CARTESIAN_POINT('Ctrl Pts',(-3.713265610291,30.43598076639,0.7083432987104));
#3851=CARTESIAN_POINT('Ctrl Pts',(-3.689183737166,30.35473076639,-0.8246302655301));
#3852=CARTESIAN_POINT('Ctrl Pts',(-3.058265269274,30.27348076639,-2.221959780049));
#3853=CARTESIAN_POINT('Ctrl Pts',(-1.924290457723,30.19223076639,-3.253797466917));
#3854=CARTESIAN_POINT('Ctrl Pts',(-0.4737876681955,30.11098076639,-3.750415572555));
#3855=CARTESIAN_POINT('Ctrl Pts',(1.054648809566,30.02973076639,-3.630125012983));
#3856=CARTESIAN_POINT('Ctrl Pts',(2.409605315098,29.94848076639,-2.912712472396));
#3857=CARTESIAN_POINT('Ctrl Pts',(3.368204038441,29.86723076639,-1.716185676676));
#3858=CARTESIAN_POINT('Ctrl Pts',(3.772764357956,29.78598076639,-0.2373622142072));
#3859=CARTESIAN_POINT('Ctrl Pts',(3.556739843819,29.70473076639,1.280505136573));
#3860=CARTESIAN_POINT('Ctrl Pts',(2.755664530082,29.62348076639,2.587741238812));
#3861=CARTESIAN_POINT('Ctrl Pts',(1.501307894814,29.54223076639,3.469317847412));
#3862=CARTESIAN_POINT('Ctrl Pts',(0.,29.46098076639,3.780223766049));
#3863=CARTESIAN_POINT('Ctrl Pts',(-1.501307894814,29.37973076639,3.469317847412));
#3864=CARTESIAN_POINT('Ctrl Pts',(-2.755664530082,29.29848076639,2.587741238812));
#3865=CARTESIAN_POINT('Ctrl Pts',(-3.556739843819,29.21723076639,1.280505136573));
#3866=CARTESIAN_POINT('Ctrl Pts',(-3.772764357956,29.13598076639,-0.2373622142073));
#3867=CARTESIAN_POINT('Ctrl Pts',(-3.368204038441,29.05473076639,-1.716185676676));
#3868=CARTESIAN_POINT('Ctrl Pts',(-2.409605315098,28.97348076639,-2.912712472396));
#3869=CARTESIAN_POINT('Ctrl Pts',(-1.054648809566,28.89223076639,-3.630125012983));
#3870=CARTESIAN_POINT('Ctrl Pts',(0.4737876681955,28.81098076639,-3.750415572555));
#3871=CARTESIAN_POINT('Ctrl Pts',(1.924290457723,28.72973076639,-3.253797466917));
#3872=CARTESIAN_POINT('Ctrl Pts',(3.058265269274,28.64848076639,-2.221959780049));
#3873=CARTESIAN_POINT('Ctrl Pts',(3.689183737166,28.56723076639,-0.8246302655301));
#3874=CARTESIAN_POINT('Ctrl Pts',(3.713265610291,28.48598076639,0.7083432987104));
#3875=CARTESIAN_POINT('Ctrl Pts',(3.12654964331,28.40473076639,2.124800943458));
#3876=CARTESIAN_POINT('Ctrl Pts',(2.025545184865,28.32348076639,3.191748490321));
#3877=CARTESIAN_POINT('Ctrl Pts',(0.5913572825742,28.24223076639,3.733682938567));
#3878=CARTESIAN_POINT('Ctrl Pts',(-0.9401034218365,28.16098076639,3.661461085093));
#3879=CARTESIAN_POINT('Ctrl Pts',(-2.316925810598,28.07973076639,2.986962756645));
#3880=CARTESIAN_POINT('Ctrl Pts',(-3.312635338248,27.99848076639,1.821136688221));
#3881=CARTESIAN_POINT('Ctrl Pts',(-3.763446999171,27.91723076639,0.355750482587));
#3882=CARTESIAN_POINT('Ctrl Pts',(-3.595206445738,27.83598076639,-1.16815338624));
#3883=CARTESIAN_POINT('Ctrl Pts',(-2.835587692655,27.75473076639,-2.4999068301));
#3884=CARTESIAN_POINT('Ctrl Pts',(-1.609540996837,27.67348076639,-3.42044872777));
#3885=CARTESIAN_POINT('Ctrl Pts',(-0.1187396988295,27.59223076639,-3.778358454285));
#3886=CARTESIAN_POINT('Ctrl Pts',(1.391593186107,27.51098076639,-3.514763167318));
#3887=CARTESIAN_POINT('Ctrl Pts',(2.673021847498,27.42973076639,-2.673021865905));
#3888=CARTESIAN_POINT('Ctrl Pts',(3.514763213395,27.34848076639,-1.391593158556));
#3889=CARTESIAN_POINT('Ctrl Pts',(3.778358288385,27.26723076639,0.1187396070301));
#3890=CARTESIAN_POINT('Ctrl Pts',(3.420449345294,27.18598076639,1.609541336483));
#3891=CARTESIAN_POINT('Ctrl Pts',(2.499904525906,27.10473076639,2.83558642587));
#3892=CARTESIAN_POINT('Ctrl Pts',(1.168161985495,27.02348076639,3.59521117323));
#3893=CARTESIAN_POINT('Ctrl Pts',(-0.3557825754108,26.94223076639,3.763429355989));
#3894=CARTESIAN_POINT('Ctrl Pts',(-1.332605469257,26.88806409973,3.462943907653));
#3895=CARTESIAN_POINT('Ctrl Pts',(-1.771209998686,26.86098076639,3.221819027127));
#3896=CARTESIAN_POINT('Ctrl Pts',(1.826904429756,32.25366025546,3.323126821155));
#3897=CARTESIAN_POINT('Ctrl Pts',(1.374508294731,32.22657692213,3.571833701019));
#3898=CARTESIAN_POINT('Ctrl Pts',(0.3669699039245,32.17241025546,3.881767699274));
#3899=CARTESIAN_POINT('Ctrl Pts',(-1.204894003284,32.09116025546,3.708260016122));
#3900=CARTESIAN_POINT('Ctrl Pts',(-2.578512234988,32.00991025546,2.924749412109));
#3901=CARTESIAN_POINT('Ctrl Pts',(-3.528002927553,31.92866025546,1.660152212148));
#3902=CARTESIAN_POINT('Ctrl Pts',(-3.897166061267,31.84741025546,0.1224732890125));
#3903=CARTESIAN_POINT('Ctrl Pts',(-3.625282427753,31.76616025546,-1.435350809712));
#3904=CARTESIAN_POINT('Ctrl Pts',(-2.757073106889,31.68491025546,-2.757073125875));
#3905=CARTESIAN_POINT('Ctrl Pts',(-1.43535083813,31.60366025546,-3.625282380227));
#3906=CARTESIAN_POINT('Ctrl Pts',(0.1224733836984,31.52241025546,-3.897166232384));
#3907=CARTESIAN_POINT('Ctrl Pts',(1.660151861822,31.44116025546,-3.528002290611));
#3908=CARTESIAN_POINT('Ctrl Pts',(2.924750718727,31.35991025546,-2.578514611636));
#3909=CARTESIAN_POINT('Ctrl Pts',(3.708255139978,31.27866025546,-1.204885133632));
#3910=CARTESIAN_POINT('Ctrl Pts',(3.881785897234,31.19741025546,0.3669368019649));
#3911=CARTESIAN_POINT('Ctrl Pts',(3.416798786198,31.11616025546,1.87840102832));
#3912=CARTESIAN_POINT('Ctrl Pts',(2.389779884903,31.03491025546,3.080885663292));
#3913=CARTESIAN_POINT('Ctrl Pts',(0.9696643012722,30.95366025546,3.776593109061));
#3914=CARTESIAN_POINT('Ctrl Pts',(-0.609952089196,30.87241025546,3.851085927041));
#3915=CARTESIAN_POINT('Ctrl Pts',(-2.089237003883,30.79116025546,3.292110737836));
#3916=CARTESIAN_POINT('Ctrl Pts',(-3.224861759731,30.70991025546,2.191613788784));
#3917=CARTESIAN_POINT('Ctrl Pts',(-3.830026590486,30.62866025546,0.7306166469037));
#3918=CARTESIAN_POINT('Ctrl Pts',(-3.805187480092,30.54741025546,-0.8505601741892));
#3919=CARTESIAN_POINT('Ctrl Pts',(-3.154430232412,30.46616025546,-2.291827715473));
#3920=CARTESIAN_POINT('Ctrl Pts',(-1.984798394295,30.38491025546,-3.356110800103));
#3921=CARTESIAN_POINT('Ctrl Pts',(-0.4886855824168,30.30366025546,-3.868344706732));
#3922=CARTESIAN_POINT('Ctrl Pts',(1.087811486759,30.22241025546,-3.744271696584));
#3923=CARTESIAN_POINT('Ctrl Pts',(2.485373630107,30.14116025546,-3.004300631983));
#3924=CARTESIAN_POINT('Ctrl Pts',(3.474114804409,30.05991025546,-1.770149907312));
#3925=CARTESIAN_POINT('Ctrl Pts',(3.891396233699,29.97866025546,-0.2448258991953));
#3926=CARTESIAN_POINT('Ctrl Pts',(3.668578983285,29.89741025546,1.320769704364));
#3927=CARTESIAN_POINT('Ctrl Pts',(2.842314429494,29.81616025546,2.669110910482));
#3928=CARTESIAN_POINT('Ctrl Pts',(1.548515447348,29.73491025546,3.578408064753));
#3929=CARTESIAN_POINT('Ctrl Pts',(0.,29.65366025546,3.899090197542));
#3930=CARTESIAN_POINT('Ctrl Pts',(-1.548515447348,29.57241025546,3.578408064753));
#3931=CARTESIAN_POINT('Ctrl Pts',(-2.842314429494,29.49116025546,2.669110910482));
#3932=CARTESIAN_POINT('Ctrl Pts',(-3.668578983285,29.40991025546,1.320769704364));
#3933=CARTESIAN_POINT('Ctrl Pts',(-3.891396233699,29.32866025546,-0.2448258991953));
#3934=CARTESIAN_POINT('Ctrl Pts',(-3.474114804409,29.24741025546,-1.770149907312));
#3935=CARTESIAN_POINT('Ctrl Pts',(-2.485373630107,29.16616025546,-3.004300631983));
#3936=CARTESIAN_POINT('Ctrl Pts',(-1.087811486759,29.08491025546,-3.744271696584));
#3937=CARTESIAN_POINT('Ctrl Pts',(0.4886855824168,29.00366025546,-3.868344706732));
#3938=CARTESIAN_POINT('Ctrl Pts',(1.984798394295,28.92241025546,-3.356110800103));
#3939=CARTESIAN_POINT('Ctrl Pts',(3.154430232412,28.84116025546,-2.291827715473));
#3940=CARTESIAN_POINT('Ctrl Pts',(3.805187480092,28.75991025546,-0.8505601741892));
#3941=CARTESIAN_POINT('Ctrl Pts',(3.830026590486,28.67866025546,0.7306166469037));
#3942=CARTESIAN_POINT('Ctrl Pts',(3.224861759731,28.59741025546,2.191613788784));
#3943=CARTESIAN_POINT('Ctrl Pts',(2.089237003883,28.51616025546,3.292110737836));
#3944=CARTESIAN_POINT('Ctrl Pts',(0.609952089196,28.43491025546,3.851085927041));
#3945=CARTESIAN_POINT('Ctrl Pts',(-0.9696643012721,28.35366025546,3.776593109061));
#3946=CARTESIAN_POINT('Ctrl Pts',(-2.389779884903,28.27241025546,3.080885663292));
#3947=CARTESIAN_POINT('Ctrl Pts',(-3.416798786198,28.19116025546,1.87840102832));
#3948=CARTESIAN_POINT('Ctrl Pts',(-3.881785897234,28.10991025546,0.3669368019649));
#3949=CARTESIAN_POINT('Ctrl Pts',(-3.708255139978,28.02866025546,-1.204885133632));
#3950=CARTESIAN_POINT('Ctrl Pts',(-2.924750718727,27.94741025546,-2.578514611636));
#3951=CARTESIAN_POINT('Ctrl Pts',(-1.660151861822,27.86616025546,-3.528002290611));
#3952=CARTESIAN_POINT('Ctrl Pts',(-0.1224733836984,27.78491025546,-3.897166232384));
#3953=CARTESIAN_POINT('Ctrl Pts',(1.43535083813,27.70366025546,-3.625282380227));
#3954=CARTESIAN_POINT('Ctrl Pts',(2.757073106889,27.62241025546,-2.757073125875));
#3955=CARTESIAN_POINT('Ctrl Pts',(3.625282427753,27.54116025546,-1.435350809712));
#3956=CARTESIAN_POINT('Ctrl Pts',(3.897166061267,27.45991025546,0.1224732890125));
#3957=CARTESIAN_POINT('Ctrl Pts',(3.528002927553,27.37866025546,1.660152212148));
#3958=CARTESIAN_POINT('Ctrl Pts',(2.578512234988,27.29741025546,2.924749412109));
#3959=CARTESIAN_POINT('Ctrl Pts',(1.204894003284,27.21616025546,3.708260016122));
#3960=CARTESIAN_POINT('Ctrl Pts',(-0.3669699039246,27.13491025546,3.881767699274));
#3961=CARTESIAN_POINT('Ctrl Pts',(-1.374508294731,27.0807435888,3.571833701019));
#3962=CARTESIAN_POINT('Ctrl Pts',(-1.826904429756,27.05366025546,3.323126821155));
#3963=CARTESIAN_POINT('Ctrl Pts',(1.882598860827,32.44633974454,3.424434615183));
#3964=CARTESIAN_POINT('Ctrl Pts',(1.416411120204,32.4192564112,3.680723494386));
#3965=CARTESIAN_POINT('Ctrl Pts',(0.3781572324383,32.36508974454,4.00010604256));
#3966=CARTESIAN_POINT('Ctrl Pts',(-1.241626021073,32.28383974454,3.821308859014));
#3967=CARTESIAN_POINT('Ctrl Pts',(-2.65711994407,32.20258974454,3.013912398348));
#3968=CARTESIAN_POINT('Ctrl Pts',(-3.635556509811,32.12133974454,1.710763087813));
#3969=CARTESIAN_POINT('Ctrl Pts',(-4.01597383415,32.04008974454,0.1262069709948));
#3970=CARTESIAN_POINT('Ctrl Pts',(-3.73580164211,31.95883974454,-1.479108460868));
#3971=CARTESIAN_POINT('Ctrl Pts',(-2.841124366279,31.87758974454,-2.841124385844));
#3972=CARTESIAN_POINT('Ctrl Pts',(-1.479108490153,31.79633974454,-3.735801593136));
#3973=CARTESIAN_POINT('Ctrl Pts',(0.1262070685674,31.71508974454,-4.015974010483));
#3974=CARTESIAN_POINT('Ctrl Pts',(1.710762726807,31.63383974454,-3.635555853452));
#3975=CARTESIAN_POINT('Ctrl Pts',(3.013913744799,31.55258974454,-2.657122393172));
#3976=CARTESIAN_POINT('Ctrl Pts',(3.821303834217,31.47133974454,-1.241616881024));
#3977=CARTESIAN_POINT('Ctrl Pts',(4.000124795296,31.39008974454,0.3781231213428));
#3978=CARTESIAN_POINT('Ctrl Pts',(3.520962234148,31.30883974454,1.93566536842));
#3979=CARTESIAN_POINT('Ctrl Pts',(2.462633959207,31.22758974454,3.17480856994));
#3980=CARTESIAN_POINT('Ctrl Pts',(0.9992251807078,31.14633974454,3.891725133028));
#3981=CARTESIAN_POINT('Ctrl Pts',(-0.6285468958179,31.06508974454,3.968488915514));
#3982=CARTESIAN_POINT('Ctrl Pts',(-2.1529288229,30.98383974454,3.39247298535));
#3983=CARTESIAN_POINT('Ctrl Pts',(-3.323173876152,30.90258974454,2.258426634111));
#3984=CARTESIAN_POINT('Ctrl Pts',(-3.946787570682,30.82133974454,0.752889995097));
#3985=CARTESIAN_POINT('Ctrl Pts',(-3.921191223018,30.74008974454,-0.8764900828484));
#3986=CARTESIAN_POINT('Ctrl Pts',(-3.250595195551,30.65883974454,-2.361695650897));
#3987=CARTESIAN_POINT('Ctrl Pts',(-2.045306330867,30.57758974454,-3.458424133289));
#3988=CARTESIAN_POINT('Ctrl Pts',(-0.5035834966381,30.49633974454,-3.986273840909));
#3989=CARTESIAN_POINT('Ctrl Pts',(1.120974163952,30.41508974454,-3.858418380186));
#3990=CARTESIAN_POINT('Ctrl Pts',(2.561141945116,30.33383974454,-3.09588879157));
#3991=CARTESIAN_POINT('Ctrl Pts',(3.580025570376,30.25258974454,-1.824114137947));
#3992=CARTESIAN_POINT('Ctrl Pts',(4.010028109442,30.17133974454,-0.2522895841833));
#3993=CARTESIAN_POINT('Ctrl Pts',(3.780418122751,30.09008974454,1.361034272155));
#3994=CARTESIAN_POINT('Ctrl Pts',(2.928964328906,30.00883974454,2.750480582153));
#3995=CARTESIAN_POINT('Ctrl Pts',(1.595722999883,29.92758974454,3.687498282094));
#3996=CARTESIAN_POINT('Ctrl Pts',(0.,29.84633974454,4.017956629035));
#3997=CARTESIAN_POINT('Ctrl Pts',(-1.595722999883,29.76508974454,3.687498282094));
#3998=CARTESIAN_POINT('Ctrl Pts',(-2.928964328906,29.68383974454,2.750480582153));
#3999=CARTESIAN_POINT('Ctrl Pts',(-3.780418122751,29.60258974454,1.361034272155));
#4000=CARTESIAN_POINT('Ctrl Pts',(-4.010028109442,29.52133974454,-0.2522895841834));
#4001=CARTESIAN_POINT('Ctrl Pts',(-3.580025570376,29.44008974454,-1.824114137947));
#4002=CARTESIAN_POINT('Ctrl Pts',(-2.561141945116,29.35883974454,-3.09588879157));
#4003=CARTESIAN_POINT('Ctrl Pts',(-1.120974163952,29.27758974454,-3.858418380186));
#4004=CARTESIAN_POINT('Ctrl Pts',(0.5035834966381,29.19633974454,-3.986273840909));
#4005=CARTESIAN_POINT('Ctrl Pts',(2.045306330867,29.11508974454,-3.458424133289));
#4006=CARTESIAN_POINT('Ctrl Pts',(3.250595195551,29.03383974454,-2.361695650897));
#4007=CARTESIAN_POINT('Ctrl Pts',(3.921191223018,28.95258974454,-0.8764900828484));
#4008=CARTESIAN_POINT('Ctrl Pts',(3.946787570682,28.87133974454,0.752889995097));
#4009=CARTESIAN_POINT('Ctrl Pts',(3.323173876152,28.79008974454,2.258426634111));
#4010=CARTESIAN_POINT('Ctrl Pts',(2.1529288229,28.70883974454,3.39247298535));
#4011=CARTESIAN_POINT('Ctrl Pts',(0.6285468958179,28.62758974454,3.968488915514));
#4012=CARTESIAN_POINT('Ctrl Pts',(-0.9992251807078,28.54633974454,3.891725133028));
#4013=CARTESIAN_POINT('Ctrl Pts',(-2.462633959207,28.46508974454,3.17480856994));
#4014=CARTESIAN_POINT('Ctrl Pts',(-3.520962234148,28.38383974454,1.935665368419));
#4015=CARTESIAN_POINT('Ctrl Pts',(-4.000124795296,28.30258974454,0.3781231213429));
#4016=CARTESIAN_POINT('Ctrl Pts',(-3.821303834217,28.22133974454,-1.241616881024));
#4017=CARTESIAN_POINT('Ctrl Pts',(-3.013913744799,28.14008974454,-2.657122393172));
#4018=CARTESIAN_POINT('Ctrl Pts',(-1.710762726807,28.05883974454,-3.635555853452));
#4019=CARTESIAN_POINT('Ctrl Pts',(-0.1262070685674,27.97758974454,-4.015974010483));
#4020=CARTESIAN_POINT('Ctrl Pts',(1.479108490153,27.89633974454,-3.735801593136));
#4021=CARTESIAN_POINT('Ctrl Pts',(2.84112436628,27.81508974454,-2.841124385844));
#4022=CARTESIAN_POINT('Ctrl Pts',(3.73580164211,27.73383974454,-1.479108460868));
#4023=CARTESIAN_POINT('Ctrl Pts',(4.01597383415,27.65258974454,0.1262069709948));
#4024=CARTESIAN_POINT('Ctrl Pts',(3.635556509811,27.57133974454,1.710763087813));
#4025=CARTESIAN_POINT('Ctrl Pts',(2.65711994407,27.49008974454,3.013912398348));
#4026=CARTESIAN_POINT('Ctrl Pts',(1.241626021073,27.40883974454,3.821308859014));
#4027=CARTESIAN_POINT('Ctrl Pts',(-0.3781572324384,27.32758974454,4.00010604256));
#4028=CARTESIAN_POINT('Ctrl Pts',(-1.416411120204,27.27342307787,3.680723494386));
#4029=CARTESIAN_POINT('Ctrl Pts',(-1.882598860827,27.24633974454,3.424434615183));
#4030=CARTESIAN_POINT('Ctrl Pts',(1.938293291897,32.63901923361,3.525742409211));
#4031=CARTESIAN_POINT('Ctrl Pts',(1.458313945677,32.61193590027,3.789613287752));
#4032=CARTESIAN_POINT('Ctrl Pts',(0.3893445609521,32.55776923361,4.118444385845));
#4033=CARTESIAN_POINT('Ctrl Pts',(-1.278358038862,32.47651923361,3.934357701906));
#4034=CARTESIAN_POINT('Ctrl Pts',(-2.735727653152,32.39526923361,3.103075384588));
#4035=CARTESIAN_POINT('Ctrl Pts',(-3.74311009207,32.31401923361,1.761373963477));
#4036=CARTESIAN_POINT('Ctrl Pts',(-4.134781607033,32.23276923361,0.1299406529772));
#4037=CARTESIAN_POINT('Ctrl Pts',(-3.846320856468,32.15151923361,-1.522866112025));
#4038=CARTESIAN_POINT('Ctrl Pts',(-2.92517562567,32.07026923361,-2.925175645814));
#4039=CARTESIAN_POINT('Ctrl Pts',(-1.522866142175,31.98901923361,-3.846320806044));
#4040=CARTESIAN_POINT('Ctrl Pts',(0.1299407534363,31.90776923361,-4.134781788583));
#4041=CARTESIAN_POINT('Ctrl Pts',(1.761373591791,31.82651923361,-3.743109416293));
#4042=CARTESIAN_POINT('Ctrl Pts',(3.103076770871,31.74526923361,-2.735730174708));
#4043=CARTESIAN_POINT('Ctrl Pts',(3.934352528457,31.66401923361,-1.278348628415));
#4044=CARTESIAN_POINT('Ctrl Pts',(4.118463693359,31.58276923361,0.3893094407207));
#4045=CARTESIAN_POINT('Ctrl Pts',(3.625125682099,31.50151923361,1.992929708519));
#4046=CARTESIAN_POINT('Ctrl Pts',(2.535488033512,31.42026923361,3.268731476587));
#4047=CARTESIAN_POINT('Ctrl Pts',(1.028786060144,31.33901923361,4.006857156996));
#4048=CARTESIAN_POINT('Ctrl Pts',(-0.6471417024397,31.25776923361,4.085891903988));
#4049=CARTESIAN_POINT('Ctrl Pts',(-2.216620641918,31.17651923361,3.492835232864));
#4050=CARTESIAN_POINT('Ctrl Pts',(-3.421485992573,31.09526923361,2.325239479438));
#4051=CARTESIAN_POINT('Ctrl Pts',(-4.063548550877,31.01401923361,0.7751633432902));
#4052=CARTESIAN_POINT('Ctrl Pts',(-4.037194965944,30.93276923361,-0.9024199915075));
#4053=CARTESIAN_POINT('Ctrl Pts',(-3.346760158689,30.85151923361,-2.431563586322));
#4054=CARTESIAN_POINT('Ctrl Pts',(-2.10581426744,30.77026923361,-3.560737466475));
#4055=CARTESIAN_POINT('Ctrl Pts',(-0.5184814108593,30.68901923361,-4.104202975086));
#4056=CARTESIAN_POINT('Ctrl Pts',(1.154136841145,30.60776923361,-3.972565063787));
#4057=CARTESIAN_POINT('Ctrl Pts',(2.636910260126,30.52651923361,-3.187476951157));
#4058=CARTESIAN_POINT('Ctrl Pts',(3.685936336343,30.44526923361,-1.878078368583));
#4059=CARTESIAN_POINT('Ctrl Pts',(4.128659985185,30.36401923361,-0.2597532691714));
#4060=CARTESIAN_POINT('Ctrl Pts',(3.892257262217,30.28276923361,1.401298839946));
#4061=CARTESIAN_POINT('Ctrl Pts',(3.015614228318,30.20151923361,2.831850253823));
#4062=CARTESIAN_POINT('Ctrl Pts',(1.642930552418,30.12026923361,3.796588499435));
#4063=CARTESIAN_POINT('Ctrl Pts',(0.,30.03901923361,4.136823060528));
#4064=CARTESIAN_POINT('Ctrl Pts',(-1.642930552418,29.95776923361,3.796588499435));
#4065=CARTESIAN_POINT('Ctrl Pts',(-3.015614228318,29.87651923361,2.831850253823));
#4066=CARTESIAN_POINT('Ctrl Pts',(-3.892257262217,29.79526923361,1.401298839946));
#4067=CARTESIAN_POINT('Ctrl Pts',(-4.128659985185,29.71401923361,-0.2597532691714));
#4068=CARTESIAN_POINT('Ctrl Pts',(-3.685936336343,29.63276923361,-1.878078368583));
#4069=CARTESIAN_POINT('Ctrl Pts',(-2.636910260126,29.55151923361,-3.187476951157));
#4070=CARTESIAN_POINT('Ctrl Pts',(-1.154136841145,29.47026923361,-3.972565063787));
#4071=CARTESIAN_POINT('Ctrl Pts',(0.5184814108593,29.38901923361,-4.104202975086));
#4072=CARTESIAN_POINT('Ctrl Pts',(2.10581426744,29.30776923361,-3.560737466475));
#4073=CARTESIAN_POINT('Ctrl Pts',(3.346760158689,29.22651923361,-2.431563586322));
#4074=CARTESIAN_POINT('Ctrl Pts',(4.037194965944,29.14526923361,-0.9024199915075));
#4075=CARTESIAN_POINT('Ctrl Pts',(4.063548550877,29.06401923361,0.7751633432902));
#4076=CARTESIAN_POINT('Ctrl Pts',(3.421485992573,28.98276923361,2.325239479438));
#4077=CARTESIAN_POINT('Ctrl Pts',(2.216620641918,28.90151923361,3.492835232864));
#4078=CARTESIAN_POINT('Ctrl Pts',(0.6471417024397,28.82026923361,4.085891903988));
#4079=CARTESIAN_POINT('Ctrl Pts',(-1.028786060143,28.73901923361,4.006857156996));
#4080=CARTESIAN_POINT('Ctrl Pts',(-2.535488033512,28.65776923361,3.268731476587));
#4081=CARTESIAN_POINT('Ctrl Pts',(-3.625125682099,28.57651923361,1.992929708519));
#4082=CARTESIAN_POINT('Ctrl Pts',(-4.118463693359,28.49526923361,0.3893094407208));
#4083=CARTESIAN_POINT('Ctrl Pts',(-3.934352528457,28.41401923361,-1.278348628415));
#4084=CARTESIAN_POINT('Ctrl Pts',(-3.103076770871,28.33276923361,-2.735730174708));
#4085=CARTESIAN_POINT('Ctrl Pts',(-1.761373591791,28.25151923361,-3.743109416293));
#4086=CARTESIAN_POINT('Ctrl Pts',(-0.1299407534363,28.17026923361,-4.134781788583));
#4087=CARTESIAN_POINT('Ctrl Pts',(1.522866142175,28.08901923361,-3.846320806044));
#4088=CARTESIAN_POINT('Ctrl Pts',(2.92517562567,28.00776923361,-2.925175645814));
#4089=CARTESIAN_POINT('Ctrl Pts',(3.846320856468,27.92651923361,-1.522866112025));
#4090=CARTESIAN_POINT('Ctrl Pts',(4.134781607033,27.84526923361,0.1299406529772));
#4091=CARTESIAN_POINT('Ctrl Pts',(3.74311009207,27.76401923361,1.761373963477));
#4092=CARTESIAN_POINT('Ctrl Pts',(2.735727653152,27.68276923361,3.103075384588));
#4093=CARTESIAN_POINT('Ctrl Pts',(1.278358038862,27.60151923361,3.934357701906));
#4094=CARTESIAN_POINT('Ctrl Pts',(-0.3893445609522,27.52026923361,4.118444385845));
#4095=CARTESIAN_POINT('Ctrl Pts',(-1.458313945677,27.46610256694,3.789613287752));
#4096=CARTESIAN_POINT('Ctrl Pts',(-1.938293291897,27.43901923361,3.525742409211));
#4097=CARTESIAN_POINT('',(1.93709611113805E-8,27.5,3.99999288150479));
#4098=CARTESIAN_POINT('Ctrl Pts',(1.03380567995082E-10,32.4999976773545,
3.99984337715395));
#4099=CARTESIAN_POINT('Ctrl Pts',(-0.31931692484098,32.4841152283768,3.99965984532771));
#4100=CARTESIAN_POINT('Ctrl Pts',(-0.638685211679506,32.4682327087964,3.96127621296824));
#4101=CARTESIAN_POINT('Ctrl Pts',(-1.26066776334313,32.4363910023951,3.80975677554102));
#4102=CARTESIAN_POINT('Ctrl Pts',(-1.56061574998513,32.4205574057751,3.69657953493685));
#4103=CARTESIAN_POINT('Ctrl Pts',(-2.26206038129116,32.3812412671313,3.33199707992706));
#4104=CARTESIAN_POINT('Ctrl Pts',(-2.68836917717312,32.3554096654205,3.01756996046797));
#4105=CARTESIAN_POINT('Ctrl Pts',(-3.34964752481066,32.304315132146,2.23134090905703));
#4106=CARTESIAN_POINT('Ctrl Pts',(-3.63143864443113,32.2783614064589,1.7795413482792));
#4107=CARTESIAN_POINT('Ctrl Pts',(-3.94251478668395,32.2272576527003,0.800248423977796));
#4108=CARTESIAN_POINT('Ctrl Pts',(-4.03676688999176,32.2012198231092,0.274158094827475));
#4109=CARTESIAN_POINT('Ctrl Pts',(-3.95094617156164,32.1500749740585,-0.750568089170258));
#4110=CARTESIAN_POINT('Ctrl Pts',(-3.8411975131292,32.123968490439,-1.27527566993772));
#4111=CARTESIAN_POINT('Ctrl Pts',(-3.36168512142228,32.0717105740342,-2.21013376205368));
#4112=CARTESIAN_POINT('Ctrl Pts',(-3.0582626943315,32.0457625187453,-2.64775524688008));
#4113=CARTESIAN_POINT('Ctrl Pts',(-2.25917059864874,31.993467674032,-3.33100844366215));
#4114=CARTESIAN_POINT('Ctrl Pts',(-1.81171420667609,31.9676543730278,-3.6140154186379));
#4115=CARTESIAN_POINT('Ctrl Pts',(-0.811063900992288,31.9152345867052,-3.94462031013315));
#4116=CARTESIAN_POINT('Ctrl Pts',(-0.291301585942515,31.8895448783629,-4.02897367878786));
#4117=CARTESIAN_POINT('Ctrl Pts',(0.781337601890797,31.836066032811,-3.95611204272724));
#4118=CARTESIAN_POINT('Ctrl Pts',(1.28738634922894,31.8105086622506,-3.82208300374196));
#4119=CARTESIAN_POINT('Ctrl Pts',(2.21200191693054,31.7593541572639,-3.37195203206016));
#4120=CARTESIAN_POINT('Ctrl Pts',(2.62999895936141,31.7338076897183,-3.05716836119099));
#4121=CARTESIAN_POINT('Ctrl Pts',(3.31896865097499,31.6825760934162,-2.29163609400431));
#4122=CARTESIAN_POINT('Ctrl Pts',(3.58829123908782,31.6569307155813,-1.8405528635181));
#4123=CARTESIAN_POINT('Ctrl Pts',(3.95251418797255,31.6035479122173,-0.831074466658775));
#4124=CARTESIAN_POINT('Ctrl Pts',(4.01622058772218,31.5778057939547,-0.307297768095384));
#4125=CARTESIAN_POINT('Ctrl Pts',(3.97219718934528,31.5252204617154,0.748955556248019));
#4126=CARTESIAN_POINT('Ctrl Pts',(3.82385338118553,31.499361779584,1.2581278449908));
#4127=CARTESIAN_POINT('Ctrl Pts',(3.38342571889395,31.4468942104028,2.21661547788838));
#4128=CARTESIAN_POINT('Ctrl Pts',(3.04561747542328,31.4209061282463,2.62930167199428));
#4129=CARTESIAN_POINT('Ctrl Pts',(2.27766191089611,31.3687003855007,3.34477965277982));
#4130=CARTESIAN_POINT('Ctrl Pts',(1.80411588566314,31.342611624421,3.59506083530828));
#4131=CARTESIAN_POINT('Ctrl Pts',(0.827638336268105,31.2907330772726,3.96173873949394));
#4132=CARTESIAN_POINT('Ctrl Pts',(0.293112228869435,31.2645893820414,4.01131529725067));
#4133=CARTESIAN_POINT('Ctrl Pts',(-0.730589788692789,31.2136481766334,3.97830152801099));
#4134=CARTESIAN_POINT('Ctrl Pts',(-1.24240807983736,31.1876487274061,3.82763764126977));
#4135=CARTESIAN_POINT('Ctrl Pts',(-2.18175201529062,31.1363872785712,3.40341305135005));
#4136=CARTESIAN_POINT('Ctrl Pts',(-2.59939868885752,31.1104728748089,3.07462091177475));
#4137=CARTESIAN_POINT('Ctrl Pts',(-3.30618012827875,31.0591385315514,2.32238811857953));
#4138=CARTESIAN_POINT('Ctrl Pts',(-3.57132905512417,31.0332965135677,1.86366466626777));
#4139=CARTESIAN_POINT('Ctrl Pts',(-3.92768907510119,30.9832055439985,0.921623032020981));
#4140=CARTESIAN_POINT('Ctrl Pts',(-4.01408336241674,30.9573920604936,0.399752163401789));
#4141=CARTESIAN_POINT('Ctrl Pts',(-3.98136984533568,30.9051043727951,-0.651108389614701));
#4142=CARTESIAN_POINT('Ctrl Pts',(-3.86193367426062,30.879311375721,-1.16600394384911));
#4143=CARTESIAN_POINT('Ctrl Pts',(-3.42935634552641,30.8270128909297,-2.12450125781297));
#4144=CARTESIAN_POINT('Ctrl Pts',(-3.12231713997613,30.801222752854,-2.55466894869352));
#4145=CARTESIAN_POINT('Ctrl Pts',(-2.35619574028932,30.7489500048489,-3.27425508921559));
#4146=CARTESIAN_POINT('Ctrl Pts',(-1.90791556558176,30.723146097013,-3.55468621824616));
#4147=CARTESIAN_POINT('Ctrl Pts',(-0.967072880298409,30.6731220855031,-3.91040938217697));
#4148=CARTESIAN_POINT('Ctrl Pts',(-0.448095087435838,30.6472962529841,-4.0154687276726));
#4149=CARTESIAN_POINT('Ctrl Pts',(0.582448531928284,30.5960188036004,-3.98365528670475));
#4150=CARTESIAN_POINT('Ctrl Pts',(1.10498093251648,30.5701269762899,-3.88880168579199));
#4151=CARTESIAN_POINT('Ctrl Pts',(2.04364151085013,30.5189348912968,-3.46645864403381));
#4152=CARTESIAN_POINT('Ctrl Pts',(2.49523795045349,30.4929653346181,-3.18351314236478));
#4153=CARTESIAN_POINT('Ctrl Pts',(3.19721688326116,30.4421027887483,-2.43984740604622));
#4154=CARTESIAN_POINT('Ctrl Pts',(3.51420451391534,30.4159973799567,-2.00760371900316));
#4155=CARTESIAN_POINT('Ctrl Pts',(3.88695750516804,30.3641694298039,-1.03452275050052));
#4156=CARTESIAN_POINT('Ctrl Pts',(4.01343842737701,30.3381363149352,-0.515284628593168));
#4157=CARTESIAN_POINT('Ctrl Pts',(3.98817843720031,30.2859636729304,0.533341842828695));
#4158=CARTESIAN_POINT('Ctrl Pts',(3.90338290635798,30.2600540397702,1.05813411970281));
#4159=CARTESIAN_POINT('Ctrl Pts',(3.47923585583479,30.2074837989606,2.02618216724024));
#4160=CARTESIAN_POINT('Ctrl Pts',(3.19706335402788,30.1817768748541,2.47137176786883));
#4161=CARTESIAN_POINT('Ctrl Pts',(2.43920160808479,30.1292544611145,3.2066019006326));
#4162=CARTESIAN_POINT('Ctrl Pts',(2.00733138548104,30.1036934193335,3.50298386819411));
#4163=CARTESIAN_POINT('Ctrl Pts',(1.02508133148469,30.0509914113641,3.9000795121519));
#4164=CARTESIAN_POINT('Ctrl Pts',(0.512542125048081,30.0254957736476,4.00000000012637));
#4165=CARTESIAN_POINT('Ctrl Pts',(-0.51254212701101,29.9745042262548,3.999999999869));
#4166=CARTESIAN_POINT('Ctrl Pts',(-1.02508133339989,29.9490085885385,3.90007951165585));
#4167=CARTESIAN_POINT('Ctrl Pts',(-2.00733138661264,29.8963065806004,3.50298386744268));
#4168=CARTESIAN_POINT('Ctrl Pts',(-2.43920160917778,29.8707455388208,3.2066018998869));
#4169=CARTESIAN_POINT('Ctrl Pts',(-3.19706335483586,29.8182231250773,2.47137176671704));
#4170=CARTESIAN_POINT('Ctrl Pts',(-3.47923585656001,29.7925162009725,2.02618216608743));
#4171=CARTESIAN_POINT('Ctrl Pts',(-3.90338290669028,29.7399459601596,1.05813411830436));
#4172=CARTESIAN_POINT('Ctrl Pts',(-3.9881784374144,29.7140363270013,0.533341841458712));
#4173=CARTESIAN_POINT('Ctrl Pts',(-4.01343842716566,29.6618636849895,-0.515284630116333));
#4174=CARTESIAN_POINT('Ctrl Pts',(-3.88695750478704,29.6358305701215,-1.03452275196242));
#4175=CARTESIAN_POINT('Ctrl Pts',(-3.51420451310951,29.5840026199623,-2.00760372044156));
#4176=CARTESIAN_POINT('Ctrl Pts',(-3.1972168822523,29.5578972111703,-2.4398474073461));
#4177=CARTESIAN_POINT('Ctrl Pts',(-2.49523794913736,29.5070346652983,-3.18351314343529));
#4178=CARTESIAN_POINT('Ctrl Pts',(-2.04364150937309,29.4810651086192,-3.46645864487449));
#4179=CARTESIAN_POINT('Ctrl Pts',(-1.10498093086069,29.4298730236246,-3.88880168630729));
#4180=CARTESIAN_POINT('Ctrl Pts',(-0.582448530202357,29.4039811963135,-3.98365528692044));
#4181=CARTESIAN_POINT('Ctrl Pts',(0.448095089186761,29.3527037469292,-4.01546872752842));
#4182=CARTESIAN_POINT('Ctrl Pts',(0.967072881995499,29.3268779144099,-3.91040938171217));
#4183=CARTESIAN_POINT('Ctrl Pts',(1.90791556680974,29.2768539029184,-3.55468621759052));
#4184=CARTESIAN_POINT('Ctrl Pts',(2.35619574142126,29.2510499950823,-3.27425508839728));
#4185=CARTESIAN_POINT('Ctrl Pts',(3.12231714085117,29.1987772470782,-2.55466894762954));
#4186=CARTESIAN_POINT('Ctrl Pts',(3.42935634625297,29.1729871090021,-2.12450125663484));
#4187=CARTESIAN_POINT('Ctrl Pts',(3.86193367466448,29.120688624211,-1.16600394252872));
#4188=CARTESIAN_POINT('Ctrl Pts',(3.98136984555572,29.0948956271374,-0.651108388261412));
#4189=CARTESIAN_POINT('Ctrl Pts',(4.01408336228484,29.0426079394382,0.39975216477878));
#4190=CARTESIAN_POINT('Ctrl Pts',(3.92768907478619,29.0167944559338,0.921623033359796));
#4191=CARTESIAN_POINT('Ctrl Pts',(3.57132905436367,28.9667034863467,1.86366466782366));
#4192=CARTESIAN_POINT('Ctrl Pts',(3.306180127248,28.9408614683634,2.32238811996314));
#4193=CARTESIAN_POINT('Ctrl Pts',(2.59939868758234,28.8895271251069,3.07462091290311));
#4194=CARTESIAN_POINT('Ctrl Pts',(2.18175201384352,28.8636127213454,3.40341305222924));
#4195=CARTESIAN_POINT('Ctrl Pts',(1.24240807827136,28.812351272512,3.82763764180823));
#4196=CARTESIAN_POINT('Ctrl Pts',(0.730589787066791,28.7863518232854,3.97830152827978));
#4197=CARTESIAN_POINT('Ctrl Pts',(-0.293112230469767,28.7354106178793,4.01131529715157));
#4198=CARTESIAN_POINT('Ctrl Pts',(-0.827638337830139,28.7092669226488,3.96173873915203));
#4199=CARTESIAN_POINT('Ctrl Pts',(-1.8041158869718,28.6573883755066,3.59506083464914));
#4200=CARTESIAN_POINT('Ctrl Pts',(-2.27766191212891,28.6312996144266,3.34477965195505));
#4201=CARTESIAN_POINT('Ctrl Pts',(-3.045617476292,28.579093871687,2.62930167095563));
#4202=CARTESIAN_POINT('Ctrl Pts',(-3.38342571968636,28.5531057895292,2.21661547674664));
#4203=CARTESIAN_POINT('Ctrl Pts',(-3.82385338154414,28.5006382203537,1.25812784377269));
#4204=CARTESIAN_POINT('Ctrl Pts',(-3.97219718964805,28.4747795382203,0.748955554964067));
#4205=CARTESIAN_POINT('Ctrl Pts',(-4.01622058756951,28.422194205987,-0.307297769277645));
#4206=CARTESIAN_POINT('Ctrl Pts',(-3.95251418779372,28.3964520877215,-0.831074467904027));
#4207=CARTESIAN_POINT('Ctrl Pts',(-3.58829123825553,28.3430692843288,-1.84055286514094));
#4208=CARTESIAN_POINT('Ctrl Pts',(-3.31896864992808,28.3174239064921,-2.29163609554431));
#4209=CARTESIAN_POINT('Ctrl Pts',(-2.62999895786182,28.266192310184,-3.05716836248644));
#4210=CARTESIAN_POINT('Ctrl Pts',(-2.21200191523822,28.2406458426361,-3.37195203318319));
#4211=CARTESIAN_POINT('Ctrl Pts',(-1.2873863473356,28.1894913376513,-3.82208300436676));
#4212=CARTESIAN_POINT('Ctrl Pts',(-0.781337599982268,28.1639339670931,-3.95611204310548));
#4213=CARTESIAN_POINT('Ctrl Pts',(0.291301587265709,28.1104551215722,-4.0289736786081));
#4214=CARTESIAN_POINT('Ctrl Pts',(0.811063902230794,28.0847654132335,-3.94462030994674));
#4215=CARTESIAN_POINT('Ctrl Pts',(1.81171420792658,28.0323456269025,-3.61401541795052));
#4216=CARTESIAN_POINT('Ctrl Pts',(2.25917059980885,28.0065323259003,-3.33100844292096));
#4217=CARTESIAN_POINT('Ctrl Pts',(3.05826269529544,27.9542374811809,-2.64775524572482));
#4218=CARTESIAN_POINT('Ctrl Pts',(3.36168512224401,27.9282894258932,-2.21013376083381));
#4219=CARTESIAN_POINT('Ctrl Pts',(3.84119751363128,27.8760315094827,-1.27527566842409));
#4220=CARTESIAN_POINT('Ctrl Pts',(3.95094617185337,27.8499250258635,-0.750568087617741));
#4221=CARTESIAN_POINT('Ctrl Pts',(4.03676688990213,27.7987801768078,0.274158096511049));
#4222=CARTESIAN_POINT('Ctrl Pts',(3.94251478632706,27.7727423472162,0.800248425628473));
#4223=CARTESIAN_POINT('Ctrl Pts',(3.63143864370298,27.7216385934554,1.77954134985725));
#4224=CARTESIAN_POINT('Ctrl Pts',(3.34964752381332,27.6956848677674,2.23134091049257));
#4225=CARTESIAN_POINT('Ctrl Pts',(2.68836917590157,27.6445903344934,3.01756996166386));
#4226=CARTESIAN_POINT('Ctrl Pts',(2.26206037982543,27.6187587327824,3.3319970808743));
#4227=CARTESIAN_POINT('Ctrl Pts',(1.56061575172745,27.5794425943256,3.69657953390837));
#4228=CARTESIAN_POINT('Ctrl Pts',(1.26066776839276,27.563608997872,3.80975677358315));
#4229=CARTESIAN_POINT('Ctrl Pts',(0.638685167934728,27.5317672889555,3.96127622434902));
#4230=CARTESIAN_POINT('Ctrl Pts',(0.319316825632624,27.5158847666895,3.99965985760182));
#4231=CARTESIAN_POINT('Ctrl Pts',(-1.53288657045447E-7,27.5000023150263,
3.99984337724199));
#4232=CARTESIAN_POINT('',(0.,27.,3.7));
#4233=CARTESIAN_POINT('Ctrl Pts',(1.938293291897,32.56098076639,3.525742409211));
#4234=CARTESIAN_POINT('Ctrl Pts',(1.458313945677,32.53389743306,3.789613287752));
#4235=CARTESIAN_POINT('Ctrl Pts',(0.3893445609521,32.47973076639,4.118444385845));
#4236=CARTESIAN_POINT('Ctrl Pts',(-1.278358038862,32.39848076639,3.934357701906));
#4237=CARTESIAN_POINT('Ctrl Pts',(-2.735727653152,32.31723076639,3.103075384588));
#4238=CARTESIAN_POINT('Ctrl Pts',(-3.74311009207,32.23598076639,1.761373963477));
#4239=CARTESIAN_POINT('Ctrl Pts',(-4.134781607033,32.15473076639,0.1299406529772));
#4240=CARTESIAN_POINT('Ctrl Pts',(-3.846320856468,32.07348076639,-1.522866112025));
#4241=CARTESIAN_POINT('Ctrl Pts',(-2.92517562567,31.99223076639,-2.925175645814));
#4242=CARTESIAN_POINT('Ctrl Pts',(-1.522866142175,31.91098076639,-3.846320806044));
#4243=CARTESIAN_POINT('Ctrl Pts',(0.1299407534363,31.82973076639,-4.134781788583));
#4244=CARTESIAN_POINT('Ctrl Pts',(1.761373591791,31.74848076639,-3.743109416293));
#4245=CARTESIAN_POINT('Ctrl Pts',(3.103076770871,31.66723076639,-2.735730174708));
#4246=CARTESIAN_POINT('Ctrl Pts',(3.934352528457,31.58598076639,-1.278348628415));
#4247=CARTESIAN_POINT('Ctrl Pts',(4.118463693359,31.50473076639,0.3893094407207));
#4248=CARTESIAN_POINT('Ctrl Pts',(3.625125682099,31.42348076639,1.992929708519));
#4249=CARTESIAN_POINT('Ctrl Pts',(2.535488033512,31.34223076639,3.268731476587));
#4250=CARTESIAN_POINT('Ctrl Pts',(1.028786060144,31.26098076639,4.006857156996));
#4251=CARTESIAN_POINT('Ctrl Pts',(-0.6471417024397,31.17973076639,4.085891903988));
#4252=CARTESIAN_POINT('Ctrl Pts',(-2.216620641918,31.09848076639,3.492835232864));
#4253=CARTESIAN_POINT('Ctrl Pts',(-3.421485992573,31.01723076639,2.325239479438));
#4254=CARTESIAN_POINT('Ctrl Pts',(-4.063548550877,30.93598076639,0.7751633432902));
#4255=CARTESIAN_POINT('Ctrl Pts',(-4.037194965944,30.85473076639,-0.9024199915075));
#4256=CARTESIAN_POINT('Ctrl Pts',(-3.346760158689,30.77348076639,-2.431563586322));
#4257=CARTESIAN_POINT('Ctrl Pts',(-2.10581426744,30.69223076639,-3.560737466475));
#4258=CARTESIAN_POINT('Ctrl Pts',(-0.5184814108593,30.61098076639,-4.104202975086));
#4259=CARTESIAN_POINT('Ctrl Pts',(1.154136841145,30.52973076639,-3.972565063787));
#4260=CARTESIAN_POINT('Ctrl Pts',(2.636910260126,30.44848076639,-3.187476951157));
#4261=CARTESIAN_POINT('Ctrl Pts',(3.685936336343,30.36723076639,-1.878078368583));
#4262=CARTESIAN_POINT('Ctrl Pts',(4.128659985185,30.28598076639,-0.2597532691714));
#4263=CARTESIAN_POINT('Ctrl Pts',(3.892257262217,30.20473076639,1.401298839946));
#4264=CARTESIAN_POINT('Ctrl Pts',(3.015614228318,30.12348076639,2.831850253823));
#4265=CARTESIAN_POINT('Ctrl Pts',(1.642930552418,30.04223076639,3.796588499435));
#4266=CARTESIAN_POINT('Ctrl Pts',(0.,29.96098076639,4.136823060528));
#4267=CARTESIAN_POINT('Ctrl Pts',(-1.642930552418,29.87973076639,3.796588499435));
#4268=CARTESIAN_POINT('Ctrl Pts',(-3.015614228318,29.79848076639,2.831850253823));
#4269=CARTESIAN_POINT('Ctrl Pts',(-3.892257262217,29.71723076639,1.401298839946));
#4270=CARTESIAN_POINT('Ctrl Pts',(-4.128659985185,29.63598076639,-0.2597532691714));
#4271=CARTESIAN_POINT('Ctrl Pts',(-3.685936336343,29.55473076639,-1.878078368583));
#4272=CARTESIAN_POINT('Ctrl Pts',(-2.636910260126,29.47348076639,-3.187476951157));
#4273=CARTESIAN_POINT('Ctrl Pts',(-1.154136841145,29.39223076639,-3.972565063787));
#4274=CARTESIAN_POINT('Ctrl Pts',(0.5184814108593,29.31098076639,-4.104202975086));
#4275=CARTESIAN_POINT('Ctrl Pts',(2.10581426744,29.22973076639,-3.560737466475));
#4276=CARTESIAN_POINT('Ctrl Pts',(3.346760158689,29.14848076639,-2.431563586322));
#4277=CARTESIAN_POINT('Ctrl Pts',(4.037194965944,29.06723076639,-0.9024199915075));
#4278=CARTESIAN_POINT('Ctrl Pts',(4.063548550877,28.98598076639,0.7751633432902));
#4279=CARTESIAN_POINT('Ctrl Pts',(3.421485992573,28.90473076639,2.325239479438));
#4280=CARTESIAN_POINT('Ctrl Pts',(2.216620641918,28.82348076639,3.492835232864));
#4281=CARTESIAN_POINT('Ctrl Pts',(0.6471417024397,28.74223076639,4.085891903988));
#4282=CARTESIAN_POINT('Ctrl Pts',(-1.028786060143,28.66098076639,4.006857156996));
#4283=CARTESIAN_POINT('Ctrl Pts',(-2.535488033512,28.57973076639,3.268731476587));
#4284=CARTESIAN_POINT('Ctrl Pts',(-3.625125682099,28.49848076639,1.992929708519));
#4285=CARTESIAN_POINT('Ctrl Pts',(-4.118463693359,28.41723076639,0.3893094407208));
#4286=CARTESIAN_POINT('Ctrl Pts',(-3.934352528457,28.33598076639,-1.278348628415));
#4287=CARTESIAN_POINT('Ctrl Pts',(-3.103076770871,28.25473076639,-2.735730174708));
#4288=CARTESIAN_POINT('Ctrl Pts',(-1.761373591791,28.17348076639,-3.743109416293));
#4289=CARTESIAN_POINT('Ctrl Pts',(-0.1299407534363,28.09223076639,-4.134781788583));
#4290=CARTESIAN_POINT('Ctrl Pts',(1.522866142175,28.01098076639,-3.846320806044));
#4291=CARTESIAN_POINT('Ctrl Pts',(2.92517562567,27.92973076639,-2.925175645814));
#4292=CARTESIAN_POINT('Ctrl Pts',(3.846320856468,27.84848076639,-1.522866112025));
#4293=CARTESIAN_POINT('Ctrl Pts',(4.134781607033,27.76723076639,0.1299406529772));
#4294=CARTESIAN_POINT('Ctrl Pts',(3.74311009207,27.68598076639,1.761373963477));
#4295=CARTESIAN_POINT('Ctrl Pts',(2.735727653152,27.60473076639,3.103075384588));
#4296=CARTESIAN_POINT('Ctrl Pts',(1.278358038862,27.52348076639,3.934357701906));
#4297=CARTESIAN_POINT('Ctrl Pts',(-0.3893445609522,27.44223076639,4.118444385845));
#4298=CARTESIAN_POINT('Ctrl Pts',(-1.458313945677,27.38806409973,3.789613287752));
#4299=CARTESIAN_POINT('Ctrl Pts',(-1.938293291897,27.36098076639,3.525742409211));
#4300=CARTESIAN_POINT('Ctrl Pts',(1.882598860827,32.75366025546,3.424434615183));
#4301=CARTESIAN_POINT('Ctrl Pts',(1.416411120204,32.72657692213,3.680723494386));
#4302=CARTESIAN_POINT('Ctrl Pts',(0.3781572324383,32.67241025546,4.00010604256));
#4303=CARTESIAN_POINT('Ctrl Pts',(-1.241626021073,32.59116025546,3.821308859014));
#4304=CARTESIAN_POINT('Ctrl Pts',(-2.65711994407,32.50991025546,3.013912398348));
#4305=CARTESIAN_POINT('Ctrl Pts',(-3.635556509811,32.42866025546,1.710763087813));
#4306=CARTESIAN_POINT('Ctrl Pts',(-4.01597383415,32.34741025546,0.1262069709948));
#4307=CARTESIAN_POINT('Ctrl Pts',(-3.73580164211,32.26616025546,-1.479108460868));
#4308=CARTESIAN_POINT('Ctrl Pts',(-2.841124366279,32.18491025546,-2.841124385844));
#4309=CARTESIAN_POINT('Ctrl Pts',(-1.479108490153,32.10366025546,-3.735801593136));
#4310=CARTESIAN_POINT('Ctrl Pts',(0.1262070685674,32.02241025546,-4.015974010483));
#4311=CARTESIAN_POINT('Ctrl Pts',(1.710762726807,31.94116025546,-3.635555853452));
#4312=CARTESIAN_POINT('Ctrl Pts',(3.013913744799,31.85991025546,-2.657122393172));
#4313=CARTESIAN_POINT('Ctrl Pts',(3.821303834217,31.77866025546,-1.241616881024));
#4314=CARTESIAN_POINT('Ctrl Pts',(4.000124795296,31.69741025546,0.3781231213428));
#4315=CARTESIAN_POINT('Ctrl Pts',(3.520962234148,31.61616025546,1.93566536842));
#4316=CARTESIAN_POINT('Ctrl Pts',(2.462633959207,31.53491025546,3.17480856994));
#4317=CARTESIAN_POINT('Ctrl Pts',(0.9992251807078,31.45366025546,3.891725133028));
#4318=CARTESIAN_POINT('Ctrl Pts',(-0.6285468958178,31.37241025546,3.968488915514));
#4319=CARTESIAN_POINT('Ctrl Pts',(-2.1529288229,31.29116025546,3.39247298535));
#4320=CARTESIAN_POINT('Ctrl Pts',(-3.323173876152,31.20991025546,2.258426634111));
#4321=CARTESIAN_POINT('Ctrl Pts',(-3.946787570682,31.12866025546,0.752889995097));
#4322=CARTESIAN_POINT('Ctrl Pts',(-3.921191223018,31.04741025546,-0.8764900828484));
#4323=CARTESIAN_POINT('Ctrl Pts',(-3.250595195551,30.96616025546,-2.361695650897));
#4324=CARTESIAN_POINT('Ctrl Pts',(-2.045306330867,30.88491025546,-3.458424133289));
#4325=CARTESIAN_POINT('Ctrl Pts',(-0.5035834966381,30.80366025546,-3.986273840909));
#4326=CARTESIAN_POINT('Ctrl Pts',(1.120974163952,30.72241025546,-3.858418380186));
#4327=CARTESIAN_POINT('Ctrl Pts',(2.561141945116,30.64116025546,-3.09588879157));
#4328=CARTESIAN_POINT('Ctrl Pts',(3.580025570376,30.55991025546,-1.824114137947));
#4329=CARTESIAN_POINT('Ctrl Pts',(4.010028109442,30.47866025546,-0.2522895841833));
#4330=CARTESIAN_POINT('Ctrl Pts',(3.780418122751,30.39741025546,1.361034272155));
#4331=CARTESIAN_POINT('Ctrl Pts',(2.928964328906,30.31616025546,2.750480582153));
#4332=CARTESIAN_POINT('Ctrl Pts',(1.595722999883,30.23491025546,3.687498282094));
#4333=CARTESIAN_POINT('Ctrl Pts',(0.,30.15366025546,4.017956629035));
#4334=CARTESIAN_POINT('Ctrl Pts',(-1.595722999883,30.07241025546,3.687498282094));
#4335=CARTESIAN_POINT('Ctrl Pts',(-2.928964328906,29.99116025546,2.750480582153));
#4336=CARTESIAN_POINT('Ctrl Pts',(-3.780418122751,29.90991025546,1.361034272155));
#4337=CARTESIAN_POINT('Ctrl Pts',(-4.010028109442,29.82866025546,-0.2522895841834));
#4338=CARTESIAN_POINT('Ctrl Pts',(-3.580025570376,29.74741025546,-1.824114137947));
#4339=CARTESIAN_POINT('Ctrl Pts',(-2.561141945116,29.66616025546,-3.09588879157));
#4340=CARTESIAN_POINT('Ctrl Pts',(-1.120974163952,29.58491025546,-3.858418380186));
#4341=CARTESIAN_POINT('Ctrl Pts',(0.5035834966381,29.50366025546,-3.986273840909));
#4342=CARTESIAN_POINT('Ctrl Pts',(2.045306330867,29.42241025546,-3.458424133289));
#4343=CARTESIAN_POINT('Ctrl Pts',(3.250595195551,29.34116025546,-2.361695650897));
#4344=CARTESIAN_POINT('Ctrl Pts',(3.921191223018,29.25991025546,-0.8764900828484));
#4345=CARTESIAN_POINT('Ctrl Pts',(3.946787570682,29.17866025546,0.752889995097));
#4346=CARTESIAN_POINT('Ctrl Pts',(3.323173876152,29.09741025546,2.258426634111));
#4347=CARTESIAN_POINT('Ctrl Pts',(2.1529288229,29.01616025546,3.39247298535));
#4348=CARTESIAN_POINT('Ctrl Pts',(0.6285468958178,28.93491025546,3.968488915514));
#4349=CARTESIAN_POINT('Ctrl Pts',(-0.9992251807078,28.85366025546,3.891725133028));
#4350=CARTESIAN_POINT('Ctrl Pts',(-2.462633959207,28.77241025546,3.17480856994));
#4351=CARTESIAN_POINT('Ctrl Pts',(-3.520962234148,28.69116025546,1.935665368419));
#4352=CARTESIAN_POINT('Ctrl Pts',(-4.000124795296,28.60991025546,0.3781231213429));
#4353=CARTESIAN_POINT('Ctrl Pts',(-3.821303834217,28.52866025546,-1.241616881024));
#4354=CARTESIAN_POINT('Ctrl Pts',(-3.013913744799,28.44741025546,-2.657122393172));
#4355=CARTESIAN_POINT('Ctrl Pts',(-1.710762726807,28.36616025546,-3.635555853452));
#4356=CARTESIAN_POINT('Ctrl Pts',(-0.1262070685674,28.28491025546,-4.015974010483));
#4357=CARTESIAN_POINT('Ctrl Pts',(1.479108490153,28.20366025546,-3.735801593136));
#4358=CARTESIAN_POINT('Ctrl Pts',(2.841124366279,28.12241025546,-2.841124385844));
#4359=CARTESIAN_POINT('Ctrl Pts',(3.73580164211,28.04116025546,-1.479108460868));
#4360=CARTESIAN_POINT('Ctrl Pts',(4.01597383415,27.95991025546,0.1262069709948));
#4361=CARTESIAN_POINT('Ctrl Pts',(3.635556509811,27.87866025546,1.710763087812));
#4362=CARTESIAN_POINT('Ctrl Pts',(2.65711994407,27.79741025546,3.013912398348));
#4363=CARTESIAN_POINT('Ctrl Pts',(1.241626021073,27.71616025546,3.821308859014));
#4364=CARTESIAN_POINT('Ctrl Pts',(-0.3781572324384,27.63491025546,4.00010604256));
#4365=CARTESIAN_POINT('Ctrl Pts',(-1.416411120204,27.5807435888,3.680723494386));
#4366=CARTESIAN_POINT('Ctrl Pts',(-1.882598860827,27.55366025546,3.424434615183));
#4367=CARTESIAN_POINT('Ctrl Pts',(1.826904429756,32.94633974454,3.323126821155));
#4368=CARTESIAN_POINT('Ctrl Pts',(1.374508294731,32.9192564112,3.571833701019));
#4369=CARTESIAN_POINT('Ctrl Pts',(0.3669699039245,32.86508974454,3.881767699274));
#4370=CARTESIAN_POINT('Ctrl Pts',(-1.204894003284,32.78383974454,3.708260016122));
#4371=CARTESIAN_POINT('Ctrl Pts',(-2.578512234988,32.70258974454,2.924749412109));
#4372=CARTESIAN_POINT('Ctrl Pts',(-3.528002927553,32.62133974454,1.660152212148));
#4373=CARTESIAN_POINT('Ctrl Pts',(-3.897166061267,32.54008974454,0.1224732890125));
#4374=CARTESIAN_POINT('Ctrl Pts',(-3.625282427753,32.45883974454,-1.435350809712));
#4375=CARTESIAN_POINT('Ctrl Pts',(-2.757073106889,32.37758974454,-2.757073125875));
#4376=CARTESIAN_POINT('Ctrl Pts',(-1.43535083813,32.29633974454,-3.625282380227));
#4377=CARTESIAN_POINT('Ctrl Pts',(0.1224733836984,32.21508974454,-3.897166232384));
#4378=CARTESIAN_POINT('Ctrl Pts',(1.660151861822,32.13383974454,-3.528002290611));
#4379=CARTESIAN_POINT('Ctrl Pts',(2.924750718727,32.05258974454,-2.578514611636));
#4380=CARTESIAN_POINT('Ctrl Pts',(3.708255139978,31.97133974454,-1.204885133632));
#4381=CARTESIAN_POINT('Ctrl Pts',(3.881785897234,31.89008974454,0.3669368019649));
#4382=CARTESIAN_POINT('Ctrl Pts',(3.416798786198,31.80883974454,1.87840102832));
#4383=CARTESIAN_POINT('Ctrl Pts',(2.389779884903,31.72758974454,3.080885663292));
#4384=CARTESIAN_POINT('Ctrl Pts',(0.9696643012722,31.64633974454,3.776593109061));
#4385=CARTESIAN_POINT('Ctrl Pts',(-0.609952089196,31.56508974454,3.851085927041));
#4386=CARTESIAN_POINT('Ctrl Pts',(-2.089237003883,31.48383974454,3.292110737836));
#4387=CARTESIAN_POINT('Ctrl Pts',(-3.224861759731,31.40258974454,2.191613788784));
#4388=CARTESIAN_POINT('Ctrl Pts',(-3.830026590486,31.32133974454,0.7306166469037));
#4389=CARTESIAN_POINT('Ctrl Pts',(-3.805187480092,31.24008974454,-0.8505601741892));
#4390=CARTESIAN_POINT('Ctrl Pts',(-3.154430232412,31.15883974454,-2.291827715473));
#4391=CARTESIAN_POINT('Ctrl Pts',(-1.984798394295,31.07758974454,-3.356110800103));
#4392=CARTESIAN_POINT('Ctrl Pts',(-0.4886855824168,30.99633974454,-3.868344706732));
#4393=CARTESIAN_POINT('Ctrl Pts',(1.087811486759,30.91508974454,-3.744271696584));
#4394=CARTESIAN_POINT('Ctrl Pts',(2.485373630107,30.83383974454,-3.004300631983));
#4395=CARTESIAN_POINT('Ctrl Pts',(3.474114804409,30.75258974454,-1.770149907312));
#4396=CARTESIAN_POINT('Ctrl Pts',(3.891396233699,30.67133974454,-0.2448258991953));
#4397=CARTESIAN_POINT('Ctrl Pts',(3.668578983285,30.59008974454,1.320769704364));
#4398=CARTESIAN_POINT('Ctrl Pts',(2.842314429494,30.50883974454,2.669110910482));
#4399=CARTESIAN_POINT('Ctrl Pts',(1.548515447348,30.42758974454,3.578408064753));
#4400=CARTESIAN_POINT('Ctrl Pts',(0.,30.34633974454,3.899090197542));
#4401=CARTESIAN_POINT('Ctrl Pts',(-1.548515447348,30.26508974454,3.578408064753));
#4402=CARTESIAN_POINT('Ctrl Pts',(-2.842314429494,30.18383974454,2.669110910482));
#4403=CARTESIAN_POINT('Ctrl Pts',(-3.668578983285,30.10258974454,1.320769704364));
#4404=CARTESIAN_POINT('Ctrl Pts',(-3.891396233699,30.02133974454,-0.2448258991953));
#4405=CARTESIAN_POINT('Ctrl Pts',(-3.474114804409,29.94008974454,-1.770149907312));
#4406=CARTESIAN_POINT('Ctrl Pts',(-2.485373630107,29.85883974454,-3.004300631983));
#4407=CARTESIAN_POINT('Ctrl Pts',(-1.087811486759,29.77758974454,-3.744271696584));
#4408=CARTESIAN_POINT('Ctrl Pts',(0.4886855824168,29.69633974454,-3.868344706732));
#4409=CARTESIAN_POINT('Ctrl Pts',(1.984798394295,29.61508974454,-3.356110800103));
#4410=CARTESIAN_POINT('Ctrl Pts',(3.154430232412,29.53383974454,-2.291827715473));
#4411=CARTESIAN_POINT('Ctrl Pts',(3.805187480092,29.45258974454,-0.8505601741892));
#4412=CARTESIAN_POINT('Ctrl Pts',(3.830026590486,29.37133974454,0.7306166469037));
#4413=CARTESIAN_POINT('Ctrl Pts',(3.224861759731,29.29008974454,2.191613788784));
#4414=CARTESIAN_POINT('Ctrl Pts',(2.089237003883,29.20883974454,3.292110737836));
#4415=CARTESIAN_POINT('Ctrl Pts',(0.609952089196,29.12758974454,3.851085927041));
#4416=CARTESIAN_POINT('Ctrl Pts',(-0.9696643012721,29.04633974454,3.776593109061));
#4417=CARTESIAN_POINT('Ctrl Pts',(-2.389779884903,28.96508974454,3.080885663292));
#4418=CARTESIAN_POINT('Ctrl Pts',(-3.416798786198,28.88383974454,1.87840102832));
#4419=CARTESIAN_POINT('Ctrl Pts',(-3.881785897234,28.80258974454,0.3669368019649));
#4420=CARTESIAN_POINT('Ctrl Pts',(-3.708255139978,28.72133974454,-1.204885133632));
#4421=CARTESIAN_POINT('Ctrl Pts',(-2.924750718727,28.64008974454,-2.578514611636));
#4422=CARTESIAN_POINT('Ctrl Pts',(-1.660151861822,28.55883974454,-3.528002290611));
#4423=CARTESIAN_POINT('Ctrl Pts',(-0.1224733836984,28.47758974454,-3.897166232384));
#4424=CARTESIAN_POINT('Ctrl Pts',(1.43535083813,28.39633974454,-3.625282380227));
#4425=CARTESIAN_POINT('Ctrl Pts',(2.757073106889,28.31508974454,-2.757073125875));
#4426=CARTESIAN_POINT('Ctrl Pts',(3.625282427753,28.23383974454,-1.435350809712));
#4427=CARTESIAN_POINT('Ctrl Pts',(3.897166061267,28.15258974454,0.1224732890125));
#4428=CARTESIAN_POINT('Ctrl Pts',(3.528002927553,28.07133974454,1.660152212148));
#4429=CARTESIAN_POINT('Ctrl Pts',(2.578512234988,27.99008974454,2.924749412109));
#4430=CARTESIAN_POINT('Ctrl Pts',(1.204894003284,27.90883974454,3.708260016122));
#4431=CARTESIAN_POINT('Ctrl Pts',(-0.3669699039246,27.82758974454,3.881767699274));
#4432=CARTESIAN_POINT('Ctrl Pts',(-1.374508294731,27.77342307787,3.571833701019));
#4433=CARTESIAN_POINT('Ctrl Pts',(-1.826904429756,27.74633974454,3.323126821155));
#4434=CARTESIAN_POINT('Ctrl Pts',(1.771209998686,33.13901923361,3.221819027127));
#4435=CARTESIAN_POINT('Ctrl Pts',(1.332605469257,33.11193590027,3.462943907653));
#4436=CARTESIAN_POINT('Ctrl Pts',(0.3557825754107,33.05776923361,3.763429355989));
#4437=CARTESIAN_POINT('Ctrl Pts',(-1.168161985495,32.97651923361,3.59521117323));
#4438=CARTESIAN_POINT('Ctrl Pts',(-2.499904525906,32.89526923361,2.83558642587));
#4439=CARTESIAN_POINT('Ctrl Pts',(-3.420449345294,32.81401923361,1.609541336483));
#4440=CARTESIAN_POINT('Ctrl Pts',(-3.778358288385,32.73276923361,0.1187396070301));
#4441=CARTESIAN_POINT('Ctrl Pts',(-3.514763213395,32.65151923361,-1.391593158556));
#4442=CARTESIAN_POINT('Ctrl Pts',(-2.673021847498,32.57026923361,-2.673021865905));
#4443=CARTESIAN_POINT('Ctrl Pts',(-1.391593186107,32.48901923361,-3.514763167318));
#4444=CARTESIAN_POINT('Ctrl Pts',(0.1187396988295,32.40776923361,-3.778358454285));
#4445=CARTESIAN_POINT('Ctrl Pts',(1.609540996837,32.32651923361,-3.42044872777));
#4446=CARTESIAN_POINT('Ctrl Pts',(2.835587692655,32.24526923361,-2.4999068301));
#4447=CARTESIAN_POINT('Ctrl Pts',(3.595206445738,32.16401923361,-1.16815338624));
#4448=CARTESIAN_POINT('Ctrl Pts',(3.763446999171,32.08276923361,0.355750482587));
#4449=CARTESIAN_POINT('Ctrl Pts',(3.312635338248,32.00151923361,1.821136688221));
#4450=CARTESIAN_POINT('Ctrl Pts',(2.316925810598,31.92026923361,2.986962756645));
#4451=CARTESIAN_POINT('Ctrl Pts',(0.9401034218365,31.83901923361,3.661461085093));
#4452=CARTESIAN_POINT('Ctrl Pts',(-0.5913572825742,31.75776923361,3.733682938567));
#4453=CARTESIAN_POINT('Ctrl Pts',(-2.025545184865,31.67651923361,3.191748490321));
#4454=CARTESIAN_POINT('Ctrl Pts',(-3.12654964331,31.59526923361,2.124800943458));
#4455=CARTESIAN_POINT('Ctrl Pts',(-3.713265610291,31.51401923361,0.7083432987104));
#4456=CARTESIAN_POINT('Ctrl Pts',(-3.689183737166,31.43276923361,-0.8246302655301));
#4457=CARTESIAN_POINT('Ctrl Pts',(-3.058265269274,31.35151923361,-2.221959780049));
#4458=CARTESIAN_POINT('Ctrl Pts',(-1.924290457723,31.27026923361,-3.253797466917));
#4459=CARTESIAN_POINT('Ctrl Pts',(-0.4737876681955,31.18901923361,-3.750415572555));
#4460=CARTESIAN_POINT('Ctrl Pts',(1.054648809566,31.10776923361,-3.630125012983));
#4461=CARTESIAN_POINT('Ctrl Pts',(2.409605315098,31.02651923361,-2.912712472396));
#4462=CARTESIAN_POINT('Ctrl Pts',(3.368204038441,30.94526923361,-1.716185676676));
#4463=CARTESIAN_POINT('Ctrl Pts',(3.772764357956,30.86401923361,-0.2373622142072));
#4464=CARTESIAN_POINT('Ctrl Pts',(3.556739843819,30.78276923361,1.280505136573));
#4465=CARTESIAN_POINT('Ctrl Pts',(2.755664530082,30.70151923361,2.587741238812));
#4466=CARTESIAN_POINT('Ctrl Pts',(1.501307894814,30.62026923361,3.469317847412));
#4467=CARTESIAN_POINT('Ctrl Pts',(0.,30.53901923361,3.780223766049));
#4468=CARTESIAN_POINT('Ctrl Pts',(-1.501307894814,30.45776923361,3.469317847412));
#4469=CARTESIAN_POINT('Ctrl Pts',(-2.755664530082,30.37651923361,2.587741238812));
#4470=CARTESIAN_POINT('Ctrl Pts',(-3.556739843819,30.29526923361,1.280505136573));
#4471=CARTESIAN_POINT('Ctrl Pts',(-3.772764357956,30.21401923361,-0.2373622142073));
#4472=CARTESIAN_POINT('Ctrl Pts',(-3.368204038441,30.13276923361,-1.716185676676));
#4473=CARTESIAN_POINT('Ctrl Pts',(-2.409605315098,30.05151923361,-2.912712472396));
#4474=CARTESIAN_POINT('Ctrl Pts',(-1.054648809566,29.97026923361,-3.630125012983));
#4475=CARTESIAN_POINT('Ctrl Pts',(0.4737876681955,29.88901923361,-3.750415572555));
#4476=CARTESIAN_POINT('Ctrl Pts',(1.924290457723,29.80776923361,-3.253797466917));
#4477=CARTESIAN_POINT('Ctrl Pts',(3.058265269274,29.72651923361,-2.221959780049));
#4478=CARTESIAN_POINT('Ctrl Pts',(3.689183737166,29.64526923361,-0.8246302655301));
#4479=CARTESIAN_POINT('Ctrl Pts',(3.713265610291,29.56401923361,0.7083432987104));
#4480=CARTESIAN_POINT('Ctrl Pts',(3.12654964331,29.48276923361,2.124800943458));
#4481=CARTESIAN_POINT('Ctrl Pts',(2.025545184865,29.40151923361,3.191748490321));
#4482=CARTESIAN_POINT('Ctrl Pts',(0.5913572825742,29.32026923361,3.733682938567));
#4483=CARTESIAN_POINT('Ctrl Pts',(-0.9401034218365,29.23901923361,3.661461085093));
#4484=CARTESIAN_POINT('Ctrl Pts',(-2.316925810598,29.15776923361,2.986962756645));
#4485=CARTESIAN_POINT('Ctrl Pts',(-3.312635338248,29.07651923361,1.821136688221));
#4486=CARTESIAN_POINT('Ctrl Pts',(-3.763446999171,28.99526923361,0.355750482587));
#4487=CARTESIAN_POINT('Ctrl Pts',(-3.595206445738,28.91401923361,-1.16815338624));
#4488=CARTESIAN_POINT('Ctrl Pts',(-2.835587692655,28.83276923361,-2.4999068301));
#4489=CARTESIAN_POINT('Ctrl Pts',(-1.609540996837,28.75151923361,-3.42044872777));
#4490=CARTESIAN_POINT('Ctrl Pts',(-0.1187396988295,28.67026923361,-3.778358454285));
#4491=CARTESIAN_POINT('Ctrl Pts',(1.391593186107,28.58901923361,-3.514763167318));
#4492=CARTESIAN_POINT('Ctrl Pts',(2.673021847498,28.50776923361,-2.673021865905));
#4493=CARTESIAN_POINT('Ctrl Pts',(3.514763213395,28.42651923361,-1.391593158556));
#4494=CARTESIAN_POINT('Ctrl Pts',(3.778358288385,28.34526923361,0.1187396070301));
#4495=CARTESIAN_POINT('Ctrl Pts',(3.420449345294,28.26401923361,1.609541336483));
#4496=CARTESIAN_POINT('Ctrl Pts',(2.499904525906,28.18276923361,2.83558642587));
#4497=CARTESIAN_POINT('Ctrl Pts',(1.168161985495,28.10151923361,3.59521117323));
#4498=CARTESIAN_POINT('Ctrl Pts',(-0.3557825754108,28.02026923361,3.763429355989));
#4499=CARTESIAN_POINT('Ctrl Pts',(-1.332605469257,27.96610256694,3.462943907653));
#4500=CARTESIAN_POINT('Ctrl Pts',(-1.771209998686,27.93901923361,3.221819027127));
#4501=CARTESIAN_POINT('',(0.,27.5,4.));
#4502=CARTESIAN_POINT('Ctrl Pts',(1.938293291897,27.56098076639,3.525742409211));
#4503=CARTESIAN_POINT('Ctrl Pts',(1.458313945677,27.53389743306,3.789613287752));
#4504=CARTESIAN_POINT('Ctrl Pts',(0.3893445609521,27.47973076639,4.118444385845));
#4505=CARTESIAN_POINT('Ctrl Pts',(-1.278358038862,27.39848076639,3.934357701906));
#4506=CARTESIAN_POINT('Ctrl Pts',(-2.735727653152,27.31723076639,3.103075384588));
#4507=CARTESIAN_POINT('Ctrl Pts',(-3.74311009207,27.23598076639,1.761373963477));
#4508=CARTESIAN_POINT('Ctrl Pts',(-4.134781607033,27.15473076639,0.1299406529772));
#4509=CARTESIAN_POINT('Ctrl Pts',(-3.846320856468,27.07348076639,-1.522866112025));
#4510=CARTESIAN_POINT('Ctrl Pts',(-2.92517562567,26.99223076639,-2.925175645814));
#4511=CARTESIAN_POINT('Ctrl Pts',(-1.522866142175,26.91098076639,-3.846320806044));
#4512=CARTESIAN_POINT('Ctrl Pts',(0.1299407534363,26.82973076639,-4.134781788583));
#4513=CARTESIAN_POINT('Ctrl Pts',(1.761373591791,26.74848076639,-3.743109416293));
#4514=CARTESIAN_POINT('Ctrl Pts',(3.103076770871,26.66723076639,-2.735730174708));
#4515=CARTESIAN_POINT('Ctrl Pts',(3.934352528457,26.58598076639,-1.278348628415));
#4516=CARTESIAN_POINT('Ctrl Pts',(4.118463693359,26.50473076639,0.3893094407207));
#4517=CARTESIAN_POINT('Ctrl Pts',(3.625125682099,26.42348076639,1.992929708519));
#4518=CARTESIAN_POINT('Ctrl Pts',(2.535488033512,26.34223076639,3.268731476587));
#4519=CARTESIAN_POINT('Ctrl Pts',(1.028786060144,26.26098076639,4.006857156996));
#4520=CARTESIAN_POINT('Ctrl Pts',(-0.6471417024397,26.17973076639,4.085891903988));
#4521=CARTESIAN_POINT('Ctrl Pts',(-2.216620641918,26.09848076639,3.492835232864));
#4522=CARTESIAN_POINT('Ctrl Pts',(-3.421485992573,26.01723076639,2.325239479438));
#4523=CARTESIAN_POINT('Ctrl Pts',(-4.063548550877,25.93598076639,0.7751633432902));
#4524=CARTESIAN_POINT('Ctrl Pts',(-4.037194965944,25.85473076639,-0.9024199915075));
#4525=CARTESIAN_POINT('Ctrl Pts',(-3.346760158689,25.77348076639,-2.431563586322));
#4526=CARTESIAN_POINT('Ctrl Pts',(-2.10581426744,25.69223076639,-3.560737466475));
#4527=CARTESIAN_POINT('Ctrl Pts',(-0.5184814108593,25.61098076639,-4.104202975086));
#4528=CARTESIAN_POINT('Ctrl Pts',(1.154136841145,25.52973076639,-3.972565063787));
#4529=CARTESIAN_POINT('Ctrl Pts',(2.636910260126,25.44848076639,-3.187476951157));
#4530=CARTESIAN_POINT('Ctrl Pts',(3.685936336343,25.36723076639,-1.878078368583));
#4531=CARTESIAN_POINT('Ctrl Pts',(4.128659985185,25.28598076639,-0.2597532691714));
#4532=CARTESIAN_POINT('Ctrl Pts',(3.892257262217,25.20473076639,1.401298839946));
#4533=CARTESIAN_POINT('Ctrl Pts',(3.015614228318,25.12348076639,2.831850253823));
#4534=CARTESIAN_POINT('Ctrl Pts',(1.642930552418,25.04223076639,3.796588499435));
#4535=CARTESIAN_POINT('Ctrl Pts',(0.,24.96098076639,4.136823060528));
#4536=CARTESIAN_POINT('Ctrl Pts',(-1.642930552418,24.87973076639,3.796588499435));
#4537=CARTESIAN_POINT('Ctrl Pts',(-3.015614228318,24.79848076639,2.831850253823));
#4538=CARTESIAN_POINT('Ctrl Pts',(-3.892257262217,24.71723076639,1.401298839946));
#4539=CARTESIAN_POINT('Ctrl Pts',(-4.128659985185,24.63598076639,-0.2597532691714));
#4540=CARTESIAN_POINT('Ctrl Pts',(-3.685936336343,24.55473076639,-1.878078368583));
#4541=CARTESIAN_POINT('Ctrl Pts',(-2.636910260126,24.47348076639,-3.187476951157));
#4542=CARTESIAN_POINT('Ctrl Pts',(-1.154136841145,24.39223076639,-3.972565063787));
#4543=CARTESIAN_POINT('Ctrl Pts',(0.5184814108593,24.31098076639,-4.104202975086));
#4544=CARTESIAN_POINT('Ctrl Pts',(2.10581426744,24.22973076639,-3.560737466475));
#4545=CARTESIAN_POINT('Ctrl Pts',(3.346760158689,24.14848076639,-2.431563586322));
#4546=CARTESIAN_POINT('Ctrl Pts',(4.037194965944,24.06723076639,-0.9024199915075));
#4547=CARTESIAN_POINT('Ctrl Pts',(4.063548550877,23.98598076639,0.7751633432902));
#4548=CARTESIAN_POINT('Ctrl Pts',(3.421485992573,23.90473076639,2.325239479438));
#4549=CARTESIAN_POINT('Ctrl Pts',(2.216620641918,23.82348076639,3.492835232864));
#4550=CARTESIAN_POINT('Ctrl Pts',(0.6471417024397,23.74223076639,4.085891903988));
#4551=CARTESIAN_POINT('Ctrl Pts',(-1.028786060143,23.66098076639,4.006857156996));
#4552=CARTESIAN_POINT('Ctrl Pts',(-2.535488033512,23.57973076639,3.268731476587));
#4553=CARTESIAN_POINT('Ctrl Pts',(-3.625125682099,23.49848076639,1.992929708519));
#4554=CARTESIAN_POINT('Ctrl Pts',(-4.118463693359,23.41723076639,0.3893094407208));
#4555=CARTESIAN_POINT('Ctrl Pts',(-3.934352528457,23.33598076639,-1.278348628415));
#4556=CARTESIAN_POINT('Ctrl Pts',(-3.103076770871,23.25473076639,-2.735730174708));
#4557=CARTESIAN_POINT('Ctrl Pts',(-1.761373591791,23.17348076639,-3.743109416293));
#4558=CARTESIAN_POINT('Ctrl Pts',(-0.1299407534363,23.09223076639,-4.134781788583));
#4559=CARTESIAN_POINT('Ctrl Pts',(1.522866142175,23.01098076639,-3.846320806044));
#4560=CARTESIAN_POINT('Ctrl Pts',(2.92517562567,22.92973076639,-2.925175645814));
#4561=CARTESIAN_POINT('Ctrl Pts',(3.846320856468,22.84848076639,-1.522866112025));
#4562=CARTESIAN_POINT('Ctrl Pts',(4.134781607033,22.76723076639,0.1299406529772));
#4563=CARTESIAN_POINT('Ctrl Pts',(3.74311009207,22.68598076639,1.761373963477));
#4564=CARTESIAN_POINT('Ctrl Pts',(2.735727653152,22.60473076639,3.103075384588));
#4565=CARTESIAN_POINT('Ctrl Pts',(1.278358038862,22.52348076639,3.934357701906));
#4566=CARTESIAN_POINT('Ctrl Pts',(-0.3893445609522,22.44223076639,4.118444385845));
#4567=CARTESIAN_POINT('Ctrl Pts',(-1.458313945677,22.38806409973,3.789613287752));
#4568=CARTESIAN_POINT('Ctrl Pts',(-1.938293291897,22.36098076639,3.525742409211));
#4569=CARTESIAN_POINT('Ctrl Pts',(1.882598860827,27.75366025546,3.424434615183));
#4570=CARTESIAN_POINT('Ctrl Pts',(1.416411120204,27.72657692213,3.680723494386));
#4571=CARTESIAN_POINT('Ctrl Pts',(0.3781572324383,27.67241025546,4.00010604256));
#4572=CARTESIAN_POINT('Ctrl Pts',(-1.241626021073,27.59116025546,3.821308859014));
#4573=CARTESIAN_POINT('Ctrl Pts',(-2.65711994407,27.50991025546,3.013912398348));
#4574=CARTESIAN_POINT('Ctrl Pts',(-3.635556509811,27.42866025546,1.710763087813));
#4575=CARTESIAN_POINT('Ctrl Pts',(-4.01597383415,27.34741025546,0.1262069709948));
#4576=CARTESIAN_POINT('Ctrl Pts',(-3.73580164211,27.26616025546,-1.479108460868));
#4577=CARTESIAN_POINT('Ctrl Pts',(-2.841124366279,27.18491025546,-2.841124385844));
#4578=CARTESIAN_POINT('Ctrl Pts',(-1.479108490153,27.10366025546,-3.735801593136));
#4579=CARTESIAN_POINT('Ctrl Pts',(0.1262070685674,27.02241025546,-4.015974010483));
#4580=CARTESIAN_POINT('Ctrl Pts',(1.710762726807,26.94116025546,-3.635555853452));
#4581=CARTESIAN_POINT('Ctrl Pts',(3.013913744799,26.85991025546,-2.657122393172));
#4582=CARTESIAN_POINT('Ctrl Pts',(3.821303834217,26.77866025546,-1.241616881024));
#4583=CARTESIAN_POINT('Ctrl Pts',(4.000124795296,26.69741025546,0.3781231213428));
#4584=CARTESIAN_POINT('Ctrl Pts',(3.520962234148,26.61616025546,1.93566536842));
#4585=CARTESIAN_POINT('Ctrl Pts',(2.462633959207,26.53491025546,3.17480856994));
#4586=CARTESIAN_POINT('Ctrl Pts',(0.9992251807078,26.45366025546,3.891725133028));
#4587=CARTESIAN_POINT('Ctrl Pts',(-0.6285468958178,26.37241025546,3.968488915514));
#4588=CARTESIAN_POINT('Ctrl Pts',(-2.1529288229,26.29116025546,3.39247298535));
#4589=CARTESIAN_POINT('Ctrl Pts',(-3.323173876152,26.20991025546,2.258426634111));
#4590=CARTESIAN_POINT('Ctrl Pts',(-3.946787570682,26.12866025546,0.752889995097));
#4591=CARTESIAN_POINT('Ctrl Pts',(-3.921191223018,26.04741025546,-0.8764900828484));
#4592=CARTESIAN_POINT('Ctrl Pts',(-3.250595195551,25.96616025546,-2.361695650897));
#4593=CARTESIAN_POINT('Ctrl Pts',(-2.045306330867,25.88491025546,-3.458424133289));
#4594=CARTESIAN_POINT('Ctrl Pts',(-0.5035834966381,25.80366025546,-3.986273840909));
#4595=CARTESIAN_POINT('Ctrl Pts',(1.120974163952,25.72241025546,-3.858418380186));
#4596=CARTESIAN_POINT('Ctrl Pts',(2.561141945116,25.64116025546,-3.09588879157));
#4597=CARTESIAN_POINT('Ctrl Pts',(3.580025570376,25.55991025546,-1.824114137947));
#4598=CARTESIAN_POINT('Ctrl Pts',(4.010028109442,25.47866025546,-0.2522895841833));
#4599=CARTESIAN_POINT('Ctrl Pts',(3.780418122751,25.39741025546,1.361034272155));
#4600=CARTESIAN_POINT('Ctrl Pts',(2.928964328906,25.31616025546,2.750480582153));
#4601=CARTESIAN_POINT('Ctrl Pts',(1.595722999883,25.23491025546,3.687498282094));
#4602=CARTESIAN_POINT('Ctrl Pts',(0.,25.15366025546,4.017956629035));
#4603=CARTESIAN_POINT('Ctrl Pts',(-1.595722999883,25.07241025546,3.687498282094));
#4604=CARTESIAN_POINT('Ctrl Pts',(-2.928964328906,24.99116025546,2.750480582153));
#4605=CARTESIAN_POINT('Ctrl Pts',(-3.780418122751,24.90991025546,1.361034272155));
#4606=CARTESIAN_POINT('Ctrl Pts',(-4.010028109442,24.82866025546,-0.2522895841833));
#4607=CARTESIAN_POINT('Ctrl Pts',(-3.580025570376,24.74741025546,-1.824114137947));
#4608=CARTESIAN_POINT('Ctrl Pts',(-2.561141945116,24.66616025546,-3.09588879157));
#4609=CARTESIAN_POINT('Ctrl Pts',(-1.120974163952,24.58491025546,-3.858418380186));
#4610=CARTESIAN_POINT('Ctrl Pts',(0.503583496638,24.50366025546,-3.986273840909));
#4611=CARTESIAN_POINT('Ctrl Pts',(2.045306330867,24.42241025546,-3.458424133289));
#4612=CARTESIAN_POINT('Ctrl Pts',(3.250595195551,24.34116025546,-2.361695650897));
#4613=CARTESIAN_POINT('Ctrl Pts',(3.921191223018,24.25991025546,-0.8764900828484));
#4614=CARTESIAN_POINT('Ctrl Pts',(3.946787570682,24.17866025546,0.752889995097));
#4615=CARTESIAN_POINT('Ctrl Pts',(3.323173876152,24.09741025546,2.258426634111));
#4616=CARTESIAN_POINT('Ctrl Pts',(2.1529288229,24.01616025546,3.39247298535));
#4617=CARTESIAN_POINT('Ctrl Pts',(0.6285468958179,23.93491025546,3.968488915514));
#4618=CARTESIAN_POINT('Ctrl Pts',(-0.9992251807078,23.85366025546,3.891725133028));
#4619=CARTESIAN_POINT('Ctrl Pts',(-2.462633959207,23.77241025546,3.17480856994));
#4620=CARTESIAN_POINT('Ctrl Pts',(-3.520962234148,23.69116025546,1.935665368419));
#4621=CARTESIAN_POINT('Ctrl Pts',(-4.000124795296,23.60991025546,0.3781231213429));
#4622=CARTESIAN_POINT('Ctrl Pts',(-3.821303834217,23.52866025546,-1.241616881024));
#4623=CARTESIAN_POINT('Ctrl Pts',(-3.013913744799,23.44741025546,-2.657122393172));
#4624=CARTESIAN_POINT('Ctrl Pts',(-1.710762726807,23.36616025546,-3.635555853452));
#4625=CARTESIAN_POINT('Ctrl Pts',(-0.1262070685674,23.28491025546,-4.015974010483));
#4626=CARTESIAN_POINT('Ctrl Pts',(1.479108490153,23.20366025546,-3.735801593136));
#4627=CARTESIAN_POINT('Ctrl Pts',(2.841124366279,23.12241025546,-2.841124385844));
#4628=CARTESIAN_POINT('Ctrl Pts',(3.73580164211,23.04116025546,-1.479108460868));
#4629=CARTESIAN_POINT('Ctrl Pts',(4.01597383415,22.95991025546,0.1262069709948));
#4630=CARTESIAN_POINT('Ctrl Pts',(3.635556509811,22.87866025546,1.710763087812));
#4631=CARTESIAN_POINT('Ctrl Pts',(2.65711994407,22.79741025546,3.013912398348));
#4632=CARTESIAN_POINT('Ctrl Pts',(1.241626021073,22.71616025546,3.821308859014));
#4633=CARTESIAN_POINT('Ctrl Pts',(-0.3781572324384,22.63491025546,4.00010604256));
#4634=CARTESIAN_POINT('Ctrl Pts',(-1.416411120204,22.5807435888,3.680723494386));
#4635=CARTESIAN_POINT('Ctrl Pts',(-1.882598860827,22.55366025546,3.424434615183));
#4636=CARTESIAN_POINT('Ctrl Pts',(1.826904429756,27.94633974454,3.323126821155));
#4637=CARTESIAN_POINT('Ctrl Pts',(1.374508294731,27.9192564112,3.571833701019));
#4638=CARTESIAN_POINT('Ctrl Pts',(0.3669699039245,27.86508974454,3.881767699274));
#4639=CARTESIAN_POINT('Ctrl Pts',(-1.204894003284,27.78383974454,3.708260016122));
#4640=CARTESIAN_POINT('Ctrl Pts',(-2.578512234988,27.70258974454,2.924749412109));
#4641=CARTESIAN_POINT('Ctrl Pts',(-3.528002927553,27.62133974454,1.660152212148));
#4642=CARTESIAN_POINT('Ctrl Pts',(-3.897166061267,27.54008974454,0.1224732890125));
#4643=CARTESIAN_POINT('Ctrl Pts',(-3.625282427753,27.45883974454,-1.435350809712));
#4644=CARTESIAN_POINT('Ctrl Pts',(-2.757073106889,27.37758974454,-2.757073125875));
#4645=CARTESIAN_POINT('Ctrl Pts',(-1.43535083813,27.29633974454,-3.625282380227));
#4646=CARTESIAN_POINT('Ctrl Pts',(0.1224733836984,27.21508974454,-3.897166232384));
#4647=CARTESIAN_POINT('Ctrl Pts',(1.660151861822,27.13383974454,-3.528002290611));
#4648=CARTESIAN_POINT('Ctrl Pts',(2.924750718727,27.05258974454,-2.578514611636));
#4649=CARTESIAN_POINT('Ctrl Pts',(3.708255139978,26.97133974454,-1.204885133632));
#4650=CARTESIAN_POINT('Ctrl Pts',(3.881785897234,26.89008974454,0.3669368019649));
#4651=CARTESIAN_POINT('Ctrl Pts',(3.416798786198,26.80883974454,1.87840102832));
#4652=CARTESIAN_POINT('Ctrl Pts',(2.389779884903,26.72758974454,3.080885663292));
#4653=CARTESIAN_POINT('Ctrl Pts',(0.9696643012722,26.64633974454,3.776593109061));
#4654=CARTESIAN_POINT('Ctrl Pts',(-0.609952089196,26.56508974454,3.851085927041));
#4655=CARTESIAN_POINT('Ctrl Pts',(-2.089237003883,26.48383974454,3.292110737836));
#4656=CARTESIAN_POINT('Ctrl Pts',(-3.224861759731,26.40258974454,2.191613788784));
#4657=CARTESIAN_POINT('Ctrl Pts',(-3.830026590486,26.32133974454,0.7306166469037));
#4658=CARTESIAN_POINT('Ctrl Pts',(-3.805187480092,26.24008974454,-0.8505601741892));
#4659=CARTESIAN_POINT('Ctrl Pts',(-3.154430232412,26.15883974454,-2.291827715473));
#4660=CARTESIAN_POINT('Ctrl Pts',(-1.984798394295,26.07758974454,-3.356110800103));
#4661=CARTESIAN_POINT('Ctrl Pts',(-0.4886855824168,25.99633974454,-3.868344706732));
#4662=CARTESIAN_POINT('Ctrl Pts',(1.087811486759,25.91508974454,-3.744271696584));
#4663=CARTESIAN_POINT('Ctrl Pts',(2.485373630107,25.83383974454,-3.004300631983));
#4664=CARTESIAN_POINT('Ctrl Pts',(3.474114804409,25.75258974454,-1.770149907312));
#4665=CARTESIAN_POINT('Ctrl Pts',(3.891396233699,25.67133974454,-0.2448258991953));
#4666=CARTESIAN_POINT('Ctrl Pts',(3.668578983285,25.59008974454,1.320769704364));
#4667=CARTESIAN_POINT('Ctrl Pts',(2.842314429494,25.50883974454,2.669110910482));
#4668=CARTESIAN_POINT('Ctrl Pts',(1.548515447348,25.42758974454,3.578408064753));
#4669=CARTESIAN_POINT('Ctrl Pts',(0.,25.34633974454,3.899090197542));
#4670=CARTESIAN_POINT('Ctrl Pts',(-1.548515447348,25.26508974454,3.578408064753));
#4671=CARTESIAN_POINT('Ctrl Pts',(-2.842314429494,25.18383974454,2.669110910482));
#4672=CARTESIAN_POINT('Ctrl Pts',(-3.668578983285,25.10258974454,1.320769704364));
#4673=CARTESIAN_POINT('Ctrl Pts',(-3.891396233699,25.02133974454,-0.2448258991953));
#4674=CARTESIAN_POINT('Ctrl Pts',(-3.474114804409,24.94008974454,-1.770149907312));
#4675=CARTESIAN_POINT('Ctrl Pts',(-2.485373630107,24.85883974454,-3.004300631983));
#4676=CARTESIAN_POINT('Ctrl Pts',(-1.087811486759,24.77758974454,-3.744271696584));
#4677=CARTESIAN_POINT('Ctrl Pts',(0.4886855824168,24.69633974454,-3.868344706732));
#4678=CARTESIAN_POINT('Ctrl Pts',(1.984798394295,24.61508974454,-3.356110800103));
#4679=CARTESIAN_POINT('Ctrl Pts',(3.154430232412,24.53383974454,-2.291827715473));
#4680=CARTESIAN_POINT('Ctrl Pts',(3.805187480092,24.45258974454,-0.8505601741892));
#4681=CARTESIAN_POINT('Ctrl Pts',(3.830026590486,24.37133974454,0.7306166469037));
#4682=CARTESIAN_POINT('Ctrl Pts',(3.224861759731,24.29008974454,2.191613788784));
#4683=CARTESIAN_POINT('Ctrl Pts',(2.089237003883,24.20883974454,3.292110737836));
#4684=CARTESIAN_POINT('Ctrl Pts',(0.609952089196,24.12758974454,3.851085927041));
#4685=CARTESIAN_POINT('Ctrl Pts',(-0.9696643012721,24.04633974454,3.776593109061));
#4686=CARTESIAN_POINT('Ctrl Pts',(-2.389779884903,23.96508974454,3.080885663292));
#4687=CARTESIAN_POINT('Ctrl Pts',(-3.416798786198,23.88383974454,1.87840102832));
#4688=CARTESIAN_POINT('Ctrl Pts',(-3.881785897234,23.80258974454,0.3669368019649));
#4689=CARTESIAN_POINT('Ctrl Pts',(-3.708255139978,23.72133974454,-1.204885133632));
#4690=CARTESIAN_POINT('Ctrl Pts',(-2.924750718727,23.64008974454,-2.578514611636));
#4691=CARTESIAN_POINT('Ctrl Pts',(-1.660151861822,23.55883974454,-3.528002290611));
#4692=CARTESIAN_POINT('Ctrl Pts',(-0.1224733836984,23.47758974454,-3.897166232384));
#4693=CARTESIAN_POINT('Ctrl Pts',(1.43535083813,23.39633974454,-3.625282380227));
#4694=CARTESIAN_POINT('Ctrl Pts',(2.757073106889,23.31508974454,-2.757073125875));
#4695=CARTESIAN_POINT('Ctrl Pts',(3.625282427753,23.23383974454,-1.435350809712));
#4696=CARTESIAN_POINT('Ctrl Pts',(3.897166061267,23.15258974454,0.1224732890125));
#4697=CARTESIAN_POINT('Ctrl Pts',(3.528002927553,23.07133974454,1.660152212148));
#4698=CARTESIAN_POINT('Ctrl Pts',(2.578512234988,22.99008974454,2.924749412109));
#4699=CARTESIAN_POINT('Ctrl Pts',(1.204894003284,22.90883974454,3.708260016122));
#4700=CARTESIAN_POINT('Ctrl Pts',(-0.3669699039246,22.82758974454,3.881767699274));
#4701=CARTESIAN_POINT('Ctrl Pts',(-1.374508294731,22.77342307787,3.571833701019));
#4702=CARTESIAN_POINT('Ctrl Pts',(-1.826904429756,22.74633974454,3.323126821155));
#4703=CARTESIAN_POINT('Ctrl Pts',(1.771209998686,28.13901923361,3.221819027127));
#4704=CARTESIAN_POINT('Ctrl Pts',(1.332605469257,28.11193590027,3.462943907653));
#4705=CARTESIAN_POINT('Ctrl Pts',(0.3557825754107,28.05776923361,3.763429355989));
#4706=CARTESIAN_POINT('Ctrl Pts',(-1.168161985495,27.97651923361,3.59521117323));
#4707=CARTESIAN_POINT('Ctrl Pts',(-2.499904525906,27.89526923361,2.83558642587));
#4708=CARTESIAN_POINT('Ctrl Pts',(-3.420449345294,27.81401923361,1.609541336483));
#4709=CARTESIAN_POINT('Ctrl Pts',(-3.778358288385,27.73276923361,0.1187396070301));
#4710=CARTESIAN_POINT('Ctrl Pts',(-3.514763213395,27.65151923361,-1.391593158556));
#4711=CARTESIAN_POINT('Ctrl Pts',(-2.673021847498,27.57026923361,-2.673021865905));
#4712=CARTESIAN_POINT('Ctrl Pts',(-1.391593186107,27.48901923361,-3.514763167318));
#4713=CARTESIAN_POINT('Ctrl Pts',(0.1187396988295,27.40776923361,-3.778358454285));
#4714=CARTESIAN_POINT('Ctrl Pts',(1.609540996837,27.32651923361,-3.42044872777));
#4715=CARTESIAN_POINT('Ctrl Pts',(2.835587692655,27.24526923361,-2.4999068301));
#4716=CARTESIAN_POINT('Ctrl Pts',(3.595206445738,27.16401923361,-1.16815338624));
#4717=CARTESIAN_POINT('Ctrl Pts',(3.763446999171,27.08276923361,0.355750482587));
#4718=CARTESIAN_POINT('Ctrl Pts',(3.312635338248,27.00151923361,1.821136688221));
#4719=CARTESIAN_POINT('Ctrl Pts',(2.316925810598,26.92026923361,2.986962756645));
#4720=CARTESIAN_POINT('Ctrl Pts',(0.9401034218365,26.83901923361,3.661461085093));
#4721=CARTESIAN_POINT('Ctrl Pts',(-0.5913572825742,26.75776923361,3.733682938567));
#4722=CARTESIAN_POINT('Ctrl Pts',(-2.025545184865,26.67651923361,3.191748490321));
#4723=CARTESIAN_POINT('Ctrl Pts',(-3.12654964331,26.59526923361,2.124800943458));
#4724=CARTESIAN_POINT('Ctrl Pts',(-3.713265610291,26.51401923361,0.7083432987104));
#4725=CARTESIAN_POINT('Ctrl Pts',(-3.689183737166,26.43276923361,-0.8246302655301));
#4726=CARTESIAN_POINT('Ctrl Pts',(-3.058265269274,26.35151923361,-2.221959780049));
#4727=CARTESIAN_POINT('Ctrl Pts',(-1.924290457723,26.27026923361,-3.253797466917));
#4728=CARTESIAN_POINT('Ctrl Pts',(-0.4737876681955,26.18901923361,-3.750415572555));
#4729=CARTESIAN_POINT('Ctrl Pts',(1.054648809566,26.10776923361,-3.630125012983));
#4730=CARTESIAN_POINT('Ctrl Pts',(2.409605315098,26.02651923361,-2.912712472396));
#4731=CARTESIAN_POINT('Ctrl Pts',(3.368204038441,25.94526923361,-1.716185676676));
#4732=CARTESIAN_POINT('Ctrl Pts',(3.772764357956,25.86401923361,-0.2373622142072));
#4733=CARTESIAN_POINT('Ctrl Pts',(3.556739843819,25.78276923361,1.280505136573));
#4734=CARTESIAN_POINT('Ctrl Pts',(2.755664530082,25.70151923361,2.587741238812));
#4735=CARTESIAN_POINT('Ctrl Pts',(1.501307894814,25.62026923361,3.469317847412));
#4736=CARTESIAN_POINT('Ctrl Pts',(0.,25.53901923361,3.780223766049));
#4737=CARTESIAN_POINT('Ctrl Pts',(-1.501307894814,25.45776923361,3.469317847412));
#4738=CARTESIAN_POINT('Ctrl Pts',(-2.755664530082,25.37651923361,2.587741238812));
#4739=CARTESIAN_POINT('Ctrl Pts',(-3.556739843819,25.29526923361,1.280505136573));
#4740=CARTESIAN_POINT('Ctrl Pts',(-3.772764357956,25.21401923361,-0.2373622142073));
#4741=CARTESIAN_POINT('Ctrl Pts',(-3.368204038441,25.13276923361,-1.716185676676));
#4742=CARTESIAN_POINT('Ctrl Pts',(-2.409605315098,25.05151923361,-2.912712472396));
#4743=CARTESIAN_POINT('Ctrl Pts',(-1.054648809566,24.97026923361,-3.630125012983));
#4744=CARTESIAN_POINT('Ctrl Pts',(0.4737876681955,24.88901923361,-3.750415572555));
#4745=CARTESIAN_POINT('Ctrl Pts',(1.924290457723,24.80776923361,-3.253797466917));
#4746=CARTESIAN_POINT('Ctrl Pts',(3.058265269273,24.72651923361,-2.221959780049));
#4747=CARTESIAN_POINT('Ctrl Pts',(3.689183737166,24.64526923361,-0.8246302655301));
#4748=CARTESIAN_POINT('Ctrl Pts',(3.713265610291,24.56401923361,0.7083432987104));
#4749=CARTESIAN_POINT('Ctrl Pts',(3.12654964331,24.48276923361,2.124800943458));
#4750=CARTESIAN_POINT('Ctrl Pts',(2.025545184865,24.40151923361,3.191748490321));
#4751=CARTESIAN_POINT('Ctrl Pts',(0.5913572825742,24.32026923361,3.733682938567));
#4752=CARTESIAN_POINT('Ctrl Pts',(-0.9401034218365,24.23901923361,3.661461085093));
#4753=CARTESIAN_POINT('Ctrl Pts',(-2.316925810598,24.15776923361,2.986962756645));
#4754=CARTESIAN_POINT('Ctrl Pts',(-3.312635338248,24.07651923361,1.821136688221));
#4755=CARTESIAN_POINT('Ctrl Pts',(-3.763446999171,23.99526923361,0.355750482587));
#4756=CARTESIAN_POINT('Ctrl Pts',(-3.595206445738,23.91401923361,-1.16815338624));
#4757=CARTESIAN_POINT('Ctrl Pts',(-2.835587692655,23.83276923361,-2.4999068301));
#4758=CARTESIAN_POINT('Ctrl Pts',(-1.609540996837,23.75151923361,-3.42044872777));
#4759=CARTESIAN_POINT('Ctrl Pts',(-0.1187396988295,23.67026923361,-3.778358454285));
#4760=CARTESIAN_POINT('Ctrl Pts',(1.391593186107,23.58901923361,-3.514763167318));
#4761=CARTESIAN_POINT('Ctrl Pts',(2.673021847498,23.50776923361,-2.673021865905));
#4762=CARTESIAN_POINT('Ctrl Pts',(3.514763213395,23.42651923361,-1.391593158556));
#4763=CARTESIAN_POINT('Ctrl Pts',(3.778358288385,23.34526923361,0.1187396070301));
#4764=CARTESIAN_POINT('Ctrl Pts',(3.420449345294,23.26401923361,1.609541336483));
#4765=CARTESIAN_POINT('Ctrl Pts',(2.499904525906,23.18276923361,2.83558642587));
#4766=CARTESIAN_POINT('Ctrl Pts',(1.168161985495,23.10151923361,3.59521117323));
#4767=CARTESIAN_POINT('Ctrl Pts',(-0.3557825754108,23.02026923361,3.763429355989));
#4768=CARTESIAN_POINT('Ctrl Pts',(-1.332605469257,22.96610256694,3.462943907653));
#4769=CARTESIAN_POINT('Ctrl Pts',(-1.771209998686,22.93901923361,3.221819027127));
#4770=CARTESIAN_POINT('',(1.39497333397135E-7,22.5,3.99999288154002));
#4771=CARTESIAN_POINT('',(0.,22.5,4.));
#4772=CARTESIAN_POINT('Ctrl Pts',(1.53288649967775E-7,27.4999976849737,
3.99984337724199));
#4773=CARTESIAN_POINT('Ctrl Pts',(-0.319316825614483,27.4841152333114,3.99965985760184));
#4774=CARTESIAN_POINT('Ctrl Pts',(-0.638685167898455,27.4682327110463,3.96127622435339));
#4775=CARTESIAN_POINT('Ctrl Pts',(-1.2606677683234,27.4363910021316,3.80975677360456));
#4776=CARTESIAN_POINT('Ctrl Pts',(-1.5606157516431,27.4205574056791,3.69657953394242));
#4777=CARTESIAN_POINT('Ctrl Pts',(-2.26206037970817,27.3812412672246,3.33199708094953));
#4778=CARTESIAN_POINT('Ctrl Pts',(-2.68836917580026,27.3554096655136,3.01756996175941));
#4779=CARTESIAN_POINT('Ctrl Pts',(-3.3496475237375,27.3043151322392,2.23134091060205));
#4780=CARTESIAN_POINT('Ctrl Pts',(-3.63143864364691,27.2783614065512,1.77954134997748));
#4781=CARTESIAN_POINT('Ctrl Pts',(-3.94251478629903,27.2272576527904,0.800248425757321));
#4782=CARTESIAN_POINT('Ctrl Pts',(-4.03676688989495,27.2012198231988,0.274158096642474));
#4783=CARTESIAN_POINT('Ctrl Pts',(-3.95094617187633,27.150074974143,-0.750568087492251));
#4784=CARTESIAN_POINT('Ctrl Pts',(-3.84119751367207,27.1239684905237,-1.27527566830244));
#4785=CARTESIAN_POINT('Ctrl Pts',(-3.36168512230712,27.0717105741124,-2.21013376074019));
#4786=CARTESIAN_POINT('Ctrl Pts',(-3.05826269536912,27.0457625188248,-2.64775524563574));
#4787=CARTESIAN_POINT('Ctrl Pts',(-2.25917059989924,26.9934676741051,-3.33100844286296));
#4788=CARTESIAN_POINT('Ctrl Pts',(-1.8117142080241,26.9676543731031,-3.61401541789673));
#4789=CARTESIAN_POINT('Ctrl Pts',(-0.811063902327715,26.9152345867714,-3.94462030993191));
#4790=CARTESIAN_POINT('Ctrl Pts',(-0.291301587369236,26.889544878433,-4.02897367859394));
#4791=CARTESIAN_POINT('Ctrl Pts',(0.781337599833472,26.8360660329145,-3.95611204313481));
#4792=CARTESIAN_POINT('Ctrl Pts',(1.28738634718797,26.8105086623565,-3.82208300441531));
#4793=CARTESIAN_POINT('Ctrl Pts',(2.21200191510625,26.7593541573719,-3.37195203327057));
#4794=CARTESIAN_POINT('Ctrl Pts',(2.62999895774486,26.7338076898237,-3.05716836258726));
#4795=CARTESIAN_POINT('Ctrl Pts',(3.3189686498464,26.6825760935151,-2.29163609566418));
#4796=CARTESIAN_POINT('Ctrl Pts',(3.58829123819056,26.6569307156783,-1.84055286526726));
#4797=CARTESIAN_POINT('Ctrl Pts',(3.95251418777957,26.6035479122834,-0.831074468001168));
#4798=CARTESIAN_POINT('Ctrl Pts',(4.01622058755748,26.5778057940177,-0.307297769369938));
#4799=CARTESIAN_POINT('Ctrl Pts',(3.97219718967147,26.5252204617848,0.748955554863773));
#4800=CARTESIAN_POINT('Ctrl Pts',(3.82385338157205,26.4993617796513,1.25812784367754));
#4801=CARTESIAN_POINT('Ctrl Pts',(3.38342571974711,26.4468942104761,2.21661547665961));
#4802=CARTESIAN_POINT('Ctrl Pts',(3.0456174763578,26.4209061283182,2.62930167087648));
#4803=CARTESIAN_POINT('Ctrl Pts',(2.27766191222672,26.3687003855793,3.3447796518889));
#4804=CARTESIAN_POINT('Ctrl Pts',(1.80411588707698,26.3426116244993,3.59506083459655));
#4805=CARTESIAN_POINT('Ctrl Pts',(0.827638337949743,26.2907330773573,3.96173873912628));
#4806=CARTESIAN_POINT('Ctrl Pts',(0.293112230591497,26.2645893821268,4.01131529714362));
#4807=CARTESIAN_POINT('Ctrl Pts',(-0.73058978693976,26.213648176721,3.9783015283005));
#4808=CARTESIAN_POINT('Ctrl Pts',(-1.24240807814895,26.1876487274945,3.82763764185021));
#4809=CARTESIAN_POINT('Ctrl Pts',(-2.18175201373085,26.1363872786612,3.4034130522975));
#4810=CARTESIAN_POINT('Ctrl Pts',(-2.59939868748306,26.1104728748997,3.07462091299076));
#4811=CARTESIAN_POINT('Ctrl Pts',(-3.30618012716772,26.0591385316433,2.32238812007063));
#4812=CARTESIAN_POINT('Ctrl Pts',(-3.57132905430442,26.03329651366,1.86366466794456));
#4813=CARTESIAN_POINT('Ctrl Pts',(-3.92768907476158,25.9832055440715,0.921623033463718));
#4814=CARTESIAN_POINT('Ctrl Pts',(-4.01408336227444,25.9573920605671,0.399752164885671));
#4815=CARTESIAN_POINT('Ctrl Pts',(-3.98136984557264,25.905104372868,-0.651108388156356));
#4816=CARTESIAN_POINT('Ctrl Pts',(-3.86193367469568,25.8793113757944,-1.16600394242621));
#4817=CARTESIAN_POINT('Ctrl Pts',(-3.42935634630922,25.8270128910033,-2.12450125654334));
#4818=CARTESIAN_POINT('Ctrl Pts',(-3.12231714091894,25.8012227529271,-2.55466894754689));
#4819=CARTESIAN_POINT('Ctrl Pts',(-2.35619574150897,25.7489500049231,-3.27425508833369));
#4820=CARTESIAN_POINT('Ctrl Pts',(-1.9079155669049,25.723146097087,-3.55468621753953));
#4821=CARTESIAN_POINT('Ctrl Pts',(-0.967072882127131,25.673122085597,-3.91040938167595));
#4822=CARTESIAN_POINT('Ctrl Pts',(-0.448095089322586,25.6472962530776,-4.0154687275171));
#4823=CARTESIAN_POINT('Ctrl Pts',(0.582448530068284,25.5960188036932,-3.98365528693702));
#4824=CARTESIAN_POINT('Ctrl Pts',(1.10498093073208,25.5701269763821,-3.88880168634719));
#4825=CARTESIAN_POINT('Ctrl Pts',(2.04364150925842,25.5189348913875,-3.46645864493957));
#4826=CARTESIAN_POINT('Ctrl Pts',(2.49523794903519,25.4929653347082,-3.18351314351823));
#4827=CARTESIAN_POINT('Ctrl Pts',(3.1972168821745,25.442102788836,-2.43984740744621));
#4828=CARTESIAN_POINT('Ctrl Pts',(3.51420451304718,25.4159973800441,-2.00760372055233));
#4829=CARTESIAN_POINT('Ctrl Pts',(3.88695750475745,25.3641694298844,-1.0345227520754));
#4830=CARTESIAN_POINT('Ctrl Pts',(4.01343842714914,25.3381363150165,-0.515284630234064));
#4831=CARTESIAN_POINT('Ctrl Pts',(3.98817843743081,25.285963673004,0.53334184135292));
#4832=CARTESIAN_POINT('Ctrl Pts',(3.90338290671577,25.260054039846,1.05813411819631));
#4833=CARTESIAN_POINT('Ctrl Pts',(3.47923585661598,25.2074837990327,2.02618216599818));
#4834=CARTESIAN_POINT('Ctrl Pts',(3.19706335489824,25.1817768749281,2.47137176662786));
#4835=CARTESIAN_POINT('Ctrl Pts',(2.43920160926238,25.1292544611843,3.20660189982895));
#4836=CARTESIAN_POINT('Ctrl Pts',(2.0073313867003,25.1036934194049,3.50298386738435));
#4837=CARTESIAN_POINT('Ctrl Pts',(1.02508133351962,25.0509914114677,3.9000795116288));
#4838=CARTESIAN_POINT('Ctrl Pts',(0.512542127081551,25.0254957737487,3.999999999869));
#4839=CARTESIAN_POINT('Ctrl Pts',(-0.512542125118527,24.9745042263489,4.00000000012638));
#4840=CARTESIAN_POINT('Ctrl Pts',(-1.02508133160431,24.94900858863,3.90007951212488));
#4841=CARTESIAN_POINT('Ctrl Pts',(-2.00733138556823,24.8963065806614,3.502983868136));
#4842=CARTESIAN_POINT('Ctrl Pts',(-2.43920160816904,24.8707455388806,3.206601900575));
#4843=CARTESIAN_POINT('Ctrl Pts',(-3.19706335409039,24.8182231251407,2.47137176777956));
#4844=CARTESIAN_POINT('Ctrl Pts',(-3.47923585589083,24.7925162010343,2.02618216715085));
#4845=CARTESIAN_POINT('Ctrl Pts',(-3.90338290638365,24.7399459602244,1.05813411959437));
#4846=CARTESIAN_POINT('Ctrl Pts',(-3.98817843721673,24.7140363270644,0.533341842722428));
#4847=CARTESIAN_POINT('Ctrl Pts',(-4.01343842736055,24.661863685059,-0.515284628712056));
#4848=CARTESIAN_POINT('Ctrl Pts',(-3.886957505138,24.6358305701903,-1.03452275061469));
#4849=CARTESIAN_POINT('Ctrl Pts',(-3.51420451385337,24.5840026200371,-2.00760371911307));
#4850=CARTESIAN_POINT('Ctrl Pts',(-3.19721688318409,24.5578972112455,-2.43984740614562));
#4851=CARTESIAN_POINT('Ctrl Pts',(-2.49523795035094,24.5070346653754,-3.18351314244819));
#4852=CARTESIAN_POINT('Ctrl Pts',(-2.04364151073495,24.4810651086967,-3.46645864409913));
#4853=CARTESIAN_POINT('Ctrl Pts',(-1.10498093238813,24.4298730237036,-3.88880168583181));
#4854=CARTESIAN_POINT('Ctrl Pts',(-0.582448531794457,24.403981196393,-3.98365528672131));
#4855=CARTESIAN_POINT('Ctrl Pts',(0.448095087571335,24.3527037470093,-4.01546872766128));
#4856=CARTESIAN_POINT('Ctrl Pts',(0.967072880429731,24.3268779144902,-3.91040938214086));
#4857=CARTESIAN_POINT('Ctrl Pts',(1.90791556567687,24.2768539029817,-3.55468621819522));
#4858=CARTESIAN_POINT('Ctrl Pts',(2.35619574037698,24.2510499951458,-3.27425508915204));
#4859=CARTESIAN_POINT('Ctrl Pts',(3.12231714004387,24.1987772471408,-2.55466894861092));
#4860=CARTESIAN_POINT('Ctrl Pts',(3.42935634558263,24.172987109065,-2.12450125772154));
#4861=CARTESIAN_POINT('Ctrl Pts',(3.8619336742918,24.1206886242738,-1.16600394374665));
#4862=CARTESIAN_POINT('Ctrl Pts',(3.98136984535261,24.0948956271997,-0.651108389509691));
#4863=CARTESIAN_POINT('Ctrl Pts',(4.01408336240636,24.0426079395011,0.399752163508639));
#4864=CARTESIAN_POINT('Ctrl Pts',(3.9276890750766,24.0167944559963,0.921623032124853));
#4865=CARTESIAN_POINT('Ctrl Pts',(3.57132905506504,23.9667034864258,1.86366466638838));
#4866=CARTESIAN_POINT('Ctrl Pts',(3.30618012819869,23.940861468442,2.32238811868678));
#4867=CARTESIAN_POINT('Ctrl Pts',(2.59939868875851,23.8895271251847,3.07462091186215));
#4868=CARTESIAN_POINT('Ctrl Pts',(2.18175201517832,23.8636127214224,3.40341305141814));
#4869=CARTESIAN_POINT('Ctrl Pts',(1.24240807971646,23.8123512725876,3.82763764131111));
#4870=CARTESIAN_POINT('Ctrl Pts',(0.73058978856723,23.7863518233604,3.97830152803174));
#4871=CARTESIAN_POINT('Ctrl Pts',(-0.293112228996296,23.7354106179524,4.01131529724289));
#4872=CARTESIAN_POINT('Ctrl Pts',(-0.827638336391206,23.7092669227212,3.96173873946632));
#4873=CARTESIAN_POINT('Ctrl Pts',(-1.80411588576168,23.6573883755735,3.59506083525797));
#4874=CARTESIAN_POINT('Ctrl Pts',(-2.27766191099005,23.6312996144939,3.34477965271728));
#4875=CARTESIAN_POINT('Ctrl Pts',(-3.04561747549201,23.5790938717484,2.62930167191205));
#4876=CARTESIAN_POINT('Ctrl Pts',(-3.38342571895606,23.5531057895919,2.21661547779806));
#4877=CARTESIAN_POINT('Ctrl Pts',(-3.82385338121315,23.5006382204112,1.25812784489626));
#4878=CARTESIAN_POINT('Ctrl Pts',(-3.9721971893687,23.4747795382797,0.748955556148392));
#4879=CARTESIAN_POINT('Ctrl Pts',(-4.01622058771013,23.4221942060408,-0.307297768186966));
#4880=CARTESIAN_POINT('Ctrl Pts',(-3.95251418795863,23.396452087778,-0.831074466755326));
#4881=CARTESIAN_POINT('Ctrl Pts',(-3.58829123902286,23.3430692844117,-1.84055286364445));
#4882=CARTESIAN_POINT('Ctrl Pts',(-3.31896865089333,23.3174239065767,-2.2916360941242));
#4883=CARTESIAN_POINT('Ctrl Pts',(-2.62999895924447,23.2661923102741,-3.05716836129182));
#4884=CARTESIAN_POINT('Ctrl Pts',(-2.2120019167986,23.2406458427283,-3.37195203214755));
#4885=CARTESIAN_POINT('Ctrl Pts',(-1.28738634908133,23.1894913377418,-3.82208300379053));
#4886=CARTESIAN_POINT('Ctrl Pts',(-0.781337601742023,23.1639339671815,-3.95611204275659));
#4887=CARTESIAN_POINT('Ctrl Pts',(0.291301586045696,23.1104551216321,-4.02897367877371));
#4888=CARTESIAN_POINT('Ctrl Pts',(0.811063901088862,23.08476541329,-3.94462031011848));
#4889=CARTESIAN_POINT('Ctrl Pts',(1.81171420677355,23.0323456269668,-3.61401541858418));
#4890=CARTESIAN_POINT('Ctrl Pts',(2.25917059873913,23.0065323259628,-3.33100844360424));
#4891=CARTESIAN_POINT('Ctrl Pts',(3.05826269440616,22.954237481249,-2.64775524679024));
#4892=CARTESIAN_POINT('Ctrl Pts',(3.361685121486,22.9282894259602,-2.21013376195899));
#4893=CARTESIAN_POINT('Ctrl Pts',(3.84119751316851,22.8760315095549,-1.27527566981906));
#4894=CARTESIAN_POINT('Ctrl Pts',(3.95094617158433,22.8499250259354,-0.750568089048452));
#4895=CARTESIAN_POINT('Ctrl Pts',(4.03676688998467,22.7987801768843,0.274158094959284));
#4896=CARTESIAN_POINT('Ctrl Pts',(3.94251478665582,22.7727423472932,0.80024842410698));
#4897=CARTESIAN_POINT('Ctrl Pts',(3.63143864437431,22.7216385935345,1.77954134840175));
#4898=CARTESIAN_POINT('Ctrl Pts',(3.349647524733,22.6956848678473,2.23134090916858));
#4899=CARTESIAN_POINT('Ctrl Pts',(2.68836917707327,22.6445903345728,3.01756996056178));
#4900=CARTESIAN_POINT('Ctrl Pts',(2.26206038117597,22.618758732862,3.33199708000128));
#4901=CARTESIAN_POINT('Ctrl Pts',(1.56061575290641,22.5794425943889,3.69657953340872));
#4902=CARTESIAN_POINT('Ctrl Pts',(1.26066776957221,22.5636089979336,3.80975677319624));
#4903=CARTESIAN_POINT('Ctrl Pts',(0.638685168737591,22.5317672889954,3.96127622425254));
#4904=CARTESIAN_POINT('Ctrl Pts',(0.319316826033923,22.5158847667094,3.99965985760159));
#4905=CARTESIAN_POINT('Ctrl Pts',(-1.53288653645389E-7,22.5000023150263,
3.99984337724199));
#4906=CARTESIAN_POINT('Ctrl Pts',(1.771209998686,27.06098076639,3.221819027127));
#4907=CARTESIAN_POINT('Ctrl Pts',(1.332605469257,27.03389743306,3.462943907653));
#4908=CARTESIAN_POINT('Ctrl Pts',(0.3557825754107,26.97973076639,3.763429355989));
#4909=CARTESIAN_POINT('Ctrl Pts',(-1.168161985495,26.89848076639,3.59521117323));
#4910=CARTESIAN_POINT('Ctrl Pts',(-2.499904525906,26.81723076639,2.83558642587));
#4911=CARTESIAN_POINT('Ctrl Pts',(-3.420449345294,26.73598076639,1.609541336483));
#4912=CARTESIAN_POINT('Ctrl Pts',(-3.778358288385,26.65473076639,0.1187396070301));
#4913=CARTESIAN_POINT('Ctrl Pts',(-3.514763213395,26.57348076639,-1.391593158556));
#4914=CARTESIAN_POINT('Ctrl Pts',(-2.673021847498,26.49223076639,-2.673021865905));
#4915=CARTESIAN_POINT('Ctrl Pts',(-1.391593186107,26.41098076639,-3.514763167318));
#4916=CARTESIAN_POINT('Ctrl Pts',(0.1187396988295,26.32973076639,-3.778358454285));
#4917=CARTESIAN_POINT('Ctrl Pts',(1.609540996837,26.24848076639,-3.42044872777));
#4918=CARTESIAN_POINT('Ctrl Pts',(2.835587692655,26.16723076639,-2.4999068301));
#4919=CARTESIAN_POINT('Ctrl Pts',(3.595206445738,26.08598076639,-1.16815338624));
#4920=CARTESIAN_POINT('Ctrl Pts',(3.763446999171,26.00473076639,0.355750482587));
#4921=CARTESIAN_POINT('Ctrl Pts',(3.312635338248,25.92348076639,1.821136688221));
#4922=CARTESIAN_POINT('Ctrl Pts',(2.316925810598,25.84223076639,2.986962756645));
#4923=CARTESIAN_POINT('Ctrl Pts',(0.9401034218365,25.76098076639,3.661461085093));
#4924=CARTESIAN_POINT('Ctrl Pts',(-0.5913572825742,25.67973076639,3.733682938567));
#4925=CARTESIAN_POINT('Ctrl Pts',(-2.025545184865,25.59848076639,3.191748490321));
#4926=CARTESIAN_POINT('Ctrl Pts',(-3.12654964331,25.51723076639,2.124800943458));
#4927=CARTESIAN_POINT('Ctrl Pts',(-3.713265610291,25.43598076639,0.7083432987104));
#4928=CARTESIAN_POINT('Ctrl Pts',(-3.689183737166,25.35473076639,-0.8246302655301));
#4929=CARTESIAN_POINT('Ctrl Pts',(-3.058265269274,25.27348076639,-2.221959780049));
#4930=CARTESIAN_POINT('Ctrl Pts',(-1.924290457723,25.19223076639,-3.253797466917));
#4931=CARTESIAN_POINT('Ctrl Pts',(-0.4737876681955,25.11098076639,-3.750415572555));
#4932=CARTESIAN_POINT('Ctrl Pts',(1.054648809566,25.02973076639,-3.630125012983));
#4933=CARTESIAN_POINT('Ctrl Pts',(2.409605315098,24.94848076639,-2.912712472396));
#4934=CARTESIAN_POINT('Ctrl Pts',(3.368204038441,24.86723076639,-1.716185676676));
#4935=CARTESIAN_POINT('Ctrl Pts',(3.772764357956,24.78598076639,-0.2373622142072));
#4936=CARTESIAN_POINT('Ctrl Pts',(3.556739843819,24.70473076639,1.280505136573));
#4937=CARTESIAN_POINT('Ctrl Pts',(2.755664530082,24.62348076639,2.587741238812));
#4938=CARTESIAN_POINT('Ctrl Pts',(1.501307894814,24.54223076639,3.469317847412));
#4939=CARTESIAN_POINT('Ctrl Pts',(0.,24.46098076639,3.780223766049));
#4940=CARTESIAN_POINT('Ctrl Pts',(-1.501307894814,24.37973076639,3.469317847412));
#4941=CARTESIAN_POINT('Ctrl Pts',(-2.755664530082,24.29848076639,2.587741238812));
#4942=CARTESIAN_POINT('Ctrl Pts',(-3.556739843819,24.21723076639,1.280505136573));
#4943=CARTESIAN_POINT('Ctrl Pts',(-3.772764357956,24.13598076639,-0.2373622142073));
#4944=CARTESIAN_POINT('Ctrl Pts',(-3.368204038441,24.05473076639,-1.716185676676));
#4945=CARTESIAN_POINT('Ctrl Pts',(-2.409605315098,23.97348076639,-2.912712472396));
#4946=CARTESIAN_POINT('Ctrl Pts',(-1.054648809566,23.89223076639,-3.630125012983));
#4947=CARTESIAN_POINT('Ctrl Pts',(0.4737876681955,23.81098076639,-3.750415572555));
#4948=CARTESIAN_POINT('Ctrl Pts',(1.924290457723,23.72973076639,-3.253797466917));
#4949=CARTESIAN_POINT('Ctrl Pts',(3.058265269273,23.64848076639,-2.221959780049));
#4950=CARTESIAN_POINT('Ctrl Pts',(3.689183737166,23.56723076639,-0.8246302655301));
#4951=CARTESIAN_POINT('Ctrl Pts',(3.713265610291,23.48598076639,0.7083432987104));
#4952=CARTESIAN_POINT('Ctrl Pts',(3.12654964331,23.40473076639,2.124800943458));
#4953=CARTESIAN_POINT('Ctrl Pts',(2.025545184865,23.32348076639,3.191748490321));
#4954=CARTESIAN_POINT('Ctrl Pts',(0.5913572825742,23.24223076639,3.733682938567));
#4955=CARTESIAN_POINT('Ctrl Pts',(-0.9401034218365,23.16098076639,3.661461085093));
#4956=CARTESIAN_POINT('Ctrl Pts',(-2.316925810598,23.07973076639,2.986962756645));
#4957=CARTESIAN_POINT('Ctrl Pts',(-3.312635338248,22.99848076639,1.821136688221));
#4958=CARTESIAN_POINT('Ctrl Pts',(-3.763446999171,22.91723076639,0.355750482587));
#4959=CARTESIAN_POINT('Ctrl Pts',(-3.595206445738,22.83598076639,-1.16815338624));
#4960=CARTESIAN_POINT('Ctrl Pts',(-2.835587692655,22.75473076639,-2.4999068301));
#4961=CARTESIAN_POINT('Ctrl Pts',(-1.609540996837,22.67348076639,-3.42044872777));
#4962=CARTESIAN_POINT('Ctrl Pts',(-0.1187396988295,22.59223076639,-3.778358454285));
#4963=CARTESIAN_POINT('Ctrl Pts',(1.391593186107,22.51098076639,-3.514763167318));
#4964=CARTESIAN_POINT('Ctrl Pts',(2.673021847498,22.42973076639,-2.673021865905));
#4965=CARTESIAN_POINT('Ctrl Pts',(3.514763213395,22.34848076639,-1.391593158556));
#4966=CARTESIAN_POINT('Ctrl Pts',(3.778358288385,22.26723076639,0.1187396070301));
#4967=CARTESIAN_POINT('Ctrl Pts',(3.420449345294,22.18598076639,1.609541336483));
#4968=CARTESIAN_POINT('Ctrl Pts',(2.499904525906,22.10473076639,2.83558642587));
#4969=CARTESIAN_POINT('Ctrl Pts',(1.168161985495,22.02348076639,3.59521117323));
#4970=CARTESIAN_POINT('Ctrl Pts',(-0.3557825754108,21.94223076639,3.763429355989));
#4971=CARTESIAN_POINT('Ctrl Pts',(-1.332605469257,21.88806409973,3.462943907653));
#4972=CARTESIAN_POINT('Ctrl Pts',(-1.771209998686,21.86098076639,3.221819027127));
#4973=CARTESIAN_POINT('Ctrl Pts',(1.826904429756,27.25366025546,3.323126821155));
#4974=CARTESIAN_POINT('Ctrl Pts',(1.374508294731,27.22657692213,3.571833701019));
#4975=CARTESIAN_POINT('Ctrl Pts',(0.3669699039245,27.17241025546,3.881767699274));
#4976=CARTESIAN_POINT('Ctrl Pts',(-1.204894003284,27.09116025546,3.708260016122));
#4977=CARTESIAN_POINT('Ctrl Pts',(-2.578512234988,27.00991025546,2.924749412109));
#4978=CARTESIAN_POINT('Ctrl Pts',(-3.528002927553,26.92866025546,1.660152212148));
#4979=CARTESIAN_POINT('Ctrl Pts',(-3.897166061267,26.84741025546,0.1224732890125));
#4980=CARTESIAN_POINT('Ctrl Pts',(-3.625282427753,26.76616025546,-1.435350809712));
#4981=CARTESIAN_POINT('Ctrl Pts',(-2.757073106889,26.68491025546,-2.757073125875));
#4982=CARTESIAN_POINT('Ctrl Pts',(-1.43535083813,26.60366025546,-3.625282380227));
#4983=CARTESIAN_POINT('Ctrl Pts',(0.1224733836984,26.52241025546,-3.897166232384));
#4984=CARTESIAN_POINT('Ctrl Pts',(1.660151861822,26.44116025546,-3.528002290611));
#4985=CARTESIAN_POINT('Ctrl Pts',(2.924750718727,26.35991025546,-2.578514611636));
#4986=CARTESIAN_POINT('Ctrl Pts',(3.708255139978,26.27866025546,-1.204885133632));
#4987=CARTESIAN_POINT('Ctrl Pts',(3.881785897234,26.19741025546,0.3669368019649));
#4988=CARTESIAN_POINT('Ctrl Pts',(3.416798786198,26.11616025546,1.87840102832));
#4989=CARTESIAN_POINT('Ctrl Pts',(2.389779884903,26.03491025546,3.080885663292));
#4990=CARTESIAN_POINT('Ctrl Pts',(0.9696643012722,25.95366025546,3.776593109061));
#4991=CARTESIAN_POINT('Ctrl Pts',(-0.609952089196,25.87241025546,3.851085927041));
#4992=CARTESIAN_POINT('Ctrl Pts',(-2.089237003883,25.79116025546,3.292110737836));
#4993=CARTESIAN_POINT('Ctrl Pts',(-3.224861759731,25.70991025546,2.191613788784));
#4994=CARTESIAN_POINT('Ctrl Pts',(-3.830026590486,25.62866025546,0.7306166469037));
#4995=CARTESIAN_POINT('Ctrl Pts',(-3.805187480092,25.54741025546,-0.8505601741892));
#4996=CARTESIAN_POINT('Ctrl Pts',(-3.154430232412,25.46616025546,-2.291827715473));
#4997=CARTESIAN_POINT('Ctrl Pts',(-1.984798394295,25.38491025546,-3.356110800103));
#4998=CARTESIAN_POINT('Ctrl Pts',(-0.4886855824168,25.30366025546,-3.868344706732));
#4999=CARTESIAN_POINT('Ctrl Pts',(1.087811486759,25.22241025546,-3.744271696584));
#5000=CARTESIAN_POINT('Ctrl Pts',(2.485373630107,25.14116025546,-3.004300631983));
#5001=CARTESIAN_POINT('Ctrl Pts',(3.474114804409,25.05991025546,-1.770149907312));
#5002=CARTESIAN_POINT('Ctrl Pts',(3.891396233699,24.97866025546,-0.2448258991953));
#5003=CARTESIAN_POINT('Ctrl Pts',(3.668578983285,24.89741025546,1.320769704364));
#5004=CARTESIAN_POINT('Ctrl Pts',(2.842314429494,24.81616025546,2.669110910482));
#5005=CARTESIAN_POINT('Ctrl Pts',(1.548515447348,24.73491025546,3.578408064753));
#5006=CARTESIAN_POINT('Ctrl Pts',(0.,24.65366025546,3.899090197542));
#5007=CARTESIAN_POINT('Ctrl Pts',(-1.548515447348,24.57241025546,3.578408064753));
#5008=CARTESIAN_POINT('Ctrl Pts',(-2.842314429494,24.49116025546,2.669110910482));
#5009=CARTESIAN_POINT('Ctrl Pts',(-3.668578983285,24.40991025546,1.320769704364));
#5010=CARTESIAN_POINT('Ctrl Pts',(-3.891396233699,24.32866025546,-0.2448258991953));
#5011=CARTESIAN_POINT('Ctrl Pts',(-3.474114804409,24.24741025546,-1.770149907312));
#5012=CARTESIAN_POINT('Ctrl Pts',(-2.485373630107,24.16616025546,-3.004300631983));
#5013=CARTESIAN_POINT('Ctrl Pts',(-1.087811486759,24.08491025546,-3.744271696584));
#5014=CARTESIAN_POINT('Ctrl Pts',(0.4886855824168,24.00366025546,-3.868344706732));
#5015=CARTESIAN_POINT('Ctrl Pts',(1.984798394295,23.92241025546,-3.356110800103));
#5016=CARTESIAN_POINT('Ctrl Pts',(3.154430232412,23.84116025546,-2.291827715473));
#5017=CARTESIAN_POINT('Ctrl Pts',(3.805187480092,23.75991025546,-0.8505601741892));
#5018=CARTESIAN_POINT('Ctrl Pts',(3.830026590486,23.67866025546,0.7306166469037));
#5019=CARTESIAN_POINT('Ctrl Pts',(3.224861759731,23.59741025546,2.191613788784));
#5020=CARTESIAN_POINT('Ctrl Pts',(2.089237003883,23.51616025546,3.292110737836));
#5021=CARTESIAN_POINT('Ctrl Pts',(0.609952089196,23.43491025546,3.851085927041));
#5022=CARTESIAN_POINT('Ctrl Pts',(-0.9696643012721,23.35366025546,3.776593109061));
#5023=CARTESIAN_POINT('Ctrl Pts',(-2.389779884903,23.27241025546,3.080885663292));
#5024=CARTESIAN_POINT('Ctrl Pts',(-3.416798786198,23.19116025546,1.87840102832));
#5025=CARTESIAN_POINT('Ctrl Pts',(-3.881785897234,23.10991025546,0.3669368019649));
#5026=CARTESIAN_POINT('Ctrl Pts',(-3.708255139978,23.02866025546,-1.204885133632));
#5027=CARTESIAN_POINT('Ctrl Pts',(-2.924750718727,22.94741025546,-2.578514611636));
#5028=CARTESIAN_POINT('Ctrl Pts',(-1.660151861822,22.86616025546,-3.528002290611));
#5029=CARTESIAN_POINT('Ctrl Pts',(-0.1224733836984,22.78491025546,-3.897166232384));
#5030=CARTESIAN_POINT('Ctrl Pts',(1.43535083813,22.70366025546,-3.625282380227));
#5031=CARTESIAN_POINT('Ctrl Pts',(2.757073106889,22.62241025546,-2.757073125875));
#5032=CARTESIAN_POINT('Ctrl Pts',(3.625282427753,22.54116025546,-1.435350809712));
#5033=CARTESIAN_POINT('Ctrl Pts',(3.897166061267,22.45991025546,0.1224732890125));
#5034=CARTESIAN_POINT('Ctrl Pts',(3.528002927553,22.37866025546,1.660152212148));
#5035=CARTESIAN_POINT('Ctrl Pts',(2.578512234988,22.29741025546,2.924749412109));
#5036=CARTESIAN_POINT('Ctrl Pts',(1.204894003284,22.21616025546,3.708260016122));
#5037=CARTESIAN_POINT('Ctrl Pts',(-0.3669699039246,22.13491025546,3.881767699274));
#5038=CARTESIAN_POINT('Ctrl Pts',(-1.374508294731,22.0807435888,3.571833701019));
#5039=CARTESIAN_POINT('Ctrl Pts',(-1.826904429756,22.05366025546,3.323126821155));
#5040=CARTESIAN_POINT('Ctrl Pts',(1.882598860827,27.44633974454,3.424434615183));
#5041=CARTESIAN_POINT('Ctrl Pts',(1.416411120204,27.4192564112,3.680723494386));
#5042=CARTESIAN_POINT('Ctrl Pts',(0.3781572324383,27.36508974454,4.00010604256));
#5043=CARTESIAN_POINT('Ctrl Pts',(-1.241626021073,27.28383974454,3.821308859014));
#5044=CARTESIAN_POINT('Ctrl Pts',(-2.65711994407,27.20258974454,3.013912398348));
#5045=CARTESIAN_POINT('Ctrl Pts',(-3.635556509811,27.12133974454,1.710763087813));
#5046=CARTESIAN_POINT('Ctrl Pts',(-4.01597383415,27.04008974454,0.1262069709948));
#5047=CARTESIAN_POINT('Ctrl Pts',(-3.73580164211,26.95883974454,-1.479108460868));
#5048=CARTESIAN_POINT('Ctrl Pts',(-2.841124366279,26.87758974454,-2.841124385844));
#5049=CARTESIAN_POINT('Ctrl Pts',(-1.479108490153,26.79633974454,-3.735801593136));
#5050=CARTESIAN_POINT('Ctrl Pts',(0.1262070685674,26.71508974454,-4.015974010483));
#5051=CARTESIAN_POINT('Ctrl Pts',(1.710762726807,26.63383974454,-3.635555853452));
#5052=CARTESIAN_POINT('Ctrl Pts',(3.013913744799,26.55258974454,-2.657122393172));
#5053=CARTESIAN_POINT('Ctrl Pts',(3.821303834217,26.47133974454,-1.241616881024));
#5054=CARTESIAN_POINT('Ctrl Pts',(4.000124795296,26.39008974454,0.3781231213428));
#5055=CARTESIAN_POINT('Ctrl Pts',(3.520962234148,26.30883974454,1.93566536842));
#5056=CARTESIAN_POINT('Ctrl Pts',(2.462633959207,26.22758974454,3.17480856994));
#5057=CARTESIAN_POINT('Ctrl Pts',(0.9992251807078,26.14633974454,3.891725133028));
#5058=CARTESIAN_POINT('Ctrl Pts',(-0.6285468958178,26.06508974454,3.968488915514));
#5059=CARTESIAN_POINT('Ctrl Pts',(-2.1529288229,25.98383974454,3.39247298535));
#5060=CARTESIAN_POINT('Ctrl Pts',(-3.323173876152,25.90258974454,2.258426634111));
#5061=CARTESIAN_POINT('Ctrl Pts',(-3.946787570682,25.82133974454,0.752889995097));
#5062=CARTESIAN_POINT('Ctrl Pts',(-3.921191223018,25.74008974454,-0.8764900828484));
#5063=CARTESIAN_POINT('Ctrl Pts',(-3.250595195551,25.65883974454,-2.361695650897));
#5064=CARTESIAN_POINT('Ctrl Pts',(-2.045306330867,25.57758974454,-3.458424133289));
#5065=CARTESIAN_POINT('Ctrl Pts',(-0.5035834966381,25.49633974454,-3.986273840909));
#5066=CARTESIAN_POINT('Ctrl Pts',(1.120974163952,25.41508974454,-3.858418380186));
#5067=CARTESIAN_POINT('Ctrl Pts',(2.561141945116,25.33383974454,-3.09588879157));
#5068=CARTESIAN_POINT('Ctrl Pts',(3.580025570376,25.25258974454,-1.824114137947));
#5069=CARTESIAN_POINT('Ctrl Pts',(4.010028109442,25.17133974454,-0.2522895841833));
#5070=CARTESIAN_POINT('Ctrl Pts',(3.780418122751,25.09008974454,1.361034272155));
#5071=CARTESIAN_POINT('Ctrl Pts',(2.928964328906,25.00883974454,2.750480582153));
#5072=CARTESIAN_POINT('Ctrl Pts',(1.595722999883,24.92758974454,3.687498282094));
#5073=CARTESIAN_POINT('Ctrl Pts',(0.,24.84633974454,4.017956629035));
#5074=CARTESIAN_POINT('Ctrl Pts',(-1.595722999883,24.76508974454,3.687498282094));
#5075=CARTESIAN_POINT('Ctrl Pts',(-2.928964328906,24.68383974454,2.750480582153));
#5076=CARTESIAN_POINT('Ctrl Pts',(-3.780418122751,24.60258974454,1.361034272155));
#5077=CARTESIAN_POINT('Ctrl Pts',(-4.010028109442,24.52133974454,-0.2522895841833));
#5078=CARTESIAN_POINT('Ctrl Pts',(-3.580025570376,24.44008974454,-1.824114137947));
#5079=CARTESIAN_POINT('Ctrl Pts',(-2.561141945117,24.35883974454,-3.09588879157));
#5080=CARTESIAN_POINT('Ctrl Pts',(-1.120974163952,24.27758974454,-3.858418380186));
#5081=CARTESIAN_POINT('Ctrl Pts',(0.503583496638,24.19633974454,-3.986273840909));
#5082=CARTESIAN_POINT('Ctrl Pts',(2.045306330867,24.11508974454,-3.458424133289));
#5083=CARTESIAN_POINT('Ctrl Pts',(3.250595195551,24.03383974454,-2.361695650897));
#5084=CARTESIAN_POINT('Ctrl Pts',(3.921191223018,23.95258974454,-0.8764900828484));
#5085=CARTESIAN_POINT('Ctrl Pts',(3.946787570682,23.87133974454,0.752889995097));
#5086=CARTESIAN_POINT('Ctrl Pts',(3.323173876152,23.79008974454,2.258426634111));
#5087=CARTESIAN_POINT('Ctrl Pts',(2.1529288229,23.70883974454,3.39247298535));
#5088=CARTESIAN_POINT('Ctrl Pts',(0.6285468958178,23.62758974454,3.968488915514));
#5089=CARTESIAN_POINT('Ctrl Pts',(-0.9992251807078,23.54633974454,3.891725133028));
#5090=CARTESIAN_POINT('Ctrl Pts',(-2.462633959207,23.46508974454,3.17480856994));
#5091=CARTESIAN_POINT('Ctrl Pts',(-3.520962234148,23.38383974454,1.935665368419));
#5092=CARTESIAN_POINT('Ctrl Pts',(-4.000124795296,23.30258974454,0.3781231213429));
#5093=CARTESIAN_POINT('Ctrl Pts',(-3.821303834217,23.22133974454,-1.241616881024));
#5094=CARTESIAN_POINT('Ctrl Pts',(-3.013913744799,23.14008974454,-2.657122393172));
#5095=CARTESIAN_POINT('Ctrl Pts',(-1.710762726807,23.05883974454,-3.635555853452));
#5096=CARTESIAN_POINT('Ctrl Pts',(-0.1262070685674,22.97758974454,-4.015974010483));
#5097=CARTESIAN_POINT('Ctrl Pts',(1.479108490153,22.89633974454,-3.735801593136));
#5098=CARTESIAN_POINT('Ctrl Pts',(2.841124366279,22.81508974454,-2.841124385844));
#5099=CARTESIAN_POINT('Ctrl Pts',(3.73580164211,22.73383974454,-1.479108460868));
#5100=CARTESIAN_POINT('Ctrl Pts',(4.01597383415,22.65258974454,0.1262069709948));
#5101=CARTESIAN_POINT('Ctrl Pts',(3.635556509811,22.57133974454,1.710763087812));
#5102=CARTESIAN_POINT('Ctrl Pts',(2.65711994407,22.49008974454,3.013912398348));
#5103=CARTESIAN_POINT('Ctrl Pts',(1.241626021073,22.40883974454,3.821308859014));
#5104=CARTESIAN_POINT('Ctrl Pts',(-0.3781572324384,22.32758974454,4.00010604256));
#5105=CARTESIAN_POINT('Ctrl Pts',(-1.416411120204,22.27342307787,3.680723494386));
#5106=CARTESIAN_POINT('Ctrl Pts',(-1.882598860827,22.24633974454,3.424434615183));
#5107=CARTESIAN_POINT('Ctrl Pts',(1.938293291897,27.63901923361,3.525742409211));
#5108=CARTESIAN_POINT('Ctrl Pts',(1.458313945677,27.61193590027,3.789613287752));
#5109=CARTESIAN_POINT('Ctrl Pts',(0.3893445609521,27.55776923361,4.118444385845));
#5110=CARTESIAN_POINT('Ctrl Pts',(-1.278358038862,27.47651923361,3.934357701906));
#5111=CARTESIAN_POINT('Ctrl Pts',(-2.735727653152,27.39526923361,3.103075384588));
#5112=CARTESIAN_POINT('Ctrl Pts',(-3.74311009207,27.31401923361,1.761373963477));
#5113=CARTESIAN_POINT('Ctrl Pts',(-4.134781607033,27.23276923361,0.1299406529772));
#5114=CARTESIAN_POINT('Ctrl Pts',(-3.846320856468,27.15151923361,-1.522866112025));
#5115=CARTESIAN_POINT('Ctrl Pts',(-2.92517562567,27.07026923361,-2.925175645814));
#5116=CARTESIAN_POINT('Ctrl Pts',(-1.522866142175,26.98901923361,-3.846320806044));
#5117=CARTESIAN_POINT('Ctrl Pts',(0.1299407534363,26.90776923361,-4.134781788583));
#5118=CARTESIAN_POINT('Ctrl Pts',(1.761373591791,26.82651923361,-3.743109416293));
#5119=CARTESIAN_POINT('Ctrl Pts',(3.103076770871,26.74526923361,-2.735730174708));
#5120=CARTESIAN_POINT('Ctrl Pts',(3.934352528457,26.66401923361,-1.278348628415));
#5121=CARTESIAN_POINT('Ctrl Pts',(4.118463693359,26.58276923361,0.3893094407207));
#5122=CARTESIAN_POINT('Ctrl Pts',(3.625125682099,26.50151923361,1.992929708519));
#5123=CARTESIAN_POINT('Ctrl Pts',(2.535488033512,26.42026923361,3.268731476587));
#5124=CARTESIAN_POINT('Ctrl Pts',(1.028786060144,26.33901923361,4.006857156996));
#5125=CARTESIAN_POINT('Ctrl Pts',(-0.6471417024397,26.25776923361,4.085891903988));
#5126=CARTESIAN_POINT('Ctrl Pts',(-2.216620641918,26.17651923361,3.492835232864));
#5127=CARTESIAN_POINT('Ctrl Pts',(-3.421485992573,26.09526923361,2.325239479438));
#5128=CARTESIAN_POINT('Ctrl Pts',(-4.063548550877,26.01401923361,0.7751633432902));
#5129=CARTESIAN_POINT('Ctrl Pts',(-4.037194965944,25.93276923361,-0.9024199915075));
#5130=CARTESIAN_POINT('Ctrl Pts',(-3.346760158689,25.85151923361,-2.431563586322));
#5131=CARTESIAN_POINT('Ctrl Pts',(-2.10581426744,25.77026923361,-3.560737466475));
#5132=CARTESIAN_POINT('Ctrl Pts',(-0.5184814108593,25.68901923361,-4.104202975086));
#5133=CARTESIAN_POINT('Ctrl Pts',(1.154136841145,25.60776923361,-3.972565063787));
#5134=CARTESIAN_POINT('Ctrl Pts',(2.636910260126,25.52651923361,-3.187476951157));
#5135=CARTESIAN_POINT('Ctrl Pts',(3.685936336343,25.44526923361,-1.878078368583));
#5136=CARTESIAN_POINT('Ctrl Pts',(4.128659985185,25.36401923361,-0.2597532691714));
#5137=CARTESIAN_POINT('Ctrl Pts',(3.892257262217,25.28276923361,1.401298839946));
#5138=CARTESIAN_POINT('Ctrl Pts',(3.015614228318,25.20151923361,2.831850253823));
#5139=CARTESIAN_POINT('Ctrl Pts',(1.642930552418,25.12026923361,3.796588499435));
#5140=CARTESIAN_POINT('Ctrl Pts',(0.,25.03901923361,4.136823060528));
#5141=CARTESIAN_POINT('Ctrl Pts',(-1.642930552418,24.95776923361,3.796588499435));
#5142=CARTESIAN_POINT('Ctrl Pts',(-3.015614228318,24.87651923361,2.831850253823));
#5143=CARTESIAN_POINT('Ctrl Pts',(-3.892257262217,24.79526923361,1.401298839946));
#5144=CARTESIAN_POINT('Ctrl Pts',(-4.128659985185,24.71401923361,-0.2597532691714));
#5145=CARTESIAN_POINT('Ctrl Pts',(-3.685936336343,24.63276923361,-1.878078368583));
#5146=CARTESIAN_POINT('Ctrl Pts',(-2.636910260126,24.55151923361,-3.187476951157));
#5147=CARTESIAN_POINT('Ctrl Pts',(-1.154136841145,24.47026923361,-3.972565063787));
#5148=CARTESIAN_POINT('Ctrl Pts',(0.5184814108593,24.38901923361,-4.104202975086));
#5149=CARTESIAN_POINT('Ctrl Pts',(2.10581426744,24.30776923361,-3.560737466475));
#5150=CARTESIAN_POINT('Ctrl Pts',(3.346760158689,24.22651923361,-2.431563586322));
#5151=CARTESIAN_POINT('Ctrl Pts',(4.037194965944,24.14526923361,-0.9024199915075));
#5152=CARTESIAN_POINT('Ctrl Pts',(4.063548550877,24.06401923361,0.7751633432902));
#5153=CARTESIAN_POINT('Ctrl Pts',(3.421485992573,23.98276923361,2.325239479438));
#5154=CARTESIAN_POINT('Ctrl Pts',(2.216620641918,23.90151923361,3.492835232864));
#5155=CARTESIAN_POINT('Ctrl Pts',(0.6471417024397,23.82026923361,4.085891903988));
#5156=CARTESIAN_POINT('Ctrl Pts',(-1.028786060143,23.73901923361,4.006857156996));
#5157=CARTESIAN_POINT('Ctrl Pts',(-2.535488033512,23.65776923361,3.268731476587));
#5158=CARTESIAN_POINT('Ctrl Pts',(-3.625125682099,23.57651923361,1.992929708519));
#5159=CARTESIAN_POINT('Ctrl Pts',(-4.118463693359,23.49526923361,0.3893094407208));
#5160=CARTESIAN_POINT('Ctrl Pts',(-3.934352528457,23.41401923361,-1.278348628415));
#5161=CARTESIAN_POINT('Ctrl Pts',(-3.103076770871,23.33276923361,-2.735730174708));
#5162=CARTESIAN_POINT('Ctrl Pts',(-1.761373591791,23.25151923361,-3.743109416293));
#5163=CARTESIAN_POINT('Ctrl Pts',(-0.1299407534363,23.17026923361,-4.134781788583));
#5164=CARTESIAN_POINT('Ctrl Pts',(1.522866142175,23.08901923361,-3.846320806044));
#5165=CARTESIAN_POINT('Ctrl Pts',(2.92517562567,23.00776923361,-2.925175645814));
#5166=CARTESIAN_POINT('Ctrl Pts',(3.846320856468,22.92651923361,-1.522866112025));
#5167=CARTESIAN_POINT('Ctrl Pts',(4.134781607033,22.84526923361,0.1299406529772));
#5168=CARTESIAN_POINT('Ctrl Pts',(3.74311009207,22.76401923361,1.761373963477));
#5169=CARTESIAN_POINT('Ctrl Pts',(2.735727653152,22.68276923361,3.103075384588));
#5170=CARTESIAN_POINT('Ctrl Pts',(1.278358038862,22.60151923361,3.934357701906));
#5171=CARTESIAN_POINT('Ctrl Pts',(-0.3893445609522,22.52026923361,4.118444385845));
#5172=CARTESIAN_POINT('Ctrl Pts',(-1.458313945677,22.46610256694,3.789613287752));
#5173=CARTESIAN_POINT('Ctrl Pts',(-1.938293291897,22.43901923361,3.525742409211));
#5174=CARTESIAN_POINT('',(0.,22.,3.7));
#5175=CARTESIAN_POINT('Ctrl Pts',(1.771209998686,22.06098076639,3.221819027127));
#5176=CARTESIAN_POINT('Ctrl Pts',(1.332605469257,22.03389743306,3.462943907653));
#5177=CARTESIAN_POINT('Ctrl Pts',(0.3557825754108,21.97973076639,3.763429355989));
#5178=CARTESIAN_POINT('Ctrl Pts',(-1.168161985495,21.89848076639,3.59521117323));
#5179=CARTESIAN_POINT('Ctrl Pts',(-2.499904525906,21.81723076639,2.83558642587));
#5180=CARTESIAN_POINT('Ctrl Pts',(-3.420449345294,21.73598076639,1.609541336483));
#5181=CARTESIAN_POINT('Ctrl Pts',(-3.778358288385,21.65473076639,0.1187396070301));
#5182=CARTESIAN_POINT('Ctrl Pts',(-3.514763213395,21.57348076639,-1.391593158556));
#5183=CARTESIAN_POINT('Ctrl Pts',(-2.673021847498,21.49223076639,-2.673021865905));
#5184=CARTESIAN_POINT('Ctrl Pts',(-1.391593186107,21.41098076639,-3.514763167318));
#5185=CARTESIAN_POINT('Ctrl Pts',(0.1187396988295,21.32973076639,-3.778358454285));
#5186=CARTESIAN_POINT('Ctrl Pts',(1.609540996837,21.24848076639,-3.42044872777));
#5187=CARTESIAN_POINT('Ctrl Pts',(2.835587692655,21.16723076639,-2.4999068301));
#5188=CARTESIAN_POINT('Ctrl Pts',(3.595206445738,21.08598076639,-1.16815338624));
#5189=CARTESIAN_POINT('Ctrl Pts',(3.763446999171,21.00473076639,0.355750482587));
#5190=CARTESIAN_POINT('Ctrl Pts',(3.312635338248,20.92348076639,1.821136688221));
#5191=CARTESIAN_POINT('Ctrl Pts',(2.316925810598,20.84223076639,2.986962756645));
#5192=CARTESIAN_POINT('Ctrl Pts',(0.9401034218365,20.76098076639,3.661461085093));
#5193=CARTESIAN_POINT('Ctrl Pts',(-0.5913572825742,20.67973076639,3.733682938567));
#5194=CARTESIAN_POINT('Ctrl Pts',(-2.025545184865,20.59848076639,3.191748490321));
#5195=CARTESIAN_POINT('Ctrl Pts',(-3.12654964331,20.51723076639,2.124800943458));
#5196=CARTESIAN_POINT('Ctrl Pts',(-3.713265610291,20.43598076639,0.7083432987104));
#5197=CARTESIAN_POINT('Ctrl Pts',(-3.689183737166,20.35473076639,-0.8246302655301));
#5198=CARTESIAN_POINT('Ctrl Pts',(-3.058265269273,20.27348076639,-2.221959780049));
#5199=CARTESIAN_POINT('Ctrl Pts',(-1.924290457723,20.19223076639,-3.253797466917));
#5200=CARTESIAN_POINT('Ctrl Pts',(-0.4737876681955,20.11098076639,-3.750415572555));
#5201=CARTESIAN_POINT('Ctrl Pts',(1.054648809566,20.02973076639,-3.630125012983));
#5202=CARTESIAN_POINT('Ctrl Pts',(2.409605315098,19.94848076639,-2.912712472396));
#5203=CARTESIAN_POINT('Ctrl Pts',(3.368204038441,19.86723076639,-1.716185676676));
#5204=CARTESIAN_POINT('Ctrl Pts',(3.772764357956,19.78598076639,-0.2373622142072));
#5205=CARTESIAN_POINT('Ctrl Pts',(3.556739843819,19.70473076639,1.280505136573));
#5206=CARTESIAN_POINT('Ctrl Pts',(2.755664530082,19.62348076639,2.587741238812));
#5207=CARTESIAN_POINT('Ctrl Pts',(1.501307894814,19.54223076639,3.469317847412));
#5208=CARTESIAN_POINT('Ctrl Pts',(-1.826316875508E-14,19.46098076639,3.780223766049));
#5209=CARTESIAN_POINT('Ctrl Pts',(-1.501307894814,19.37973076639,3.469317847412));
#5210=CARTESIAN_POINT('Ctrl Pts',(-2.755664530082,19.29848076639,2.587741238812));
#5211=CARTESIAN_POINT('Ctrl Pts',(-3.556739843819,19.21723076639,1.280505136573));
#5212=CARTESIAN_POINT('Ctrl Pts',(-3.772764357956,19.13598076639,-0.2373622142073));
#5213=CARTESIAN_POINT('Ctrl Pts',(-3.368204038441,19.05473076639,-1.716185676676));
#5214=CARTESIAN_POINT('Ctrl Pts',(-2.409605315098,18.97348076639,-2.912712472396));
#5215=CARTESIAN_POINT('Ctrl Pts',(-1.054648809566,18.89223076639,-3.630125012983));
#5216=CARTESIAN_POINT('Ctrl Pts',(0.4737876681956,18.81098076639,-3.750415572555));
#5217=CARTESIAN_POINT('Ctrl Pts',(1.924290457723,18.72973076639,-3.253797466917));
#5218=CARTESIAN_POINT('Ctrl Pts',(3.058265269274,18.64848076639,-2.221959780049));
#5219=CARTESIAN_POINT('Ctrl Pts',(3.689183737166,18.56723076639,-0.8246302655301));
#5220=CARTESIAN_POINT('Ctrl Pts',(3.713265610291,18.48598076639,0.7083432987105));
#5221=CARTESIAN_POINT('Ctrl Pts',(3.12654964331,18.40473076639,2.124800943458));
#5222=CARTESIAN_POINT('Ctrl Pts',(2.025545184865,18.32348076639,3.191748490321));
#5223=CARTESIAN_POINT('Ctrl Pts',(0.5913572825741,18.24223076639,3.733682938567));
#5224=CARTESIAN_POINT('Ctrl Pts',(-0.9401034218365,18.16098076639,3.661461085093));
#5225=CARTESIAN_POINT('Ctrl Pts',(-2.316925810598,18.07973076639,2.986962756645));
#5226=CARTESIAN_POINT('Ctrl Pts',(-3.312635338248,17.99848076639,1.821136688221));
#5227=CARTESIAN_POINT('Ctrl Pts',(-3.763446999171,17.91723076639,0.355750482587));
#5228=CARTESIAN_POINT('Ctrl Pts',(-3.595206445738,17.83598076639,-1.16815338624));
#5229=CARTESIAN_POINT('Ctrl Pts',(-2.835587692655,17.75473076639,-2.4999068301));
#5230=CARTESIAN_POINT('Ctrl Pts',(-1.609540996837,17.67348076639,-3.42044872777));
#5231=CARTESIAN_POINT('Ctrl Pts',(-0.1187396988295,17.59223076639,-3.778358454285));
#5232=CARTESIAN_POINT('Ctrl Pts',(1.391593186107,17.51098076639,-3.514763167318));
#5233=CARTESIAN_POINT('Ctrl Pts',(2.673021847498,17.42973076639,-2.673021865905));
#5234=CARTESIAN_POINT('Ctrl Pts',(3.514763213395,17.34848076639,-1.391593158556));
#5235=CARTESIAN_POINT('Ctrl Pts',(3.778358288385,17.26723076639,0.1187396070302));
#5236=CARTESIAN_POINT('Ctrl Pts',(3.420449345294,17.18598076639,1.609541336483));
#5237=CARTESIAN_POINT('Ctrl Pts',(2.499904525906,17.10473076639,2.83558642587));
#5238=CARTESIAN_POINT('Ctrl Pts',(1.168161985495,17.02348076639,3.59521117323));
#5239=CARTESIAN_POINT('Ctrl Pts',(-0.3557825754108,16.94223076639,3.763429355989));
#5240=CARTESIAN_POINT('Ctrl Pts',(-1.332605469257,16.88806409973,3.462943907653));
#5241=CARTESIAN_POINT('Ctrl Pts',(-1.771209998686,16.86098076639,3.221819027127));
#5242=CARTESIAN_POINT('Ctrl Pts',(1.826904429756,22.25366025546,3.323126821155));
#5243=CARTESIAN_POINT('Ctrl Pts',(1.374508294731,22.22657692213,3.571833701019));
#5244=CARTESIAN_POINT('Ctrl Pts',(0.3669699039245,22.17241025546,3.881767699274));
#5245=CARTESIAN_POINT('Ctrl Pts',(-1.204894003284,22.09116025546,3.708260016122));
#5246=CARTESIAN_POINT('Ctrl Pts',(-2.578512234988,22.00991025546,2.924749412109));
#5247=CARTESIAN_POINT('Ctrl Pts',(-3.528002927553,21.92866025546,1.660152212148));
#5248=CARTESIAN_POINT('Ctrl Pts',(-3.897166061267,21.84741025546,0.1224732890125));
#5249=CARTESIAN_POINT('Ctrl Pts',(-3.625282427753,21.76616025546,-1.435350809712));
#5250=CARTESIAN_POINT('Ctrl Pts',(-2.757073106889,21.68491025546,-2.757073125875));
#5251=CARTESIAN_POINT('Ctrl Pts',(-1.43535083813,21.60366025546,-3.625282380227));
#5252=CARTESIAN_POINT('Ctrl Pts',(0.1224733836984,21.52241025546,-3.897166232384));
#5253=CARTESIAN_POINT('Ctrl Pts',(1.660151861822,21.44116025546,-3.528002290611));
#5254=CARTESIAN_POINT('Ctrl Pts',(2.924750718727,21.35991025546,-2.578514611636));
#5255=CARTESIAN_POINT('Ctrl Pts',(3.708255139978,21.27866025546,-1.204885133632));
#5256=CARTESIAN_POINT('Ctrl Pts',(3.881785897234,21.19741025546,0.3669368019649));
#5257=CARTESIAN_POINT('Ctrl Pts',(3.416798786198,21.11616025546,1.87840102832));
#5258=CARTESIAN_POINT('Ctrl Pts',(2.389779884903,21.03491025546,3.080885663292));
#5259=CARTESIAN_POINT('Ctrl Pts',(0.9696643012722,20.95366025546,3.776593109061));
#5260=CARTESIAN_POINT('Ctrl Pts',(-0.609952089196,20.87241025546,3.851085927041));
#5261=CARTESIAN_POINT('Ctrl Pts',(-2.089237003883,20.79116025546,3.292110737836));
#5262=CARTESIAN_POINT('Ctrl Pts',(-3.224861759731,20.70991025546,2.191613788784));
#5263=CARTESIAN_POINT('Ctrl Pts',(-3.830026590486,20.62866025546,0.7306166469037));
#5264=CARTESIAN_POINT('Ctrl Pts',(-3.805187480092,20.54741025546,-0.8505601741893));
#5265=CARTESIAN_POINT('Ctrl Pts',(-3.154430232412,20.46616025546,-2.291827715473));
#5266=CARTESIAN_POINT('Ctrl Pts',(-1.984798394295,20.38491025546,-3.356110800103));
#5267=CARTESIAN_POINT('Ctrl Pts',(-0.4886855824168,20.30366025546,-3.868344706732));
#5268=CARTESIAN_POINT('Ctrl Pts',(1.087811486759,20.22241025546,-3.744271696584));
#5269=CARTESIAN_POINT('Ctrl Pts',(2.485373630107,20.14116025546,-3.004300631983));
#5270=CARTESIAN_POINT('Ctrl Pts',(3.474114804409,20.05991025546,-1.770149907312));
#5271=CARTESIAN_POINT('Ctrl Pts',(3.891396233699,19.97866025546,-0.2448258991953));
#5272=CARTESIAN_POINT('Ctrl Pts',(3.668578983285,19.89741025546,1.320769704364));
#5273=CARTESIAN_POINT('Ctrl Pts',(2.842314429494,19.81616025546,2.669110910482));
#5274=CARTESIAN_POINT('Ctrl Pts',(1.548515447348,19.73491025546,3.578408064753));
#5275=CARTESIAN_POINT('Ctrl Pts',(-1.905733637916E-14,19.65366025546,3.899090197542));
#5276=CARTESIAN_POINT('Ctrl Pts',(-1.548515447348,19.57241025546,3.578408064753));
#5277=CARTESIAN_POINT('Ctrl Pts',(-2.842314429494,19.49116025546,2.669110910482));
#5278=CARTESIAN_POINT('Ctrl Pts',(-3.668578983285,19.40991025546,1.320769704364));
#5279=CARTESIAN_POINT('Ctrl Pts',(-3.891396233699,19.32866025546,-0.2448258991953));
#5280=CARTESIAN_POINT('Ctrl Pts',(-3.474114804409,19.24741025546,-1.770149907312));
#5281=CARTESIAN_POINT('Ctrl Pts',(-2.485373630107,19.16616025546,-3.004300631983));
#5282=CARTESIAN_POINT('Ctrl Pts',(-1.087811486759,19.08491025546,-3.744271696584));
#5283=CARTESIAN_POINT('Ctrl Pts',(0.4886855824168,19.00366025546,-3.868344706732));
#5284=CARTESIAN_POINT('Ctrl Pts',(1.984798394295,18.92241025546,-3.356110800103));
#5285=CARTESIAN_POINT('Ctrl Pts',(3.154430232412,18.84116025546,-2.291827715473));
#5286=CARTESIAN_POINT('Ctrl Pts',(3.805187480092,18.75991025546,-0.8505601741892));
#5287=CARTESIAN_POINT('Ctrl Pts',(3.830026590486,18.67866025546,0.7306166469037));
#5288=CARTESIAN_POINT('Ctrl Pts',(3.224861759731,18.59741025546,2.191613788784));
#5289=CARTESIAN_POINT('Ctrl Pts',(2.089237003883,18.51616025546,3.292110737836));
#5290=CARTESIAN_POINT('Ctrl Pts',(0.609952089196,18.43491025546,3.851085927041));
#5291=CARTESIAN_POINT('Ctrl Pts',(-0.9696643012722,18.35366025546,3.776593109061));
#5292=CARTESIAN_POINT('Ctrl Pts',(-2.389779884903,18.27241025546,3.080885663292));
#5293=CARTESIAN_POINT('Ctrl Pts',(-3.416798786198,18.19116025546,1.87840102832));
#5294=CARTESIAN_POINT('Ctrl Pts',(-3.881785897234,18.10991025546,0.3669368019649));
#5295=CARTESIAN_POINT('Ctrl Pts',(-3.708255139978,18.02866025546,-1.204885133632));
#5296=CARTESIAN_POINT('Ctrl Pts',(-2.924750718727,17.94741025546,-2.578514611636));
#5297=CARTESIAN_POINT('Ctrl Pts',(-1.660151861822,17.86616025546,-3.528002290611));
#5298=CARTESIAN_POINT('Ctrl Pts',(-0.1224733836984,17.78491025546,-3.897166232384));
#5299=CARTESIAN_POINT('Ctrl Pts',(1.43535083813,17.70366025546,-3.625282380227));
#5300=CARTESIAN_POINT('Ctrl Pts',(2.757073106889,17.62241025546,-2.757073125875));
#5301=CARTESIAN_POINT('Ctrl Pts',(3.625282427753,17.54116025546,-1.435350809712));
#5302=CARTESIAN_POINT('Ctrl Pts',(3.897166061267,17.45991025546,0.1224732890125));
#5303=CARTESIAN_POINT('Ctrl Pts',(3.528002927552,17.37866025546,1.660152212148));
#5304=CARTESIAN_POINT('Ctrl Pts',(2.578512234988,17.29741025546,2.924749412109));
#5305=CARTESIAN_POINT('Ctrl Pts',(1.204894003284,17.21616025546,3.708260016122));
#5306=CARTESIAN_POINT('Ctrl Pts',(-0.3669699039246,17.13491025546,3.881767699274));
#5307=CARTESIAN_POINT('Ctrl Pts',(-1.374508294731,17.0807435888,3.571833701019));
#5308=CARTESIAN_POINT('Ctrl Pts',(-1.826904429756,17.05366025546,3.323126821155));
#5309=CARTESIAN_POINT('Ctrl Pts',(1.882598860827,22.44633974454,3.424434615183));
#5310=CARTESIAN_POINT('Ctrl Pts',(1.416411120204,22.4192564112,3.680723494386));
#5311=CARTESIAN_POINT('Ctrl Pts',(0.3781572324383,22.36508974454,4.00010604256));
#5312=CARTESIAN_POINT('Ctrl Pts',(-1.241626021073,22.28383974454,3.821308859014));
#5313=CARTESIAN_POINT('Ctrl Pts',(-2.65711994407,22.20258974454,3.013912398348));
#5314=CARTESIAN_POINT('Ctrl Pts',(-3.635556509811,22.12133974454,1.710763087813));
#5315=CARTESIAN_POINT('Ctrl Pts',(-4.01597383415,22.04008974454,0.1262069709948));
#5316=CARTESIAN_POINT('Ctrl Pts',(-3.73580164211,21.95883974454,-1.479108460868));
#5317=CARTESIAN_POINT('Ctrl Pts',(-2.841124366279,21.87758974454,-2.841124385844));
#5318=CARTESIAN_POINT('Ctrl Pts',(-1.479108490153,21.79633974454,-3.735801593136));
#5319=CARTESIAN_POINT('Ctrl Pts',(0.1262070685674,21.71508974454,-4.015974010483));
#5320=CARTESIAN_POINT('Ctrl Pts',(1.710762726807,21.63383974454,-3.635555853452));
#5321=CARTESIAN_POINT('Ctrl Pts',(3.013913744799,21.55258974454,-2.657122393172));
#5322=CARTESIAN_POINT('Ctrl Pts',(3.821303834217,21.47133974454,-1.241616881024));
#5323=CARTESIAN_POINT('Ctrl Pts',(4.000124795296,21.39008974454,0.3781231213428));
#5324=CARTESIAN_POINT('Ctrl Pts',(3.520962234148,21.30883974454,1.93566536842));
#5325=CARTESIAN_POINT('Ctrl Pts',(2.462633959207,21.22758974454,3.17480856994));
#5326=CARTESIAN_POINT('Ctrl Pts',(0.9992251807078,21.14633974454,3.891725133028));
#5327=CARTESIAN_POINT('Ctrl Pts',(-0.6285468958179,21.06508974454,3.968488915514));
#5328=CARTESIAN_POINT('Ctrl Pts',(-2.1529288229,20.98383974454,3.39247298535));
#5329=CARTESIAN_POINT('Ctrl Pts',(-3.323173876152,20.90258974454,2.258426634111));
#5330=CARTESIAN_POINT('Ctrl Pts',(-3.946787570682,20.82133974454,0.752889995097));
#5331=CARTESIAN_POINT('Ctrl Pts',(-3.921191223018,20.74008974454,-0.8764900828484));
#5332=CARTESIAN_POINT('Ctrl Pts',(-3.250595195551,20.65883974454,-2.361695650897));
#5333=CARTESIAN_POINT('Ctrl Pts',(-2.045306330867,20.57758974454,-3.458424133289));
#5334=CARTESIAN_POINT('Ctrl Pts',(-0.5035834966381,20.49633974454,-3.986273840909));
#5335=CARTESIAN_POINT('Ctrl Pts',(1.120974163952,20.41508974454,-3.858418380186));
#5336=CARTESIAN_POINT('Ctrl Pts',(2.561141945116,20.33383974454,-3.09588879157));
#5337=CARTESIAN_POINT('Ctrl Pts',(3.580025570376,20.25258974454,-1.824114137947));
#5338=CARTESIAN_POINT('Ctrl Pts',(4.010028109442,20.17133974454,-0.2522895841833));
#5339=CARTESIAN_POINT('Ctrl Pts',(3.780418122751,20.09008974454,1.361034272155));
#5340=CARTESIAN_POINT('Ctrl Pts',(2.928964328906,20.00883974454,2.750480582153));
#5341=CARTESIAN_POINT('Ctrl Pts',(1.595722999883,19.92758974454,3.687498282094));
#5342=CARTESIAN_POINT('Ctrl Pts',(-1.836723329584E-14,19.84633974454,4.017956629035));
#5343=CARTESIAN_POINT('Ctrl Pts',(-1.595722999883,19.76508974454,3.687498282094));
#5344=CARTESIAN_POINT('Ctrl Pts',(-2.928964328906,19.68383974454,2.750480582153));
#5345=CARTESIAN_POINT('Ctrl Pts',(-3.780418122751,19.60258974454,1.361034272155));
#5346=CARTESIAN_POINT('Ctrl Pts',(-4.010028109442,19.52133974454,-0.2522895841834));
#5347=CARTESIAN_POINT('Ctrl Pts',(-3.580025570376,19.44008974454,-1.824114137947));
#5348=CARTESIAN_POINT('Ctrl Pts',(-2.561141945116,19.35883974454,-3.09588879157));
#5349=CARTESIAN_POINT('Ctrl Pts',(-1.120974163952,19.27758974454,-3.858418380186));
#5350=CARTESIAN_POINT('Ctrl Pts',(0.5035834966381,19.19633974454,-3.986273840909));
#5351=CARTESIAN_POINT('Ctrl Pts',(2.045306330867,19.11508974454,-3.458424133289));
#5352=CARTESIAN_POINT('Ctrl Pts',(3.250595195551,19.03383974454,-2.361695650897));
#5353=CARTESIAN_POINT('Ctrl Pts',(3.921191223018,18.95258974454,-0.8764900828483));
#5354=CARTESIAN_POINT('Ctrl Pts',(3.946787570682,18.87133974454,0.752889995097));
#5355=CARTESIAN_POINT('Ctrl Pts',(3.323173876152,18.79008974454,2.258426634111));
#5356=CARTESIAN_POINT('Ctrl Pts',(2.1529288229,18.70883974454,3.39247298535));
#5357=CARTESIAN_POINT('Ctrl Pts',(0.6285468958178,18.62758974454,3.968488915514));
#5358=CARTESIAN_POINT('Ctrl Pts',(-0.9992251807079,18.54633974454,3.891725133028));
#5359=CARTESIAN_POINT('Ctrl Pts',(-2.462633959207,18.46508974454,3.17480856994));
#5360=CARTESIAN_POINT('Ctrl Pts',(-3.520962234148,18.38383974454,1.935665368419));
#5361=CARTESIAN_POINT('Ctrl Pts',(-4.000124795296,18.30258974454,0.3781231213428));
#5362=CARTESIAN_POINT('Ctrl Pts',(-3.821303834217,18.22133974454,-1.241616881024));
#5363=CARTESIAN_POINT('Ctrl Pts',(-3.013913744799,18.14008974454,-2.657122393172));
#5364=CARTESIAN_POINT('Ctrl Pts',(-1.710762726807,18.05883974454,-3.635555853452));
#5365=CARTESIAN_POINT('Ctrl Pts',(-0.1262070685673,17.97758974454,-4.015974010483));
#5366=CARTESIAN_POINT('Ctrl Pts',(1.479108490153,17.89633974454,-3.735801593136));
#5367=CARTESIAN_POINT('Ctrl Pts',(2.84112436628,17.81508974454,-2.841124385844));
#5368=CARTESIAN_POINT('Ctrl Pts',(3.73580164211,17.73383974454,-1.479108460868));
#5369=CARTESIAN_POINT('Ctrl Pts',(4.01597383415,17.65258974454,0.1262069709949));
#5370=CARTESIAN_POINT('Ctrl Pts',(3.635556509811,17.57133974454,1.710763087813));
#5371=CARTESIAN_POINT('Ctrl Pts',(2.65711994407,17.49008974454,3.013912398348));
#5372=CARTESIAN_POINT('Ctrl Pts',(1.241626021073,17.40883974454,3.821308859014));
#5373=CARTESIAN_POINT('Ctrl Pts',(-0.3781572324384,17.32758974454,4.00010604256));
#5374=CARTESIAN_POINT('Ctrl Pts',(-1.416411120204,17.27342307787,3.680723494385));
#5375=CARTESIAN_POINT('Ctrl Pts',(-1.882598860827,17.24633974454,3.424434615183));
#5376=CARTESIAN_POINT('Ctrl Pts',(1.938293291897,22.63901923361,3.525742409211));
#5377=CARTESIAN_POINT('Ctrl Pts',(1.458313945677,22.61193590027,3.789613287752));
#5378=CARTESIAN_POINT('Ctrl Pts',(0.3893445609521,22.55776923361,4.118444385845));
#5379=CARTESIAN_POINT('Ctrl Pts',(-1.278358038862,22.47651923361,3.934357701906));
#5380=CARTESIAN_POINT('Ctrl Pts',(-2.735727653152,22.39526923361,3.103075384588));
#5381=CARTESIAN_POINT('Ctrl Pts',(-3.74311009207,22.31401923361,1.761373963477));
#5382=CARTESIAN_POINT('Ctrl Pts',(-4.134781607033,22.23276923361,0.1299406529772));
#5383=CARTESIAN_POINT('Ctrl Pts',(-3.846320856468,22.15151923361,-1.522866112025));
#5384=CARTESIAN_POINT('Ctrl Pts',(-2.92517562567,22.07026923361,-2.925175645814));
#5385=CARTESIAN_POINT('Ctrl Pts',(-1.522866142175,21.98901923361,-3.846320806044));
#5386=CARTESIAN_POINT('Ctrl Pts',(0.1299407534363,21.90776923361,-4.134781788583));
#5387=CARTESIAN_POINT('Ctrl Pts',(1.761373591791,21.82651923361,-3.743109416293));
#5388=CARTESIAN_POINT('Ctrl Pts',(3.103076770871,21.74526923361,-2.735730174708));
#5389=CARTESIAN_POINT('Ctrl Pts',(3.934352528457,21.66401923361,-1.278348628415));
#5390=CARTESIAN_POINT('Ctrl Pts',(4.118463693359,21.58276923361,0.3893094407207));
#5391=CARTESIAN_POINT('Ctrl Pts',(3.625125682099,21.50151923361,1.992929708519));
#5392=CARTESIAN_POINT('Ctrl Pts',(2.535488033512,21.42026923361,3.268731476587));
#5393=CARTESIAN_POINT('Ctrl Pts',(1.028786060144,21.33901923361,4.006857156996));
#5394=CARTESIAN_POINT('Ctrl Pts',(-0.6471417024397,21.25776923361,4.085891903988));
#5395=CARTESIAN_POINT('Ctrl Pts',(-2.216620641918,21.17651923361,3.492835232864));
#5396=CARTESIAN_POINT('Ctrl Pts',(-3.421485992573,21.09526923361,2.325239479438));
#5397=CARTESIAN_POINT('Ctrl Pts',(-4.063548550877,21.01401923361,0.7751633432902));
#5398=CARTESIAN_POINT('Ctrl Pts',(-4.037194965944,20.93276923361,-0.9024199915075));
#5399=CARTESIAN_POINT('Ctrl Pts',(-3.346760158689,20.85151923361,-2.431563586322));
#5400=CARTESIAN_POINT('Ctrl Pts',(-2.10581426744,20.77026923361,-3.560737466475));
#5401=CARTESIAN_POINT('Ctrl Pts',(-0.5184814108593,20.68901923361,-4.104202975086));
#5402=CARTESIAN_POINT('Ctrl Pts',(1.154136841145,20.60776923361,-3.972565063787));
#5403=CARTESIAN_POINT('Ctrl Pts',(2.636910260126,20.52651923361,-3.187476951157));
#5404=CARTESIAN_POINT('Ctrl Pts',(3.685936336343,20.44526923361,-1.878078368583));
#5405=CARTESIAN_POINT('Ctrl Pts',(4.128659985185,20.36401923361,-0.2597532691713));
#5406=CARTESIAN_POINT('Ctrl Pts',(3.892257262217,20.28276923361,1.401298839946));
#5407=CARTESIAN_POINT('Ctrl Pts',(3.015614228318,20.20151923361,2.831850253823));
#5408=CARTESIAN_POINT('Ctrl Pts',(1.642930552418,20.12026923361,3.796588499435));
#5409=CARTESIAN_POINT('Ctrl Pts',(-1.920685832602E-14,20.03901923361,4.136823060528));
#5410=CARTESIAN_POINT('Ctrl Pts',(-1.642930552418,19.95776923361,3.796588499435));
#5411=CARTESIAN_POINT('Ctrl Pts',(-3.015614228318,19.87651923361,2.831850253823));
#5412=CARTESIAN_POINT('Ctrl Pts',(-3.892257262217,19.79526923361,1.401298839946));
#5413=CARTESIAN_POINT('Ctrl Pts',(-4.128659985185,19.71401923361,-0.2597532691714));
#5414=CARTESIAN_POINT('Ctrl Pts',(-3.685936336343,19.63276923361,-1.878078368583));
#5415=CARTESIAN_POINT('Ctrl Pts',(-2.636910260126,19.55151923361,-3.187476951157));
#5416=CARTESIAN_POINT('Ctrl Pts',(-1.154136841145,19.47026923361,-3.972565063787));
#5417=CARTESIAN_POINT('Ctrl Pts',(0.5184814108594,19.38901923361,-4.104202975086));
#5418=CARTESIAN_POINT('Ctrl Pts',(2.10581426744,19.30776923361,-3.560737466475));
#5419=CARTESIAN_POINT('Ctrl Pts',(3.346760158689,19.22651923361,-2.431563586322));
#5420=CARTESIAN_POINT('Ctrl Pts',(4.037194965944,19.14526923361,-0.9024199915074));
#5421=CARTESIAN_POINT('Ctrl Pts',(4.063548550877,19.06401923361,0.7751633432903));
#5422=CARTESIAN_POINT('Ctrl Pts',(3.421485992573,18.98276923361,2.325239479438));
#5423=CARTESIAN_POINT('Ctrl Pts',(2.216620641918,18.90151923361,3.492835232864));
#5424=CARTESIAN_POINT('Ctrl Pts',(0.6471417024397,18.82026923361,4.085891903988));
#5425=CARTESIAN_POINT('Ctrl Pts',(-1.028786060144,18.73901923361,4.006857156996));
#5426=CARTESIAN_POINT('Ctrl Pts',(-2.535488033512,18.65776923361,3.268731476587));
#5427=CARTESIAN_POINT('Ctrl Pts',(-3.625125682099,18.57651923361,1.992929708519));
#5428=CARTESIAN_POINT('Ctrl Pts',(-4.118463693359,18.49526923361,0.3893094407207));
#5429=CARTESIAN_POINT('Ctrl Pts',(-3.934352528457,18.41401923361,-1.278348628415));
#5430=CARTESIAN_POINT('Ctrl Pts',(-3.103076770871,18.33276923361,-2.735730174708));
#5431=CARTESIAN_POINT('Ctrl Pts',(-1.761373591791,18.25151923361,-3.743109416293));
#5432=CARTESIAN_POINT('Ctrl Pts',(-0.1299407534362,18.17026923361,-4.134781788583));
#5433=CARTESIAN_POINT('Ctrl Pts',(1.522866142175,18.08901923361,-3.846320806044));
#5434=CARTESIAN_POINT('Ctrl Pts',(2.92517562567,18.00776923361,-2.925175645814));
#5435=CARTESIAN_POINT('Ctrl Pts',(3.846320856468,17.92651923361,-1.522866112024));
#5436=CARTESIAN_POINT('Ctrl Pts',(4.134781607033,17.84526923361,0.1299406529772));
#5437=CARTESIAN_POINT('Ctrl Pts',(3.74311009207,17.76401923361,1.761373963477));
#5438=CARTESIAN_POINT('Ctrl Pts',(2.735727653152,17.68276923361,3.103075384588));
#5439=CARTESIAN_POINT('Ctrl Pts',(1.278358038862,17.60151923361,3.934357701906));
#5440=CARTESIAN_POINT('Ctrl Pts',(-0.3893445609522,17.52026923361,4.118444385845));
#5441=CARTESIAN_POINT('Ctrl Pts',(-1.458313945677,17.46610256694,3.789613287752));
#5442=CARTESIAN_POINT('Ctrl Pts',(-1.938293291897,17.43901923361,3.525742409211));
#5443=CARTESIAN_POINT('',(1.93709157894359E-8,17.5,3.99999288150478));
#5444=CARTESIAN_POINT('Ctrl Pts',(1.53288652326999E-7,22.4999976849737,
3.99984337724199));
#5445=CARTESIAN_POINT('Ctrl Pts',(-0.31931682605206,22.4841152332897,3.99965985760159));
#5446=CARTESIAN_POINT('Ctrl Pts',(-0.638685168773895,22.4682327110028,3.96127622424819));
#5447=CARTESIAN_POINT('Ctrl Pts',(-1.26066776964185,22.4363910020628,3.80975677317478));
#5448=CARTESIAN_POINT('Ctrl Pts',(-1.5606157529912,22.4205574056066,3.69657953337441));
#5449=CARTESIAN_POINT('Ctrl Pts',(-2.26206038129129,22.3812412671313,3.331997079927));
#5450=CARTESIAN_POINT('Ctrl Pts',(-2.68836917717321,22.3554096654205,3.01756996046786));
#5451=CARTESIAN_POINT('Ctrl Pts',(-3.3496475248106,22.304315132146,2.23134090905711));
#5452=CARTESIAN_POINT('Ctrl Pts',(-3.63143864443109,22.2783614064589,1.77954134827928));
#5453=CARTESIAN_POINT('Ctrl Pts',(-3.94251478668381,22.2272576527003,0.800248423978245));
#5454=CARTESIAN_POINT('Ctrl Pts',(-4.03676688999179,22.2012198231093,0.274158094827907));
#5455=CARTESIAN_POINT('Ctrl Pts',(-3.95094617156164,22.1500749740585,-0.750568089170324));
#5456=CARTESIAN_POINT('Ctrl Pts',(-3.84119751312917,22.123968490439,-1.27527566993776));
#5457=CARTESIAN_POINT('Ctrl Pts',(-3.36168512142244,22.0717105740342,-2.21013376205339));
#5458=CARTESIAN_POINT('Ctrl Pts',(-3.05826269433174,22.0457625187454,-2.64775524687987));
#5459=CARTESIAN_POINT('Ctrl Pts',(-2.25917059864877,21.993467674032,-3.33100844366214));
#5460=CARTESIAN_POINT('Ctrl Pts',(-1.81171420667612,21.9676543730278,-3.61401541863789));
#5461=CARTESIAN_POINT('Ctrl Pts',(-0.811063900992277,21.9152345867053,-3.94462031013318));
#5462=CARTESIAN_POINT('Ctrl Pts',(-0.291301585942508,21.8895448783629,-4.02897367878785));
#5463=CARTESIAN_POINT('Ctrl Pts',(0.781337601890714,21.8360660328111,-3.95611204272726));
#5464=CARTESIAN_POINT('Ctrl Pts',(1.28738634922885,21.8105086622506,-3.822083003742));
#5465=CARTESIAN_POINT('Ctrl Pts',(2.21200191693047,21.7593541572639,-3.37195203206021));
#5466=CARTESIAN_POINT('Ctrl Pts',(2.62999895936134,21.7338076897183,-3.05716836119105));
#5467=CARTESIAN_POINT('Ctrl Pts',(3.31896865097496,21.6825760934162,-2.29163609400437));
#5468=CARTESIAN_POINT('Ctrl Pts',(3.5882912390878,21.6569307155813,-1.84055286351814));
#5469=CARTESIAN_POINT('Ctrl Pts',(3.95251418797263,21.6035479122173,-0.83107446665858));
#5470=CARTESIAN_POINT('Ctrl Pts',(4.01622058772216,21.5778057939547,-0.307297768095153));
#5471=CARTESIAN_POINT('Ctrl Pts',(3.97219718934529,21.5252204617154,0.748955556247952));
#5472=CARTESIAN_POINT('Ctrl Pts',(3.82385338118556,21.499361779584,1.25812784499074));
#5473=CARTESIAN_POINT('Ctrl Pts',(3.38342571889397,21.4468942104028,2.21661547788835));
#5474=CARTESIAN_POINT('Ctrl Pts',(3.0456174754233,21.4209061282463,2.62930167199426));
#5475=CARTESIAN_POINT('Ctrl Pts',(2.27766191089618,21.3687003855007,3.34477965277976));
#5476=CARTESIAN_POINT('Ctrl Pts',(1.80411588566322,21.342611624421,3.59506083530825));
#5477=CARTESIAN_POINT('Ctrl Pts',(0.827638336268077,21.2907330772726,3.96173873949396));
#5478=CARTESIAN_POINT('Ctrl Pts',(0.29311222886939,21.2645893820414,4.01131529725066));
#5479=CARTESIAN_POINT('Ctrl Pts',(-0.730589788692719,21.2136481766334,3.97830152801099));
#5480=CARTESIAN_POINT('Ctrl Pts',(-1.24240807983728,21.1876487274061,3.8276376412698));
#5481=CARTESIAN_POINT('Ctrl Pts',(-2.18175201529065,21.1363872785711,3.40341305135005));
#5482=CARTESIAN_POINT('Ctrl Pts',(-2.59939868885754,21.1104728748089,3.07462091177472));
#5483=CARTESIAN_POINT('Ctrl Pts',(-3.3061801282787,21.0591385315514,2.32238811857959));
#5484=CARTESIAN_POINT('Ctrl Pts',(-3.57132905512414,21.0332965135677,1.86366466626784));
#5485=CARTESIAN_POINT('Ctrl Pts',(-3.92768907510118,20.9832055439985,0.921623032020999));
#5486=CARTESIAN_POINT('Ctrl Pts',(-4.01408336241673,20.9573920604936,0.399752163401801));
#5487=CARTESIAN_POINT('Ctrl Pts',(-3.98136984533569,20.9051043727951,-0.651108389614688));
#5488=CARTESIAN_POINT('Ctrl Pts',(-3.86193367426062,20.879311375721,-1.1660039438491));
#5489=CARTESIAN_POINT('Ctrl Pts',(-3.42935634552642,20.8270128909297,-2.12450125781294));
#5490=CARTESIAN_POINT('Ctrl Pts',(-3.12231713997614,20.801222752854,-2.55466894869349));
#5491=CARTESIAN_POINT('Ctrl Pts',(-2.35619574028934,20.7489500048489,-3.27425508921557));
#5492=CARTESIAN_POINT('Ctrl Pts',(-1.90791556558179,20.723146097013,-3.55468621824615));
#5493=CARTESIAN_POINT('Ctrl Pts',(-0.967072880298547,20.6731220855031,-3.91040938217692));
#5494=CARTESIAN_POINT('Ctrl Pts',(-0.448095087435982,20.6472962529841,-4.0154687276726));
#5495=CARTESIAN_POINT('Ctrl Pts',(0.582448531928277,20.5960188036004,-3.98365528670476));
#5496=CARTESIAN_POINT('Ctrl Pts',(1.10498093251647,20.5701269762899,-3.88880168579199));
#5497=CARTESIAN_POINT('Ctrl Pts',(2.04364151085059,20.5189348912968,-3.46645864403361));
#5498=CARTESIAN_POINT('Ctrl Pts',(2.4952379504538,20.4929653346181,-3.18351314236444));
#5499=CARTESIAN_POINT('Ctrl Pts',(3.19721688326082,20.4421027887483,-2.43984740604659));
#5500=CARTESIAN_POINT('Ctrl Pts',(3.51420451391517,20.4159973799567,-2.00760371900358));
#5501=CARTESIAN_POINT('Ctrl Pts',(3.8869575051681,20.3641694298039,-1.03452275050034));
#5502=CARTESIAN_POINT('Ctrl Pts',(4.013438427377,20.3381363149352,-0.51528462859298));
#5503=CARTESIAN_POINT('Ctrl Pts',(3.98817843720031,20.2859636729304,0.533341842828527));
#5504=CARTESIAN_POINT('Ctrl Pts',(3.90338290635805,20.2600540397702,1.05813411970265));
#5505=CARTESIAN_POINT('Ctrl Pts',(3.47923585583486,20.2074837989606,2.0261821672401));
#5506=CARTESIAN_POINT('Ctrl Pts',(3.19706335402799,20.1817768748541,2.47137176786872));
#5507=CARTESIAN_POINT('Ctrl Pts',(2.43920160808473,20.1292544611145,3.20660190063267));
#5508=CARTESIAN_POINT('Ctrl Pts',(2.00733138548095,20.1036934193335,3.50298386819415));
#5509=CARTESIAN_POINT('Ctrl Pts',(1.0250813314847,20.0509914113641,3.90007951215189));
#5510=CARTESIAN_POINT('Ctrl Pts',(0.512542125048085,20.0254957736476,4.00000000012636));
#5511=CARTESIAN_POINT('Ctrl Pts',(-0.512542127011009,19.9745042262548,3.99999999986901));
#5512=CARTESIAN_POINT('Ctrl Pts',(-1.02508133339989,19.9490085885385,3.90007951165586));
#5513=CARTESIAN_POINT('Ctrl Pts',(-2.00733138661282,19.8963065806004,3.50298386744261));
#5514=CARTESIAN_POINT('Ctrl Pts',(-2.43920160917791,19.8707455388208,3.20660189988677));
#5515=CARTESIAN_POINT('Ctrl Pts',(-3.19706335483583,19.8182231250773,2.47137176671708));
#5516=CARTESIAN_POINT('Ctrl Pts',(-3.47923585656,19.7925162009725,2.02618216608748));
#5517=CARTESIAN_POINT('Ctrl Pts',(-3.9033829066902,19.7399459601596,1.05813411830457));
#5518=CARTESIAN_POINT('Ctrl Pts',(-3.98817843741439,19.7140363270013,0.533341841458957));
#5519=CARTESIAN_POINT('Ctrl Pts',(-4.01343842716566,19.6618636849895,-0.515284630116348));
#5520=CARTESIAN_POINT('Ctrl Pts',(-3.88695750478704,19.6358305701215,-1.03452275196244));
#5521=CARTESIAN_POINT('Ctrl Pts',(-3.51420451310972,19.5840026199623,-2.00760372044103));
#5522=CARTESIAN_POINT('Ctrl Pts',(-3.19721688225274,19.5578972111704,-2.43984740734565));
#5523=CARTESIAN_POINT('Ctrl Pts',(-2.49523794913746,19.5070346652984,-3.1835131434352));
#5524=CARTESIAN_POINT('Ctrl Pts',(-2.04364150937322,19.4810651086192,-3.46645864487444));
#5525=CARTESIAN_POINT('Ctrl Pts',(-1.10498093086038,19.4298730236246,-3.88880168630743));
#5526=CARTESIAN_POINT('Ctrl Pts',(-0.58244853020199,19.4039811963135,-3.98365528692046));
#5527=CARTESIAN_POINT('Ctrl Pts',(0.448095089186824,19.3527037469292,-4.01546872752844));
#5528=CARTESIAN_POINT('Ctrl Pts',(0.967072881995561,19.3268779144099,-3.91040938171217));
#5529=CARTESIAN_POINT('Ctrl Pts',(1.90791556680973,19.2768539029184,-3.55468621759054));
#5530=CARTESIAN_POINT('Ctrl Pts',(2.35619574142123,19.2510499950823,-3.27425508839731));
#5531=CARTESIAN_POINT('Ctrl Pts',(3.12231714085113,19.1987772470782,-2.55466894762959));
#5532=CARTESIAN_POINT('Ctrl Pts',(3.42935634625293,19.1729871090021,-2.12450125663489));
#5533=CARTESIAN_POINT('Ctrl Pts',(3.86193367466446,19.120688624211,-1.16600394252876));
#5534=CARTESIAN_POINT('Ctrl Pts',(3.98136984555572,19.0948956271374,-0.651108388261404));
#5535=CARTESIAN_POINT('Ctrl Pts',(4.01408336228485,19.0426079394383,0.399752164778808));
#5536=CARTESIAN_POINT('Ctrl Pts',(3.92768907478621,19.0167944559338,0.92162303335981));
#5537=CARTESIAN_POINT('Ctrl Pts',(3.57132905436368,18.9667034863467,1.8636646678237));
#5538=CARTESIAN_POINT('Ctrl Pts',(3.306180127248,18.9408614683634,2.32238811996314));
#5539=CARTESIAN_POINT('Ctrl Pts',(2.5993986875823,18.8895271251069,3.07462091290317));
#5540=CARTESIAN_POINT('Ctrl Pts',(2.18175201384342,18.8636127213454,3.40341305222929));
#5541=CARTESIAN_POINT('Ctrl Pts',(1.24240807827094,18.812351272512,3.82763764180842));
#5542=CARTESIAN_POINT('Ctrl Pts',(0.730589787066407,18.7863518232854,3.97830152827975));
#5543=CARTESIAN_POINT('Ctrl Pts',(-0.293112230467406,18.7354106178795,4.01131529715151));
#5544=CARTESIAN_POINT('Ctrl Pts',(-0.827638337828569,18.7092669226489,3.9617387391529));
#5545=CARTESIAN_POINT('Ctrl Pts',(-1.80411588697445,18.6573883755065,3.59506083464828));
#5546=CARTESIAN_POINT('Ctrl Pts',(-2.27766191213029,18.6312996144265,3.34477965195373));
#5547=CARTESIAN_POINT('Ctrl Pts',(-3.04561747629089,18.5790938716871,2.62930167095681));
#5548=CARTESIAN_POINT('Ctrl Pts',(-3.38342571968583,18.5531057895293,2.21661547674778));
#5549=CARTESIAN_POINT('Ctrl Pts',(-3.82385338154411,18.5006382203537,1.25812784377277));
#5550=CARTESIAN_POINT('Ctrl Pts',(-3.97219718964804,18.4747795382203,0.748955554964117));
#5551=CARTESIAN_POINT('Ctrl Pts',(-4.01622058756953,18.422194205987,-0.307297769277713));
#5552=CARTESIAN_POINT('Ctrl Pts',(-3.95251418779371,18.3964520877216,-0.831074467904046));
#5553=CARTESIAN_POINT('Ctrl Pts',(-3.58829123825559,18.3430692843288,-1.84055286514084));
#5554=CARTESIAN_POINT('Ctrl Pts',(-3.31896864992815,18.3174239064921,-2.29163609554422));
#5555=CARTESIAN_POINT('Ctrl Pts',(-2.6299989578619,18.266192310184,-3.05716836248637));
#5556=CARTESIAN_POINT('Ctrl Pts',(-2.21200191523831,18.2406458426361,-3.37195203318313));
#5557=CARTESIAN_POINT('Ctrl Pts',(-1.2873863473357,18.1894913376513,-3.82208300436672));
#5558=CARTESIAN_POINT('Ctrl Pts',(-0.781337599982365,18.1639339670931,-3.95611204310546));
#5559=CARTESIAN_POINT('Ctrl Pts',(0.291301587266157,18.1104551215722,-4.02897367860816));
#5560=CARTESIAN_POINT('Ctrl Pts',(0.811063902231252,18.0847654132335,-3.94462030994659));
#5561=CARTESIAN_POINT('Ctrl Pts',(1.81171420792551,18.0323456269026,-3.61401541795091));
#5562=CARTESIAN_POINT('Ctrl Pts',(2.25917059980798,18.0065323259004,-3.33100844292176));
#5563=CARTESIAN_POINT('Ctrl Pts',(3.05826269529639,17.9542374811809,-2.64775524572392));
#5564=CARTESIAN_POINT('Ctrl Pts',(3.36168512224436,17.9282894258932,-2.21013376083254));
#5565=CARTESIAN_POINT('Ctrl Pts',(3.84119751363112,17.8760315094827,-1.27527566842422));
#5566=CARTESIAN_POINT('Ctrl Pts',(3.95094617185336,17.8499250258635,-0.750568087617555));
#5567=CARTESIAN_POINT('Ctrl Pts',(4.03676688990218,17.7987801768077,0.274158096512289));
#5568=CARTESIAN_POINT('Ctrl Pts',(3.94251478632669,17.7727423472162,0.800248425629557));
#5569=CARTESIAN_POINT('Ctrl Pts',(3.63143864370404,17.7216385934556,1.77954134985405));
#5570=CARTESIAN_POINT('Ctrl Pts',(3.34964752381566,17.6956848677677,2.23134091048984));
#5571=CARTESIAN_POINT('Ctrl Pts',(2.68836917589979,17.6445903344933,3.01756996166603));
#5572=CARTESIAN_POINT('Ctrl Pts',(2.26206037982288,17.6187587327823,3.33199708087559));
#5573=CARTESIAN_POINT('Ctrl Pts',(1.56061575172765,17.5794425943255,3.69657953390827));
#5574=CARTESIAN_POINT('Ctrl Pts',(1.26066776839289,17.563608997872,3.80975677358312));
#5575=CARTESIAN_POINT('Ctrl Pts',(0.638685167934763,17.5317672889555,3.96127622434901));
#5576=CARTESIAN_POINT('Ctrl Pts',(0.319316825632626,17.5158847666895,3.99965985760182));
#5577=CARTESIAN_POINT('Ctrl Pts',(-1.53288700344145E-7,17.5000023150263,
3.99984337724197));
#5578=CARTESIAN_POINT('',(-2.118985732843E-14,17.,3.7));
#5579=CARTESIAN_POINT('Ctrl Pts',(1.771209998686,17.06098076639,3.221819027127));
#5580=CARTESIAN_POINT('Ctrl Pts',(1.332605469257,17.03389743306,3.462943907653));
#5581=CARTESIAN_POINT('Ctrl Pts',(0.3557825754107,16.97973076639,3.763429355989));
#5582=CARTESIAN_POINT('Ctrl Pts',(-1.168161985495,16.89848076639,3.59521117323));
#5583=CARTESIAN_POINT('Ctrl Pts',(-2.499904525906,16.81723076639,2.83558642587));
#5584=CARTESIAN_POINT('Ctrl Pts',(-3.420449345294,16.73598076639,1.609541336483));
#5585=CARTESIAN_POINT('Ctrl Pts',(-3.778358288385,16.65473076639,0.1187396070301));
#5586=CARTESIAN_POINT('Ctrl Pts',(-3.514763213395,16.57348076639,-1.391593158556));
#5587=CARTESIAN_POINT('Ctrl Pts',(-2.673021847498,16.49223076639,-2.673021865905));
#5588=CARTESIAN_POINT('Ctrl Pts',(-1.391593186107,16.41098076639,-3.514763167318));
#5589=CARTESIAN_POINT('Ctrl Pts',(0.1187396988296,16.32973076639,-3.778358454285));
#5590=CARTESIAN_POINT('Ctrl Pts',(1.609540996837,16.24848076639,-3.42044872777));
#5591=CARTESIAN_POINT('Ctrl Pts',(2.835587692655,16.16723076639,-2.4999068301));
#5592=CARTESIAN_POINT('Ctrl Pts',(3.595206445738,16.08598076639,-1.16815338624));
#5593=CARTESIAN_POINT('Ctrl Pts',(3.763446999171,16.00473076639,0.355750482587));
#5594=CARTESIAN_POINT('Ctrl Pts',(3.312635338248,15.92348076639,1.821136688221));
#5595=CARTESIAN_POINT('Ctrl Pts',(2.316925810598,15.84223076639,2.986962756645));
#5596=CARTESIAN_POINT('Ctrl Pts',(0.9401034218365,15.76098076639,3.661461085093));
#5597=CARTESIAN_POINT('Ctrl Pts',(-0.5913572825742,15.67973076639,3.733682938567));
#5598=CARTESIAN_POINT('Ctrl Pts',(-2.025545184865,15.59848076639,3.191748490321));
#5599=CARTESIAN_POINT('Ctrl Pts',(-3.12654964331,15.51723076639,2.124800943458));
#5600=CARTESIAN_POINT('Ctrl Pts',(-3.713265610291,15.43598076639,0.7083432987104));
#5601=CARTESIAN_POINT('Ctrl Pts',(-3.689183737166,15.35473076639,-0.8246302655301));
#5602=CARTESIAN_POINT('Ctrl Pts',(-3.058265269273,15.27348076639,-2.221959780049));
#5603=CARTESIAN_POINT('Ctrl Pts',(-1.924290457723,15.19223076639,-3.253797466917));
#5604=CARTESIAN_POINT('Ctrl Pts',(-0.4737876681955,15.11098076639,-3.750415572555));
#5605=CARTESIAN_POINT('Ctrl Pts',(1.054648809566,15.02973076639,-3.630125012983));
#5606=CARTESIAN_POINT('Ctrl Pts',(2.409605315098,14.94848076639,-2.912712472396));
#5607=CARTESIAN_POINT('Ctrl Pts',(3.368204038441,14.86723076639,-1.716185676676));
#5608=CARTESIAN_POINT('Ctrl Pts',(3.772764357956,14.78598076639,-0.2373622142072));
#5609=CARTESIAN_POINT('Ctrl Pts',(3.556739843819,14.70473076639,1.280505136573));
#5610=CARTESIAN_POINT('Ctrl Pts',(2.755664530082,14.62348076639,2.587741238812));
#5611=CARTESIAN_POINT('Ctrl Pts',(1.501307894814,14.54223076639,3.469317847412));
#5612=CARTESIAN_POINT('Ctrl Pts',(-1.471045507628E-14,14.46098076639,3.780223766049));
#5613=CARTESIAN_POINT('Ctrl Pts',(-1.501307894814,14.37973076639,3.469317847412));
#5614=CARTESIAN_POINT('Ctrl Pts',(-2.755664530082,14.29848076639,2.587741238812));
#5615=CARTESIAN_POINT('Ctrl Pts',(-3.556739843819,14.21723076639,1.280505136573));
#5616=CARTESIAN_POINT('Ctrl Pts',(-3.772764357956,14.13598076639,-0.2373622142073));
#5617=CARTESIAN_POINT('Ctrl Pts',(-3.368204038441,14.05473076639,-1.716185676676));
#5618=CARTESIAN_POINT('Ctrl Pts',(-2.409605315098,13.97348076639,-2.912712472396));
#5619=CARTESIAN_POINT('Ctrl Pts',(-1.054648809566,13.89223076639,-3.630125012983));
#5620=CARTESIAN_POINT('Ctrl Pts',(0.4737876681955,13.81098076639,-3.750415572555));
#5621=CARTESIAN_POINT('Ctrl Pts',(1.924290457723,13.72973076639,-3.253797466917));
#5622=CARTESIAN_POINT('Ctrl Pts',(3.058265269274,13.64848076639,-2.221959780049));
#5623=CARTESIAN_POINT('Ctrl Pts',(3.689183737166,13.56723076639,-0.8246302655301));
#5624=CARTESIAN_POINT('Ctrl Pts',(3.713265610291,13.48598076639,0.7083432987105));
#5625=CARTESIAN_POINT('Ctrl Pts',(3.12654964331,13.40473076639,2.124800943458));
#5626=CARTESIAN_POINT('Ctrl Pts',(2.025545184865,13.32348076639,3.191748490321));
#5627=CARTESIAN_POINT('Ctrl Pts',(0.5913572825742,13.24223076639,3.733682938567));
#5628=CARTESIAN_POINT('Ctrl Pts',(-0.9401034218365,13.16098076639,3.661461085093));
#5629=CARTESIAN_POINT('Ctrl Pts',(-2.316925810598,13.07973076639,2.986962756645));
#5630=CARTESIAN_POINT('Ctrl Pts',(-3.312635338248,12.99848076639,1.821136688221));
#5631=CARTESIAN_POINT('Ctrl Pts',(-3.763446999171,12.91723076639,0.355750482587));
#5632=CARTESIAN_POINT('Ctrl Pts',(-3.595206445738,12.83598076639,-1.16815338624));
#5633=CARTESIAN_POINT('Ctrl Pts',(-2.835587692655,12.75473076639,-2.4999068301));
#5634=CARTESIAN_POINT('Ctrl Pts',(-1.609540996837,12.67348076639,-3.42044872777));
#5635=CARTESIAN_POINT('Ctrl Pts',(-0.1187396988295,12.59223076639,-3.778358454285));
#5636=CARTESIAN_POINT('Ctrl Pts',(1.391593186107,12.51098076639,-3.514763167318));
#5637=CARTESIAN_POINT('Ctrl Pts',(2.673021847498,12.42973076639,-2.673021865905));
#5638=CARTESIAN_POINT('Ctrl Pts',(3.514763213395,12.34848076639,-1.391593158556));
#5639=CARTESIAN_POINT('Ctrl Pts',(3.778358288385,12.26723076639,0.1187396070301));
#5640=CARTESIAN_POINT('Ctrl Pts',(3.420449345294,12.18598076639,1.609541336483));
#5641=CARTESIAN_POINT('Ctrl Pts',(2.499904525906,12.10473076639,2.83558642587));
#5642=CARTESIAN_POINT('Ctrl Pts',(1.168161985495,12.02348076639,3.59521117323));
#5643=CARTESIAN_POINT('Ctrl Pts',(-0.3557825754107,11.94223076639,3.763429355989));
#5644=CARTESIAN_POINT('Ctrl Pts',(-1.332605469257,11.88806409973,3.462943907653));
#5645=CARTESIAN_POINT('Ctrl Pts',(-1.771209998686,11.86098076639,3.221819027127));
#5646=CARTESIAN_POINT('Ctrl Pts',(1.826904429756,17.25366025546,3.323126821155));
#5647=CARTESIAN_POINT('Ctrl Pts',(1.374508294731,17.22657692213,3.571833701019));
#5648=CARTESIAN_POINT('Ctrl Pts',(0.3669699039245,17.17241025546,3.881767699274));
#5649=CARTESIAN_POINT('Ctrl Pts',(-1.204894003284,17.09116025546,3.708260016122));
#5650=CARTESIAN_POINT('Ctrl Pts',(-2.578512234988,17.00991025546,2.924749412109));
#5651=CARTESIAN_POINT('Ctrl Pts',(-3.528002927553,16.92866025546,1.660152212148));
#5652=CARTESIAN_POINT('Ctrl Pts',(-3.897166061267,16.84741025546,0.1224732890125));
#5653=CARTESIAN_POINT('Ctrl Pts',(-3.625282427753,16.76616025546,-1.435350809712));
#5654=CARTESIAN_POINT('Ctrl Pts',(-2.757073106889,16.68491025546,-2.757073125875));
#5655=CARTESIAN_POINT('Ctrl Pts',(-1.43535083813,16.60366025546,-3.625282380227));
#5656=CARTESIAN_POINT('Ctrl Pts',(0.1224733836985,16.52241025546,-3.897166232384));
#5657=CARTESIAN_POINT('Ctrl Pts',(1.660151861822,16.44116025546,-3.528002290611));
#5658=CARTESIAN_POINT('Ctrl Pts',(2.924750718727,16.35991025546,-2.578514611636));
#5659=CARTESIAN_POINT('Ctrl Pts',(3.708255139978,16.27866025546,-1.204885133632));
#5660=CARTESIAN_POINT('Ctrl Pts',(3.881785897234,16.19741025546,0.3669368019649));
#5661=CARTESIAN_POINT('Ctrl Pts',(3.416798786198,16.11616025546,1.87840102832));
#5662=CARTESIAN_POINT('Ctrl Pts',(2.389779884903,16.03491025546,3.080885663292));
#5663=CARTESIAN_POINT('Ctrl Pts',(0.9696643012721,15.95366025546,3.776593109061));
#5664=CARTESIAN_POINT('Ctrl Pts',(-0.609952089196,15.87241025546,3.851085927041));
#5665=CARTESIAN_POINT('Ctrl Pts',(-2.089237003883,15.79116025546,3.292110737836));
#5666=CARTESIAN_POINT('Ctrl Pts',(-3.224861759731,15.70991025546,2.191613788784));
#5667=CARTESIAN_POINT('Ctrl Pts',(-3.830026590486,15.62866025546,0.7306166469037));
#5668=CARTESIAN_POINT('Ctrl Pts',(-3.805187480092,15.54741025546,-0.8505601741893));
#5669=CARTESIAN_POINT('Ctrl Pts',(-3.154430232412,15.46616025546,-2.291827715473));
#5670=CARTESIAN_POINT('Ctrl Pts',(-1.984798394295,15.38491025546,-3.356110800103));
#5671=CARTESIAN_POINT('Ctrl Pts',(-0.4886855824168,15.30366025546,-3.868344706732));
#5672=CARTESIAN_POINT('Ctrl Pts',(1.087811486759,15.22241025546,-3.744271696584));
#5673=CARTESIAN_POINT('Ctrl Pts',(2.485373630107,15.14116025546,-3.004300631983));
#5674=CARTESIAN_POINT('Ctrl Pts',(3.474114804409,15.05991025546,-1.770149907312));
#5675=CARTESIAN_POINT('Ctrl Pts',(3.891396233699,14.97866025546,-0.2448258991953));
#5676=CARTESIAN_POINT('Ctrl Pts',(3.668578983285,14.89741025546,1.320769704364));
#5677=CARTESIAN_POINT('Ctrl Pts',(2.842314429494,14.81616025546,2.669110910482));
#5678=CARTESIAN_POINT('Ctrl Pts',(1.548515447348,14.73491025546,3.578408064753));
#5679=CARTESIAN_POINT('Ctrl Pts',(-1.50981800106E-14,14.65366025546,3.899090197542));
#5680=CARTESIAN_POINT('Ctrl Pts',(-1.548515447348,14.57241025546,3.578408064753));
#5681=CARTESIAN_POINT('Ctrl Pts',(-2.842314429494,14.49116025546,2.669110910482));
#5682=CARTESIAN_POINT('Ctrl Pts',(-3.668578983285,14.40991025546,1.320769704364));
#5683=CARTESIAN_POINT('Ctrl Pts',(-3.891396233699,14.32866025546,-0.2448258991953));
#5684=CARTESIAN_POINT('Ctrl Pts',(-3.474114804409,14.24741025546,-1.770149907312));
#5685=CARTESIAN_POINT('Ctrl Pts',(-2.485373630107,14.16616025546,-3.004300631983));
#5686=CARTESIAN_POINT('Ctrl Pts',(-1.087811486759,14.08491025546,-3.744271696584));
#5687=CARTESIAN_POINT('Ctrl Pts',(0.4886855824168,14.00366025546,-3.868344706732));
#5688=CARTESIAN_POINT('Ctrl Pts',(1.984798394295,13.92241025546,-3.356110800103));
#5689=CARTESIAN_POINT('Ctrl Pts',(3.154430232412,13.84116025546,-2.291827715473));
#5690=CARTESIAN_POINT('Ctrl Pts',(3.805187480092,13.75991025546,-0.8505601741892));
#5691=CARTESIAN_POINT('Ctrl Pts',(3.830026590486,13.67866025546,0.7306166469037));
#5692=CARTESIAN_POINT('Ctrl Pts',(3.224861759731,13.59741025546,2.191613788784));
#5693=CARTESIAN_POINT('Ctrl Pts',(2.089237003883,13.51616025546,3.292110737836));
#5694=CARTESIAN_POINT('Ctrl Pts',(0.609952089196,13.43491025546,3.851085927041));
#5695=CARTESIAN_POINT('Ctrl Pts',(-0.9696643012722,13.35366025546,3.776593109061));
#5696=CARTESIAN_POINT('Ctrl Pts',(-2.389779884903,13.27241025546,3.080885663292));
#5697=CARTESIAN_POINT('Ctrl Pts',(-3.416798786198,13.19116025546,1.87840102832));
#5698=CARTESIAN_POINT('Ctrl Pts',(-3.881785897234,13.10991025546,0.3669368019649));
#5699=CARTESIAN_POINT('Ctrl Pts',(-3.708255139978,13.02866025546,-1.204885133632));
#5700=CARTESIAN_POINT('Ctrl Pts',(-2.924750718727,12.94741025546,-2.578514611636));
#5701=CARTESIAN_POINT('Ctrl Pts',(-1.660151861822,12.86616025546,-3.528002290611));
#5702=CARTESIAN_POINT('Ctrl Pts',(-0.1224733836984,12.78491025546,-3.897166232384));
#5703=CARTESIAN_POINT('Ctrl Pts',(1.43535083813,12.70366025546,-3.625282380227));
#5704=CARTESIAN_POINT('Ctrl Pts',(2.757073106889,12.62241025546,-2.757073125875));
#5705=CARTESIAN_POINT('Ctrl Pts',(3.625282427753,12.54116025546,-1.435350809712));
#5706=CARTESIAN_POINT('Ctrl Pts',(3.897166061267,12.45991025546,0.1224732890125));
#5707=CARTESIAN_POINT('Ctrl Pts',(3.528002927553,12.37866025546,1.660152212148));
#5708=CARTESIAN_POINT('Ctrl Pts',(2.578512234988,12.29741025546,2.924749412109));
#5709=CARTESIAN_POINT('Ctrl Pts',(1.204894003284,12.21616025546,3.708260016122));
#5710=CARTESIAN_POINT('Ctrl Pts',(-0.3669699039245,12.13491025546,3.881767699274));
#5711=CARTESIAN_POINT('Ctrl Pts',(-1.374508294731,12.0807435888,3.571833701019));
#5712=CARTESIAN_POINT('Ctrl Pts',(-1.826904429756,12.05366025546,3.323126821155));
#5713=CARTESIAN_POINT('Ctrl Pts',(1.882598860827,17.44633974454,3.424434615183));
#5714=CARTESIAN_POINT('Ctrl Pts',(1.416411120204,17.4192564112,3.680723494386));
#5715=CARTESIAN_POINT('Ctrl Pts',(0.3781572324383,17.36508974454,4.00010604256));
#5716=CARTESIAN_POINT('Ctrl Pts',(-1.241626021073,17.28383974454,3.821308859014));
#5717=CARTESIAN_POINT('Ctrl Pts',(-2.65711994407,17.20258974454,3.013912398348));
#5718=CARTESIAN_POINT('Ctrl Pts',(-3.635556509811,17.12133974454,1.710763087812));
#5719=CARTESIAN_POINT('Ctrl Pts',(-4.01597383415,17.04008974454,0.1262069709948));
#5720=CARTESIAN_POINT('Ctrl Pts',(-3.73580164211,16.95883974454,-1.479108460868));
#5721=CARTESIAN_POINT('Ctrl Pts',(-2.841124366279,16.87758974454,-2.841124385844));
#5722=CARTESIAN_POINT('Ctrl Pts',(-1.479108490153,16.79633974454,-3.735801593136));
#5723=CARTESIAN_POINT('Ctrl Pts',(0.1262070685674,16.71508974454,-4.015974010483));
#5724=CARTESIAN_POINT('Ctrl Pts',(1.710762726807,16.63383974454,-3.635555853452));
#5725=CARTESIAN_POINT('Ctrl Pts',(3.013913744799,16.55258974454,-2.657122393172));
#5726=CARTESIAN_POINT('Ctrl Pts',(3.821303834217,16.47133974454,-1.241616881024));
#5727=CARTESIAN_POINT('Ctrl Pts',(4.000124795296,16.39008974454,0.3781231213428));
#5728=CARTESIAN_POINT('Ctrl Pts',(3.520962234148,16.30883974454,1.93566536842));
#5729=CARTESIAN_POINT('Ctrl Pts',(2.462633959207,16.22758974454,3.17480856994));
#5730=CARTESIAN_POINT('Ctrl Pts',(0.9992251807078,16.14633974454,3.891725133028));
#5731=CARTESIAN_POINT('Ctrl Pts',(-0.6285468958179,16.06508974454,3.968488915514));
#5732=CARTESIAN_POINT('Ctrl Pts',(-2.1529288229,15.98383974454,3.39247298535));
#5733=CARTESIAN_POINT('Ctrl Pts',(-3.323173876152,15.90258974454,2.258426634111));
#5734=CARTESIAN_POINT('Ctrl Pts',(-3.946787570682,15.82133974454,0.7528899950969));
#5735=CARTESIAN_POINT('Ctrl Pts',(-3.921191223018,15.74008974454,-0.8764900828484));
#5736=CARTESIAN_POINT('Ctrl Pts',(-3.250595195551,15.65883974454,-2.361695650897));
#5737=CARTESIAN_POINT('Ctrl Pts',(-2.045306330867,15.57758974454,-3.458424133289));
#5738=CARTESIAN_POINT('Ctrl Pts',(-0.503583496638,15.49633974454,-3.986273840909));
#5739=CARTESIAN_POINT('Ctrl Pts',(1.120974163952,15.41508974454,-3.858418380186));
#5740=CARTESIAN_POINT('Ctrl Pts',(2.561141945116,15.33383974454,-3.09588879157));
#5741=CARTESIAN_POINT('Ctrl Pts',(3.580025570376,15.25258974454,-1.824114137947));
#5742=CARTESIAN_POINT('Ctrl Pts',(4.010028109442,15.17133974454,-0.2522895841833));
#5743=CARTESIAN_POINT('Ctrl Pts',(3.780418122751,15.09008974454,1.361034272155));
#5744=CARTESIAN_POINT('Ctrl Pts',(2.928964328906,15.00883974454,2.750480582153));
#5745=CARTESIAN_POINT('Ctrl Pts',(1.595722999883,14.92758974454,3.687498282094));
#5746=CARTESIAN_POINT('Ctrl Pts',(-1.549381224795E-14,14.84633974454,4.017956629035));
#5747=CARTESIAN_POINT('Ctrl Pts',(-1.595722999883,14.76508974454,3.687498282094));
#5748=CARTESIAN_POINT('Ctrl Pts',(-2.928964328906,14.68383974454,2.750480582153));
#5749=CARTESIAN_POINT('Ctrl Pts',(-3.780418122751,14.60258974454,1.361034272155));
#5750=CARTESIAN_POINT('Ctrl Pts',(-4.010028109442,14.52133974454,-0.2522895841833));
#5751=CARTESIAN_POINT('Ctrl Pts',(-3.580025570376,14.44008974454,-1.824114137947));
#5752=CARTESIAN_POINT('Ctrl Pts',(-2.561141945116,14.35883974454,-3.09588879157));
#5753=CARTESIAN_POINT('Ctrl Pts',(-1.120974163952,14.27758974454,-3.858418380186));
#5754=CARTESIAN_POINT('Ctrl Pts',(0.5035834966381,14.19633974454,-3.986273840909));
#5755=CARTESIAN_POINT('Ctrl Pts',(2.045306330867,14.11508974454,-3.458424133289));
#5756=CARTESIAN_POINT('Ctrl Pts',(3.250595195551,14.03383974454,-2.361695650897));
#5757=CARTESIAN_POINT('Ctrl Pts',(3.921191223018,13.95258974454,-0.8764900828483));
#5758=CARTESIAN_POINT('Ctrl Pts',(3.946787570682,13.87133974454,0.752889995097));
#5759=CARTESIAN_POINT('Ctrl Pts',(3.323173876152,13.79008974454,2.258426634111));
#5760=CARTESIAN_POINT('Ctrl Pts',(2.1529288229,13.70883974454,3.39247298535));
#5761=CARTESIAN_POINT('Ctrl Pts',(0.6285468958179,13.62758974454,3.968488915514));
#5762=CARTESIAN_POINT('Ctrl Pts',(-0.9992251807079,13.54633974454,3.891725133028));
#5763=CARTESIAN_POINT('Ctrl Pts',(-2.462633959207,13.46508974454,3.17480856994));
#5764=CARTESIAN_POINT('Ctrl Pts',(-3.520962234148,13.38383974454,1.935665368419));
#5765=CARTESIAN_POINT('Ctrl Pts',(-4.000124795296,13.30258974454,0.3781231213429));
#5766=CARTESIAN_POINT('Ctrl Pts',(-3.821303834217,13.22133974454,-1.241616881024));
#5767=CARTESIAN_POINT('Ctrl Pts',(-3.013913744799,13.14008974454,-2.657122393172));
#5768=CARTESIAN_POINT('Ctrl Pts',(-1.710762726807,13.05883974454,-3.635555853452));
#5769=CARTESIAN_POINT('Ctrl Pts',(-0.1262070685674,12.97758974454,-4.015974010483));
#5770=CARTESIAN_POINT('Ctrl Pts',(1.479108490153,12.89633974454,-3.735801593136));
#5771=CARTESIAN_POINT('Ctrl Pts',(2.841124366279,12.81508974454,-2.841124385844));
#5772=CARTESIAN_POINT('Ctrl Pts',(3.73580164211,12.73383974454,-1.479108460868));
#5773=CARTESIAN_POINT('Ctrl Pts',(4.01597383415,12.65258974454,0.1262069709948));
#5774=CARTESIAN_POINT('Ctrl Pts',(3.635556509811,12.57133974454,1.710763087813));
#5775=CARTESIAN_POINT('Ctrl Pts',(2.65711994407,12.49008974454,3.013912398348));
#5776=CARTESIAN_POINT('Ctrl Pts',(1.241626021073,12.40883974454,3.821308859014));
#5777=CARTESIAN_POINT('Ctrl Pts',(-0.3781572324383,12.32758974454,4.00010604256));
#5778=CARTESIAN_POINT('Ctrl Pts',(-1.416411120204,12.27342307787,3.680723494386));
#5779=CARTESIAN_POINT('Ctrl Pts',(-1.882598860827,12.24633974454,3.424434615183));
#5780=CARTESIAN_POINT('Ctrl Pts',(1.938293291897,17.63901923361,3.525742409211));
#5781=CARTESIAN_POINT('Ctrl Pts',(1.458313945677,17.61193590027,3.789613287752));
#5782=CARTESIAN_POINT('Ctrl Pts',(0.3893445609521,17.55776923361,4.118444385845));
#5783=CARTESIAN_POINT('Ctrl Pts',(-1.278358038862,17.47651923361,3.934357701906));
#5784=CARTESIAN_POINT('Ctrl Pts',(-2.735727653153,17.39526923361,3.103075384588));
#5785=CARTESIAN_POINT('Ctrl Pts',(-3.74311009207,17.31401923361,1.761373963477));
#5786=CARTESIAN_POINT('Ctrl Pts',(-4.134781607033,17.23276923361,0.1299406529772));
#5787=CARTESIAN_POINT('Ctrl Pts',(-3.846320856468,17.15151923361,-1.522866112025));
#5788=CARTESIAN_POINT('Ctrl Pts',(-2.92517562567,17.07026923361,-2.925175645814));
#5789=CARTESIAN_POINT('Ctrl Pts',(-1.522866142175,16.98901923361,-3.846320806044));
#5790=CARTESIAN_POINT('Ctrl Pts',(0.1299407534363,16.90776923361,-4.134781788583));
#5791=CARTESIAN_POINT('Ctrl Pts',(1.761373591792,16.82651923361,-3.743109416293));
#5792=CARTESIAN_POINT('Ctrl Pts',(3.103076770871,16.74526923361,-2.735730174708));
#5793=CARTESIAN_POINT('Ctrl Pts',(3.934352528457,16.66401923361,-1.278348628415));
#5794=CARTESIAN_POINT('Ctrl Pts',(4.118463693359,16.58276923361,0.3893094407207));
#5795=CARTESIAN_POINT('Ctrl Pts',(3.625125682099,16.50151923361,1.992929708519));
#5796=CARTESIAN_POINT('Ctrl Pts',(2.535488033512,16.42026923361,3.268731476587));
#5797=CARTESIAN_POINT('Ctrl Pts',(1.028786060143,16.33901923361,4.006857156996));
#5798=CARTESIAN_POINT('Ctrl Pts',(-0.6471417024397,16.25776923361,4.085891903988));
#5799=CARTESIAN_POINT('Ctrl Pts',(-2.216620641918,16.17651923361,3.492835232864));
#5800=CARTESIAN_POINT('Ctrl Pts',(-3.421485992573,16.09526923361,2.325239479438));
#5801=CARTESIAN_POINT('Ctrl Pts',(-4.063548550877,16.01401923361,0.7751633432902));
#5802=CARTESIAN_POINT('Ctrl Pts',(-4.037194965944,15.93276923361,-0.9024199915075));
#5803=CARTESIAN_POINT('Ctrl Pts',(-3.346760158689,15.85151923361,-2.431563586322));
#5804=CARTESIAN_POINT('Ctrl Pts',(-2.10581426744,15.77026923361,-3.560737466475));
#5805=CARTESIAN_POINT('Ctrl Pts',(-0.5184814108593,15.68901923361,-4.104202975086));
#5806=CARTESIAN_POINT('Ctrl Pts',(1.154136841145,15.60776923361,-3.972565063787));
#5807=CARTESIAN_POINT('Ctrl Pts',(2.636910260126,15.52651923361,-3.187476951157));
#5808=CARTESIAN_POINT('Ctrl Pts',(3.685936336343,15.44526923361,-1.878078368583));
#5809=CARTESIAN_POINT('Ctrl Pts',(4.128659985185,15.36401923361,-0.2597532691713));
#5810=CARTESIAN_POINT('Ctrl Pts',(3.892257262217,15.28276923361,1.401298839946));
#5811=CARTESIAN_POINT('Ctrl Pts',(3.015614228318,15.20151923361,2.831850253823));
#5812=CARTESIAN_POINT('Ctrl Pts',(1.642930552418,15.12026923361,3.796588499435));
#5813=CARTESIAN_POINT('Ctrl Pts',(-1.587618925214E-14,15.03901923361,4.136823060528));
#5814=CARTESIAN_POINT('Ctrl Pts',(-1.642930552418,14.95776923361,3.796588499435));
#5815=CARTESIAN_POINT('Ctrl Pts',(-3.015614228318,14.87651923361,2.831850253823));
#5816=CARTESIAN_POINT('Ctrl Pts',(-3.892257262217,14.79526923361,1.401298839946));
#5817=CARTESIAN_POINT('Ctrl Pts',(-4.128659985185,14.71401923361,-0.2597532691714));
#5818=CARTESIAN_POINT('Ctrl Pts',(-3.685936336343,14.63276923361,-1.878078368583));
#5819=CARTESIAN_POINT('Ctrl Pts',(-2.636910260126,14.55151923361,-3.187476951157));
#5820=CARTESIAN_POINT('Ctrl Pts',(-1.154136841145,14.47026923361,-3.972565063787));
#5821=CARTESIAN_POINT('Ctrl Pts',(0.5184814108593,14.38901923361,-4.104202975086));
#5822=CARTESIAN_POINT('Ctrl Pts',(2.10581426744,14.30776923361,-3.560737466475));
#5823=CARTESIAN_POINT('Ctrl Pts',(3.346760158689,14.22651923361,-2.431563586322));
#5824=CARTESIAN_POINT('Ctrl Pts',(4.037194965944,14.14526923361,-0.9024199915074));
#5825=CARTESIAN_POINT('Ctrl Pts',(4.063548550877,14.06401923361,0.7751633432903));
#5826=CARTESIAN_POINT('Ctrl Pts',(3.421485992573,13.98276923361,2.325239479438));
#5827=CARTESIAN_POINT('Ctrl Pts',(2.216620641918,13.90151923361,3.492835232864));
#5828=CARTESIAN_POINT('Ctrl Pts',(0.6471417024397,13.82026923361,4.085891903988));
#5829=CARTESIAN_POINT('Ctrl Pts',(-1.028786060144,13.73901923361,4.006857156996));
#5830=CARTESIAN_POINT('Ctrl Pts',(-2.535488033512,13.65776923361,3.268731476587));
#5831=CARTESIAN_POINT('Ctrl Pts',(-3.625125682099,13.57651923361,1.992929708519));
#5832=CARTESIAN_POINT('Ctrl Pts',(-4.118463693359,13.49526923361,0.3893094407208));
#5833=CARTESIAN_POINT('Ctrl Pts',(-3.934352528457,13.41401923361,-1.278348628415));
#5834=CARTESIAN_POINT('Ctrl Pts',(-3.103076770871,13.33276923361,-2.735730174708));
#5835=CARTESIAN_POINT('Ctrl Pts',(-1.761373591791,13.25151923361,-3.743109416293));
#5836=CARTESIAN_POINT('Ctrl Pts',(-0.1299407534363,13.17026923361,-4.134781788583));
#5837=CARTESIAN_POINT('Ctrl Pts',(1.522866142175,13.08901923361,-3.846320806044));
#5838=CARTESIAN_POINT('Ctrl Pts',(2.92517562567,13.00776923361,-2.925175645814));
#5839=CARTESIAN_POINT('Ctrl Pts',(3.846320856468,12.92651923361,-1.522866112025));
#5840=CARTESIAN_POINT('Ctrl Pts',(4.134781607033,12.84526923361,0.1299406529772));
#5841=CARTESIAN_POINT('Ctrl Pts',(3.74311009207,12.76401923361,1.761373963477));
#5842=CARTESIAN_POINT('Ctrl Pts',(2.735727653152,12.68276923361,3.103075384588));
#5843=CARTESIAN_POINT('Ctrl Pts',(1.278358038862,12.60151923361,3.934357701906));
#5844=CARTESIAN_POINT('Ctrl Pts',(-0.3893445609521,12.52026923361,4.118444385845));
#5845=CARTESIAN_POINT('Ctrl Pts',(-1.458313945677,12.46610256694,3.789613287752));
#5846=CARTESIAN_POINT('Ctrl Pts',(-1.938293291897,12.43901923361,3.525742409211));
#5847=CARTESIAN_POINT('',(-5.82626953392815E-6,12.5001060425465,3.99992871122419));
#5848=CARTESIAN_POINT('Ctrl Pts',(1.53288607016022E-7,17.4999976849737,
3.99984337724199));
#5849=CARTESIAN_POINT('Ctrl Pts',(-0.319316826052174,17.4841152332897,3.99965985760158));
#5850=CARTESIAN_POINT('Ctrl Pts',(-0.638685168774058,17.4682327110028,3.96127622424817));
#5851=CARTESIAN_POINT('Ctrl Pts',(-1.26066776964217,17.4363910020628,3.80975677317472));
#5852=CARTESIAN_POINT('Ctrl Pts',(-1.56061575299168,17.4205574056066,3.69657953337431));
#5853=CARTESIAN_POINT('Ctrl Pts',(-2.26206038128781,17.3812412671315,3.33199707992902));
#5854=CARTESIAN_POINT('Ctrl Pts',(-2.68836917717045,17.3554096654207,3.01756996047156));
#5855=CARTESIAN_POINT('Ctrl Pts',(-3.34964752481271,17.3043151321459,2.23134090905512));
#5856=CARTESIAN_POINT('Ctrl Pts',(-3.63143864443207,17.2783614064587,1.77954134827643));
#5857=CARTESIAN_POINT('Ctrl Pts',(-3.9425147866835,17.2272576527004,0.800248423979142));
#5858=CARTESIAN_POINT('Ctrl Pts',(-4.03676688999187,17.2012198231093,0.274158094828836));
#5859=CARTESIAN_POINT('Ctrl Pts',(-3.95094617156172,17.1500749740586,-0.750568089169493));
#5860=CARTESIAN_POINT('Ctrl Pts',(-3.84119751312951,17.1239684904391,-1.27527566993709));
#5861=CARTESIAN_POINT('Ctrl Pts',(-3.36168512142146,17.0717105740341,-2.21013376205533));
#5862=CARTESIAN_POINT('Ctrl Pts',(-3.0582626943302,17.0457625187452,-2.64775524688115));
#5863=CARTESIAN_POINT('Ctrl Pts',(-2.25917059864984,16.993467674032,-3.33100844366119));
#5864=CARTESIAN_POINT('Ctrl Pts',(-1.81171420667735,16.9676543730279,-3.61401541863745));
#5865=CARTESIAN_POINT('Ctrl Pts',(-0.811063900991706,16.9152345867052,-3.94462031013336));
#5866=CARTESIAN_POINT('Ctrl Pts',(-0.291301585941776,16.8895448783628,-4.02897367878787));
#5867=CARTESIAN_POINT('Ctrl Pts',(0.781337601890857,16.8360660328111,-3.95611204272721));
#5868=CARTESIAN_POINT('Ctrl Pts',(1.28738634922869,16.8105086622506,-3.82208300374217));
#5869=CARTESIAN_POINT('Ctrl Pts',(2.21200191693025,16.759354157264,-3.37195203206074));
#5870=CARTESIAN_POINT('Ctrl Pts',(2.62999895936123,16.7338076897184,-3.05716836119145));
#5871=CARTESIAN_POINT('Ctrl Pts',(3.31896865097491,16.6825760934162,-2.29163609400447));
#5872=CARTESIAN_POINT('Ctrl Pts',(3.58829123908777,16.6569307155814,-1.84055286351821));
#5873=CARTESIAN_POINT('Ctrl Pts',(3.95251418797281,16.6035479122172,-0.831074466658126));
#5874=CARTESIAN_POINT('Ctrl Pts',(4.01622058772214,16.5778057939547,-0.307297768094632));
#5875=CARTESIAN_POINT('Ctrl Pts',(3.97219718934529,16.5252204617154,0.74895555624791));
#5876=CARTESIAN_POINT('Ctrl Pts',(3.82385338118557,16.499361779584,1.2581278449907));
#5877=CARTESIAN_POINT('Ctrl Pts',(3.3834257188944,16.4468942104029,2.21661547788743));
#5878=CARTESIAN_POINT('Ctrl Pts',(3.04561747542424,16.4209061282464,2.62930167199326));
#5879=CARTESIAN_POINT('Ctrl Pts',(2.27766191089476,16.3687003855006,3.34477965278112));
#5880=CARTESIAN_POINT('Ctrl Pts',(1.80411588566053,16.3426116244209,3.59506083530914));
#5881=CARTESIAN_POINT('Ctrl Pts',(0.827638336269416,16.2907330772727,3.96173873949318));
#5882=CARTESIAN_POINT('Ctrl Pts',(0.293112228871475,16.2645893820415,4.01131529725072));
#5883=CARTESIAN_POINT('Ctrl Pts',(-0.730589788693504,16.2136481766334,3.97830152801101));
#5884=CARTESIAN_POINT('Ctrl Pts',(-1.24240807983809,16.1876487274061,3.82763764126944));
#5885=CARTESIAN_POINT('Ctrl Pts',(-2.18175201529053,16.1363872785711,3.40341305135009));
#5886=CARTESIAN_POINT('Ctrl Pts',(-2.59939868885744,16.1104728748089,3.07462091177483));
#5887=CARTESIAN_POINT('Ctrl Pts',(-3.30618012827863,16.0591385315514,2.32238811857966));
#5888=CARTESIAN_POINT('Ctrl Pts',(-3.5713290551241,16.0332965135677,1.86366466626793));
#5889=CARTESIAN_POINT('Ctrl Pts',(-3.92768907510118,15.9832055439985,0.921623032020995));
#5890=CARTESIAN_POINT('Ctrl Pts',(-4.01408336241673,15.9573920604936,0.399752163401802));
#5891=CARTESIAN_POINT('Ctrl Pts',(-3.98136984533569,15.9051043727951,-0.651108389614687));
#5892=CARTESIAN_POINT('Ctrl Pts',(-3.86193367426061,15.879311375721,-1.1660039438491));
#5893=CARTESIAN_POINT('Ctrl Pts',(-3.42935634552641,15.8270128909297,-2.12450125781295));
#5894=CARTESIAN_POINT('Ctrl Pts',(-3.12231713997614,15.801222752854,-2.5546689486935));
#5895=CARTESIAN_POINT('Ctrl Pts',(-2.35619574028933,15.7489500048489,-3.27425508921558));
#5896=CARTESIAN_POINT('Ctrl Pts',(-1.90791556558177,15.723146097013,-3.55468621824616));
#5897=CARTESIAN_POINT('Ctrl Pts',(-0.967072880298513,15.6731220855031,-3.91040938217693));
#5898=CARTESIAN_POINT('Ctrl Pts',(-0.448095087435948,15.6472962529841,-4.0154687276726));
#5899=CARTESIAN_POINT('Ctrl Pts',(0.582448531928206,15.5960188036004,-3.98365528670476));
#5900=CARTESIAN_POINT('Ctrl Pts',(1.10498093251641,15.5701269762899,-3.88880168579202));
#5901=CARTESIAN_POINT('Ctrl Pts',(2.04364151085049,15.5189348912968,-3.46645864403365));
#5902=CARTESIAN_POINT('Ctrl Pts',(2.49523795045374,15.4929653346181,-3.18351314236451));
#5903=CARTESIAN_POINT('Ctrl Pts',(3.19721688326085,15.4421027887483,-2.43984740604656));
#5904=CARTESIAN_POINT('Ctrl Pts',(3.51420451391519,15.4159973799567,-2.00760371900354));
#5905=CARTESIAN_POINT('Ctrl Pts',(3.88695750516798,15.364169429804,-1.03452275050064));
#5906=CARTESIAN_POINT('Ctrl Pts',(4.01343842737701,15.3381363149352,-0.515284628593274));
#5907=CARTESIAN_POINT('Ctrl Pts',(3.98817843720031,15.2859636729304,0.533341842828661));
#5908=CARTESIAN_POINT('Ctrl Pts',(3.903382906358,15.2600540397702,1.05813411970277));
#5909=CARTESIAN_POINT('Ctrl Pts',(3.47923585583483,15.2074837989606,2.02618216724016));
#5910=CARTESIAN_POINT('Ctrl Pts',(3.19706335402794,15.1817768748541,2.47137176786877));
#5911=CARTESIAN_POINT('Ctrl Pts',(2.43920160808474,15.1292544611145,3.20660190063266));
#5912=CARTESIAN_POINT('Ctrl Pts',(2.00733138548096,15.1036934193335,3.50298386819414));
#5913=CARTESIAN_POINT('Ctrl Pts',(1.0250813314847,15.0509914113641,3.90007951215189));
#5914=CARTESIAN_POINT('Ctrl Pts',(0.512542125048087,15.0254957736476,4.00000000012637));
#5915=CARTESIAN_POINT('Ctrl Pts',(-0.512542127011006,14.9745042262548,3.99999999986901));
#5916=CARTESIAN_POINT('Ctrl Pts',(-1.02508133339989,14.9490085885385,3.90007951165585));
#5917=CARTESIAN_POINT('Ctrl Pts',(-2.00733138661283,14.8963065806003,3.50298386744261));
#5918=CARTESIAN_POINT('Ctrl Pts',(-2.43920160917792,14.8707455388208,3.20660189988676));
#5919=CARTESIAN_POINT('Ctrl Pts',(-3.19706335483593,14.8182231250773,2.47137176671697));
#5920=CARTESIAN_POINT('Ctrl Pts',(-3.47923585656005,14.7925162009725,2.02618216608734));
#5921=CARTESIAN_POINT('Ctrl Pts',(-3.9033829066902,14.7399459601596,1.05813411830456));
#5922=CARTESIAN_POINT('Ctrl Pts',(-3.98817843741439,14.7140363270013,0.533341841458945));
#5923=CARTESIAN_POINT('Ctrl Pts',(-4.01343842716566,14.6618636849895,-0.515284630116239));
#5924=CARTESIAN_POINT('Ctrl Pts',(-3.88695750478707,14.6358305701215,-1.03452275196233));
#5925=CARTESIAN_POINT('Ctrl Pts',(-3.51420451310968,14.5840026199623,-2.00760372044111));
#5926=CARTESIAN_POINT('Ctrl Pts',(-3.19721688225267,14.5578972111704,-2.43984740734571));
#5927=CARTESIAN_POINT('Ctrl Pts',(-2.49523794913739,14.5070346652984,-3.18351314343526));
#5928=CARTESIAN_POINT('Ctrl Pts',(-2.04364150937314,14.4810651086192,-3.46645864487447));
#5929=CARTESIAN_POINT('Ctrl Pts',(-1.10498093086047,14.4298730236246,-3.88880168630739));
#5930=CARTESIAN_POINT('Ctrl Pts',(-0.582448530202098,14.4039811963135,-3.98365528692045));
#5931=CARTESIAN_POINT('Ctrl Pts',(0.448095089186827,14.3527037469292,-4.01546872752843));
#5932=CARTESIAN_POINT('Ctrl Pts',(0.967072881995559,14.3268779144099,-3.91040938171214));
#5933=CARTESIAN_POINT('Ctrl Pts',(1.9079155668097,14.2768539029184,-3.55468621759053));
#5934=CARTESIAN_POINT('Ctrl Pts',(2.35619574142123,14.2510499950823,-3.2742550883973));
#5935=CARTESIAN_POINT('Ctrl Pts',(3.12231714085114,14.1987772470782,-2.55466894762956));
#5936=CARTESIAN_POINT('Ctrl Pts',(3.42935634625293,14.1729871090021,-2.12450125663488));
#5937=CARTESIAN_POINT('Ctrl Pts',(3.86193367466445,14.120688624211,-1.16600394252876));
#5938=CARTESIAN_POINT('Ctrl Pts',(3.98136984555571,14.0948956271374,-0.651108388261405));
#5939=CARTESIAN_POINT('Ctrl Pts',(4.01408336228484,14.0426079394383,0.39975216477881));
#5940=CARTESIAN_POINT('Ctrl Pts',(3.9276890747862,14.0167944559338,0.921623033359804));
#5941=CARTESIAN_POINT('Ctrl Pts',(3.57132905436365,13.9667034863467,1.86366466782376));
#5942=CARTESIAN_POINT('Ctrl Pts',(3.30618012724795,13.9408614683634,2.32238811996318));
#5943=CARTESIAN_POINT('Ctrl Pts',(2.5993986875823,13.8895271251069,3.07462091290317));
#5944=CARTESIAN_POINT('Ctrl Pts',(2.18175201384342,13.8636127213454,3.40341305222928));
#5945=CARTESIAN_POINT('Ctrl Pts',(1.24240807827081,13.812351272512,3.82763764180847));
#5946=CARTESIAN_POINT('Ctrl Pts',(0.730589787066285,13.7863518232854,3.97830152827974));
#5947=CARTESIAN_POINT('Ctrl Pts',(-0.293112230467263,13.7354106178795,4.0113152971515));
#5948=CARTESIAN_POINT('Ctrl Pts',(-0.827638337828456,13.7092669226489,3.96173873915293));
#5949=CARTESIAN_POINT('Ctrl Pts',(-1.80411588697448,13.6573883755065,3.59506083464826));
#5950=CARTESIAN_POINT('Ctrl Pts',(-2.2776619121303,13.6312996144265,3.3447796519537));
#5951=CARTESIAN_POINT('Ctrl Pts',(-3.04561747629101,13.579093871687,2.62930167095669));
#5952=CARTESIAN_POINT('Ctrl Pts',(-3.3834257196859,13.5531057895293,2.21661547674762));
#5953=CARTESIAN_POINT('Ctrl Pts',(-3.82385338154412,13.5006382203537,1.25812784377276));
#5954=CARTESIAN_POINT('Ctrl Pts',(-3.97219718964804,13.4747795382203,0.748955554964141));
#5955=CARTESIAN_POINT('Ctrl Pts',(-4.01622058756952,13.422194205987,-0.307297769277544));
#5956=CARTESIAN_POINT('Ctrl Pts',(-3.95251418779374,13.3964520877215,-0.831074467903925));
#5957=CARTESIAN_POINT('Ctrl Pts',(-3.58829123825557,13.3430692843288,-1.84055286514085));
#5958=CARTESIAN_POINT('Ctrl Pts',(-3.31896864992814,13.3174239064921,-2.29163609554423));
#5959=CARTESIAN_POINT('Ctrl Pts',(-2.62999895786189,13.266192310184,-3.05716836248638));
#5960=CARTESIAN_POINT('Ctrl Pts',(-2.2120019152383,13.2406458426361,-3.37195203318314));
#5961=CARTESIAN_POINT('Ctrl Pts',(-1.28738634733568,13.1894913376513,-3.82208300436673));
#5962=CARTESIAN_POINT('Ctrl Pts',(-0.781337599982355,13.1639339670931,-3.95611204310547));
#5963=CARTESIAN_POINT('Ctrl Pts',(0.291301587266038,13.1104551215722,-4.02897367860813));
#5964=CARTESIAN_POINT('Ctrl Pts',(0.811063902231139,13.0847654132335,-3.94462030994661));
#5965=CARTESIAN_POINT('Ctrl Pts',(1.81171420792638,13.0323456269025,-3.6140154179506));
#5966=CARTESIAN_POINT('Ctrl Pts',(2.25917059980862,13.0065323259004,-3.3310084429211));
#5967=CARTESIAN_POINT('Ctrl Pts',(3.0582626952941,12.9542374811811,-2.64775524572595));
#5968=CARTESIAN_POINT('Ctrl Pts',(3.36168512224317,12.9282894258934,-2.21013376083539));
#5969=CARTESIAN_POINT('Ctrl Pts',(3.84119751363286,12.8760315094825,-1.27527566842103));
#5970=CARTESIAN_POINT('Ctrl Pts',(3.95094617185367,12.8499250258633,-0.750568087613937));
#5971=CARTESIAN_POINT('Ctrl Pts',(4.03676688990213,12.7987801768078,0.274158096511081));
#5972=CARTESIAN_POINT('Ctrl Pts',(3.94251478632703,12.7727423472162,0.800248425628525));
#5973=CARTESIAN_POINT('Ctrl Pts',(3.63143864370401,12.7216385934556,1.77954134985408));
#5974=CARTESIAN_POINT('Ctrl Pts',(3.34964752381568,12.6956848677677,2.23134091048982));
#5975=CARTESIAN_POINT('Ctrl Pts',(2.6883691758999,12.6445903344933,3.0175699616659));
#5976=CARTESIAN_POINT('Ctrl Pts',(2.26206037982303,12.6187587327823,3.33199708087551));
#5977=CARTESIAN_POINT('Ctrl Pts',(1.5604311611107,12.5794322479775,3.69667547662027));
#5978=CARTESIAN_POINT('Ctrl Pts',(1.2602809906915,12.563588592212,3.80990205596039));
#5979=CARTESIAN_POINT('Ctrl Pts',(0.638270741025515,12.5317466753236,3.96132633313808));
#5980=CARTESIAN_POINT('Ctrl Pts',(0.319105511509598,12.5158742562162,3.9996606421356));
#5981=CARTESIAN_POINT('Ctrl Pts',(-8.47285488832228E-6,12.5000019012208,
3.99984338201481));
#5982=CARTESIAN_POINT('',(0.,12.,3.7));
#5983=CARTESIAN_POINT('Ctrl Pts',(1.607094783281,12.05098076639,3.306742968625));
#5984=CARTESIAN_POINT('Ctrl Pts',(0.7967965087131,12.00223076639,3.700552267478));
#5985=CARTESIAN_POINT('Ctrl Pts',(-1.121703930384,11.90473076639,3.862853591493));
#5986=CARTESIAN_POINT('Ctrl Pts',(-3.42364389189,11.75848076639,2.112812125439));
#5987=CARTESIAN_POINT('Ctrl Pts',(-3.956259448961,11.61223076639,-0.7289961897623));
#5988=CARTESIAN_POINT('Ctrl Pts',(-2.44565806167,11.46598076639,-3.194141482834));
#5989=CARTESIAN_POINT('Ctrl Pts',(0.3282345943092,11.31973076639,-4.009493500239));
#5990=CARTESIAN_POINT('Ctrl Pts',(2.932570289968,11.17348076639,-2.753867212143));
#5991=CARTESIAN_POINT('Ctrl Pts',(4.02219010478,11.02723076639,-0.07582559042192));
#5992=CARTESIAN_POINT('Ctrl Pts',(3.034281226811,10.88098076639,2.641381838169));
#5993=CARTESIAN_POINT('Ctrl Pts',(0.4791165213572,10.73473076639,3.994271912713));
#5994=CARTESIAN_POINT('Ctrl Pts',(-2.323519845815,10.58848076639,3.28405486658));
#5995=CARTESIAN_POINT('Ctrl Pts',(-3.926019954811,10.44223076639,0.8775694319572));
#5996=CARTESIAN_POINT('Ctrl Pts',(-3.50066616317,10.29598076639,-1.982195050949));
#5997=CARTESIAN_POINT('Ctrl Pts',(-1.267160694638,10.14973076639,-3.818123174854));
#5998=CARTESIAN_POINT('Ctrl Pts',(1.62085412271,10.00348076639,-3.681927853315));
#5999=CARTESIAN_POINT('Ctrl Pts',(3.671671115429,9.857230766394,-1.643956211237));
#6000=CARTESIAN_POINT('Ctrl Pts',(3.826009561398,9.710980766394,1.243145864473));
#6001=CARTESIAN_POINT('Ctrl Pts',(2.004151113758,9.564730766394,3.488142645817));
#6002=CARTESIAN_POINT('Ctrl Pts',(-0.8528843615082,9.418480766394,3.931456354841));
#6003=CARTESIAN_POINT('Ctrl Pts',(-3.269391030181,9.272230766394,2.344108166481));
#6004=CARTESIAN_POINT('Ctrl Pts',(-3.997203435753,9.125980766394,-0.4540104615268));
#6005=CARTESIAN_POINT('Ctrl Pts',(-2.66039449373,8.979730766394,-3.017625213841));
#6006=CARTESIAN_POINT('Ctrl Pts',(0.05055197626328,8.833480766394,-4.022586896302));
#6007=CARTESIAN_POINT('Ctrl Pts',(2.735387532003,8.687230766394,-2.949816232156));
#6008=CARTESIAN_POINT('Ctrl Pts',(4.007350368351,8.540980766394,-0.3534170392844));
#6009=CARTESIAN_POINT('Ctrl Pts',(3.209450985577,8.394730766394,2.425528216766));
#6010=CARTESIAN_POINT('Ctrl Pts',(0.7538166677143,8.248480766394,3.95164694263));
#6011=CARTESIAN_POINT('Ctrl Pts',(-2.091173783665,8.102230766394,3.436679834356));
#6012=CARTESIAN_POINT('Ctrl Pts',(-3.856048191667,7.955980766394,1.146593001251));
#6013=CARTESIAN_POINT('Ctrl Pts',(-3.629174337686,7.809730766394,-1.735660651989));
#6014=CARTESIAN_POINT('Ctrl Pts',(-1.527906283029,7.663480766394,-3.721668304156));
#6015=CARTESIAN_POINT('Ctrl Pts',(1.363050830507,7.517230766394,-3.784435230018));
#6016=CARTESIAN_POINT('Ctrl Pts',(2.819751964768,7.419730766394,-2.525464436063));
#6017=CARTESIAN_POINT('Ctrl Pts',(3.243821741326,7.370980766394,-1.730584644999));
#6018=CARTESIAN_POINT('Ctrl Pts',(1.657628728831,12.24366025546,3.410721135229));
#6019=CARTESIAN_POINT('Ctrl Pts',(0.8218512048047,12.19491025546,3.816913485705));
#6020=CARTESIAN_POINT('Ctrl Pts',(-1.156975107872,12.09741025546,3.984318258724));
#6021=CARTESIAN_POINT('Ctrl Pts',(-3.531297924381,11.95116025546,2.179247990962));
#6022=CARTESIAN_POINT('Ctrl Pts',(-4.080661196546,11.80491025546,-0.7519189533372));
#6023=CARTESIAN_POINT('Ctrl Pts',(-2.522560029499,11.65866025546,-3.294578976286));
#6024=CARTESIAN_POINT('Ctrl Pts',(0.3385556962685,11.51241025546,-4.135569154476));
#6025=CARTESIAN_POINT('Ctrl Pts',(3.02478286442,11.36616025546,-2.840460596178));
#6026=CARTESIAN_POINT('Ctrl Pts',(4.148664994662,11.21991025546,-0.07820987185791));
#6027=CARTESIAN_POINT('Ctrl Pts',(3.129692028895,11.07366025546,2.724438200105));
#6028=CARTESIAN_POINT('Ctrl Pts',(0.4941819975532,10.92741025546,4.119868935022));
#6029=CARTESIAN_POINT('Ctrl Pts',(-2.396581264839,10.78116025546,3.387319622048));
#6030=CARTESIAN_POINT('Ctrl Pts',(-4.049470843139,10.63491025546,0.9051639748255));
#6031=CARTESIAN_POINT('Ctrl Pts',(-3.61074210587,10.48866025546,-2.044523756024));
#6032=CARTESIAN_POINT('Ctrl Pts',(-1.307005656001,10.34241025546,-3.938181326139));
#6033=CARTESIAN_POINT('Ctrl Pts',(1.671820720843,10.19616025546,-3.797703440165));
#6034=CARTESIAN_POINT('Ctrl Pts',(3.787124186495,10.04991025546,-1.695649238014));
#6035=CARTESIAN_POINT('Ctrl Pts',(3.946315694465,9.903660255465,1.282235696685));
#6036=CARTESIAN_POINT('Ctrl Pts',(2.067170211517,9.757410255465,3.597824795474));
#6037=CARTESIAN_POINT('Ctrl Pts',(-0.8797026999989,9.611160255465,4.055078186878));
#6038=CARTESIAN_POINT('Ctrl Pts',(-3.372194691807,9.464910255465,2.417816970516));
#6039=CARTESIAN_POINT('Ctrl Pts',(-4.122892637707,9.318660255465,-0.4682864956354));
#6040=CARTESIAN_POINT('Ctrl Pts',(-2.744048695017,9.172410255465,-3.112512279515));
#6041=CARTESIAN_POINT('Ctrl Pts',(0.05214154698586,9.026160255465,-4.149074263009));
#6042=CARTESIAN_POINT('Ctrl Pts',(2.821399835719,8.879910255465,-3.04257109292));
#6043=CARTESIAN_POINT('Ctrl Pts',(4.13335863334,8.733660255465,-0.3645299852073));
#6044=CARTESIAN_POINT('Ctrl Pts',(3.310369875388,8.587410255465,2.501797216025));
#6045=CARTESIAN_POINT('Ctrl Pts',(0.7775198934587,8.441160255465,4.075903653253));
#6046=CARTESIAN_POINT('Ctrl Pts',(-2.156929247013,8.294910255465,3.54474377273));
#6047=CARTESIAN_POINT('Ctrl Pts',(-3.977298867969,8.148660255465,1.182646797763));
#6048=CARTESIAN_POINT('Ctrl Pts',(-3.743291127983,8.002410255465,-1.790237259289));
#6049=CARTESIAN_POINT('Ctrl Pts',(-1.57595020285,7.856160255465,-3.838693501047));
#6050=CARTESIAN_POINT('Ctrl Pts',(1.40591098858,7.709910255465,-3.903434087983));
#6051=CARTESIAN_POINT('Ctrl Pts',(2.908417047708,7.612410255465,-2.604875858231));
#6052=CARTESIAN_POINT('Ctrl Pts',(3.345821394958,7.563660255465,-1.785001640891));
#6053=CARTESIAN_POINT('Ctrl Pts',(1.708162674381,12.43633974454,3.514699301832));
#6054=CARTESIAN_POINT('Ctrl Pts',(0.8469059008964,12.38758974454,3.933274703932));
#6055=CARTESIAN_POINT('Ctrl Pts',(-1.19224628536,12.29008974454,4.105782925954));
#6056=CARTESIAN_POINT('Ctrl Pts',(-3.638951956871,12.14383974454,2.245683856484));
#6057=CARTESIAN_POINT('Ctrl Pts',(-4.205062944131,11.99758974454,-0.774841716912));
#6058=CARTESIAN_POINT('Ctrl Pts',(-2.599461997328,11.85133974454,-3.395016469737));
#6059=CARTESIAN_POINT('Ctrl Pts',(0.3488767982277,11.70508974454,-4.261644808713));
#6060=CARTESIAN_POINT('Ctrl Pts',(3.116995438872,11.55883974454,-2.927053980213));
#6061=CARTESIAN_POINT('Ctrl Pts',(4.275139884545,11.41258974454,-0.08059415329391));
#6062=CARTESIAN_POINT('Ctrl Pts',(3.22510283098,11.26633974454,2.807494562041));
#6063=CARTESIAN_POINT('Ctrl Pts',(0.5092474737492,11.12008974454,4.245465957331));
#6064=CARTESIAN_POINT('Ctrl Pts',(-2.469642683862,10.97383974454,3.490584377517));
#6065=CARTESIAN_POINT('Ctrl Pts',(-4.172921731468,10.82758974454,0.9327585176938));
#6066=CARTESIAN_POINT('Ctrl Pts',(-3.72081804857,10.68133974454,-2.106852461098));
#6067=CARTESIAN_POINT('Ctrl Pts',(-1.346850617363,10.53508974454,-4.058239477424));
#6068=CARTESIAN_POINT('Ctrl Pts',(1.722787318976,10.38883974454,-3.913479027015));
#6069=CARTESIAN_POINT('Ctrl Pts',(3.902577257561,10.24258974454,-1.747342264791));
#6070=CARTESIAN_POINT('Ctrl Pts',(4.066621827532,10.09633974454,1.321325528896));
#6071=CARTESIAN_POINT('Ctrl Pts',(2.130189309277,9.950089744535,3.707506945132));
#6072=CARTESIAN_POINT('Ctrl Pts',(-0.9065210384896,9.803839744535,4.178700018916));
#6073=CARTESIAN_POINT('Ctrl Pts',(-3.474998353432,9.657589744535,2.491525774552));
#6074=CARTESIAN_POINT('Ctrl Pts',(-4.24858183966,9.511339744535,-0.482562529744));
#6075=CARTESIAN_POINT('Ctrl Pts',(-2.827702896303,9.365089744535,-3.20739934519));
#6076=CARTESIAN_POINT('Ctrl Pts',(0.05373111770846,9.218839744535,-4.275561629717));
#6077=CARTESIAN_POINT('Ctrl Pts',(2.907412139435,9.072589744535,-3.135325953684));
#6078=CARTESIAN_POINT('Ctrl Pts',(4.259366898328,8.926339744535,-0.3756429311302));
#6079=CARTESIAN_POINT('Ctrl Pts',(3.4112887652,8.780089744535,2.578066215285));
#6080=CARTESIAN_POINT('Ctrl Pts',(0.8012231192031,8.633839744535,4.200160363877));
#6081=CARTESIAN_POINT('Ctrl Pts',(-2.222684710361,8.487589744535,3.652807711104));
#6082=CARTESIAN_POINT('Ctrl Pts',(-4.098549544272,8.341339744535,1.218700594276));
#6083=CARTESIAN_POINT('Ctrl Pts',(-3.85740791828,8.195089744535,-1.844813866589));
#6084=CARTESIAN_POINT('Ctrl Pts',(-1.62399412267,8.048839744535,-3.955718697939));
#6085=CARTESIAN_POINT('Ctrl Pts',(1.448771146653,7.902589744535,-4.022432945947));
#6086=CARTESIAN_POINT('Ctrl Pts',(2.997082130648,7.805089744535,-2.6842872804));
#6087=CARTESIAN_POINT('Ctrl Pts',(3.447821048591,7.756339744535,-1.839418636783));
#6088=CARTESIAN_POINT('Ctrl Pts',(1.758696619931,12.62901923361,3.618677468436));
#6089=CARTESIAN_POINT('Ctrl Pts',(0.871960596988,12.58026923361,4.049635922159));
#6090=CARTESIAN_POINT('Ctrl Pts',(-1.227517462848,12.48276923361,4.227247593185));
#6091=CARTESIAN_POINT('Ctrl Pts',(-3.746605989362,12.33651923361,2.312119722007));
#6092=CARTESIAN_POINT('Ctrl Pts',(-4.329464691715,12.19026923361,-0.7977644804868));
#6093=CARTESIAN_POINT('Ctrl Pts',(-2.676363965157,12.04401923361,-3.495453963189));
#6094=CARTESIAN_POINT('Ctrl Pts',(0.3591979001869,11.89776923361,-4.387720462951));
#6095=CARTESIAN_POINT('Ctrl Pts',(3.209208013323,11.75151923361,-3.013647364249));
#6096=CARTESIAN_POINT('Ctrl Pts',(4.401614774427,11.60526923361,-0.08297843472991));
#6097=CARTESIAN_POINT('Ctrl Pts',(3.320513633064,11.45901923361,2.890550923978));
#6098=CARTESIAN_POINT('Ctrl Pts',(0.5243129499452,11.31276923361,4.37106297964));
#6099=CARTESIAN_POINT('Ctrl Pts',(-2.542704102886,11.16651923361,3.593849132986));
#6100=CARTESIAN_POINT('Ctrl Pts',(-4.296372619796,11.02026923361,0.9603530605621));
#6101=CARTESIAN_POINT('Ctrl Pts',(-3.83089399127,10.87401923361,-2.169181166173));
#6102=CARTESIAN_POINT('Ctrl Pts',(-1.386695578726,10.72776923361,-4.178297628709));
#6103=CARTESIAN_POINT('Ctrl Pts',(1.773753917109,10.58151923361,-4.029254613865));
#6104=CARTESIAN_POINT('Ctrl Pts',(4.018030328627,10.43526923361,-1.799035291568));
#6105=CARTESIAN_POINT('Ctrl Pts',(4.186927960599,10.28901923361,1.360415361107));
#6106=CARTESIAN_POINT('Ctrl Pts',(2.193208407036,10.14276923361,3.817189094789));
#6107=CARTESIAN_POINT('Ctrl Pts',(-0.9333393769804,9.996519233606,4.302321850953));
#6108=CARTESIAN_POINT('Ctrl Pts',(-3.577802015057,9.850269233606,2.565234578588));
#6109=CARTESIAN_POINT('Ctrl Pts',(-4.374271041613,9.704019233606,-0.4968385638525));
#6110=CARTESIAN_POINT('Ctrl Pts',(-2.91135709759,9.557769233606,-3.302286410864));
#6111=CARTESIAN_POINT('Ctrl Pts',(0.05532068843104,9.411519233606,-4.402048996425));
#6112=CARTESIAN_POINT('Ctrl Pts',(2.99342444315,9.265269233606,-3.228080814448));
#6113=CARTESIAN_POINT('Ctrl Pts',(4.385375163317,9.119019233606,-0.3867558770531));
#6114=CARTESIAN_POINT('Ctrl Pts',(3.512207655011,8.972769233606,2.654335214544));
#6115=CARTESIAN_POINT('Ctrl Pts',(0.8249263449475,8.826519233606,4.324417074501));
#6116=CARTESIAN_POINT('Ctrl Pts',(-2.288440173709,8.680269233606,3.760871649478));
#6117=CARTESIAN_POINT('Ctrl Pts',(-4.219800220575,8.534019233606,1.254754390789));
#6118=CARTESIAN_POINT('Ctrl Pts',(-3.971524708577,8.387769233606,-1.899390473889));
#6119=CARTESIAN_POINT('Ctrl Pts',(-1.672038042491,8.241519233606,-4.07274389483));
#6120=CARTESIAN_POINT('Ctrl Pts',(1.491631304727,8.095269233606,-4.141431803911));
#6121=CARTESIAN_POINT('Ctrl Pts',(3.085747213588,7.997769233606,-2.763698702568));
#6122=CARTESIAN_POINT('Ctrl Pts',(3.549820702223,7.949019233606,-1.893835632674));
#6123=CARTESIAN_POINT('Ctrl Pts',(-0.000122943381273416,12.5022376632484,
3.9984956955593));
#6124=CARTESIAN_POINT('Ctrl Pts',(-0.20021791357392,12.4918527317938,3.99863198521886));
#6125=CARTESIAN_POINT('Ctrl Pts',(-0.40034885771499,12.4812255439772,3.98390897452198));
#6126=CARTESIAN_POINT('Ctrl Pts',(-0.753528405891884,12.4625662594672,3.93112574963155));
#6127=CARTESIAN_POINT('Ctrl Pts',(-0.907447963669344,12.4544691053779,3.89877070166761));
#6128=CARTESIAN_POINT('Ctrl Pts',(-1.36028788728425,12.4311279591558,3.7746756718952));
#6129=CARTESIAN_POINT('Ctrl Pts',(-1.65009466893554,12.4167497688214,3.65601441294616));
#6130=CARTESIAN_POINT('Ctrl Pts',(-2.1111163863691,12.391979745775,3.40224697980368));
#6131=CARTESIAN_POINT('Ctrl Pts',(-2.29181087242187,12.3817245419781,3.28306025418617));
#6132=CARTESIAN_POINT('Ctrl Pts',(-2.55845849194064,12.3649357849708,3.07487243320929));
#6133=CARTESIAN_POINT('Ctrl Pts',(-2.65157735482404,12.3586973619778,2.99509977559841));
#6134=CARTESIAN_POINT('Ctrl Pts',(-2.89452008316648,12.3412855464061,2.7668650187162));
#6135=CARTESIAN_POINT('Ctrl Pts',(-3.03673677763336,12.3298867058746,2.61055790490294));
#6136=CARTESIAN_POINT('Ctrl Pts',(-3.23870967945747,12.3125074108693,2.34985061432321));
#6137=CARTESIAN_POINT('Ctrl Pts',(-3.30745676257036,12.3063244329656,2.2523882241011));
#6138=CARTESIAN_POINT('Ctrl Pts',(-3.42441833933818,12.2954489954395,2.0694142091518));
#6139=CARTESIAN_POINT('Ctrl Pts',(-3.47400406707532,12.2907169978027,1.98500391160943));
#6140=CARTESIAN_POINT('Ctrl Pts',(-3.65348761904877,12.2727156391178,1.65160370192563));
#6141=CARTESIAN_POINT('Ctrl Pts',(-3.75957889574852,12.2597207444719,1.39083217513646));
#6142=CARTESIAN_POINT('Ctrl Pts',(-3.89703011420895,12.2360909400535,0.918223587528624));
#6143=CARTESIAN_POINT('Ctrl Pts',(-3.94027997460982,12.2257082782857,0.709844063105316));
#6144=CARTESIAN_POINT('Ctrl Pts',(-3.99520590022706,12.2036803658953,0.277094181955113));
#6145=CARTESIAN_POINT('Ctrl Pts',(-4.00489243472463,12.1919037228694,0.05298787963193));
#6146=CARTESIAN_POINT('Ctrl Pts',(-3.99102077029416,12.1740249186503,-0.282881987861159));
#6147=CARTESIAN_POINT('Ctrl Pts',(-3.98169262737024,12.1680824883058,-0.394529976375213));
#6148=CARTESIAN_POINT('Ctrl Pts',(-3.95697367679875,12.1578708115804,-0.589981397881557));
#6149=CARTESIAN_POINT('Ctrl Pts',(-3.9435710547679,12.1535418150393,-0.674075771306076));
#6150=CARTESIAN_POINT('Ctrl Pts',(-3.90628825685245,12.1438428108822,-0.867188854230845));
#6151=CARTESIAN_POINT('Ctrl Pts',(-3.88049373551458,12.1385538805104,-0.975733946579731));
#6152=CARTESIAN_POINT('Ctrl Pts',(-3.80092404305469,12.1248790554601,-1.25726394259085));
#6153=CARTESIAN_POINT('Ctrl Pts',(-3.73987668157842,12.1166122437165,-1.42779560679335));
#6154=CARTESIAN_POINT('Ctrl Pts',(-3.59071207102016,12.0989267802136,-1.76932227661536));
#6155=CARTESIAN_POINT('Ctrl Pts',(-3.50163330255387,12.0895937954825,-1.93910782221709));
#6156=CARTESIAN_POINT('Ctrl Pts',(-3.2418501446449,12.0649020854011,-2.35943030164389));
#6157=CARTESIAN_POINT('Ctrl Pts',(-3.05373649949498,12.0491886321448,-2.59939987385953));
#6158=CARTESIAN_POINT('Ctrl Pts',(-2.75560700032176,12.0268257464794,-2.90139037455022));
#6159=CARTESIAN_POINT('Ctrl Pts',(-2.66636003020845,12.0203840559393,-2.983840669496));
#6160=CARTESIAN_POINT('Ctrl Pts',(-2.50624307158426,12.0095401147496,-3.11859485750769));
#6161=CARTESIAN_POINT('Ctrl Pts',(-2.43716368717974,12.0050778214641,-3.17288692227272));
#6162=CARTESIAN_POINT('Ctrl Pts',(-2.16432926019579,11.988404328449,-3.37281305072428));
#6163=CARTESIAN_POINT('Ctrl Pts',(-1.94837699223403,11.9770214669245,-3.50141607282984));
#6164=CARTESIAN_POINT('Ctrl Pts',(-1.62088442648808,11.9601632231194,-3.65714559413669));
#6165=CARTESIAN_POINT('Ctrl Pts',(-1.51749928740167,11.9548894833741,-3.70109363906778));
#6166=CARTESIAN_POINT('Ctrl Pts',(-1.27976369404404,11.9426132652772,-3.79055583514426));
#6167=CARTESIAN_POINT('Ctrl Pts',(-1.14468435818648,11.9355611932319,-3.83340625344977));
#6168=CARTESIAN_POINT('Ctrl Pts',(-0.697926233019059,11.9121030930007,-3.94983415904275));
#6169=CARTESIAN_POINT('Ctrl Pts',(-0.3783969575858,11.8951118145637,-3.99394522421129));
#6170=CARTESIAN_POINT('Ctrl Pts',(0.0964660761309399,11.8704129177272,-4.0017263296339));
#6171=CARTESIAN_POINT('Ctrl Pts',(0.251016367102223,11.8624272216134,-3.99517296534219));
#6172=CARTESIAN_POINT('Ctrl Pts',(0.547673007672035,11.847670394108,-3.96474418483365));
#6173=CARTESIAN_POINT('Ctrl Pts',(0.689199451528521,11.8408489571374,-3.94233831981157));
#6174=CARTESIAN_POINT('Ctrl Pts',(1.02045654732033,11.8249326098528,-3.87149871736078));
#6175=CARTESIAN_POINT('Ctrl Pts',(1.20878416211411,11.8159209822027,-3.81653299696552));
#6176=CARTESIAN_POINT('Ctrl Pts',(1.51152204529593,11.8006246702002,-3.70379235593426));
#6177=CARTESIAN_POINT('Ctrl Pts',(1.6288621979279,11.7944793853035,-3.65366234673345));
#6178=CARTESIAN_POINT('Ctrl Pts',(2.00592514909856,11.77357333346,-3.47089984566699));
#6179=CARTESIAN_POINT('Ctrl Pts',(2.25447834659928,11.7579937975557,-3.3152588872632));
#6180=CARTESIAN_POINT('Ctrl Pts',(2.58189359403369,11.7360483410873,-3.05690661178128));
#6181=CARTESIAN_POINT('Ctrl Pts',(2.67687312669597,11.7294837993434,-2.97443610115663));
#6182=CARTESIAN_POINT('Ctrl Pts',(2.85222097032357,11.7170995377531,-2.8068256266915));
#6183=CARTESIAN_POINT('Ctrl Pts',(2.93300096682952,11.7112962102407,-2.72240978689854));
#6184=CARTESIAN_POINT('Ctrl Pts',(3.21233155490873,11.6906796886253,-2.402735321307));
#6185=CARTESIAN_POINT('Ctrl Pts',(3.38718328134029,11.6764544134529,-2.14741489451392));
#6186=CARTESIAN_POINT('Ctrl Pts',(3.61369164448253,11.6534693743046,-1.71984623176244));
#6187=CARTESIAN_POINT('Ctrl Pts',(3.68611132056778,11.6449591309987,-1.55852475750955));
#6188=CARTESIAN_POINT('Ctrl Pts',(3.79688284142462,11.6290809121915,-1.26108650974043));
#6189=CARTESIAN_POINT('Ctrl Pts',(3.83902024875982,11.6218086471438,-1.1267841834688));
#6190=CARTESIAN_POINT('Ctrl Pts',(3.91861390382174,11.6049461846136,-0.817050580811698));
#6191=CARTESIAN_POINT('Ctrl Pts',(3.95159492804399,11.5953256822318,-0.640730204164773));
#6192=CARTESIAN_POINT('Ctrl Pts',(3.98588207818438,11.5800037228524,-0.350511083824469));
#6193=CARTESIAN_POINT('Ctrl Pts',(3.99437199834545,11.5741601693632,-0.237452613551319));
#6194=CARTESIAN_POINT('Ctrl Pts',(4.00140533294759,11.5630696743647,-0.0150972523431185));
#6195=CARTESIAN_POINT('Ctrl Pts',(4.00028027587277,11.5578419566299,0.0940057522649491));
#6196=CARTESIAN_POINT('Ctrl Pts',(3.98067438022007,11.5399397634578,0.472304022767442));
#6197=CARTESIAN_POINT('Ctrl Pts',(3.93893743698439,11.5274029940185,0.739592699820976));
#6198=CARTESIAN_POINT('Ctrl Pts',(3.81890677310916,11.5044643328963,1.20169463667699));
#6199=CARTESIAN_POINT('Ctrl Pts',(3.75096173666248,11.4942550295213,1.39935477339938));
#6200=CARTESIAN_POINT('Ctrl Pts',(3.57985084517552,11.4724676097566,1.79509946209309));
#6201=CARTESIAN_POINT('Ctrl Pts',(3.47476230130379,11.4607524764876,1.99180277190426));
#6202=CARTESIAN_POINT('Ctrl Pts',(3.29253262926,11.4429087215456,2.27321337428381));
#6203=CARTESIAN_POINT('Ctrl Pts',(3.22748809566765,11.4369400731254,2.36492663331307));
#6204=CARTESIAN_POINT('Ctrl Pts',(3.10651474478533,11.4266979582765,2.52096537969585));
#6205=CARTESIAN_POINT('Ctrl Pts',(3.05217460643713,11.4223636887271,2.58657255716438));
#6206=CARTESIAN_POINT('Ctrl Pts',(2.92238852446128,11.4126986286409,2.73323630716041));
#6207=CARTESIAN_POINT('Ctrl Pts',(2.84558964951875,11.4074461981469,2.81296332233411));
#6208=CARTESIAN_POINT('Ctrl Pts',(2.63409014801169,11.3937693053577,3.01490549545829));
#6209=CARTESIAN_POINT('Ctrl Pts',(2.49425181486799,11.3854707204349,3.13118736833594));
#6210=CARTESIAN_POINT('Ctrl Pts',(2.19117284750924,11.3677337507804,3.35002897654236));
#6211=CARTESIAN_POINT('Ctrl Pts',(2.02774639258675,11.3583824416626,3.45108978001515));
#6212=CARTESIAN_POINT('Ctrl Pts',(1.59090673113886,11.3337339823934,3.68032819847062));
#6213=CARTESIAN_POINT('Ctrl Pts',(1.30803727315415,11.3180879802724,3.79083751675927));
#6214=CARTESIAN_POINT('Ctrl Pts',(0.898126988780414,11.2957473543858,3.89935691619281));
#6215=CARTESIAN_POINT('Ctrl Pts',(0.77852111494609,11.289259614843,3.92515983779189));
#6216=CARTESIAN_POINT('Ctrl Pts',(0.571047828557333,11.2783576973699,3.95990284672998));
#6217=CARTESIAN_POINT('Ctrl Pts',(0.48372695011964,11.2738826158256,3.97152734828438));
#6218=CARTESIAN_POINT('Ctrl Pts',(0.145582134436884,11.2571302538953,4.00495450902597));
#6219=CARTESIAN_POINT('Ctrl Pts',(-0.107098484176575,11.2456914778022,4.00565252109453));
#6220=CARTESIAN_POINT('Ctrl Pts',(-0.469675459761925,11.2287624733386,3.9725786062887));
#6221=CARTESIAN_POINT('Ctrl Pts',(-0.581145984115031,11.2234803720801,3.95767161800841));
#6222=CARTESIAN_POINT('Ctrl Pts',(-0.832067093866129,11.2111589262146,3.91330243535853));
#6223=CARTESIAN_POINT('Ctrl Pts',(-0.970770511664338,11.2040692835248,3.88111914791581));
#6224=CARTESIAN_POINT('Ctrl Pts',(-1.41528964232174,11.1805527814094,3.7530607643404));
#6225=CARTESIAN_POINT('Ctrl Pts',(-1.71282674363859,11.1635456777288,3.62785051674269));
#6226=CARTESIAN_POINT('Ctrl Pts',(-2.08276519285434,11.1413921235266,3.41640053982733));
#6227=CARTESIAN_POINT('Ctrl Pts',(-2.17232503423883,11.1359290150677,3.36032725114293));
#6228=CARTESIAN_POINT('Ctrl Pts',(-2.34721589567374,11.1251850234428,3.24064705888135));
#6229=CARTESIAN_POINT('Ctrl Pts',(-2.43222879480866,11.1199651985321,3.17720289923501));
#6230=CARTESIAN_POINT('Ctrl Pts',(-2.70443237914622,11.1030800702018,2.95649290194927));
#6231=CARTESIAN_POINT('Ctrl Pts',(-2.88003584474025,11.0918708725535,2.78490315254166));
#6232=CARTESIAN_POINT('Ctrl Pts',(-3.1103792098768,11.0752075761688,2.51495583207349));
#6233=CARTESIAN_POINT('Ctrl Pts',(-3.17858158504491,11.0699685963309,2.42805570720492));
#6234=CARTESIAN_POINT('Ctrl Pts',(-3.30843307389137,11.059162016697,2.24784353127893));
#6235=CARTESIAN_POINT('Ctrl Pts',(-3.36988939174184,11.0535791568864,2.15459300920217));
#6236=CARTESIAN_POINT('Ctrl Pts',(-3.55815715451392,11.0348906361167,1.84142118168909));
#6237=CARTESIAN_POINT('Ctrl Pts',(-3.66845069173815,11.0213133897762,1.6115475367226));
#6238=CARTESIAN_POINT('Ctrl Pts',(-3.81048538695088,10.9997269125943,1.22541329623022));
#6239=CARTESIAN_POINT('Ctrl Pts',(-3.85616542280143,10.9915575126191,1.07421433953103));
#6240=CARTESIAN_POINT('Ctrl Pts',(-3.93236648816522,10.9750769179237,0.752847333415951));
#6241=CARTESIAN_POINT('Ctrl Pts',(-3.96082746383307,10.9668561316314,0.582914529983788));
#6242=CARTESIAN_POINT('Ctrl Pts',(-4.00172252862573,10.9476697014833,0.180094956960667));
#6243=CARTESIAN_POINT('Ctrl Pts',(-4.00488995682412,10.9368166011573,-0.053740005089964));
#6244=CARTESIAN_POINT('Ctrl Pts',(-3.97671691445141,10.9181877935679,-0.442243926977411));
#6245=CARTESIAN_POINT('Ctrl Pts',(-3.95634579068148,10.9105673994687,-0.597768491980187));
#6246=CARTESIAN_POINT('Ctrl Pts',(-3.88496804200781,10.8913879864904,-0.972118663819914));
#6247=CARTESIAN_POINT('Ctrl Pts',(-3.82468800099381,10.8794706236434,-1.18815395707625));
#6248=CARTESIAN_POINT('Ctrl Pts',(-3.68633449403188,10.8583463718077,-1.56076345170984));
#6249=CARTESIAN_POINT('Ctrl Pts',(-3.61535353905886,10.8491674631508,-1.71955625682546));
#6250=CARTESIAN_POINT('Ctrl Pts',(-3.49252101577263,10.8359095403939,-1.9518096826021));
#6251=CARTESIAN_POINT('Ctrl Pts',(-3.44829194521673,10.8315523728734,-2.02895572765387));
#6252=CARTESIAN_POINT('Ctrl Pts',(-3.29933013595787,10.8179925029066,-2.26941112401532));
#6253=CARTESIAN_POINT('Ctrl Pts',(-3.1853946517023,10.8090442527446,-2.42609786207633));
#6254=CARTESIAN_POINT('Ctrl Pts',(-2.88599369152354,10.7871245457491,-2.7805585669204));
#6255=CARTESIAN_POINT('Ctrl Pts',(-2.69075268027913,10.7741730114221,-2.96935596887518));
#6256=CARTESIAN_POINT('Ctrl Pts',(-2.34133280064766,10.7520017831976,-3.24573411944909));
#6257=CARTESIAN_POINT('Ctrl Pts',(-2.19672163349075,10.7430652300747,-3.34562885688242));
#6258=CARTESIAN_POINT('Ctrl Pts',(-1.94209244816907,10.727514556699,-3.49784932201419));
#6259=CARTESIAN_POINT('Ctrl Pts',(-1.83521471963806,10.7210332295932,-3.55530886627973));
#6260=CARTESIAN_POINT('Ctrl Pts',(-1.63338952037027,10.7091314508394,-3.65222641017774));
#6261=CARTESIAN_POINT('Ctrl Pts',(-1.53914050439381,10.7037021923015,-3.69308466085849));
#6262=CARTESIAN_POINT('Ctrl Pts',(-1.3671430867584,10.6941722184327,-3.75981412165945));
#6263=CARTESIAN_POINT('Ctrl Pts',(-1.28990580610626,10.6900274751609,-3.78705170618658));
#6264=CARTESIAN_POINT('Ctrl Pts',(-1.08526205100479,10.6794742907934,-3.85206345395915));
#6265=CARTESIAN_POINT('Ctrl Pts',(-0.956724830777205,10.6732379796877,-3.8858336555813));
#6266=CARTESIAN_POINT('Ctrl Pts',(-0.653573740772089,10.6588395604933,-3.94944742989054));
#6267=CARTESIAN_POINT('Ctrl Pts',(-0.478354087371659,10.6507001941277,-3.97415122670989));
#6268=CARTESIAN_POINT('Ctrl Pts',(-0.108811283861762,10.6329992018523,-4.00148411578417));
#6269=CARTESIAN_POINT('Ctrl Pts',(0.0850402458500632,10.6235025383609,-4.00184469465884));
#6270=CARTESIAN_POINT('Ctrl Pts',(0.591085766363478,10.5980070093872,-3.96670937598911));
#6271=CARTESIAN_POINT('Ctrl Pts',(0.902180499784254,10.5815876376343,-3.90865626850236));
#6272=CARTESIAN_POINT('Ctrl Pts',(1.33246182892354,10.5577907993449,-3.77374670617036));
#6273=CARTESIAN_POINT('Ctrl Pts',(1.46036132471219,10.5506182635879,-3.72626697803932));
#6274=CARTESIAN_POINT('Ctrl Pts',(1.66518569516245,10.5393576119384,-3.63782436101189));
#6275=CARTESIAN_POINT('Ctrl Pts',(1.74368879409461,10.5351084427544,-3.60077522805183));
#6276=CARTESIAN_POINT('Ctrl Pts',(2.0214022217878,10.520136332815,-3.45837277663967));
#6277=CARTESIAN_POINT('Ctrl Pts',(2.21314671270389,10.5099073367846,-3.3384095708477));
#6278=CARTESIAN_POINT('Ctrl Pts',(2.5053477067921,10.4928398795295,-3.11946588221208));
#6279=CARTESIAN_POINT('Ctrl Pts',(2.6125685293253,10.4861681034288,-3.03001006683736));
#6280=CARTESIAN_POINT('Ctrl Pts',(2.85884200611508,10.4695940586401,-2.80186037343477));
#6281=CARTESIAN_POINT('Ctrl Pts',(2.9929623834745,10.459554981684,-2.65816719104039));
#6282=CARTESIAN_POINT('Ctrl Pts',(3.27693870291002,10.4360574098244,-2.30594940435651));
#6283=CARTESIAN_POINT('Ctrl Pts',(3.41897510583222,10.4224970470109,-2.09098849559896));
#6284=CARTESIAN_POINT('Ctrl Pts',(3.59738270394046,10.4027742325388,-1.75341089264398));
#6285=CARTESIAN_POINT('Ctrl Pts',(3.65048367504979,10.3963958267962,-1.6400771954738));
#6286=CARTESIAN_POINT('Ctrl Pts',(3.76488109068062,10.3816056541396,-1.36174798579435));
#6287=CARTESIAN_POINT('Ctrl Pts',(3.82067790436482,10.3733523274311,-1.19504134808788));
#6288=CARTESIAN_POINT('Ctrl Pts',(3.90783468538433,10.3573807914953,-0.864108000110796));
#6289=CARTESIAN_POINT('Ctrl Pts',(3.94026280133803,10.3496538335574,-0.700170356251428));
#6290=CARTESIAN_POINT('Ctrl Pts',(3.97835624028688,10.3360261991192,-0.416370916720706));
#6291=CARTESIAN_POINT('Ctrl Pts',(3.98900340461289,10.3302205175693,-0.297134594269992));
#6292=CARTESIAN_POINT('Ctrl Pts',(4.00096025853166,10.3167196148471,-0.0279799350665788));
#6293=CARTESIAN_POINT('Ctrl Pts',(3.99927031973455,10.3089580591949,0.121945018505646));
#6294=CARTESIAN_POINT('Ctrl Pts',(3.9760939617425,10.2907243967854,0.468708101475596));
#6295=CARTESIAN_POINT('Ctrl Pts',(3.94840562951524,10.2801826038461,0.66518658956021));
#6296=CARTESIAN_POINT('Ctrl Pts',(3.8785272533522,10.2631088860616,0.985942599121677));
#6297=CARTESIAN_POINT('Ctrl Pts',(3.84449686407501,10.2564354260254,1.11200441756019));
#6298=CARTESIAN_POINT('Ctrl Pts',(3.77566510351635,10.2454053401942,1.32399141894069));
#6299=CARTESIAN_POINT('Ctrl Pts',(3.74401444608819,10.240935781983,1.41078732010245));
#6300=CARTESIAN_POINT('Ctrl Pts',(3.624692721469,10.2256927570994,1.70530515632489));
#6301=CARTESIAN_POINT('Ctrl Pts',(3.52215002286718,10.2151777709368,1.90686746208416));
#6302=CARTESIAN_POINT('Ctrl Pts',(3.29756999542304,10.1950028179426,2.26991918220967));
#6303=CARTESIAN_POINT('Ctrl Pts',(3.17871110930271,10.1853638316496,2.43342873276162));
#6304=CARTESIAN_POINT('Ctrl Pts',(2.96394676220567,10.1688245539728,2.68673907153058));
#6305=CARTESIAN_POINT('Ctrl Pts',(2.87484487044883,10.1621416359995,2.7820467595867));
#6306=CARTESIAN_POINT('Ctrl Pts',(2.64203364923124,10.1451281486779,3.0079358891407));
#6307=CARTESIAN_POINT('Ctrl Pts',(2.49315658403111,10.1346873844274,3.13286961906184));
#6308=CARTESIAN_POINT('Ctrl Pts',(2.24091657806085,10.1183457750643,3.31498818044678));
#6309=CARTESIAN_POINT('Ctrl Pts',(2.14278946403949,10.112280463709,3.37944910347401));
#6310=CARTESIAN_POINT('Ctrl Pts',(1.95113005804456,10.1011462692792,3.49339242429396));
#6311=CARTESIAN_POINT('Ctrl Pts',(1.85826888234885,10.0960723475738,3.5436170611754));
#6312=CARTESIAN_POINT('Ctrl Pts',(1.37529268085298,10.0706112543484,3.78029225827453));
#6313=CARTESIAN_POINT('Ctrl Pts',(0.956802445205894,10.0505794906859,3.90557771795928));
#6314=CARTESIAN_POINT('Ctrl Pts',(0.356252784552976,10.0204059388068,3.98619703994772));
#6315=CARTESIAN_POINT('Ctrl Pts',(0.180934032398669,10.0114644601825,3.99827002958423));
#6316=CARTESIAN_POINT('Ctrl Pts',(-0.16450991023821,9.99334357800177,3.9993201157713));
#6317=CARTESIAN_POINT('Ctrl Pts',(-0.33460049358782,9.98417794944937,3.98897384533967));
#6318=CARTESIAN_POINT('Ctrl Pts',(-0.609970419750424,9.96956486422234,3.95439443589203));
#6319=CARTESIAN_POINT('Ctrl Pts',(-0.716050261959184,9.96399173971314,3.93667590679337));
#6320=CARTESIAN_POINT('Ctrl Pts',(-0.908988003977572,9.95412812495557,3.89624081521736));
#6321=CARTESIAN_POINT('Ctrl Pts',(-0.996028120528806,9.94979272959789,3.87485285744932));
#6322=CARTESIAN_POINT('Ctrl Pts',(-1.20583881452377,9.93944740424393,3.81567694102474));
#6323=CARTESIAN_POINT('Ctrl Pts',(-1.32776738551865,9.93352269127896,3.77478129331134));
#6324=CARTESIAN_POINT('Ctrl Pts',(-1.64385654917872,9.91778449965017,3.6514705887799));
#6325=CARTESIAN_POINT('Ctrl Pts',(-1.83371337690145,9.90780577338146,3.55938564647475));
#6326=CARTESIAN_POINT('Ctrl Pts',(-2.20697621750444,9.88661047957375,3.34107540484043));
#6327=CARTESIAN_POINT('Ctrl Pts',(-2.38952046553327,9.87539501800966,3.21317179144056));
#6328=CARTESIAN_POINT('Ctrl Pts',(-2.77283779036089,9.84970497756631,2.89464656089855));
#6329=CARTESIAN_POINT('Ctrl Pts',(-2.96668725313726,9.83493558828353,2.69673900259612));
#6330=CARTESIAN_POINT('Ctrl Pts',(-3.19268886962999,9.81605248385211,2.41113485342146));
#6331=CARTESIAN_POINT('Ctrl Pts',(-3.24474769938629,9.81159624284371,2.34063204079965));
#6332=CARTESIAN_POINT('Ctrl Pts',(-3.37078106177791,9.80061938083488,2.15734988907394));
#6333=CARTESIAN_POINT('Ctrl Pts',(-3.44137296540116,9.79424986589269,2.04247015574946));
#6334=CARTESIAN_POINT('Ctrl Pts',(-3.63738836538954,9.77520939763703,1.68402335845867));
#6335=CARTESIAN_POINT('Ctrl Pts',(-3.74376969280165,9.76277248614054,1.43098191764133));
#6336=CARTESIAN_POINT('Ctrl Pts',(-3.87685777450646,9.7402960507996,0.994091197718492));
#6337=CARTESIAN_POINT('Ctrl Pts',(-3.91812780858619,9.73102106028879,0.816391406472995));
#6338=CARTESIAN_POINT('Ctrl Pts',(-3.99620553427636,9.70581376897148,0.335668501115104));
#6339=CARTESIAN_POINT('Ctrl Pts',(-4.01116811438798,9.68960813092327,0.0288463801097311));
#6340=CARTESIAN_POINT('Ctrl Pts',(-3.98292188083127,9.66828295158592,-0.385287688046895));
#6341=CARTESIAN_POINT('Ctrl Pts',(-3.97086100928289,9.66276278151687,-0.494191037452968));
#6342=CARTESIAN_POINT('Ctrl Pts',(-3.93808897206649,9.65220301365358,-0.707636333943704));
#6343=CARTESIAN_POINT('Ctrl Pts',(-3.91774379403836,9.64714304322797,-0.811839482488619));
#6344=CARTESIAN_POINT('Ctrl Pts',(-3.83545560709575,9.63032992362486,-1.15908889216239));
#6345=CARTESIAN_POINT('Ctrl Pts',(-3.75462666130952,9.61885657284266,-1.39767234075358));
#6346=CARTESIAN_POINT('Ctrl Pts',(-3.60689159795314,9.60144417349153,-1.72888846008515));
#6347=CARTESIAN_POINT('Ctrl Pts',(-3.55709487507253,9.59595137738693,-1.82910695143115));
#6348=CARTESIAN_POINT('Ctrl Pts',(-3.44962475059709,9.58468908829086,-2.02449724059819));
#6349=CARTESIAN_POINT('Ctrl Pts',(-3.39210591236522,9.57895002405264,-2.11956261499918));
#6350=CARTESIAN_POINT('Ctrl Pts',(-3.189724397074,9.55979990375275,-2.42494492082564));
#6351=CARTESIAN_POINT('Ctrl Pts',(-3.02847320527032,9.54611254112177,-2.62448935008053));
#6352=CARTESIAN_POINT('Ctrl Pts',(-2.76844110471571,9.52700693311994,-2.8893381042854));
#6353=CARTESIAN_POINT('Ctrl Pts',(-2.68364412606994,9.52116245040021,-2.96844481848413));
#6354=CARTESIAN_POINT('Ctrl Pts',(-2.50423189014344,9.50961563322256,-3.12134090461443));
#6355=CARTESIAN_POINT('Ctrl Pts',(-2.40968352288396,9.50388620042068,-3.19465842909975));
#6356=CARTESIAN_POINT('Ctrl Pts',(-2.06623674494792,9.48392426941284,-3.43698576376123));
#6357=CARTESIAN_POINT('Ctrl Pts',(-1.80068813372181,9.46999123707064,-3.58248555054146));
#6358=CARTESIAN_POINT('Ctrl Pts',(-1.39953423112089,9.44895295086718,-3.74759102266974));
#6359=CARTESIAN_POINT('Ctrl Pts',(-1.27407047830805,9.44237523772317,-3.79215369353764));
#6360=CARTESIAN_POINT('Ctrl Pts',(-1.04533371664154,9.43019729138827,-3.86084253734811));
#6361=CARTESIAN_POINT('Ctrl Pts',(-0.942801402158888,9.42466486109348,-3.88726217043687));
#6362=CARTESIAN_POINT('Ctrl Pts',(-0.579104241612588,9.40500603556581,-3.96584411983344));
#6363=CARTESIAN_POINT('Ctrl Pts',(-0.313142578509553,9.39058282382938,-3.99625041286322));
#6364=CARTESIAN_POINT('Ctrl Pts',(0.044925818026818,9.37256139560417,-4.00072209334146));
#6365=CARTESIAN_POINT('Ctrl Pts',(0.136351206786994,9.36810103857326,-3.99865301277246));
#6366=CARTESIAN_POINT('Ctrl Pts',(0.359940478186577,9.35739827883557,-3.98575812423664));
#6367=CARTESIAN_POINT('Ctrl Pts',(0.491463183658679,9.35124117169585,-3.97148496240347));
#6368=CARTESIAN_POINT('Ctrl Pts',(0.904131522751675,9.33158572337971,-3.9056423246818));
#6369=CARTESIAN_POINT('Ctrl Pts',(1.181119570313,9.31803565584886,-3.83032855107983));
#6370=CARTESIAN_POINT('Ctrl Pts',(1.61310347683247,9.29520415901121,-3.66259743015884));
#6371=CARTESIAN_POINT('Ctrl Pts',(1.774876334524,9.28623178485651,-3.58723031439504));
#6372=CARTESIAN_POINT('Ctrl Pts',(2.07240279201965,9.26863610707539,-3.42377249980882));
#6373=CARTESIAN_POINT('Ctrl Pts',(2.20868259229714,9.26003270344284,-3.33779777591354));
#6374=CARTESIAN_POINT('Ctrl Pts',(2.45180780746827,9.2441207799521,-3.16298947463474));
#6375=CARTESIAN_POINT('Ctrl Pts',(2.55991576925419,9.23682742930459,-3.07638388178984));
#6376=CARTESIAN_POINT('Ctrl Pts',(2.72311450733637,9.22577106393988,-2.93087288983663));
#6377=CARTESIAN_POINT('Ctrl Pts',(2.78129847938525,9.22183149640259,-2.87569285759116));
#6378=CARTESIAN_POINT('Ctrl Pts',(2.90682979678806,9.21326661494827,-2.74914626190508));
#6379=CARTESIAN_POINT('Ctrl Pts',(2.97328275726471,9.20867831785476,-2.67696232069181));
#6380=CARTESIAN_POINT('Ctrl Pts',(3.1136549358156,9.19863894086632,-2.5126839412009));
#6381=CARTESIAN_POINT('Ctrl Pts',(3.18628729226904,9.19320472167979,-2.41959843382837));
#6382=CARTESIAN_POINT('Ctrl Pts',(3.36599036791935,9.17863165445009,-2.1669079187071));
#6383=CARTESIAN_POINT('Ctrl Pts',(3.46594992560403,9.16935073798744,-2.00246976047535));
#6384=CARTESIAN_POINT('Ctrl Pts',(3.6713374881414,9.14711004635967,-1.6035617594309));
#6385=CARTESIAN_POINT('Ctrl Pts',(3.76727056578378,9.13395651529189,-1.36406297246652));
#6386=CARTESIAN_POINT('Ctrl Pts',(3.89364068586135,9.11051671416255,-0.933175596499735));
#6387=CARTESIAN_POINT('Ctrl Pts',(3.93429396036003,9.10028275617228,-0.745406904032023));
#6388=CARTESIAN_POINT('Ctrl Pts',(3.97380204700827,9.08557055023538,-0.465072669295292));
#6389=CARTESIAN_POINT('Ctrl Pts',(3.98337527110515,9.0809282756406,-0.374560788721319));
#6390=CARTESIAN_POINT('Ctrl Pts',(3.99875921908372,9.07012038665351,-0.156464476602556));
#6391=CARTESIAN_POINT('Ctrl Pts',(4.00153469886998,9.06406814838759,-0.028848846210252));
#6392=CARTESIAN_POINT('Ctrl Pts',(3.99253244548388,9.04801080170961,0.314767372892388));
#6393=CARTESIAN_POINT('Ctrl Pts',(3.96928910210537,9.0381825553342,0.530447926520908));
#6394=CARTESIAN_POINT('Ctrl Pts',(3.90430186161379,9.02155438389666,0.87202546047369));
#6395=CARTESIAN_POINT('Ctrl Pts',(3.87337633238728,9.01507441692127,0.999974214969506));
#6396=CARTESIAN_POINT('Ctrl Pts',(3.79360348559476,9.000833286044,1.27151417500876));
#6397=CARTESIAN_POINT('Ctrl Pts',(3.74272064020846,8.99302526969716,1.41455634534373));
#6398=CARTESIAN_POINT('Ctrl Pts',(3.57637247824005,8.97069282334445,1.81039348635445));
#6399=CARTESIAN_POINT('Ctrl Pts',(3.44230122829744,8.95597425472369,2.05562882550178));
#6400=CARTESIAN_POINT('Ctrl Pts',(3.22178480827164,8.93614612317395,2.37316980334281));
#6401=CARTESIAN_POINT('Ctrl Pts',(3.1564215201063,8.93071537202193,2.45938252308888));
#6402=CARTESIAN_POINT('Ctrl Pts',(3.01800427267324,8.9201074465298,2.6270443050859));
#6403=CARTESIAN_POINT('Ctrl Pts',(2.94511396021929,8.91492074726076,2.70821695689616));
#6404=CARTESIAN_POINT('Ctrl Pts',(2.69434525458863,8.89802405730829,2.96548369655036));
#6405=CARTESIAN_POINT('Ctrl Pts',(2.50281202051266,8.8865656216534,3.12828732384412));
#6406=CARTESIAN_POINT('Ctrl Pts',(2.20725844556907,8.86918389924623,3.33563174093198));
#6407=CARTESIAN_POINT('Ctrl Pts',(2.11409686518015,8.8637298478477,3.39541919650647));
#6408=CARTESIAN_POINT('Ctrl Pts',(1.91950976333308,8.85231521851573,3.50925203408693));
#6409=CARTESIAN_POINT('Ctrl Pts',(1.81811144122848,8.84637464942405,3.56291246425416));
#6410=CARTESIAN_POINT('Ctrl Pts',(1.48466009099929,8.82703543739159,3.72163281921721));
#6411=CARTESIAN_POINT('Ctrl Pts',(1.24429457761502,8.81339333362255,3.80939725926163));
#6412=CARTESIAN_POINT('Ctrl Pts',(0.886704379624407,8.79443465407992,3.90208790154122));
#6413=CARTESIAN_POINT('Ctrl Pts',(0.774431869621474,8.78867703440737,3.92602698005732));
#6414=CARTESIAN_POINT('Ctrl Pts',(0.528970648583035,8.77652393562983,3.9670496466077));
#6415=CARTESIAN_POINT('Ctrl Pts',(0.395860456171677,8.7701351194694,3.98228663906207));
#6416=CARTESIAN_POINT('Ctrl Pts',(-0.0894758329736565,8.74711568577883,
4.01321124625565));
#6417=CARTESIAN_POINT('Ctrl Pts',(-0.444371558275816,8.73079890024816,3.98890904449136));
#6418=CARTESIAN_POINT('Ctrl Pts',(-0.916284554117233,8.70685348844363,3.89402872415265));
#6419=CARTESIAN_POINT('Ctrl Pts',(-1.04117180779247,8.70027074056487,3.86263538362402));
#6420=CARTESIAN_POINT('Ctrl Pts',(-1.34002905742759,8.68391319799325,3.77202476175333));
#6421=CARTESIAN_POINT('Ctrl Pts',(-1.51194540812034,8.67404782505994,3.70679186569478));
#6422=CARTESIAN_POINT('Ctrl Pts',(-1.78980573449385,8.65792211930733,3.57885607152183));
#6423=CARTESIAN_POINT('Ctrl Pts',(-1.89869624785629,8.65155361119675,3.52251281441507));
#6424=CARTESIAN_POINT('Ctrl Pts',(-2.08624871484135,8.64067249903107,3.41406779776049));
#6425=CARTESIAN_POINT('Ctrl Pts',(-2.16588990349832,8.63610287078507,3.36409889485854));
#6426=CARTESIAN_POINT('Ctrl Pts',(-2.36297144296754,8.62474782698669,3.23035749646225));
#6427=CARTESIAN_POINT('Ctrl Pts',(-2.47756386066576,8.61805052218821,3.14301822781545));
#6428=CARTESIAN_POINT('Ctrl Pts',(-2.79341553053176,8.59851047550138,2.87391463435283));
#6429=CARTESIAN_POINT('Ctrl Pts',(-2.98158702038705,8.58562586910739,2.67737566744732));
#6430=CARTESIAN_POINT('Ctrl Pts',(-3.25792733387013,8.56352014253131,2.32433868589347));
#6431=CARTESIAN_POINT('Ctrl Pts',(-3.35828777057362,8.55455882019285,2.17721618811076));
#6432=CARTESIAN_POINT('Ctrl Pts',(-3.53063651929586,8.53694429292125,1.88465898422344));
#6433=CARTESIAN_POINT('Ctrl Pts',(-3.60407194199552,8.52830960785436,1.74071766037621));
#6434=CARTESIAN_POINT('Ctrl Pts',(-3.72286796924597,8.5125159172853,1.46815658276234));
#6435=CARTESIAN_POINT('Ctrl Pts',(-3.77074930555467,8.50536467205718,1.34092344739582));
#6436=CARTESIAN_POINT('Ctrl Pts',(-3.83632367662019,8.49443576796336,1.1349051906595));
#6437=CARTESIAN_POINT('Ctrl Pts',(-3.85831422845251,8.49049216311982,1.0576648079644));
#6438=CARTESIAN_POINT('Ctrl Pts',(-3.90202321914369,8.48189875068441,0.884175150876955));
#6439=CARTESIAN_POINT('Ctrl Pts',(-3.92252400845395,8.4772868879393,0.787665527189429));
#6440=CARTESIAN_POINT('Ctrl Pts',(-3.96036564296186,8.46702366512716,0.569973048263107));
#6441=CARTESIAN_POINT('Ctrl Pts',(-3.97574415662014,8.46139178723959,0.448567442202114));
#6442=CARTESIAN_POINT('Ctrl Pts',(-4.00084239878735,8.44659993676781,0.135319429142646));
#6443=CARTESIAN_POINT('Ctrl Pts',(-4.00239966974919,8.43731489745687,-0.0569237028510909));
#6444=CARTESIAN_POINT('Ctrl Pts',(-3.9740754703924,8.41482290024419,-0.509226563330791));
#6445=CARTESIAN_POINT('Ctrl Pts',(-3.93254172513328,8.40140662034043,-0.768685690540689));
#6446=CARTESIAN_POINT('Ctrl Pts',(-3.82179439248868,8.37856953257082,-1.19127489803367));
#6447=CARTESIAN_POINT('Ctrl Pts',(-3.76632013724724,8.36924608238003,-1.35748420169315));
#6448=CARTESIAN_POINT('Ctrl Pts',(-3.66404549241072,8.35519042364546,-1.60709500639396));
#6449=CARTESIAN_POINT('Ctrl Pts',(-3.62507033020893,8.35034893620763,-1.69325521649589));
#6450=CARTESIAN_POINT('Ctrl Pts',(-3.52919687889839,8.33967114946885,-1.88621229941849));
#6451=CARTESIAN_POINT('Ctrl Pts',(-3.47045658658412,8.33391231623808,-1.99190137664583));
#6452=CARTESIAN_POINT('Ctrl Pts',(-3.29311999725336,8.31808013048749,-2.27937938485224));
#6453=CARTESIAN_POINT('Ctrl Pts',(-3.16412476083628,8.30822016768844,-2.45473178057044));
#6454=CARTESIAN_POINT('Ctrl Pts',(-2.93658555322115,8.29168162845115,-2.71671054175449));
#6455=CARTESIAN_POINT('Ctrl Pts',(-2.84659563639359,8.28529989210227,-2.81067027299924));
#6456=CARTESIAN_POINT('Ctrl Pts',(-2.55537176916548,8.26516262161107,-3.08688447679138));
#6457=CARTESIAN_POINT('Ctrl Pts',(-2.33953797993483,8.25093451080589,-3.25398185382019));
#6458=CARTESIAN_POINT('Ctrl Pts',(-1.91604271399721,8.22482720123858,-3.51809114737738));
#6459=CARTESIAN_POINT('Ctrl Pts',(-1.71270721678687,8.21287004758023,-3.6220498244162));
#6460=CARTESIAN_POINT('Ctrl Pts',(-1.38397915960281,8.19517720116828,-3.7549758193885));
#6461=CARTESIAN_POINT('Ctrl Pts',(-1.26465893517811,8.189098386816,-3.79660965496485));
#6462=CARTESIAN_POINT('Ctrl Pts',(-0.951652365769743,8.17366332199589,-3.88938303756525));
#6463=CARTESIAN_POINT('Ctrl Pts',(-0.755389106297712,8.16447369606866,-3.93179048766812));
#6464=CARTESIAN_POINT('Ctrl Pts',(-0.415415391163824,8.1483830968823,-3.97921352766746));
#6465=CARTESIAN_POINT('Ctrl Pts',(-0.272691579543531,8.14157623873266,-3.99145027690062));
#6466=CARTESIAN_POINT('Ctrl Pts',(-0.000141253004323286,8.1280965981794,
-4.00024824333027));
#6467=CARTESIAN_POINT('Ctrl Pts',(0.129646309763251,8.12146861651994,-3.99816601689873));
#6468=CARTESIAN_POINT('Ctrl Pts',(0.456223839058542,8.1044498786398,-3.9772232045365));
#6469=CARTESIAN_POINT('Ctrl Pts',(0.652546675919886,8.09390464753487,-3.9501279910021));
#6470=CARTESIAN_POINT('Ctrl Pts',(0.995468933302741,8.07544138260049,-3.87665287211098));
#6471=CARTESIAN_POINT('Ctrl Pts',(1.14332583801383,8.06746744258646,-3.83598884473809));
#6472=CARTESIAN_POINT('Ctrl Pts',(1.44481492415056,8.05144621739286,-3.73369451922443));
#6473=CARTESIAN_POINT('Ctrl Pts',(1.59722875562903,8.04349967301762,-3.6708533155737));
#6474=CARTESIAN_POINT('Ctrl Pts',(1.9574071170426,8.02436237145913,-3.49540400893458));
#6475=CARTESIAN_POINT('Ctrl Pts',(2.16034167308667,8.01332369622879,-3.37312775629622));
#6476=CARTESIAN_POINT('Ctrl Pts',(2.35110774278379,8.00204636226322,-3.23420182989058));
#6477=CARTESIAN_POINT('Ctrl Pts',(1.938293291897,12.56098076639,3.525742409211));
#6478=CARTESIAN_POINT('Ctrl Pts',(1.458313945677,12.53389743306,3.789613287752));
#6479=CARTESIAN_POINT('Ctrl Pts',(0.3893445609522,12.47973076639,4.118444385845));
#6480=CARTESIAN_POINT('Ctrl Pts',(-1.278358038862,12.39848076639,3.934357701906));
#6481=CARTESIAN_POINT('Ctrl Pts',(-2.735727653152,12.31723076639,3.103075384588));
#6482=CARTESIAN_POINT('Ctrl Pts',(-3.74311009207,12.23598076639,1.761373963477));
#6483=CARTESIAN_POINT('Ctrl Pts',(-4.134781607033,12.15473076639,0.1299406529772));
#6484=CARTESIAN_POINT('Ctrl Pts',(-3.846320856468,12.07348076639,-1.522866112025));
#6485=CARTESIAN_POINT('Ctrl Pts',(-2.92517562567,11.99223076639,-2.925175645814));
#6486=CARTESIAN_POINT('Ctrl Pts',(-1.522866142175,11.91098076639,-3.846320806044));
#6487=CARTESIAN_POINT('Ctrl Pts',(0.1299407534363,11.82973076639,-4.134781788583));
#6488=CARTESIAN_POINT('Ctrl Pts',(1.761373591791,11.74848076639,-3.743109416293));
#6489=CARTESIAN_POINT('Ctrl Pts',(3.103076770871,11.66723076639,-2.735730174708));
#6490=CARTESIAN_POINT('Ctrl Pts',(3.934352528457,11.58598076639,-1.278348628415));
#6491=CARTESIAN_POINT('Ctrl Pts',(4.118463693359,11.50473076639,0.3893094407208));
#6492=CARTESIAN_POINT('Ctrl Pts',(3.625125682099,11.42348076639,1.992929708519));
#6493=CARTESIAN_POINT('Ctrl Pts',(2.535488033512,11.34223076639,3.268731476587));
#6494=CARTESIAN_POINT('Ctrl Pts',(1.028786060144,11.26098076639,4.006857156996));
#6495=CARTESIAN_POINT('Ctrl Pts',(-0.6471417024397,11.17973076639,4.085891903988));
#6496=CARTESIAN_POINT('Ctrl Pts',(-2.216620641918,11.09848076639,3.492835232864));
#6497=CARTESIAN_POINT('Ctrl Pts',(-3.421485992573,11.01723076639,2.325239479438));
#6498=CARTESIAN_POINT('Ctrl Pts',(-4.063548550877,10.93598076639,0.7751633432902));
#6499=CARTESIAN_POINT('Ctrl Pts',(-4.037194965944,10.85473076639,-0.9024199915075));
#6500=CARTESIAN_POINT('Ctrl Pts',(-3.346760158689,10.77348076639,-2.431563586322));
#6501=CARTESIAN_POINT('Ctrl Pts',(-2.10581426744,10.69223076639,-3.560737466475));
#6502=CARTESIAN_POINT('Ctrl Pts',(-0.5184814108593,10.61098076639,-4.104202975086));
#6503=CARTESIAN_POINT('Ctrl Pts',(1.154136841145,10.52973076639,-3.972565063787));
#6504=CARTESIAN_POINT('Ctrl Pts',(2.636910260126,10.44848076639,-3.187476951157));
#6505=CARTESIAN_POINT('Ctrl Pts',(3.685936336343,10.36723076639,-1.878078368583));
#6506=CARTESIAN_POINT('Ctrl Pts',(4.128659985185,10.28598076639,-0.2597532691714));
#6507=CARTESIAN_POINT('Ctrl Pts',(3.892257262217,10.20473076639,1.401298839946));
#6508=CARTESIAN_POINT('Ctrl Pts',(3.015614228318,10.12348076639,2.831850253823));
#6509=CARTESIAN_POINT('Ctrl Pts',(1.642930552418,10.04223076639,3.796588499435));
#6510=CARTESIAN_POINT('Ctrl Pts',(-5.828670879282E-14,9.960980766394,4.136823060528));
#6511=CARTESIAN_POINT('Ctrl Pts',(-1.642930552418,9.879730766394,3.796588499435));
#6512=CARTESIAN_POINT('Ctrl Pts',(-3.015614228318,9.798480766394,2.831850253823));
#6513=CARTESIAN_POINT('Ctrl Pts',(-3.892257262217,9.717230766394,1.401298839946));
#6514=CARTESIAN_POINT('Ctrl Pts',(-4.128659985185,9.635980766394,-0.2597532691714));
#6515=CARTESIAN_POINT('Ctrl Pts',(-3.685936336343,9.554730766394,-1.878078368583));
#6516=CARTESIAN_POINT('Ctrl Pts',(-2.636910260126,9.473480766394,-3.187476951157));
#6517=CARTESIAN_POINT('Ctrl Pts',(-1.154136841145,9.392230766394,-3.972565063787));
#6518=CARTESIAN_POINT('Ctrl Pts',(0.5184814108594,9.310980766394,-4.104202975086));
#6519=CARTESIAN_POINT('Ctrl Pts',(2.10581426744,9.229730766394,-3.560737466475));
#6520=CARTESIAN_POINT('Ctrl Pts',(3.346760158689,9.148480766394,-2.431563586321));
#6521=CARTESIAN_POINT('Ctrl Pts',(4.037194965944,9.067230766394,-0.9024199915074));
#6522=CARTESIAN_POINT('Ctrl Pts',(4.063548550877,8.985980766394,0.7751633432903));
#6523=CARTESIAN_POINT('Ctrl Pts',(3.421485992573,8.904730766394,2.325239479438));
#6524=CARTESIAN_POINT('Ctrl Pts',(2.216620641918,8.823480766394,3.492835232864));
#6525=CARTESIAN_POINT('Ctrl Pts',(0.6471417024396,8.742230766394,4.085891903988));
#6526=CARTESIAN_POINT('Ctrl Pts',(-1.028786060144,8.660980766394,4.006857156996));
#6527=CARTESIAN_POINT('Ctrl Pts',(-2.535488033512,8.579730766394,3.268731476587));
#6528=CARTESIAN_POINT('Ctrl Pts',(-3.625125682099,8.498480766394,1.992929708519));
#6529=CARTESIAN_POINT('Ctrl Pts',(-4.118463693359,8.417230766394,0.3893094407207));
#6530=CARTESIAN_POINT('Ctrl Pts',(-3.934352528457,8.335980766394,-1.278348628415));
#6531=CARTESIAN_POINT('Ctrl Pts',(-3.103076770871,8.254730766394,-2.735730174708));
#6532=CARTESIAN_POINT('Ctrl Pts',(-1.761373591791,8.173480766394,-3.743109416293));
#6533=CARTESIAN_POINT('Ctrl Pts',(-0.1299407534362,8.092230766394,-4.134781788583));
#6534=CARTESIAN_POINT('Ctrl Pts',(1.522866142175,8.010980766394,-3.846320806044));
#6535=CARTESIAN_POINT('Ctrl Pts',(2.92517562567,7.929730766394,-2.925175645814));
#6536=CARTESIAN_POINT('Ctrl Pts',(3.846320856468,7.848480766394,-1.522866112024));
#6537=CARTESIAN_POINT('Ctrl Pts',(4.134781607033,7.767230766394,0.1299406529773));
#6538=CARTESIAN_POINT('Ctrl Pts',(3.74311009207,7.685980766394,1.761373963477));
#6539=CARTESIAN_POINT('Ctrl Pts',(2.735727653152,7.604730766394,3.103075384588));
#6540=CARTESIAN_POINT('Ctrl Pts',(1.278358038862,7.523480766394,3.934357701906));
#6541=CARTESIAN_POINT('Ctrl Pts',(-0.3893445609522,7.442230766394,4.118444385845));
#6542=CARTESIAN_POINT('Ctrl Pts',(-1.458313945677,7.388064099727,3.789613287752));
#6543=CARTESIAN_POINT('Ctrl Pts',(-1.938293291897,7.360980766394,3.525742409211));
#6544=CARTESIAN_POINT('Ctrl Pts',(1.882598860827,12.75366025546,3.424434615183));
#6545=CARTESIAN_POINT('Ctrl Pts',(1.416411120204,12.72657692213,3.680723494386));
#6546=CARTESIAN_POINT('Ctrl Pts',(0.3781572324384,12.67241025546,4.00010604256));
#6547=CARTESIAN_POINT('Ctrl Pts',(-1.241626021073,12.59116025546,3.821308859014));
#6548=CARTESIAN_POINT('Ctrl Pts',(-2.65711994407,12.50991025546,3.013912398348));
#6549=CARTESIAN_POINT('Ctrl Pts',(-3.635556509811,12.42866025546,1.710763087813));
#6550=CARTESIAN_POINT('Ctrl Pts',(-4.01597383415,12.34741025546,0.1262069709949));
#6551=CARTESIAN_POINT('Ctrl Pts',(-3.73580164211,12.26616025546,-1.479108460868));
#6552=CARTESIAN_POINT('Ctrl Pts',(-2.841124366279,12.18491025546,-2.841124385844));
#6553=CARTESIAN_POINT('Ctrl Pts',(-1.479108490153,12.10366025546,-3.735801593136));
#6554=CARTESIAN_POINT('Ctrl Pts',(0.1262070685674,12.02241025546,-4.015974010483));
#6555=CARTESIAN_POINT('Ctrl Pts',(1.710762726807,11.94116025546,-3.635555853452));
#6556=CARTESIAN_POINT('Ctrl Pts',(3.013913744799,11.85991025546,-2.657122393172));
#6557=CARTESIAN_POINT('Ctrl Pts',(3.821303834217,11.77866025546,-1.241616881024));
#6558=CARTESIAN_POINT('Ctrl Pts',(4.000124795296,11.69741025546,0.3781231213428));
#6559=CARTESIAN_POINT('Ctrl Pts',(3.520962234148,11.61616025546,1.935665368419));
#6560=CARTESIAN_POINT('Ctrl Pts',(2.462633959207,11.53491025546,3.17480856994));
#6561=CARTESIAN_POINT('Ctrl Pts',(0.9992251807078,11.45366025546,3.891725133028));
#6562=CARTESIAN_POINT('Ctrl Pts',(-0.6285468958179,11.37241025546,3.968488915514));
#6563=CARTESIAN_POINT('Ctrl Pts',(-2.1529288229,11.29116025546,3.39247298535));
#6564=CARTESIAN_POINT('Ctrl Pts',(-3.323173876152,11.20991025546,2.258426634111));
#6565=CARTESIAN_POINT('Ctrl Pts',(-3.946787570682,11.12866025546,0.7528899950969));
#6566=CARTESIAN_POINT('Ctrl Pts',(-3.921191223018,11.04741025546,-0.8764900828484));
#6567=CARTESIAN_POINT('Ctrl Pts',(-3.250595195551,10.96616025546,-2.361695650897));
#6568=CARTESIAN_POINT('Ctrl Pts',(-2.045306330867,10.88491025546,-3.458424133289));
#6569=CARTESIAN_POINT('Ctrl Pts',(-0.503583496638,10.80366025546,-3.986273840909));
#6570=CARTESIAN_POINT('Ctrl Pts',(1.120974163952,10.72241025546,-3.858418380186));
#6571=CARTESIAN_POINT('Ctrl Pts',(2.561141945117,10.64116025546,-3.09588879157));
#6572=CARTESIAN_POINT('Ctrl Pts',(3.580025570376,10.55991025546,-1.824114137947));
#6573=CARTESIAN_POINT('Ctrl Pts',(4.010028109442,10.47866025546,-0.2522895841833));
#6574=CARTESIAN_POINT('Ctrl Pts',(3.780418122751,10.39741025546,1.361034272155));
#6575=CARTESIAN_POINT('Ctrl Pts',(2.928964328906,10.31616025546,2.750480582153));
#6576=CARTESIAN_POINT('Ctrl Pts',(1.595722999883,10.23491025546,3.687498282094));
#6577=CARTESIAN_POINT('Ctrl Pts',(-5.679731025204E-14,10.15366025546,4.017956629035));
#6578=CARTESIAN_POINT('Ctrl Pts',(-1.595722999883,10.07241025546,3.687498282094));
#6579=CARTESIAN_POINT('Ctrl Pts',(-2.928964328906,9.991160255465,2.750480582153));
#6580=CARTESIAN_POINT('Ctrl Pts',(-3.780418122751,9.909910255465,1.361034272155));
#6581=CARTESIAN_POINT('Ctrl Pts',(-4.010028109442,9.828660255465,-0.2522895841834));
#6582=CARTESIAN_POINT('Ctrl Pts',(-3.580025570376,9.747410255465,-1.824114137947));
#6583=CARTESIAN_POINT('Ctrl Pts',(-2.561141945116,9.666160255465,-3.09588879157));
#6584=CARTESIAN_POINT('Ctrl Pts',(-1.120974163952,9.584910255465,-3.858418380186));
#6585=CARTESIAN_POINT('Ctrl Pts',(0.5035834966381,9.503660255465,-3.986273840909));
#6586=CARTESIAN_POINT('Ctrl Pts',(2.045306330867,9.422410255465,-3.458424133289));
#6587=CARTESIAN_POINT('Ctrl Pts',(3.250595195551,9.341160255465,-2.361695650897));
#6588=CARTESIAN_POINT('Ctrl Pts',(3.921191223018,9.259910255465,-0.8764900828483));
#6589=CARTESIAN_POINT('Ctrl Pts',(3.946787570682,9.178660255465,0.752889995097));
#6590=CARTESIAN_POINT('Ctrl Pts',(3.323173876152,9.097410255465,2.258426634111));
#6591=CARTESIAN_POINT('Ctrl Pts',(2.1529288229,9.016160255465,3.39247298535));
#6592=CARTESIAN_POINT('Ctrl Pts',(0.6285468958178,8.934910255465,3.968488915515));
#6593=CARTESIAN_POINT('Ctrl Pts',(-0.9992251807079,8.853660255465,3.891725133028));
#6594=CARTESIAN_POINT('Ctrl Pts',(-2.462633959207,8.772410255465,3.17480856994));
#6595=CARTESIAN_POINT('Ctrl Pts',(-3.520962234148,8.691160255465,1.935665368419));
#6596=CARTESIAN_POINT('Ctrl Pts',(-4.000124795296,8.609910255465,0.3781231213428));
#6597=CARTESIAN_POINT('Ctrl Pts',(-3.821303834217,8.528660255465,-1.241616881024));
#6598=CARTESIAN_POINT('Ctrl Pts',(-3.013913744799,8.447410255465,-2.657122393172));
#6599=CARTESIAN_POINT('Ctrl Pts',(-1.710762726807,8.366160255465,-3.635555853452));
#6600=CARTESIAN_POINT('Ctrl Pts',(-0.1262070685673,8.284910255465,-4.015974010483));
#6601=CARTESIAN_POINT('Ctrl Pts',(1.479108490153,8.203660255465,-3.735801593136));
#6602=CARTESIAN_POINT('Ctrl Pts',(2.84112436628,8.122410255465,-2.841124385844));
#6603=CARTESIAN_POINT('Ctrl Pts',(3.73580164211,8.041160255465,-1.479108460868));
#6604=CARTESIAN_POINT('Ctrl Pts',(4.01597383415,7.959910255465,0.1262069709949));
#6605=CARTESIAN_POINT('Ctrl Pts',(3.635556509811,7.878660255465,1.710763087813));
#6606=CARTESIAN_POINT('Ctrl Pts',(2.65711994407,7.797410255465,3.013912398348));
#6607=CARTESIAN_POINT('Ctrl Pts',(1.241626021073,7.716160255465,3.821308859014));
#6608=CARTESIAN_POINT('Ctrl Pts',(-0.3781572324384,7.634910255465,4.00010604256));
#6609=CARTESIAN_POINT('Ctrl Pts',(-1.416411120204,7.580743588798,3.680723494385));
#6610=CARTESIAN_POINT('Ctrl Pts',(-1.882598860827,7.553660255465,3.424434615183));
#6611=CARTESIAN_POINT('Ctrl Pts',(1.826904429756,12.94633974454,3.323126821155));
#6612=CARTESIAN_POINT('Ctrl Pts',(1.374508294731,12.9192564112,3.571833701019));
#6613=CARTESIAN_POINT('Ctrl Pts',(0.3669699039246,12.86508974454,3.881767699274));
#6614=CARTESIAN_POINT('Ctrl Pts',(-1.204894003284,12.78383974454,3.708260016122));
#6615=CARTESIAN_POINT('Ctrl Pts',(-2.578512234988,12.70258974454,2.924749412109));
#6616=CARTESIAN_POINT('Ctrl Pts',(-3.528002927552,12.62133974454,1.660152212148));
#6617=CARTESIAN_POINT('Ctrl Pts',(-3.897166061267,12.54008974454,0.1224732890125));
#6618=CARTESIAN_POINT('Ctrl Pts',(-3.625282427753,12.45883974454,-1.435350809712));
#6619=CARTESIAN_POINT('Ctrl Pts',(-2.757073106889,12.37758974454,-2.757073125875));
#6620=CARTESIAN_POINT('Ctrl Pts',(-1.43535083813,12.29633974454,-3.625282380227));
#6621=CARTESIAN_POINT('Ctrl Pts',(0.1224733836985,12.21508974454,-3.897166232384));
#6622=CARTESIAN_POINT('Ctrl Pts',(1.660151861822,12.13383974454,-3.528002290611));
#6623=CARTESIAN_POINT('Ctrl Pts',(2.924750718727,12.05258974454,-2.578514611636));
#6624=CARTESIAN_POINT('Ctrl Pts',(3.708255139978,11.97133974454,-1.204885133632));
#6625=CARTESIAN_POINT('Ctrl Pts',(3.881785897234,11.89008974454,0.3669368019649));
#6626=CARTESIAN_POINT('Ctrl Pts',(3.416798786198,11.80883974454,1.87840102832));
#6627=CARTESIAN_POINT('Ctrl Pts',(2.389779884903,11.72758974454,3.080885663292));
#6628=CARTESIAN_POINT('Ctrl Pts',(0.9696643012722,11.64633974454,3.776593109061));
#6629=CARTESIAN_POINT('Ctrl Pts',(-0.609952089196,11.56508974454,3.851085927041));
#6630=CARTESIAN_POINT('Ctrl Pts',(-2.089237003883,11.48383974454,3.292110737836));
#6631=CARTESIAN_POINT('Ctrl Pts',(-3.224861759731,11.40258974454,2.191613788784));
#6632=CARTESIAN_POINT('Ctrl Pts',(-3.830026590486,11.32133974454,0.7306166469037));
#6633=CARTESIAN_POINT('Ctrl Pts',(-3.805187480092,11.24008974454,-0.8505601741892));
#6634=CARTESIAN_POINT('Ctrl Pts',(-3.154430232412,11.15883974454,-2.291827715473));
#6635=CARTESIAN_POINT('Ctrl Pts',(-1.984798394295,11.07758974454,-3.356110800103));
#6636=CARTESIAN_POINT('Ctrl Pts',(-0.4886855824168,10.99633974454,-3.868344706732));
#6637=CARTESIAN_POINT('Ctrl Pts',(1.087811486759,10.91508974454,-3.744271696584));
#6638=CARTESIAN_POINT('Ctrl Pts',(2.485373630107,10.83383974454,-3.004300631983));
#6639=CARTESIAN_POINT('Ctrl Pts',(3.474114804409,10.75258974454,-1.770149907311));
#6640=CARTESIAN_POINT('Ctrl Pts',(3.891396233699,10.67133974454,-0.2448258991953));
#6641=CARTESIAN_POINT('Ctrl Pts',(3.668578983285,10.59008974454,1.320769704364));
#6642=CARTESIAN_POINT('Ctrl Pts',(2.842314429494,10.50883974454,2.669110910482));
#6643=CARTESIAN_POINT('Ctrl Pts',(1.548515447348,10.42758974454,3.578408064753));
#6644=CARTESIAN_POINT('Ctrl Pts',(-5.507840908434E-14,10.34633974454,3.899090197542));
#6645=CARTESIAN_POINT('Ctrl Pts',(-1.548515447348,10.26508974454,3.578408064753));
#6646=CARTESIAN_POINT('Ctrl Pts',(-2.842314429494,10.18383974454,2.669110910482));
#6647=CARTESIAN_POINT('Ctrl Pts',(-3.668578983285,10.10258974454,1.320769704364));
#6648=CARTESIAN_POINT('Ctrl Pts',(-3.891396233699,10.02133974454,-0.2448258991953));
#6649=CARTESIAN_POINT('Ctrl Pts',(-3.474114804409,9.940089744535,-1.770149907312));
#6650=CARTESIAN_POINT('Ctrl Pts',(-2.485373630107,9.858839744535,-3.004300631983));
#6651=CARTESIAN_POINT('Ctrl Pts',(-1.087811486759,9.777589744535,-3.744271696584));
#6652=CARTESIAN_POINT('Ctrl Pts',(0.4886855824169,9.696339744535,-3.868344706732));
#6653=CARTESIAN_POINT('Ctrl Pts',(1.984798394295,9.615089744535,-3.356110800103));
#6654=CARTESIAN_POINT('Ctrl Pts',(3.154430232412,9.533839744535,-2.291827715473));
#6655=CARTESIAN_POINT('Ctrl Pts',(3.805187480092,9.452589744535,-0.8505601741892));
#6656=CARTESIAN_POINT('Ctrl Pts',(3.830026590486,9.371339744535,0.7306166469038));
#6657=CARTESIAN_POINT('Ctrl Pts',(3.224861759731,9.290089744535,2.191613788784));
#6658=CARTESIAN_POINT('Ctrl Pts',(2.089237003883,9.208839744535,3.292110737836));
#6659=CARTESIAN_POINT('Ctrl Pts',(0.6099520891959,9.127589744535,3.851085927041));
#6660=CARTESIAN_POINT('Ctrl Pts',(-0.9696643012722,9.046339744535,3.776593109061));
#6661=CARTESIAN_POINT('Ctrl Pts',(-2.389779884903,8.965089744535,3.080885663292));
#6662=CARTESIAN_POINT('Ctrl Pts',(-3.416798786198,8.883839744535,1.87840102832));
#6663=CARTESIAN_POINT('Ctrl Pts',(-3.881785897234,8.802589744535,0.3669368019648));
#6664=CARTESIAN_POINT('Ctrl Pts',(-3.708255139978,8.721339744535,-1.204885133632));
#6665=CARTESIAN_POINT('Ctrl Pts',(-2.924750718727,8.640089744535,-2.578514611636));
#6666=CARTESIAN_POINT('Ctrl Pts',(-1.660151861822,8.558839744535,-3.528002290611));
#6667=CARTESIAN_POINT('Ctrl Pts',(-0.1224733836984,8.477589744535,-3.897166232384));
#6668=CARTESIAN_POINT('Ctrl Pts',(1.43535083813,8.396339744535,-3.625282380227));
#6669=CARTESIAN_POINT('Ctrl Pts',(2.757073106889,8.315089744535,-2.757073125875));
#6670=CARTESIAN_POINT('Ctrl Pts',(3.625282427753,8.233839744535,-1.435350809712));
#6671=CARTESIAN_POINT('Ctrl Pts',(3.897166061267,8.152589744535,0.1224732890126));
#6672=CARTESIAN_POINT('Ctrl Pts',(3.528002927552,8.071339744535,1.660152212148));
#6673=CARTESIAN_POINT('Ctrl Pts',(2.578512234988,7.990089744535,2.924749412109));
#6674=CARTESIAN_POINT('Ctrl Pts',(1.204894003284,7.908839744535,3.708260016122));
#6675=CARTESIAN_POINT('Ctrl Pts',(-0.3669699039246,7.827589744535,3.881767699274));
#6676=CARTESIAN_POINT('Ctrl Pts',(-1.374508294731,7.773423077869,3.571833701019));
#6677=CARTESIAN_POINT('Ctrl Pts',(-1.826904429757,7.746339744535,3.323126821155));
#6678=CARTESIAN_POINT('Ctrl Pts',(1.771209998686,13.13901923361,3.221819027127));
#6679=CARTESIAN_POINT('Ctrl Pts',(1.332605469257,13.11193590027,3.462943907653));
#6680=CARTESIAN_POINT('Ctrl Pts',(0.3557825754108,13.05776923361,3.763429355989));
#6681=CARTESIAN_POINT('Ctrl Pts',(-1.168161985495,12.97651923361,3.59521117323));
#6682=CARTESIAN_POINT('Ctrl Pts',(-2.499904525906,12.89526923361,2.83558642587));
#6683=CARTESIAN_POINT('Ctrl Pts',(-3.420449345294,12.81401923361,1.609541336483));
#6684=CARTESIAN_POINT('Ctrl Pts',(-3.778358288385,12.73276923361,0.1187396070302));
#6685=CARTESIAN_POINT('Ctrl Pts',(-3.514763213395,12.65151923361,-1.391593158556));
#6686=CARTESIAN_POINT('Ctrl Pts',(-2.673021847498,12.57026923361,-2.673021865905));
#6687=CARTESIAN_POINT('Ctrl Pts',(-1.391593186107,12.48901923361,-3.514763167318));
#6688=CARTESIAN_POINT('Ctrl Pts',(0.1187396988295,12.40776923361,-3.778358454285));
#6689=CARTESIAN_POINT('Ctrl Pts',(1.609540996837,12.32651923361,-3.42044872777));
#6690=CARTESIAN_POINT('Ctrl Pts',(2.835587692655,12.24526923361,-2.4999068301));
#6691=CARTESIAN_POINT('Ctrl Pts',(3.595206445738,12.16401923361,-1.16815338624));
#6692=CARTESIAN_POINT('Ctrl Pts',(3.763446999171,12.08276923361,0.355750482587));
#6693=CARTESIAN_POINT('Ctrl Pts',(3.312635338248,12.00151923361,1.821136688221));
#6694=CARTESIAN_POINT('Ctrl Pts',(2.316925810598,11.92026923361,2.986962756645));
#6695=CARTESIAN_POINT('Ctrl Pts',(0.9401034218365,11.83901923361,3.661461085093));
#6696=CARTESIAN_POINT('Ctrl Pts',(-0.5913572825742,11.75776923361,3.733682938567));
#6697=CARTESIAN_POINT('Ctrl Pts',(-2.025545184865,11.67651923361,3.191748490321));
#6698=CARTESIAN_POINT('Ctrl Pts',(-3.12654964331,11.59526923361,2.124800943458));
#6699=CARTESIAN_POINT('Ctrl Pts',(-3.713265610291,11.51401923361,0.7083432987104));
#6700=CARTESIAN_POINT('Ctrl Pts',(-3.689183737166,11.43276923361,-0.8246302655301));
#6701=CARTESIAN_POINT('Ctrl Pts',(-3.058265269273,11.35151923361,-2.221959780049));
#6702=CARTESIAN_POINT('Ctrl Pts',(-1.924290457723,11.27026923361,-3.253797466917));
#6703=CARTESIAN_POINT('Ctrl Pts',(-0.4737876681955,11.18901923361,-3.750415572555));
#6704=CARTESIAN_POINT('Ctrl Pts',(1.054648809566,11.10776923361,-3.630125012983));
#6705=CARTESIAN_POINT('Ctrl Pts',(2.409605315098,11.02651923361,-2.912712472396));
#6706=CARTESIAN_POINT('Ctrl Pts',(3.368204038441,10.94526923361,-1.716185676676));
#6707=CARTESIAN_POINT('Ctrl Pts',(3.772764357956,10.86401923361,-0.2373622142072));
#6708=CARTESIAN_POINT('Ctrl Pts',(3.556739843819,10.78276923361,1.280505136573));
#6709=CARTESIAN_POINT('Ctrl Pts',(2.755664530082,10.70151923361,2.587741238812));
#6710=CARTESIAN_POINT('Ctrl Pts',(1.501307894814,10.62026923361,3.469317847412));
#6711=CARTESIAN_POINT('Ctrl Pts',(-5.36237720894E-14,10.53901923361,3.780223766049));
#6712=CARTESIAN_POINT('Ctrl Pts',(-1.501307894814,10.45776923361,3.469317847412));
#6713=CARTESIAN_POINT('Ctrl Pts',(-2.755664530082,10.37651923361,2.587741238811));
#6714=CARTESIAN_POINT('Ctrl Pts',(-3.556739843819,10.29526923361,1.280505136573));
#6715=CARTESIAN_POINT('Ctrl Pts',(-3.772764357956,10.21401923361,-0.2373622142073));
#6716=CARTESIAN_POINT('Ctrl Pts',(-3.368204038441,10.13276923361,-1.716185676676));
#6717=CARTESIAN_POINT('Ctrl Pts',(-2.409605315098,10.05151923361,-2.912712472396));
#6718=CARTESIAN_POINT('Ctrl Pts',(-1.054648809566,9.970269233606,-3.630125012983));
#6719=CARTESIAN_POINT('Ctrl Pts',(0.4737876681956,9.889019233606,-3.750415572555));
#6720=CARTESIAN_POINT('Ctrl Pts',(1.924290457723,9.807769233606,-3.253797466917));
#6721=CARTESIAN_POINT('Ctrl Pts',(3.058265269274,9.726519233606,-2.221959780049));
#6722=CARTESIAN_POINT('Ctrl Pts',(3.689183737166,9.645269233606,-0.8246302655301));
#6723=CARTESIAN_POINT('Ctrl Pts',(3.713265610291,9.564019233606,0.7083432987105));
#6724=CARTESIAN_POINT('Ctrl Pts',(3.12654964331,9.482769233606,2.124800943458));
#6725=CARTESIAN_POINT('Ctrl Pts',(2.025545184865,9.401519233606,3.191748490321));
#6726=CARTESIAN_POINT('Ctrl Pts',(0.5913572825741,9.320269233606,3.733682938567));
#6727=CARTESIAN_POINT('Ctrl Pts',(-0.9401034218366,9.239019233606,3.661461085093));
#6728=CARTESIAN_POINT('Ctrl Pts',(-2.316925810598,9.157769233606,2.986962756645));
#6729=CARTESIAN_POINT('Ctrl Pts',(-3.312635338248,9.076519233606,1.821136688221));
#6730=CARTESIAN_POINT('Ctrl Pts',(-3.763446999171,8.995269233606,0.3557504825869));
#6731=CARTESIAN_POINT('Ctrl Pts',(-3.595206445738,8.914019233606,-1.16815338624));
#6732=CARTESIAN_POINT('Ctrl Pts',(-2.835587692654,8.832769233606,-2.4999068301));
#6733=CARTESIAN_POINT('Ctrl Pts',(-1.609540996837,8.751519233606,-3.42044872777));
#6734=CARTESIAN_POINT('Ctrl Pts',(-0.1187396988294,8.670269233606,-3.778358454285));
#6735=CARTESIAN_POINT('Ctrl Pts',(1.391593186107,8.589019233606,-3.514763167318));
#6736=CARTESIAN_POINT('Ctrl Pts',(2.673021847498,8.507769233606,-2.673021865905));
#6737=CARTESIAN_POINT('Ctrl Pts',(3.514763213395,8.426519233606,-1.391593158556));
#6738=CARTESIAN_POINT('Ctrl Pts',(3.778358288385,8.345269233606,0.1187396070302));
#6739=CARTESIAN_POINT('Ctrl Pts',(3.420449345294,8.264019233606,1.609541336483));
#6740=CARTESIAN_POINT('Ctrl Pts',(2.499904525906,8.182769233606,2.83558642587));
#6741=CARTESIAN_POINT('Ctrl Pts',(1.168161985495,8.101519233606,3.59521117323));
#6742=CARTESIAN_POINT('Ctrl Pts',(-0.3557825754108,8.020269233606,3.763429355989));
#6743=CARTESIAN_POINT('Ctrl Pts',(-1.332605469257,7.966102566939,3.462943907653));
#6744=CARTESIAN_POINT('Ctrl Pts',(-1.771209998686,7.939019233606,3.221819027127));
#6745=CARTESIAN_POINT('',(1.567547902909E-14,12.5,4.));
#6746=CARTESIAN_POINT('Ctrl Pts',(1.938293291897,17.56098076639,3.525742409211));
#6747=CARTESIAN_POINT('Ctrl Pts',(1.458313945677,17.53389743306,3.789613287752));
#6748=CARTESIAN_POINT('Ctrl Pts',(0.3893445609521,17.47973076639,4.118444385845));
#6749=CARTESIAN_POINT('Ctrl Pts',(-1.278358038862,17.39848076639,3.934357701906));
#6750=CARTESIAN_POINT('Ctrl Pts',(-2.735727653153,17.31723076639,3.103075384588));
#6751=CARTESIAN_POINT('Ctrl Pts',(-3.74311009207,17.23598076639,1.761373963477));
#6752=CARTESIAN_POINT('Ctrl Pts',(-4.134781607033,17.15473076639,0.1299406529772));
#6753=CARTESIAN_POINT('Ctrl Pts',(-3.846320856468,17.07348076639,-1.522866112025));
#6754=CARTESIAN_POINT('Ctrl Pts',(-2.92517562567,16.99223076639,-2.925175645814));
#6755=CARTESIAN_POINT('Ctrl Pts',(-1.522866142175,16.91098076639,-3.846320806044));
#6756=CARTESIAN_POINT('Ctrl Pts',(0.1299407534363,16.82973076639,-4.134781788583));
#6757=CARTESIAN_POINT('Ctrl Pts',(1.761373591792,16.74848076639,-3.743109416293));
#6758=CARTESIAN_POINT('Ctrl Pts',(3.103076770871,16.66723076639,-2.735730174708));
#6759=CARTESIAN_POINT('Ctrl Pts',(3.934352528457,16.58598076639,-1.278348628415));
#6760=CARTESIAN_POINT('Ctrl Pts',(4.118463693359,16.50473076639,0.3893094407207));
#6761=CARTESIAN_POINT('Ctrl Pts',(3.625125682099,16.42348076639,1.992929708519));
#6762=CARTESIAN_POINT('Ctrl Pts',(2.535488033512,16.34223076639,3.268731476587));
#6763=CARTESIAN_POINT('Ctrl Pts',(1.028786060143,16.26098076639,4.006857156996));
#6764=CARTESIAN_POINT('Ctrl Pts',(-0.6471417024397,16.17973076639,4.085891903988));
#6765=CARTESIAN_POINT('Ctrl Pts',(-2.216620641918,16.09848076639,3.492835232864));
#6766=CARTESIAN_POINT('Ctrl Pts',(-3.421485992573,16.01723076639,2.325239479438));
#6767=CARTESIAN_POINT('Ctrl Pts',(-4.063548550877,15.93598076639,0.7751633432902));
#6768=CARTESIAN_POINT('Ctrl Pts',(-4.037194965944,15.85473076639,-0.9024199915075));
#6769=CARTESIAN_POINT('Ctrl Pts',(-3.346760158689,15.77348076639,-2.431563586322));
#6770=CARTESIAN_POINT('Ctrl Pts',(-2.10581426744,15.69223076639,-3.560737466475));
#6771=CARTESIAN_POINT('Ctrl Pts',(-0.5184814108593,15.61098076639,-4.104202975086));
#6772=CARTESIAN_POINT('Ctrl Pts',(1.154136841145,15.52973076639,-3.972565063787));
#6773=CARTESIAN_POINT('Ctrl Pts',(2.636910260126,15.44848076639,-3.187476951157));
#6774=CARTESIAN_POINT('Ctrl Pts',(3.685936336343,15.36723076639,-1.878078368583));
#6775=CARTESIAN_POINT('Ctrl Pts',(4.128659985185,15.28598076639,-0.2597532691713));
#6776=CARTESIAN_POINT('Ctrl Pts',(3.892257262217,15.20473076639,1.401298839946));
#6777=CARTESIAN_POINT('Ctrl Pts',(3.015614228318,15.12348076639,2.831850253823));
#6778=CARTESIAN_POINT('Ctrl Pts',(1.642930552418,15.04223076639,3.796588499435));
#6779=CARTESIAN_POINT('Ctrl Pts',(-1.59872115546E-14,14.96098076639,4.136823060528));
#6780=CARTESIAN_POINT('Ctrl Pts',(-1.642930552418,14.87973076639,3.796588499435));
#6781=CARTESIAN_POINT('Ctrl Pts',(-3.015614228318,14.79848076639,2.831850253823));
#6782=CARTESIAN_POINT('Ctrl Pts',(-3.892257262217,14.71723076639,1.401298839946));
#6783=CARTESIAN_POINT('Ctrl Pts',(-4.128659985185,14.63598076639,-0.2597532691714));
#6784=CARTESIAN_POINT('Ctrl Pts',(-3.685936336343,14.55473076639,-1.878078368583));
#6785=CARTESIAN_POINT('Ctrl Pts',(-2.636910260126,14.47348076639,-3.187476951157));
#6786=CARTESIAN_POINT('Ctrl Pts',(-1.154136841145,14.39223076639,-3.972565063787));
#6787=CARTESIAN_POINT('Ctrl Pts',(0.5184814108593,14.31098076639,-4.104202975086));
#6788=CARTESIAN_POINT('Ctrl Pts',(2.10581426744,14.22973076639,-3.560737466475));
#6789=CARTESIAN_POINT('Ctrl Pts',(3.346760158689,14.14848076639,-2.431563586322));
#6790=CARTESIAN_POINT('Ctrl Pts',(4.037194965944,14.06723076639,-0.9024199915074));
#6791=CARTESIAN_POINT('Ctrl Pts',(4.063548550877,13.98598076639,0.7751633432903));
#6792=CARTESIAN_POINT('Ctrl Pts',(3.421485992573,13.90473076639,2.325239479438));
#6793=CARTESIAN_POINT('Ctrl Pts',(2.216620641918,13.82348076639,3.492835232864));
#6794=CARTESIAN_POINT('Ctrl Pts',(0.6471417024397,13.74223076639,4.085891903988));
#6795=CARTESIAN_POINT('Ctrl Pts',(-1.028786060144,13.66098076639,4.006857156996));
#6796=CARTESIAN_POINT('Ctrl Pts',(-2.535488033512,13.57973076639,3.268731476587));
#6797=CARTESIAN_POINT('Ctrl Pts',(-3.625125682099,13.49848076639,1.992929708519));
#6798=CARTESIAN_POINT('Ctrl Pts',(-4.118463693359,13.41723076639,0.3893094407208));
#6799=CARTESIAN_POINT('Ctrl Pts',(-3.934352528457,13.33598076639,-1.278348628415));
#6800=CARTESIAN_POINT('Ctrl Pts',(-3.103076770871,13.25473076639,-2.735730174708));
#6801=CARTESIAN_POINT('Ctrl Pts',(-1.761373591791,13.17348076639,-3.743109416293));
#6802=CARTESIAN_POINT('Ctrl Pts',(-0.1299407534363,13.09223076639,-4.134781788583));
#6803=CARTESIAN_POINT('Ctrl Pts',(1.522866142175,13.01098076639,-3.846320806044));
#6804=CARTESIAN_POINT('Ctrl Pts',(2.92517562567,12.92973076639,-2.925175645814));
#6805=CARTESIAN_POINT('Ctrl Pts',(3.846320856468,12.84848076639,-1.522866112025));
#6806=CARTESIAN_POINT('Ctrl Pts',(4.134781607033,12.76723076639,0.1299406529772));
#6807=CARTESIAN_POINT('Ctrl Pts',(3.74311009207,12.68598076639,1.761373963477));
#6808=CARTESIAN_POINT('Ctrl Pts',(2.735727653152,12.60473076639,3.103075384588));
#6809=CARTESIAN_POINT('Ctrl Pts',(1.278358038862,12.52348076639,3.934357701906));
#6810=CARTESIAN_POINT('Ctrl Pts',(-0.3893445609521,12.44223076639,4.118444385845));
#6811=CARTESIAN_POINT('Ctrl Pts',(-1.458313945677,12.38806409973,3.789613287752));
#6812=CARTESIAN_POINT('Ctrl Pts',(-1.938293291897,12.36098076639,3.525742409211));
#6813=CARTESIAN_POINT('Ctrl Pts',(1.882598860827,17.75366025546,3.424434615183));
#6814=CARTESIAN_POINT('Ctrl Pts',(1.416411120204,17.72657692213,3.680723494386));
#6815=CARTESIAN_POINT('Ctrl Pts',(0.3781572324383,17.67241025546,4.00010604256));
#6816=CARTESIAN_POINT('Ctrl Pts',(-1.241626021073,17.59116025546,3.821308859014));
#6817=CARTESIAN_POINT('Ctrl Pts',(-2.65711994407,17.50991025546,3.013912398348));
#6818=CARTESIAN_POINT('Ctrl Pts',(-3.635556509811,17.42866025546,1.710763087812));
#6819=CARTESIAN_POINT('Ctrl Pts',(-4.01597383415,17.34741025546,0.1262069709948));
#6820=CARTESIAN_POINT('Ctrl Pts',(-3.73580164211,17.26616025546,-1.479108460868));
#6821=CARTESIAN_POINT('Ctrl Pts',(-2.841124366279,17.18491025546,-2.841124385844));
#6822=CARTESIAN_POINT('Ctrl Pts',(-1.479108490152,17.10366025546,-3.735801593136));
#6823=CARTESIAN_POINT('Ctrl Pts',(0.1262070685674,17.02241025546,-4.015974010483));
#6824=CARTESIAN_POINT('Ctrl Pts',(1.710762726807,16.94116025546,-3.635555853452));
#6825=CARTESIAN_POINT('Ctrl Pts',(3.013913744799,16.85991025546,-2.657122393172));
#6826=CARTESIAN_POINT('Ctrl Pts',(3.821303834217,16.77866025546,-1.241616881024));
#6827=CARTESIAN_POINT('Ctrl Pts',(4.000124795296,16.69741025546,0.3781231213428));
#6828=CARTESIAN_POINT('Ctrl Pts',(3.520962234148,16.61616025546,1.93566536842));
#6829=CARTESIAN_POINT('Ctrl Pts',(2.462633959207,16.53491025546,3.17480856994));
#6830=CARTESIAN_POINT('Ctrl Pts',(0.9992251807078,16.45366025546,3.891725133028));
#6831=CARTESIAN_POINT('Ctrl Pts',(-0.6285468958179,16.37241025546,3.968488915514));
#6832=CARTESIAN_POINT('Ctrl Pts',(-2.1529288229,16.29116025546,3.39247298535));
#6833=CARTESIAN_POINT('Ctrl Pts',(-3.323173876152,16.20991025546,2.258426634111));
#6834=CARTESIAN_POINT('Ctrl Pts',(-3.946787570682,16.12866025546,0.752889995097));
#6835=CARTESIAN_POINT('Ctrl Pts',(-3.921191223018,16.04741025546,-0.8764900828484));
#6836=CARTESIAN_POINT('Ctrl Pts',(-3.250595195551,15.96616025546,-2.361695650897));
#6837=CARTESIAN_POINT('Ctrl Pts',(-2.045306330867,15.88491025546,-3.458424133289));
#6838=CARTESIAN_POINT('Ctrl Pts',(-0.503583496638,15.80366025546,-3.986273840909));
#6839=CARTESIAN_POINT('Ctrl Pts',(1.120974163952,15.72241025546,-3.858418380186));
#6840=CARTESIAN_POINT('Ctrl Pts',(2.561141945116,15.64116025546,-3.09588879157));
#6841=CARTESIAN_POINT('Ctrl Pts',(3.580025570376,15.55991025546,-1.824114137947));
#6842=CARTESIAN_POINT('Ctrl Pts',(4.010028109442,15.47866025546,-0.2522895841833));
#6843=CARTESIAN_POINT('Ctrl Pts',(3.780418122751,15.39741025546,1.361034272155));
#6844=CARTESIAN_POINT('Ctrl Pts',(2.928964328906,15.31616025546,2.750480582153));
#6845=CARTESIAN_POINT('Ctrl Pts',(1.595722999883,15.23491025546,3.687498282094));
#6846=CARTESIAN_POINT('Ctrl Pts',(-1.560483455042E-14,15.15366025546,4.017956629035));
#6847=CARTESIAN_POINT('Ctrl Pts',(-1.595722999883,15.07241025546,3.687498282094));
#6848=CARTESIAN_POINT('Ctrl Pts',(-2.928964328906,14.99116025546,2.750480582153));
#6849=CARTESIAN_POINT('Ctrl Pts',(-3.780418122751,14.90991025546,1.361034272155));
#6850=CARTESIAN_POINT('Ctrl Pts',(-4.010028109442,14.82866025546,-0.2522895841833));
#6851=CARTESIAN_POINT('Ctrl Pts',(-3.580025570376,14.74741025546,-1.824114137947));
#6852=CARTESIAN_POINT('Ctrl Pts',(-2.561141945116,14.66616025546,-3.09588879157));
#6853=CARTESIAN_POINT('Ctrl Pts',(-1.120974163952,14.58491025546,-3.858418380186));
#6854=CARTESIAN_POINT('Ctrl Pts',(0.5035834966381,14.50366025546,-3.986273840909));
#6855=CARTESIAN_POINT('Ctrl Pts',(2.045306330867,14.42241025546,-3.458424133289));
#6856=CARTESIAN_POINT('Ctrl Pts',(3.250595195551,14.34116025546,-2.361695650897));
#6857=CARTESIAN_POINT('Ctrl Pts',(3.921191223018,14.25991025546,-0.8764900828483));
#6858=CARTESIAN_POINT('Ctrl Pts',(3.946787570682,14.17866025546,0.752889995097));
#6859=CARTESIAN_POINT('Ctrl Pts',(3.323173876152,14.09741025546,2.258426634111));
#6860=CARTESIAN_POINT('Ctrl Pts',(2.1529288229,14.01616025546,3.39247298535));
#6861=CARTESIAN_POINT('Ctrl Pts',(0.6285468958179,13.93491025546,3.968488915514));
#6862=CARTESIAN_POINT('Ctrl Pts',(-0.9992251807079,13.85366025546,3.891725133028));
#6863=CARTESIAN_POINT('Ctrl Pts',(-2.462633959207,13.77241025546,3.17480856994));
#6864=CARTESIAN_POINT('Ctrl Pts',(-3.520962234148,13.69116025546,1.935665368419));
#6865=CARTESIAN_POINT('Ctrl Pts',(-4.000124795296,13.60991025546,0.3781231213429));
#6866=CARTESIAN_POINT('Ctrl Pts',(-3.821303834217,13.52866025546,-1.241616881024));
#6867=CARTESIAN_POINT('Ctrl Pts',(-3.013913744799,13.44741025546,-2.657122393172));
#6868=CARTESIAN_POINT('Ctrl Pts',(-1.710762726807,13.36616025546,-3.635555853452));
#6869=CARTESIAN_POINT('Ctrl Pts',(-0.1262070685674,13.28491025546,-4.015974010483));
#6870=CARTESIAN_POINT('Ctrl Pts',(1.479108490153,13.20366025546,-3.735801593136));
#6871=CARTESIAN_POINT('Ctrl Pts',(2.841124366279,13.12241025546,-2.841124385844));
#6872=CARTESIAN_POINT('Ctrl Pts',(3.73580164211,13.04116025546,-1.479108460868));
#6873=CARTESIAN_POINT('Ctrl Pts',(4.01597383415,12.95991025546,0.1262069709948));
#6874=CARTESIAN_POINT('Ctrl Pts',(3.635556509811,12.87866025546,1.710763087813));
#6875=CARTESIAN_POINT('Ctrl Pts',(2.65711994407,12.79741025546,3.013912398348));
#6876=CARTESIAN_POINT('Ctrl Pts',(1.241626021073,12.71616025546,3.821308859014));
#6877=CARTESIAN_POINT('Ctrl Pts',(-0.3781572324383,12.63491025546,4.00010604256));
#6878=CARTESIAN_POINT('Ctrl Pts',(-1.416411120204,12.5807435888,3.680723494386));
#6879=CARTESIAN_POINT('Ctrl Pts',(-1.882598860827,12.55366025546,3.424434615183));
#6880=CARTESIAN_POINT('Ctrl Pts',(1.826904429756,17.94633974454,3.323126821155));
#6881=CARTESIAN_POINT('Ctrl Pts',(1.374508294731,17.9192564112,3.571833701019));
#6882=CARTESIAN_POINT('Ctrl Pts',(0.3669699039245,17.86508974454,3.881767699274));
#6883=CARTESIAN_POINT('Ctrl Pts',(-1.204894003284,17.78383974454,3.708260016122));
#6884=CARTESIAN_POINT('Ctrl Pts',(-2.578512234988,17.70258974454,2.924749412109));
#6885=CARTESIAN_POINT('Ctrl Pts',(-3.528002927553,17.62133974454,1.660152212148));
#6886=CARTESIAN_POINT('Ctrl Pts',(-3.897166061267,17.54008974454,0.1224732890125));
#6887=CARTESIAN_POINT('Ctrl Pts',(-3.625282427753,17.45883974454,-1.435350809712));
#6888=CARTESIAN_POINT('Ctrl Pts',(-2.757073106889,17.37758974454,-2.757073125875));
#6889=CARTESIAN_POINT('Ctrl Pts',(-1.43535083813,17.29633974454,-3.625282380227));
#6890=CARTESIAN_POINT('Ctrl Pts',(0.1224733836985,17.21508974454,-3.897166232384));
#6891=CARTESIAN_POINT('Ctrl Pts',(1.660151861822,17.13383974454,-3.528002290611));
#6892=CARTESIAN_POINT('Ctrl Pts',(2.924750718727,17.05258974454,-2.578514611636));
#6893=CARTESIAN_POINT('Ctrl Pts',(3.708255139978,16.97133974454,-1.204885133632));
#6894=CARTESIAN_POINT('Ctrl Pts',(3.881785897234,16.89008974454,0.3669368019649));
#6895=CARTESIAN_POINT('Ctrl Pts',(3.416798786198,16.80883974454,1.87840102832));
#6896=CARTESIAN_POINT('Ctrl Pts',(2.389779884903,16.72758974454,3.080885663292));
#6897=CARTESIAN_POINT('Ctrl Pts',(0.9696643012721,16.64633974454,3.776593109061));
#6898=CARTESIAN_POINT('Ctrl Pts',(-0.609952089196,16.56508974454,3.851085927041));
#6899=CARTESIAN_POINT('Ctrl Pts',(-2.089237003883,16.48383974454,3.292110737836));
#6900=CARTESIAN_POINT('Ctrl Pts',(-3.224861759731,16.40258974454,2.191613788784));
#6901=CARTESIAN_POINT('Ctrl Pts',(-3.830026590486,16.32133974454,0.7306166469037));
#6902=CARTESIAN_POINT('Ctrl Pts',(-3.805187480092,16.24008974454,-0.8505601741893));
#6903=CARTESIAN_POINT('Ctrl Pts',(-3.154430232412,16.15883974454,-2.291827715473));
#6904=CARTESIAN_POINT('Ctrl Pts',(-1.984798394295,16.07758974454,-3.356110800103));
#6905=CARTESIAN_POINT('Ctrl Pts',(-0.4886855824168,15.99633974454,-3.868344706732));
#6906=CARTESIAN_POINT('Ctrl Pts',(1.087811486759,15.91508974454,-3.744271696584));
#6907=CARTESIAN_POINT('Ctrl Pts',(2.485373630107,15.83383974454,-3.004300631983));
#6908=CARTESIAN_POINT('Ctrl Pts',(3.474114804409,15.75258974454,-1.770149907312));
#6909=CARTESIAN_POINT('Ctrl Pts',(3.891396233699,15.67133974454,-0.2448258991953));
#6910=CARTESIAN_POINT('Ctrl Pts',(3.668578983285,15.59008974454,1.320769704364));
#6911=CARTESIAN_POINT('Ctrl Pts',(2.842314429494,15.50883974454,2.669110910482));
#6912=CARTESIAN_POINT('Ctrl Pts',(1.548515447348,15.42758974454,3.578408064753));
#6913=CARTESIAN_POINT('Ctrl Pts',(-1.480992839418E-14,15.34633974454,3.899090197542));
#6914=CARTESIAN_POINT('Ctrl Pts',(-1.548515447348,15.26508974454,3.578408064753));
#6915=CARTESIAN_POINT('Ctrl Pts',(-2.842314429494,15.18383974454,2.669110910482));
#6916=CARTESIAN_POINT('Ctrl Pts',(-3.668578983285,15.10258974454,1.320769704364));
#6917=CARTESIAN_POINT('Ctrl Pts',(-3.891396233699,15.02133974454,-0.2448258991953));
#6918=CARTESIAN_POINT('Ctrl Pts',(-3.474114804409,14.94008974454,-1.770149907312));
#6919=CARTESIAN_POINT('Ctrl Pts',(-2.485373630107,14.85883974454,-3.004300631983));
#6920=CARTESIAN_POINT('Ctrl Pts',(-1.087811486759,14.77758974454,-3.744271696584));
#6921=CARTESIAN_POINT('Ctrl Pts',(0.4886855824168,14.69633974454,-3.868344706732));
#6922=CARTESIAN_POINT('Ctrl Pts',(1.984798394295,14.61508974454,-3.356110800103));
#6923=CARTESIAN_POINT('Ctrl Pts',(3.154430232412,14.53383974454,-2.291827715473));
#6924=CARTESIAN_POINT('Ctrl Pts',(3.805187480092,14.45258974454,-0.8505601741892));
#6925=CARTESIAN_POINT('Ctrl Pts',(3.830026590486,14.37133974454,0.7306166469037));
#6926=CARTESIAN_POINT('Ctrl Pts',(3.224861759731,14.29008974454,2.191613788784));
#6927=CARTESIAN_POINT('Ctrl Pts',(2.089237003883,14.20883974454,3.292110737836));
#6928=CARTESIAN_POINT('Ctrl Pts',(0.609952089196,14.12758974454,3.851085927041));
#6929=CARTESIAN_POINT('Ctrl Pts',(-0.9696643012722,14.04633974454,3.776593109061));
#6930=CARTESIAN_POINT('Ctrl Pts',(-2.389779884903,13.96508974454,3.080885663292));
#6931=CARTESIAN_POINT('Ctrl Pts',(-3.416798786198,13.88383974454,1.87840102832));
#6932=CARTESIAN_POINT('Ctrl Pts',(-3.881785897234,13.80258974454,0.3669368019649));
#6933=CARTESIAN_POINT('Ctrl Pts',(-3.708255139978,13.72133974454,-1.204885133632));
#6934=CARTESIAN_POINT('Ctrl Pts',(-2.924750718727,13.64008974454,-2.578514611636));
#6935=CARTESIAN_POINT('Ctrl Pts',(-1.660151861822,13.55883974454,-3.528002290611));
#6936=CARTESIAN_POINT('Ctrl Pts',(-0.1224733836984,13.47758974454,-3.897166232384));
#6937=CARTESIAN_POINT('Ctrl Pts',(1.43535083813,13.39633974454,-3.625282380227));
#6938=CARTESIAN_POINT('Ctrl Pts',(2.757073106889,13.31508974454,-2.757073125875));
#6939=CARTESIAN_POINT('Ctrl Pts',(3.625282427753,13.23383974454,-1.435350809712));
#6940=CARTESIAN_POINT('Ctrl Pts',(3.897166061267,13.15258974454,0.1224732890125));
#6941=CARTESIAN_POINT('Ctrl Pts',(3.528002927553,13.07133974454,1.660152212148));
#6942=CARTESIAN_POINT('Ctrl Pts',(2.578512234988,12.99008974454,2.924749412109));
#6943=CARTESIAN_POINT('Ctrl Pts',(1.204894003284,12.90883974454,3.708260016122));
#6944=CARTESIAN_POINT('Ctrl Pts',(-0.3669699039245,12.82758974454,3.881767699274));
#6945=CARTESIAN_POINT('Ctrl Pts',(-1.374508294731,12.77342307787,3.571833701019));
#6946=CARTESIAN_POINT('Ctrl Pts',(-1.826904429756,12.74633974454,3.323126821155));
#6947=CARTESIAN_POINT('Ctrl Pts',(1.771209998686,18.13901923361,3.221819027127));
#6948=CARTESIAN_POINT('Ctrl Pts',(1.332605469257,18.11193590027,3.462943907653));
#6949=CARTESIAN_POINT('Ctrl Pts',(0.3557825754107,18.05776923361,3.763429355989));
#6950=CARTESIAN_POINT('Ctrl Pts',(-1.168161985495,17.97651923361,3.59521117323));
#6951=CARTESIAN_POINT('Ctrl Pts',(-2.499904525906,17.89526923361,2.83558642587));
#6952=CARTESIAN_POINT('Ctrl Pts',(-3.420449345294,17.81401923361,1.609541336483));
#6953=CARTESIAN_POINT('Ctrl Pts',(-3.778358288385,17.73276923361,0.1187396070301));
#6954=CARTESIAN_POINT('Ctrl Pts',(-3.514763213395,17.65151923361,-1.391593158556));
#6955=CARTESIAN_POINT('Ctrl Pts',(-2.673021847498,17.57026923361,-2.673021865905));
#6956=CARTESIAN_POINT('Ctrl Pts',(-1.391593186107,17.48901923361,-3.514763167318));
#6957=CARTESIAN_POINT('Ctrl Pts',(0.1187396988296,17.40776923361,-3.778358454285));
#6958=CARTESIAN_POINT('Ctrl Pts',(1.609540996837,17.32651923361,-3.42044872777));
#6959=CARTESIAN_POINT('Ctrl Pts',(2.835587692655,17.24526923361,-2.4999068301));
#6960=CARTESIAN_POINT('Ctrl Pts',(3.595206445738,17.16401923361,-1.16815338624));
#6961=CARTESIAN_POINT('Ctrl Pts',(3.763446999171,17.08276923361,0.355750482587));
#6962=CARTESIAN_POINT('Ctrl Pts',(3.312635338248,17.00151923361,1.821136688221));
#6963=CARTESIAN_POINT('Ctrl Pts',(2.316925810598,16.92026923361,2.986962756645));
#6964=CARTESIAN_POINT('Ctrl Pts',(0.9401034218365,16.83901923361,3.661461085093));
#6965=CARTESIAN_POINT('Ctrl Pts',(-0.5913572825742,16.75776923361,3.733682938567));
#6966=CARTESIAN_POINT('Ctrl Pts',(-2.025545184865,16.67651923361,3.191748490321));
#6967=CARTESIAN_POINT('Ctrl Pts',(-3.12654964331,16.59526923361,2.124800943458));
#6968=CARTESIAN_POINT('Ctrl Pts',(-3.713265610291,16.51401923361,0.7083432987104));
#6969=CARTESIAN_POINT('Ctrl Pts',(-3.689183737166,16.43276923361,-0.8246302655301));
#6970=CARTESIAN_POINT('Ctrl Pts',(-3.058265269273,16.35151923361,-2.221959780049));
#6971=CARTESIAN_POINT('Ctrl Pts',(-1.924290457723,16.27026923361,-3.253797466917));
#6972=CARTESIAN_POINT('Ctrl Pts',(-0.4737876681955,16.18901923361,-3.750415572555));
#6973=CARTESIAN_POINT('Ctrl Pts',(1.054648809566,16.10776923361,-3.630125012983));
#6974=CARTESIAN_POINT('Ctrl Pts',(2.409605315098,16.02651923361,-2.912712472396));
#6975=CARTESIAN_POINT('Ctrl Pts',(3.368204038441,15.94526923361,-1.716185676676));
#6976=CARTESIAN_POINT('Ctrl Pts',(3.772764357956,15.86401923361,-0.2373622142072));
#6977=CARTESIAN_POINT('Ctrl Pts',(3.556739843819,15.78276923361,1.280505136573));
#6978=CARTESIAN_POINT('Ctrl Pts',(2.755664530082,15.70151923361,2.587741238812));
#6979=CARTESIAN_POINT('Ctrl Pts',(1.501307894814,15.62026923361,3.469317847412));
#6980=CARTESIAN_POINT('Ctrl Pts',(-1.443289932013E-14,15.53901923361,3.780223766049));
#6981=CARTESIAN_POINT('Ctrl Pts',(-1.501307894814,15.45776923361,3.469317847412));
#6982=CARTESIAN_POINT('Ctrl Pts',(-2.755664530082,15.37651923361,2.587741238812));
#6983=CARTESIAN_POINT('Ctrl Pts',(-3.556739843819,15.29526923361,1.280505136573));
#6984=CARTESIAN_POINT('Ctrl Pts',(-3.772764357956,15.21401923361,-0.2373622142073));
#6985=CARTESIAN_POINT('Ctrl Pts',(-3.368204038441,15.13276923361,-1.716185676676));
#6986=CARTESIAN_POINT('Ctrl Pts',(-2.409605315098,15.05151923361,-2.912712472396));
#6987=CARTESIAN_POINT('Ctrl Pts',(-1.054648809566,14.97026923361,-3.630125012983));
#6988=CARTESIAN_POINT('Ctrl Pts',(0.4737876681955,14.88901923361,-3.750415572555));
#6989=CARTESIAN_POINT('Ctrl Pts',(1.924290457723,14.80776923361,-3.253797466917));
#6990=CARTESIAN_POINT('Ctrl Pts',(3.058265269274,14.72651923361,-2.221959780049));
#6991=CARTESIAN_POINT('Ctrl Pts',(3.689183737166,14.64526923361,-0.8246302655301));
#6992=CARTESIAN_POINT('Ctrl Pts',(3.713265610291,14.56401923361,0.7083432987105));
#6993=CARTESIAN_POINT('Ctrl Pts',(3.12654964331,14.48276923361,2.124800943458));
#6994=CARTESIAN_POINT('Ctrl Pts',(2.025545184865,14.40151923361,3.191748490321));
#6995=CARTESIAN_POINT('Ctrl Pts',(0.5913572825742,14.32026923361,3.733682938567));
#6996=CARTESIAN_POINT('Ctrl Pts',(-0.9401034218365,14.23901923361,3.661461085093));
#6997=CARTESIAN_POINT('Ctrl Pts',(-2.316925810598,14.15776923361,2.986962756645));
#6998=CARTESIAN_POINT('Ctrl Pts',(-3.312635338248,14.07651923361,1.821136688221));
#6999=CARTESIAN_POINT('Ctrl Pts',(-3.763446999171,13.99526923361,0.355750482587));
#7000=CARTESIAN_POINT('Ctrl Pts',(-3.595206445738,13.91401923361,-1.16815338624));
#7001=CARTESIAN_POINT('Ctrl Pts',(-2.835587692655,13.83276923361,-2.4999068301));
#7002=CARTESIAN_POINT('Ctrl Pts',(-1.609540996837,13.75151923361,-3.42044872777));
#7003=CARTESIAN_POINT('Ctrl Pts',(-0.1187396988295,13.67026923361,-3.778358454285));
#7004=CARTESIAN_POINT('Ctrl Pts',(1.391593186107,13.58901923361,-3.514763167318));
#7005=CARTESIAN_POINT('Ctrl Pts',(2.673021847498,13.50776923361,-2.673021865905));
#7006=CARTESIAN_POINT('Ctrl Pts',(3.514763213395,13.42651923361,-1.391593158556));
#7007=CARTESIAN_POINT('Ctrl Pts',(3.778358288385,13.34526923361,0.1187396070301));
#7008=CARTESIAN_POINT('Ctrl Pts',(3.420449345294,13.26401923361,1.609541336483));
#7009=CARTESIAN_POINT('Ctrl Pts',(2.499904525906,13.18276923361,2.83558642587));
#7010=CARTESIAN_POINT('Ctrl Pts',(1.168161985495,13.10151923361,3.59521117323));
#7011=CARTESIAN_POINT('Ctrl Pts',(-0.3557825754108,13.02026923361,3.763429355989));
#7012=CARTESIAN_POINT('Ctrl Pts',(-1.332605469257,12.96610256694,3.462943907653));
#7013=CARTESIAN_POINT('Ctrl Pts',(-1.771209998686,12.93901923361,3.221819027127));
#7014=CARTESIAN_POINT('',(-4.508680958899E-14,17.5,4.));
#7015=CARTESIAN_POINT('Ctrl Pts',(1.938293291897,22.56098076639,3.525742409211));
#7016=CARTESIAN_POINT('Ctrl Pts',(1.458313945677,22.53389743306,3.789613287752));
#7017=CARTESIAN_POINT('Ctrl Pts',(0.3893445609521,22.47973076639,4.118444385845));
#7018=CARTESIAN_POINT('Ctrl Pts',(-1.278358038862,22.39848076639,3.934357701906));
#7019=CARTESIAN_POINT('Ctrl Pts',(-2.735727653152,22.31723076639,3.103075384588));
#7020=CARTESIAN_POINT('Ctrl Pts',(-3.74311009207,22.23598076639,1.761373963477));
#7021=CARTESIAN_POINT('Ctrl Pts',(-4.134781607033,22.15473076639,0.1299406529772));
#7022=CARTESIAN_POINT('Ctrl Pts',(-3.846320856468,22.07348076639,-1.522866112025));
#7023=CARTESIAN_POINT('Ctrl Pts',(-2.92517562567,21.99223076639,-2.925175645814));
#7024=CARTESIAN_POINT('Ctrl Pts',(-1.522866142175,21.91098076639,-3.846320806044));
#7025=CARTESIAN_POINT('Ctrl Pts',(0.1299407534363,21.82973076639,-4.134781788583));
#7026=CARTESIAN_POINT('Ctrl Pts',(1.761373591791,21.74848076639,-3.743109416293));
#7027=CARTESIAN_POINT('Ctrl Pts',(3.103076770871,21.66723076639,-2.735730174708));
#7028=CARTESIAN_POINT('Ctrl Pts',(3.934352528457,21.58598076639,-1.278348628415));
#7029=CARTESIAN_POINT('Ctrl Pts',(4.118463693359,21.50473076639,0.3893094407207));
#7030=CARTESIAN_POINT('Ctrl Pts',(3.625125682099,21.42348076639,1.992929708519));
#7031=CARTESIAN_POINT('Ctrl Pts',(2.535488033512,21.34223076639,3.268731476587));
#7032=CARTESIAN_POINT('Ctrl Pts',(1.028786060144,21.26098076639,4.006857156996));
#7033=CARTESIAN_POINT('Ctrl Pts',(-0.6471417024397,21.17973076639,4.085891903988));
#7034=CARTESIAN_POINT('Ctrl Pts',(-2.216620641918,21.09848076639,3.492835232864));
#7035=CARTESIAN_POINT('Ctrl Pts',(-3.421485992573,21.01723076639,2.325239479438));
#7036=CARTESIAN_POINT('Ctrl Pts',(-4.063548550877,20.93598076639,0.7751633432902));
#7037=CARTESIAN_POINT('Ctrl Pts',(-4.037194965944,20.85473076639,-0.9024199915075));
#7038=CARTESIAN_POINT('Ctrl Pts',(-3.346760158689,20.77348076639,-2.431563586322));
#7039=CARTESIAN_POINT('Ctrl Pts',(-2.10581426744,20.69223076639,-3.560737466475));
#7040=CARTESIAN_POINT('Ctrl Pts',(-0.5184814108593,20.61098076639,-4.104202975086));
#7041=CARTESIAN_POINT('Ctrl Pts',(1.154136841145,20.52973076639,-3.972565063787));
#7042=CARTESIAN_POINT('Ctrl Pts',(2.636910260126,20.44848076639,-3.187476951157));
#7043=CARTESIAN_POINT('Ctrl Pts',(3.685936336343,20.36723076639,-1.878078368583));
#7044=CARTESIAN_POINT('Ctrl Pts',(4.128659985185,20.28598076639,-0.2597532691713));
#7045=CARTESIAN_POINT('Ctrl Pts',(3.892257262217,20.20473076639,1.401298839946));
#7046=CARTESIAN_POINT('Ctrl Pts',(3.015614228318,20.12348076639,2.831850253823));
#7047=CARTESIAN_POINT('Ctrl Pts',(1.642930552418,20.04223076639,3.796588499435));
#7048=CARTESIAN_POINT('Ctrl Pts',(-1.876276911617E-14,19.96098076639,4.136823060528));
#7049=CARTESIAN_POINT('Ctrl Pts',(-1.642930552418,19.87973076639,3.796588499435));
#7050=CARTESIAN_POINT('Ctrl Pts',(-3.015614228318,19.79848076639,2.831850253823));
#7051=CARTESIAN_POINT('Ctrl Pts',(-3.892257262217,19.71723076639,1.401298839946));
#7052=CARTESIAN_POINT('Ctrl Pts',(-4.128659985185,19.63598076639,-0.2597532691714));
#7053=CARTESIAN_POINT('Ctrl Pts',(-3.685936336343,19.55473076639,-1.878078368583));
#7054=CARTESIAN_POINT('Ctrl Pts',(-2.636910260126,19.47348076639,-3.187476951157));
#7055=CARTESIAN_POINT('Ctrl Pts',(-1.154136841145,19.39223076639,-3.972565063787));
#7056=CARTESIAN_POINT('Ctrl Pts',(0.5184814108594,19.31098076639,-4.104202975086));
#7057=CARTESIAN_POINT('Ctrl Pts',(2.10581426744,19.22973076639,-3.560737466475));
#7058=CARTESIAN_POINT('Ctrl Pts',(3.346760158689,19.14848076639,-2.431563586322));
#7059=CARTESIAN_POINT('Ctrl Pts',(4.037194965944,19.06723076639,-0.9024199915074));
#7060=CARTESIAN_POINT('Ctrl Pts',(4.063548550877,18.98598076639,0.7751633432903));
#7061=CARTESIAN_POINT('Ctrl Pts',(3.421485992573,18.90473076639,2.325239479438));
#7062=CARTESIAN_POINT('Ctrl Pts',(2.216620641918,18.82348076639,3.492835232864));
#7063=CARTESIAN_POINT('Ctrl Pts',(0.6471417024397,18.74223076639,4.085891903988));
#7064=CARTESIAN_POINT('Ctrl Pts',(-1.028786060144,18.66098076639,4.006857156996));
#7065=CARTESIAN_POINT('Ctrl Pts',(-2.535488033512,18.57973076639,3.268731476587));
#7066=CARTESIAN_POINT('Ctrl Pts',(-3.625125682099,18.49848076639,1.992929708519));
#7067=CARTESIAN_POINT('Ctrl Pts',(-4.118463693359,18.41723076639,0.3893094407207));
#7068=CARTESIAN_POINT('Ctrl Pts',(-3.934352528457,18.33598076639,-1.278348628415));
#7069=CARTESIAN_POINT('Ctrl Pts',(-3.103076770871,18.25473076639,-2.735730174708));
#7070=CARTESIAN_POINT('Ctrl Pts',(-1.761373591791,18.17348076639,-3.743109416293));
#7071=CARTESIAN_POINT('Ctrl Pts',(-0.1299407534362,18.09223076639,-4.134781788583));
#7072=CARTESIAN_POINT('Ctrl Pts',(1.522866142175,18.01098076639,-3.846320806044));
#7073=CARTESIAN_POINT('Ctrl Pts',(2.92517562567,17.92973076639,-2.925175645814));
#7074=CARTESIAN_POINT('Ctrl Pts',(3.846320856468,17.84848076639,-1.522866112024));
#7075=CARTESIAN_POINT('Ctrl Pts',(4.134781607033,17.76723076639,0.1299406529772));
#7076=CARTESIAN_POINT('Ctrl Pts',(3.74311009207,17.68598076639,1.761373963477));
#7077=CARTESIAN_POINT('Ctrl Pts',(2.735727653152,17.60473076639,3.103075384588));
#7078=CARTESIAN_POINT('Ctrl Pts',(1.278358038862,17.52348076639,3.934357701906));
#7079=CARTESIAN_POINT('Ctrl Pts',(-0.3893445609522,17.44223076639,4.118444385845));
#7080=CARTESIAN_POINT('Ctrl Pts',(-1.458313945677,17.38806409973,3.789613287752));
#7081=CARTESIAN_POINT('Ctrl Pts',(-1.938293291897,17.36098076639,3.525742409211));
#7082=CARTESIAN_POINT('Ctrl Pts',(1.882598860827,22.75366025546,3.424434615183));
#7083=CARTESIAN_POINT('Ctrl Pts',(1.416411120204,22.72657692213,3.680723494386));
#7084=CARTESIAN_POINT('Ctrl Pts',(0.3781572324383,22.67241025546,4.00010604256));
#7085=CARTESIAN_POINT('Ctrl Pts',(-1.241626021073,22.59116025546,3.821308859014));
#7086=CARTESIAN_POINT('Ctrl Pts',(-2.65711994407,22.50991025546,3.013912398348));
#7087=CARTESIAN_POINT('Ctrl Pts',(-3.635556509811,22.42866025546,1.710763087813));
#7088=CARTESIAN_POINT('Ctrl Pts',(-4.01597383415,22.34741025546,0.1262069709948));
#7089=CARTESIAN_POINT('Ctrl Pts',(-3.73580164211,22.26616025546,-1.479108460868));
#7090=CARTESIAN_POINT('Ctrl Pts',(-2.841124366279,22.18491025546,-2.841124385844));
#7091=CARTESIAN_POINT('Ctrl Pts',(-1.479108490153,22.10366025546,-3.735801593136));
#7092=CARTESIAN_POINT('Ctrl Pts',(0.1262070685674,22.02241025546,-4.015974010483));
#7093=CARTESIAN_POINT('Ctrl Pts',(1.710762726807,21.94116025546,-3.635555853452));
#7094=CARTESIAN_POINT('Ctrl Pts',(3.013913744799,21.85991025546,-2.657122393172));
#7095=CARTESIAN_POINT('Ctrl Pts',(3.821303834217,21.77866025546,-1.241616881024));
#7096=CARTESIAN_POINT('Ctrl Pts',(4.000124795296,21.69741025546,0.3781231213428));
#7097=CARTESIAN_POINT('Ctrl Pts',(3.520962234148,21.61616025546,1.93566536842));
#7098=CARTESIAN_POINT('Ctrl Pts',(2.462633959207,21.53491025546,3.17480856994));
#7099=CARTESIAN_POINT('Ctrl Pts',(0.9992251807078,21.45366025546,3.891725133028));
#7100=CARTESIAN_POINT('Ctrl Pts',(-0.6285468958179,21.37241025546,3.968488915514));
#7101=CARTESIAN_POINT('Ctrl Pts',(-2.1529288229,21.29116025546,3.39247298535));
#7102=CARTESIAN_POINT('Ctrl Pts',(-3.323173876152,21.20991025546,2.258426634111));
#7103=CARTESIAN_POINT('Ctrl Pts',(-3.946787570682,21.12866025546,0.752889995097));
#7104=CARTESIAN_POINT('Ctrl Pts',(-3.921191223018,21.04741025546,-0.8764900828484));
#7105=CARTESIAN_POINT('Ctrl Pts',(-3.250595195551,20.96616025546,-2.361695650897));
#7106=CARTESIAN_POINT('Ctrl Pts',(-2.045306330867,20.88491025546,-3.458424133289));
#7107=CARTESIAN_POINT('Ctrl Pts',(-0.5035834966381,20.80366025546,-3.986273840909));
#7108=CARTESIAN_POINT('Ctrl Pts',(1.120974163952,20.72241025546,-3.858418380186));
#7109=CARTESIAN_POINT('Ctrl Pts',(2.561141945116,20.64116025546,-3.09588879157));
#7110=CARTESIAN_POINT('Ctrl Pts',(3.580025570376,20.55991025546,-1.824114137947));
#7111=CARTESIAN_POINT('Ctrl Pts',(4.010028109442,20.47866025546,-0.2522895841833));
#7112=CARTESIAN_POINT('Ctrl Pts',(3.780418122751,20.39741025546,1.361034272155));
#7113=CARTESIAN_POINT('Ctrl Pts',(2.928964328906,20.31616025546,2.750480582153));
#7114=CARTESIAN_POINT('Ctrl Pts',(1.595722999883,20.23491025546,3.687498282094));
#7115=CARTESIAN_POINT('Ctrl Pts',(-1.793383994625E-14,20.15366025546,4.017956629035));
#7116=CARTESIAN_POINT('Ctrl Pts',(-1.595722999883,20.07241025546,3.687498282094));
#7117=CARTESIAN_POINT('Ctrl Pts',(-2.928964328906,19.99116025546,2.750480582153));
#7118=CARTESIAN_POINT('Ctrl Pts',(-3.780418122751,19.90991025546,1.361034272155));
#7119=CARTESIAN_POINT('Ctrl Pts',(-4.010028109442,19.82866025546,-0.2522895841834));
#7120=CARTESIAN_POINT('Ctrl Pts',(-3.580025570376,19.74741025546,-1.824114137947));
#7121=CARTESIAN_POINT('Ctrl Pts',(-2.561141945116,19.66616025546,-3.09588879157));
#7122=CARTESIAN_POINT('Ctrl Pts',(-1.120974163952,19.58491025546,-3.858418380186));
#7123=CARTESIAN_POINT('Ctrl Pts',(0.5035834966381,19.50366025546,-3.986273840909));
#7124=CARTESIAN_POINT('Ctrl Pts',(2.045306330867,19.42241025546,-3.458424133289));
#7125=CARTESIAN_POINT('Ctrl Pts',(3.250595195551,19.34116025546,-2.361695650897));
#7126=CARTESIAN_POINT('Ctrl Pts',(3.921191223018,19.25991025546,-0.8764900828483));
#7127=CARTESIAN_POINT('Ctrl Pts',(3.946787570682,19.17866025546,0.752889995097));
#7128=CARTESIAN_POINT('Ctrl Pts',(3.323173876152,19.09741025546,2.258426634111));
#7129=CARTESIAN_POINT('Ctrl Pts',(2.1529288229,19.01616025546,3.39247298535));
#7130=CARTESIAN_POINT('Ctrl Pts',(0.6285468958178,18.93491025546,3.968488915514));
#7131=CARTESIAN_POINT('Ctrl Pts',(-0.9992251807079,18.85366025546,3.891725133028));
#7132=CARTESIAN_POINT('Ctrl Pts',(-2.462633959207,18.77241025546,3.17480856994));
#7133=CARTESIAN_POINT('Ctrl Pts',(-3.520962234148,18.69116025546,1.935665368419));
#7134=CARTESIAN_POINT('Ctrl Pts',(-4.000124795296,18.60991025546,0.3781231213428));
#7135=CARTESIAN_POINT('Ctrl Pts',(-3.821303834217,18.52866025546,-1.241616881024));
#7136=CARTESIAN_POINT('Ctrl Pts',(-3.013913744799,18.44741025546,-2.657122393172));
#7137=CARTESIAN_POINT('Ctrl Pts',(-1.710762726807,18.36616025546,-3.635555853452));
#7138=CARTESIAN_POINT('Ctrl Pts',(-0.1262070685673,18.28491025546,-4.015974010483));
#7139=CARTESIAN_POINT('Ctrl Pts',(1.479108490153,18.20366025546,-3.735801593136));
#7140=CARTESIAN_POINT('Ctrl Pts',(2.84112436628,18.12241025546,-2.841124385844));
#7141=CARTESIAN_POINT('Ctrl Pts',(3.73580164211,18.04116025546,-1.479108460868));
#7142=CARTESIAN_POINT('Ctrl Pts',(4.01597383415,17.95991025546,0.1262069709949));
#7143=CARTESIAN_POINT('Ctrl Pts',(3.635556509811,17.87866025546,1.710763087813));
#7144=CARTESIAN_POINT('Ctrl Pts',(2.65711994407,17.79741025546,3.013912398348));
#7145=CARTESIAN_POINT('Ctrl Pts',(1.241626021073,17.71616025546,3.821308859014));
#7146=CARTESIAN_POINT('Ctrl Pts',(-0.3781572324384,17.63491025546,4.00010604256));
#7147=CARTESIAN_POINT('Ctrl Pts',(-1.416411120204,17.5807435888,3.680723494385));
#7148=CARTESIAN_POINT('Ctrl Pts',(-1.882598860827,17.55366025546,3.424434615183));
#7149=CARTESIAN_POINT('Ctrl Pts',(1.826904429756,22.94633974454,3.323126821155));
#7150=CARTESIAN_POINT('Ctrl Pts',(1.374508294731,22.9192564112,3.571833701019));
#7151=CARTESIAN_POINT('Ctrl Pts',(0.3669699039245,22.86508974454,3.881767699274));
#7152=CARTESIAN_POINT('Ctrl Pts',(-1.204894003284,22.78383974454,3.708260016122));
#7153=CARTESIAN_POINT('Ctrl Pts',(-2.578512234988,22.70258974454,2.924749412109));
#7154=CARTESIAN_POINT('Ctrl Pts',(-3.528002927553,22.62133974454,1.660152212148));
#7155=CARTESIAN_POINT('Ctrl Pts',(-3.897166061267,22.54008974454,0.1224732890125));
#7156=CARTESIAN_POINT('Ctrl Pts',(-3.625282427753,22.45883974454,-1.435350809712));
#7157=CARTESIAN_POINT('Ctrl Pts',(-2.757073106889,22.37758974454,-2.757073125875));
#7158=CARTESIAN_POINT('Ctrl Pts',(-1.43535083813,22.29633974454,-3.625282380227));
#7159=CARTESIAN_POINT('Ctrl Pts',(0.1224733836984,22.21508974454,-3.897166232384));
#7160=CARTESIAN_POINT('Ctrl Pts',(1.660151861822,22.13383974454,-3.528002290611));
#7161=CARTESIAN_POINT('Ctrl Pts',(2.924750718727,22.05258974454,-2.578514611636));
#7162=CARTESIAN_POINT('Ctrl Pts',(3.708255139978,21.97133974454,-1.204885133632));
#7163=CARTESIAN_POINT('Ctrl Pts',(3.881785897234,21.89008974454,0.3669368019649));
#7164=CARTESIAN_POINT('Ctrl Pts',(3.416798786198,21.80883974454,1.87840102832));
#7165=CARTESIAN_POINT('Ctrl Pts',(2.389779884903,21.72758974454,3.080885663292));
#7166=CARTESIAN_POINT('Ctrl Pts',(0.9696643012722,21.64633974454,3.776593109061));
#7167=CARTESIAN_POINT('Ctrl Pts',(-0.609952089196,21.56508974454,3.851085927041));
#7168=CARTESIAN_POINT('Ctrl Pts',(-2.089237003883,21.48383974454,3.292110737836));
#7169=CARTESIAN_POINT('Ctrl Pts',(-3.224861759731,21.40258974454,2.191613788784));
#7170=CARTESIAN_POINT('Ctrl Pts',(-3.830026590486,21.32133974454,0.7306166469037));
#7171=CARTESIAN_POINT('Ctrl Pts',(-3.805187480092,21.24008974454,-0.8505601741893));
#7172=CARTESIAN_POINT('Ctrl Pts',(-3.154430232412,21.15883974454,-2.291827715473));
#7173=CARTESIAN_POINT('Ctrl Pts',(-1.984798394295,21.07758974454,-3.356110800103));
#7174=CARTESIAN_POINT('Ctrl Pts',(-0.4886855824168,20.99633974454,-3.868344706732));
#7175=CARTESIAN_POINT('Ctrl Pts',(1.087811486759,20.91508974454,-3.744271696584));
#7176=CARTESIAN_POINT('Ctrl Pts',(2.485373630107,20.83383974454,-3.004300631983));
#7177=CARTESIAN_POINT('Ctrl Pts',(3.474114804409,20.75258974454,-1.770149907312));
#7178=CARTESIAN_POINT('Ctrl Pts',(3.891396233699,20.67133974454,-0.2448258991953));
#7179=CARTESIAN_POINT('Ctrl Pts',(3.668578983285,20.59008974454,1.320769704364));
#7180=CARTESIAN_POINT('Ctrl Pts',(2.842314429494,20.50883974454,2.669110910482));
#7181=CARTESIAN_POINT('Ctrl Pts',(1.548515447348,20.42758974454,3.578408064753));
#7182=CARTESIAN_POINT('Ctrl Pts',(-1.900182522793E-14,20.34633974454,3.899090197542));
#7183=CARTESIAN_POINT('Ctrl Pts',(-1.548515447348,20.26508974454,3.578408064753));
#7184=CARTESIAN_POINT('Ctrl Pts',(-2.842314429494,20.18383974454,2.669110910482));
#7185=CARTESIAN_POINT('Ctrl Pts',(-3.668578983285,20.10258974454,1.320769704364));
#7186=CARTESIAN_POINT('Ctrl Pts',(-3.891396233699,20.02133974454,-0.2448258991953));
#7187=CARTESIAN_POINT('Ctrl Pts',(-3.474114804409,19.94008974454,-1.770149907312));
#7188=CARTESIAN_POINT('Ctrl Pts',(-2.485373630107,19.85883974454,-3.004300631983));
#7189=CARTESIAN_POINT('Ctrl Pts',(-1.087811486759,19.77758974454,-3.744271696584));
#7190=CARTESIAN_POINT('Ctrl Pts',(0.4886855824168,19.69633974454,-3.868344706732));
#7191=CARTESIAN_POINT('Ctrl Pts',(1.984798394295,19.61508974454,-3.356110800103));
#7192=CARTESIAN_POINT('Ctrl Pts',(3.154430232412,19.53383974454,-2.291827715473));
#7193=CARTESIAN_POINT('Ctrl Pts',(3.805187480092,19.45258974454,-0.8505601741892));
#7194=CARTESIAN_POINT('Ctrl Pts',(3.830026590486,19.37133974454,0.7306166469037));
#7195=CARTESIAN_POINT('Ctrl Pts',(3.224861759731,19.29008974454,2.191613788784));
#7196=CARTESIAN_POINT('Ctrl Pts',(2.089237003883,19.20883974454,3.292110737836));
#7197=CARTESIAN_POINT('Ctrl Pts',(0.609952089196,19.12758974454,3.851085927041));
#7198=CARTESIAN_POINT('Ctrl Pts',(-0.9696643012722,19.04633974454,3.776593109061));
#7199=CARTESIAN_POINT('Ctrl Pts',(-2.389779884903,18.96508974454,3.080885663292));
#7200=CARTESIAN_POINT('Ctrl Pts',(-3.416798786198,18.88383974454,1.87840102832));
#7201=CARTESIAN_POINT('Ctrl Pts',(-3.881785897234,18.80258974454,0.3669368019649));
#7202=CARTESIAN_POINT('Ctrl Pts',(-3.708255139978,18.72133974454,-1.204885133632));
#7203=CARTESIAN_POINT('Ctrl Pts',(-2.924750718727,18.64008974454,-2.578514611636));
#7204=CARTESIAN_POINT('Ctrl Pts',(-1.660151861822,18.55883974454,-3.528002290611));
#7205=CARTESIAN_POINT('Ctrl Pts',(-0.1224733836984,18.47758974454,-3.897166232384));
#7206=CARTESIAN_POINT('Ctrl Pts',(1.43535083813,18.39633974454,-3.625282380227));
#7207=CARTESIAN_POINT('Ctrl Pts',(2.757073106889,18.31508974454,-2.757073125875));
#7208=CARTESIAN_POINT('Ctrl Pts',(3.625282427753,18.23383974454,-1.435350809712));
#7209=CARTESIAN_POINT('Ctrl Pts',(3.897166061267,18.15258974454,0.1224732890125));
#7210=CARTESIAN_POINT('Ctrl Pts',(3.528002927552,18.07133974454,1.660152212148));
#7211=CARTESIAN_POINT('Ctrl Pts',(2.578512234988,17.99008974454,2.924749412109));
#7212=CARTESIAN_POINT('Ctrl Pts',(1.204894003284,17.90883974454,3.708260016122));
#7213=CARTESIAN_POINT('Ctrl Pts',(-0.3669699039246,17.82758974454,3.881767699274));
#7214=CARTESIAN_POINT('Ctrl Pts',(-1.374508294731,17.77342307787,3.571833701019));
#7215=CARTESIAN_POINT('Ctrl Pts',(-1.826904429756,17.74633974454,3.323126821155));
#7216=CARTESIAN_POINT('Ctrl Pts',(1.771209998686,23.13901923361,3.221819027127));
#7217=CARTESIAN_POINT('Ctrl Pts',(1.332605469257,23.11193590027,3.462943907653));
#7218=CARTESIAN_POINT('Ctrl Pts',(0.3557825754108,23.05776923361,3.763429355989));
#7219=CARTESIAN_POINT('Ctrl Pts',(-1.168161985495,22.97651923361,3.59521117323));
#7220=CARTESIAN_POINT('Ctrl Pts',(-2.499904525906,22.89526923361,2.83558642587));
#7221=CARTESIAN_POINT('Ctrl Pts',(-3.420449345294,22.81401923361,1.609541336483));
#7222=CARTESIAN_POINT('Ctrl Pts',(-3.778358288385,22.73276923361,0.1187396070301));
#7223=CARTESIAN_POINT('Ctrl Pts',(-3.514763213395,22.65151923361,-1.391593158556));
#7224=CARTESIAN_POINT('Ctrl Pts',(-2.673021847498,22.57026923361,-2.673021865905));
#7225=CARTESIAN_POINT('Ctrl Pts',(-1.391593186107,22.48901923361,-3.514763167318));
#7226=CARTESIAN_POINT('Ctrl Pts',(0.1187396988295,22.40776923361,-3.778358454285));
#7227=CARTESIAN_POINT('Ctrl Pts',(1.609540996837,22.32651923361,-3.42044872777));
#7228=CARTESIAN_POINT('Ctrl Pts',(2.835587692655,22.24526923361,-2.4999068301));
#7229=CARTESIAN_POINT('Ctrl Pts',(3.595206445738,22.16401923361,-1.16815338624));
#7230=CARTESIAN_POINT('Ctrl Pts',(3.763446999171,22.08276923361,0.355750482587));
#7231=CARTESIAN_POINT('Ctrl Pts',(3.312635338248,22.00151923361,1.821136688221));
#7232=CARTESIAN_POINT('Ctrl Pts',(2.316925810598,21.92026923361,2.986962756645));
#7233=CARTESIAN_POINT('Ctrl Pts',(0.9401034218365,21.83901923361,3.661461085093));
#7234=CARTESIAN_POINT('Ctrl Pts',(-0.5913572825742,21.75776923361,3.733682938567));
#7235=CARTESIAN_POINT('Ctrl Pts',(-2.025545184865,21.67651923361,3.191748490321));
#7236=CARTESIAN_POINT('Ctrl Pts',(-3.12654964331,21.59526923361,2.124800943458));
#7237=CARTESIAN_POINT('Ctrl Pts',(-3.713265610291,21.51401923361,0.7083432987104));
#7238=CARTESIAN_POINT('Ctrl Pts',(-3.689183737166,21.43276923361,-0.8246302655301));
#7239=CARTESIAN_POINT('Ctrl Pts',(-3.058265269274,21.35151923361,-2.221959780049));
#7240=CARTESIAN_POINT('Ctrl Pts',(-1.924290457723,21.27026923361,-3.253797466917));
#7241=CARTESIAN_POINT('Ctrl Pts',(-0.4737876681955,21.18901923361,-3.750415572555));
#7242=CARTESIAN_POINT('Ctrl Pts',(1.054648809566,21.10776923361,-3.630125012983));
#7243=CARTESIAN_POINT('Ctrl Pts',(2.409605315098,21.02651923361,-2.912712472396));
#7244=CARTESIAN_POINT('Ctrl Pts',(3.368204038441,20.94526923361,-1.716185676676));
#7245=CARTESIAN_POINT('Ctrl Pts',(3.772764357956,20.86401923361,-0.2373622142072));
#7246=CARTESIAN_POINT('Ctrl Pts',(3.556739843819,20.78276923361,1.280505136573));
#7247=CARTESIAN_POINT('Ctrl Pts',(2.755664530082,20.70151923361,2.587741238812));
#7248=CARTESIAN_POINT('Ctrl Pts',(1.501307894814,20.62026923361,3.469317847412));
#7249=CARTESIAN_POINT('Ctrl Pts',(-1.820765760385E-14,20.53901923361,3.780223766049));
#7250=CARTESIAN_POINT('Ctrl Pts',(-1.501307894814,20.45776923361,3.469317847412));
#7251=CARTESIAN_POINT('Ctrl Pts',(-2.755664530082,20.37651923361,2.587741238812));
#7252=CARTESIAN_POINT('Ctrl Pts',(-3.556739843819,20.29526923361,1.280505136573));
#7253=CARTESIAN_POINT('Ctrl Pts',(-3.772764357956,20.21401923361,-0.2373622142073));
#7254=CARTESIAN_POINT('Ctrl Pts',(-3.368204038441,20.13276923361,-1.716185676676));
#7255=CARTESIAN_POINT('Ctrl Pts',(-2.409605315098,20.05151923361,-2.912712472396));
#7256=CARTESIAN_POINT('Ctrl Pts',(-1.054648809566,19.97026923361,-3.630125012983));
#7257=CARTESIAN_POINT('Ctrl Pts',(0.4737876681956,19.88901923361,-3.750415572555));
#7258=CARTESIAN_POINT('Ctrl Pts',(1.924290457723,19.80776923361,-3.253797466917));
#7259=CARTESIAN_POINT('Ctrl Pts',(3.058265269274,19.72651923361,-2.221959780049));
#7260=CARTESIAN_POINT('Ctrl Pts',(3.689183737166,19.64526923361,-0.8246302655301));
#7261=CARTESIAN_POINT('Ctrl Pts',(3.713265610291,19.56401923361,0.7083432987105));
#7262=CARTESIAN_POINT('Ctrl Pts',(3.12654964331,19.48276923361,2.124800943458));
#7263=CARTESIAN_POINT('Ctrl Pts',(2.025545184865,19.40151923361,3.191748490321));
#7264=CARTESIAN_POINT('Ctrl Pts',(0.5913572825741,19.32026923361,3.733682938567));
#7265=CARTESIAN_POINT('Ctrl Pts',(-0.9401034218365,19.23901923361,3.661461085093));
#7266=CARTESIAN_POINT('Ctrl Pts',(-2.316925810598,19.15776923361,2.986962756645));
#7267=CARTESIAN_POINT('Ctrl Pts',(-3.312635338248,19.07651923361,1.821136688221));
#7268=CARTESIAN_POINT('Ctrl Pts',(-3.763446999171,18.99526923361,0.355750482587));
#7269=CARTESIAN_POINT('Ctrl Pts',(-3.595206445738,18.91401923361,-1.16815338624));
#7270=CARTESIAN_POINT('Ctrl Pts',(-2.835587692655,18.83276923361,-2.4999068301));
#7271=CARTESIAN_POINT('Ctrl Pts',(-1.609540996837,18.75151923361,-3.42044872777));
#7272=CARTESIAN_POINT('Ctrl Pts',(-0.1187396988295,18.67026923361,-3.778358454285));
#7273=CARTESIAN_POINT('Ctrl Pts',(1.391593186107,18.58901923361,-3.514763167318));
#7274=CARTESIAN_POINT('Ctrl Pts',(2.673021847498,18.50776923361,-2.673021865905));
#7275=CARTESIAN_POINT('Ctrl Pts',(3.514763213395,18.42651923361,-1.391593158556));
#7276=CARTESIAN_POINT('Ctrl Pts',(3.778358288385,18.34526923361,0.1187396070302));
#7277=CARTESIAN_POINT('Ctrl Pts',(3.420449345294,18.26401923361,1.609541336483));
#7278=CARTESIAN_POINT('Ctrl Pts',(2.499904525906,18.18276923361,2.83558642587));
#7279=CARTESIAN_POINT('Ctrl Pts',(1.168161985495,18.10151923361,3.59521117323));
#7280=CARTESIAN_POINT('Ctrl Pts',(-0.3557825754108,18.02026923361,3.763429355989));
#7281=CARTESIAN_POINT('Ctrl Pts',(-1.332605469257,17.96610256694,3.462943907653));
#7282=CARTESIAN_POINT('Ctrl Pts',(-1.771209998686,17.93901923361,3.221819027127));
#7283=CARTESIAN_POINT('Origin',(0.,33.,0.));
#7284=UNCERTAINTY_MEASURE_WITH_UNIT(LENGTH_MEASURE(0.01),#7288,
'DISTANCE_ACCURACY_VALUE',
'Maximum model space distance between geometric entities at asserted c
onnectivities');
#7285=UNCERTAINTY_MEASURE_WITH_UNIT(LENGTH_MEASURE(0.01),#7288,
'DISTANCE_ACCURACY_VALUE',
'Maximum model space distance between geometric entities at asserted c
onnectivities');
#7286=(
GEOMETRIC_REPRESENTATION_CONTEXT(3)
GLOBAL_UNCERTAINTY_ASSIGNED_CONTEXT((#7284))
GLOBAL_UNIT_ASSIGNED_CONTEXT((#7288,#7290,#7291))
REPRESENTATION_CONTEXT('','3D')
);
#7287=(
GEOMETRIC_REPRESENTATION_CONTEXT(3)
GLOBAL_UNCERTAINTY_ASSIGNED_CONTEXT((#7285))
GLOBAL_UNIT_ASSIGNED_CONTEXT((#7288,#7290,#7291))
REPRESENTATION_CONTEXT('','3D')
);
#7288=(
LENGTH_UNIT()
NAMED_UNIT(*)
SI_UNIT(.MILLI.,.METRE.)
);
#7289=(
LENGTH_UNIT()
NAMED_UNIT(*)
SI_UNIT($,.METRE.)
);
#7290=(
NAMED_UNIT(*)
PLANE_ANGLE_UNIT()
SI_UNIT($,.RADIAN.)
);
#7291=(
NAMED_UNIT(*)
SI_UNIT($,.STERADIAN.)
SOLID_ANGLE_UNIT()
);
#7292=SHAPE_DEFINITION_REPRESENTATION(#7293,#7294);
#7293=PRODUCT_DEFINITION_SHAPE('',$,#7296);
#7294=SHAPE_REPRESENTATION('',(#806),#7286);
#7295=PRODUCT_DEFINITION_CONTEXT('part definition',#7300,'design');
#7296=PRODUCT_DEFINITION('ALLEN_KEY_BOLT_M8','Allen key bolt M8 v1',#7297,
#7295);
#7297=PRODUCT_DEFINITION_FORMATION('',$,#7302);
#7298=PRODUCT_RELATED_PRODUCT_CATEGORY('Allen key bolt M8 v1',
'Allen key bolt M8 v1',(#7302));
#7299=APPLICATION_PROTOCOL_DEFINITION('international standard',
'automotive_design',2009,#7300);
#7300=APPLICATION_CONTEXT(
'Core Data for Automotive Mechanical Design Process');
#7301=PRODUCT_CONTEXT('part definition',#7300,'mechanical');
#7302=PRODUCT('ALLEN_KEY_BOLT_M8','Allen key bolt M8 v1',$,(#7301));
#7303=PRESENTATION_STYLE_ASSIGNMENT((#7304));
#7304=SURFACE_STYLE_USAGE(.BOTH.,#7305);
#7305=SURFACE_SIDE_STYLE('',(#7306));
#7306=SURFACE_STYLE_FILL_AREA(#7307);
#7307=FILL_AREA_STYLE('Stal \X2\2014\X0\ satynowa',(#7308));
#7308=FILL_AREA_STYLE_COLOUR('Stal \X2\2014\X0\ satynowa',#7309);
#7309=COLOUR_RGB('Stal \X2\2014\X0\ satynowa',0.627450980392157,0.627450980392157,
0.627450980392157);
ENDSEC;
END-ISO-10303-21;
