ISO-10303-21;
HEADER;
/* Generated by software containing ST-Developer
 * from STEP Tools, Inc. (www.steptools.com) 
 */

FILE_DESCRIPTION(
/* description */ ('STEP AP214'),
/* implementation_level */ '2;1');

FILE_NAME(
/* name */ 'RCA_chassis_Red.step',
/* time_stamp */ '2026-06-03T13:23:00+02:00',
/* author */ (''),
/* organization */ (''),
/* preprocessor_version */ 'ST-DEVELOPER v20.1',
/* originating_system */ 'Autodesk Translation Framework v15.8.0.0',
/* authorisation */ '');

FILE_SCHEMA (('AUTOMOTIVE_DESIGN { 1 0 10303 214 3 1 1 }'));
ENDSEC;

DATA;
#10=MECHANICAL_DESIGN_GEOMETRIC_PRESENTATION_REPRESENTATION('',(#108,#109,
#110,#111,#112,#113,#114,#115,#116,#117,#118,#119,#120,#121,#122,#123),
#3223);
#11=ITEM_DEFINED_TRANSFORMATION($,$,#1843,#2070);
#12=ITEM_DEFINED_TRANSFORMATION($,$,#2010,#2071);
#13=ITEM_DEFINED_TRANSFORMATION($,$,#2019,#2072);
#14=ITEM_DEFINED_TRANSFORMATION($,$,#2032,#2073);
#15=ITEM_DEFINED_TRANSFORMATION($,$,#2058,#2074);
#16=(
REPRESENTATION_RELATIONSHIP($,$,#3246,#3245)
REPRESENTATION_RELATIONSHIP_WITH_TRANSFORMATION(#11)
SHAPE_REPRESENTATION_RELATIONSHIP()
);
#17=(
REPRESENTATION_RELATIONSHIP($,$,#3247,#3245)
REPRESENTATION_RELATIONSHIP_WITH_TRANSFORMATION(#12)
SHAPE_REPRESENTATION_RELATIONSHIP()
);
#18=(
REPRESENTATION_RELATIONSHIP($,$,#3248,#3245)
REPRESENTATION_RELATIONSHIP_WITH_TRANSFORMATION(#13)
SHAPE_REPRESENTATION_RELATIONSHIP()
);
#19=(
REPRESENTATION_RELATIONSHIP($,$,#3249,#3245)
REPRESENTATION_RELATIONSHIP_WITH_TRANSFORMATION(#14)
SHAPE_REPRESENTATION_RELATIONSHIP()
);
#20=(
REPRESENTATION_RELATIONSHIP($,$,#3250,#3245)
REPRESENTATION_RELATIONSHIP_WITH_TRANSFORMATION(#15)
SHAPE_REPRESENTATION_RELATIONSHIP()
);
#21=CONTEXT_DEPENDENT_SHAPE_REPRESENTATION(#16,#3240);
#22=CONTEXT_DEPENDENT_SHAPE_REPRESENTATION(#17,#3241);
#23=CONTEXT_DEPENDENT_SHAPE_REPRESENTATION(#18,#3242);
#24=CONTEXT_DEPENDENT_SHAPE_REPRESENTATION(#19,#3243);
#25=CONTEXT_DEPENDENT_SHAPE_REPRESENTATION(#20,#3244);
#26=NEXT_ASSEMBLY_USAGE_OCCURRENCE('RCA R:1','RCA R:1','RCA R:1',#3252,
#3253,'RCA R:1');
#27=NEXT_ASSEMBLY_USAGE_OCCURRENCE('RCA izolator R:1',
'RCA izolator R:1','RCA izolator R:1',#3252,#3254,'RCA izolator R:1');
#28=NEXT_ASSEMBLY_USAGE_OCCURRENCE('RCA izolator L:1',
'RCA izolator L:1','RCA izolator L:1',#3252,#3255,'RCA izolator L:1');
#29=NEXT_ASSEMBLY_USAGE_OCCURRENCE('RCA usica:1','RCA usica:1',
'RCA usica:1',#3252,#3256,'RCA usica:1');
#30=NEXT_ASSEMBLY_USAGE_OCCURRENCE('RCA matica:1','RCA matica:1',
'RCA matica:1',#3252,#3257,'RCA matica:1');
#31=SHAPE_REPRESENTATION_RELATIONSHIP('SRR','None',#3246,#36);
#32=SHAPE_REPRESENTATION_RELATIONSHIP('SRR','None',#3247,#37);
#33=SHAPE_REPRESENTATION_RELATIONSHIP('SRR','None',#3248,#38);
#34=SHAPE_REPRESENTATION_RELATIONSHIP('SRR','None',#3249,#39);
#35=SHAPE_REPRESENTATION_RELATIONSHIP('SRR','None',#3250,#40);
#36=ADVANCED_BREP_SHAPE_REPRESENTATION('',(#41),#3218);
#37=ADVANCED_BREP_SHAPE_REPRESENTATION('',(#42),#3219);
#38=ADVANCED_BREP_SHAPE_REPRESENTATION('',(#43),#3220);
#39=ADVANCED_BREP_SHAPE_REPRESENTATION('',(#44),#3221);
#40=ADVANCED_BREP_SHAPE_REPRESENTATION('',(#45),#3222);
#41=MANIFOLD_SOLID_BREP('Bry\X2\0142\X0\a1',#1781);
#42=MANIFOLD_SOLID_BREP('Bry\X2\0142\X0\a1',#1782);
#43=MANIFOLD_SOLID_BREP('Bry\X2\0142\X0\a1',#1783);
#44=MANIFOLD_SOLID_BREP('Bry\X2\0142\X0\a1',#1784);
#45=MANIFOLD_SOLID_BREP('Bry\X2\0142\X0\a1',#1785);
#46=FACE_BOUND('',#310,.T.);
#47=FACE_BOUND('',#312,.T.);
#48=FACE_BOUND('',#314,.T.);
#49=FACE_BOUND('',#316,.T.);
#50=FACE_BOUND('',#318,.T.);
#51=FACE_BOUND('',#320,.T.);
#52=FACE_BOUND('',#322,.T.);
#53=FACE_BOUND('',#324,.T.);
#54=FACE_BOUND('',#333,.T.);
#55=FACE_BOUND('',#335,.T.);
#56=FACE_BOUND('',#342,.T.);
#57=FACE_BOUND('',#344,.T.);
#58=FACE_BOUND('',#349,.T.);
#59=FACE_BOUND('',#351,.T.);
#60=FACE_BOUND('',#353,.T.);
#61=FACE_BOUND('',#358,.T.);
#62=FACE_BOUND('',#359,.T.);
#63=FACE_BOUND('',#361,.T.);
#64=FACE_BOUND('',#362,.T.);
#65=FACE_BOUND('',#373,.T.);
#66=FACE_BOUND('',#375,.T.);
#67=PLANE('',#1989);
#68=PLANE('',#1990);
#69=PLANE('',#1991);
#70=PLANE('',#1992);
#71=PLANE('',#1993);
#72=PLANE('',#1994);
#73=PLANE('',#1995);
#74=PLANE('',#1996);
#75=PLANE('',#1997);
#76=PLANE('',#1998);
#77=PLANE('',#1999);
#78=PLANE('',#2000);
#79=PLANE('',#2001);
#80=PLANE('',#2002);
#81=PLANE('',#2003);
#82=PLANE('',#2004);
#83=PLANE('',#2005);
#84=PLANE('',#2006);
#85=PLANE('',#2007);
#86=PLANE('',#2009);
#87=PLANE('',#2017);
#88=PLANE('',#2018);
#89=PLANE('',#2029);
#90=PLANE('',#2030);
#91=PLANE('',#2031);
#92=PLANE('',#2042);
#93=PLANE('',#2046);
#94=PLANE('',#2050);
#95=PLANE('',#2052);
#96=PLANE('',#2054);
#97=PLANE('',#2056);
#98=PLANE('',#2057);
#99=PLANE('',#2062);
#100=PLANE('',#2063);
#101=PLANE('',#2064);
#102=PLANE('',#2065);
#103=PLANE('',#2066);
#104=PLANE('',#2067);
#105=PLANE('',#2068);
#106=PLANE('',#2069);
#107=TOROIDAL_SURFACE('',#1985,3.65,0.5);
#108=STYLED_ITEM('',(#3281),#1723);
#109=STYLED_ITEM('',(#3282),#1744);
#110=STYLED_ITEM('',(#3280),#41);
#111=STYLED_ITEM('',(#3281),#42);
#112=STYLED_ITEM('',(#3281),#43);
#113=STYLED_ITEM('',(#3283),#44);
#114=STYLED_ITEM('',(#3280),#1772);
#115=STYLED_ITEM('',(#3280),#1773);
#116=STYLED_ITEM('',(#3280),#1774);
#117=STYLED_ITEM('',(#3280),#1775);
#118=STYLED_ITEM('',(#3280),#1776);
#119=STYLED_ITEM('',(#3280),#1777);
#120=STYLED_ITEM('',(#3280),#1778);
#121=STYLED_ITEM('',(#3280),#1779);
#122=STYLED_ITEM('',(#3280),#1780);
#123=STYLED_ITEM('',(#3284),#45);
#124=CONICAL_SURFACE('',#1863,3.5,1.10714871779409);
#125=CONICAL_SURFACE('',#1869,3.99999999999999,1.10714871779408);
#126=CONICAL_SURFACE('',#1872,3.5,1.1071487177941);
#127=CONICAL_SURFACE('',#1877,4.,1.10714871779409);
#128=CONICAL_SURFACE('',#1880,3.5,1.10714871779409);
#129=CONICAL_SURFACE('',#1885,4.,1.10714871779409);
#130=CONICAL_SURFACE('',#1888,3.5,1.1071487177941);
#131=CONICAL_SURFACE('',#1893,4.,1.10714871779409);
#132=CONICAL_SURFACE('',#1896,3.5,1.1071487177941);
#133=CONICAL_SURFACE('',#1901,4.,1.10714871779409);
#134=CONICAL_SURFACE('',#1904,3.5,1.10714871779409);
#135=CONICAL_SURFACE('',#1909,4.,1.10714871779409);
#136=CONICAL_SURFACE('',#1912,3.5,1.1071487177941);
#137=CONICAL_SURFACE('',#1917,4.,1.10714871779409);
#138=CONICAL_SURFACE('',#1920,3.5,1.10714871779409);
#139=CONICAL_SURFACE('',#1925,4.,1.10714871779408);
#140=CONICAL_SURFACE('',#1928,3.5,1.1071487177941);
#141=CONICAL_SURFACE('',#1933,4.,1.10714871779409);
#142=CONICAL_SURFACE('',#1936,3.5,1.10714871779409);
#143=CONICAL_SURFACE('',#1941,4.,1.10714871779409);
#144=CONICAL_SURFACE('',#1944,3.5,1.1071487177941);
#145=CONICAL_SURFACE('',#1949,4.,1.10714871779409);
#146=CONICAL_SURFACE('',#1952,3.5,1.1071487177941);
#147=CONICAL_SURFACE('',#1957,3.99999999999999,1.10714871779407);
#148=CONICAL_SURFACE('',#1960,3.5,1.10714871779411);
#149=CONICAL_SURFACE('',#1965,4.,1.10714871779407);
#150=CONICAL_SURFACE('',#1968,3.5,1.10714871779409);
#151=FACE_OUTER_BOUND('',#256,.T.);
#152=FACE_OUTER_BOUND('',#257,.T.);
#153=FACE_OUTER_BOUND('',#258,.T.);
#154=FACE_OUTER_BOUND('',#259,.T.);
#155=FACE_OUTER_BOUND('',#260,.T.);
#156=FACE_OUTER_BOUND('',#261,.T.);
#157=FACE_OUTER_BOUND('',#262,.T.);
#158=FACE_OUTER_BOUND('',#263,.T.);
#159=FACE_OUTER_BOUND('',#264,.T.);
#160=FACE_OUTER_BOUND('',#265,.T.);
#161=FACE_OUTER_BOUND('',#266,.T.);
#162=FACE_OUTER_BOUND('',#267,.T.);
#163=FACE_OUTER_BOUND('',#268,.T.);
#164=FACE_OUTER_BOUND('',#269,.T.);
#165=FACE_OUTER_BOUND('',#270,.T.);
#166=FACE_OUTER_BOUND('',#271,.T.);
#167=FACE_OUTER_BOUND('',#272,.T.);
#168=FACE_OUTER_BOUND('',#273,.T.);
#169=FACE_OUTER_BOUND('',#274,.T.);
#170=FACE_OUTER_BOUND('',#275,.T.);
#171=FACE_OUTER_BOUND('',#276,.T.);
#172=FACE_OUTER_BOUND('',#277,.T.);
#173=FACE_OUTER_BOUND('',#278,.T.);
#174=FACE_OUTER_BOUND('',#279,.T.);
#175=FACE_OUTER_BOUND('',#280,.T.);
#176=FACE_OUTER_BOUND('',#281,.T.);
#177=FACE_OUTER_BOUND('',#282,.T.);
#178=FACE_OUTER_BOUND('',#283,.T.);
#179=FACE_OUTER_BOUND('',#284,.T.);
#180=FACE_OUTER_BOUND('',#285,.T.);
#181=FACE_OUTER_BOUND('',#286,.T.);
#182=FACE_OUTER_BOUND('',#287,.T.);
#183=FACE_OUTER_BOUND('',#288,.T.);
#184=FACE_OUTER_BOUND('',#289,.T.);
#185=FACE_OUTER_BOUND('',#290,.T.);
#186=FACE_OUTER_BOUND('',#291,.T.);
#187=FACE_OUTER_BOUND('',#292,.T.);
#188=FACE_OUTER_BOUND('',#293,.T.);
#189=FACE_OUTER_BOUND('',#294,.T.);
#190=FACE_OUTER_BOUND('',#295,.T.);
#191=FACE_OUTER_BOUND('',#296,.T.);
#192=FACE_OUTER_BOUND('',#297,.T.);
#193=FACE_OUTER_BOUND('',#298,.T.);
#194=FACE_OUTER_BOUND('',#299,.T.);
#195=FACE_OUTER_BOUND('',#300,.T.);
#196=FACE_OUTER_BOUND('',#301,.T.);
#197=FACE_OUTER_BOUND('',#302,.T.);
#198=FACE_OUTER_BOUND('',#303,.T.);
#199=FACE_OUTER_BOUND('',#304,.T.);
#200=FACE_OUTER_BOUND('',#305,.T.);
#201=FACE_OUTER_BOUND('',#306,.T.);
#202=FACE_OUTER_BOUND('',#307,.T.);
#203=FACE_OUTER_BOUND('',#308,.T.);
#204=FACE_OUTER_BOUND('',#309,.T.);
#205=FACE_OUTER_BOUND('',#311,.T.);
#206=FACE_OUTER_BOUND('',#313,.T.);
#207=FACE_OUTER_BOUND('',#315,.T.);
#208=FACE_OUTER_BOUND('',#317,.T.);
#209=FACE_OUTER_BOUND('',#319,.T.);
#210=FACE_OUTER_BOUND('',#321,.T.);
#211=FACE_OUTER_BOUND('',#323,.T.);
#212=FACE_OUTER_BOUND('',#325,.T.);
#213=FACE_OUTER_BOUND('',#326,.T.);
#214=FACE_OUTER_BOUND('',#327,.T.);
#215=FACE_OUTER_BOUND('',#328,.T.);
#216=FACE_OUTER_BOUND('',#329,.T.);
#217=FACE_OUTER_BOUND('',#330,.T.);
#218=FACE_OUTER_BOUND('',#331,.T.);
#219=FACE_OUTER_BOUND('',#332,.T.);
#220=FACE_OUTER_BOUND('',#334,.T.);
#221=FACE_OUTER_BOUND('',#336,.T.);
#222=FACE_OUTER_BOUND('',#337,.T.);
#223=FACE_OUTER_BOUND('',#338,.T.);
#224=FACE_OUTER_BOUND('',#339,.T.);
#225=FACE_OUTER_BOUND('',#340,.T.);
#226=FACE_OUTER_BOUND('',#341,.T.);
#227=FACE_OUTER_BOUND('',#343,.T.);
#228=FACE_OUTER_BOUND('',#345,.T.);
#229=FACE_OUTER_BOUND('',#346,.T.);
#230=FACE_OUTER_BOUND('',#347,.T.);
#231=FACE_OUTER_BOUND('',#348,.T.);
#232=FACE_OUTER_BOUND('',#350,.T.);
#233=FACE_OUTER_BOUND('',#352,.T.);
#234=FACE_OUTER_BOUND('',#354,.T.);
#235=FACE_OUTER_BOUND('',#355,.T.);
#236=FACE_OUTER_BOUND('',#356,.T.);
#237=FACE_OUTER_BOUND('',#357,.T.);
#238=FACE_OUTER_BOUND('',#360,.T.);
#239=FACE_OUTER_BOUND('',#363,.T.);
#240=FACE_OUTER_BOUND('',#364,.T.);
#241=FACE_OUTER_BOUND('',#365,.T.);
#242=FACE_OUTER_BOUND('',#366,.T.);
#243=FACE_OUTER_BOUND('',#367,.T.);
#244=FACE_OUTER_BOUND('',#368,.T.);
#245=FACE_OUTER_BOUND('',#369,.T.);
#246=FACE_OUTER_BOUND('',#370,.T.);
#247=FACE_OUTER_BOUND('',#371,.T.);
#248=FACE_OUTER_BOUND('',#372,.T.);
#249=FACE_OUTER_BOUND('',#374,.T.);
#250=FACE_OUTER_BOUND('',#376,.T.);
#251=FACE_OUTER_BOUND('',#377,.T.);
#252=FACE_OUTER_BOUND('',#378,.T.);
#253=FACE_OUTER_BOUND('',#379,.T.);
#254=FACE_OUTER_BOUND('',#380,.T.);
#255=FACE_OUTER_BOUND('',#381,.T.);
#256=EDGE_LOOP('',(#1151,#1152,#1153,#1154,#1155,#1156,#1157,#1158,#1159,
#1160));
#257=EDGE_LOOP('',(#1161,#1162,#1163,#1164));
#258=EDGE_LOOP('',(#1165,#1166,#1167,#1168));
#259=EDGE_LOOP('',(#1169,#1170,#1171,#1172,#1173,#1174,#1175,#1176,#1177,
#1178));
#260=EDGE_LOOP('',(#1179,#1180,#1181,#1182));
#261=EDGE_LOOP('',(#1183,#1184,#1185,#1186,#1187));
#262=EDGE_LOOP('',(#1188,#1189,#1190,#1191,#1192));
#263=EDGE_LOOP('',(#1193,#1194,#1195,#1196,#1197));
#264=EDGE_LOOP('',(#1198,#1199,#1200,#1201,#1202,#1203));
#265=EDGE_LOOP('',(#1204,#1205,#1206,#1207,#1208));
#266=EDGE_LOOP('',(#1209,#1210,#1211,#1212,#1213));
#267=EDGE_LOOP('',(#1214,#1215,#1216,#1217,#1218,#1219));
#268=EDGE_LOOP('',(#1220,#1221,#1222,#1223,#1224));
#269=EDGE_LOOP('',(#1225,#1226,#1227,#1228,#1229));
#270=EDGE_LOOP('',(#1230,#1231,#1232,#1233,#1234,#1235));
#271=EDGE_LOOP('',(#1236,#1237,#1238,#1239,#1240));
#272=EDGE_LOOP('',(#1241,#1242,#1243,#1244,#1245));
#273=EDGE_LOOP('',(#1246,#1247,#1248,#1249,#1250,#1251));
#274=EDGE_LOOP('',(#1252,#1253,#1254,#1255,#1256));
#275=EDGE_LOOP('',(#1257,#1258,#1259,#1260,#1261));
#276=EDGE_LOOP('',(#1262,#1263,#1264,#1265,#1266,#1267));
#277=EDGE_LOOP('',(#1268,#1269,#1270,#1271,#1272));
#278=EDGE_LOOP('',(#1273,#1274,#1275,#1276,#1277));
#279=EDGE_LOOP('',(#1278,#1279,#1280,#1281,#1282,#1283));
#280=EDGE_LOOP('',(#1284,#1285,#1286,#1287,#1288));
#281=EDGE_LOOP('',(#1289,#1290,#1291,#1292,#1293));
#282=EDGE_LOOP('',(#1294,#1295,#1296,#1297,#1298,#1299));
#283=EDGE_LOOP('',(#1300,#1301,#1302,#1303,#1304));
#284=EDGE_LOOP('',(#1305,#1306,#1307,#1308,#1309));
#285=EDGE_LOOP('',(#1310,#1311,#1312,#1313,#1314,#1315));
#286=EDGE_LOOP('',(#1316,#1317,#1318,#1319,#1320));
#287=EDGE_LOOP('',(#1321,#1322,#1323,#1324,#1325));
#288=EDGE_LOOP('',(#1326,#1327,#1328,#1329,#1330,#1331));
#289=EDGE_LOOP('',(#1332,#1333,#1334,#1335,#1336));
#290=EDGE_LOOP('',(#1337,#1338,#1339,#1340,#1341));
#291=EDGE_LOOP('',(#1342,#1343,#1344,#1345,#1346,#1347));
#292=EDGE_LOOP('',(#1348,#1349,#1350,#1351,#1352));
#293=EDGE_LOOP('',(#1353,#1354,#1355,#1356,#1357));
#294=EDGE_LOOP('',(#1358,#1359,#1360,#1361,#1362,#1363));
#295=EDGE_LOOP('',(#1364,#1365,#1366,#1367,#1368));
#296=EDGE_LOOP('',(#1369,#1370,#1371,#1372,#1373));
#297=EDGE_LOOP('',(#1374,#1375,#1376,#1377,#1378,#1379));
#298=EDGE_LOOP('',(#1380,#1381,#1382,#1383,#1384));
#299=EDGE_LOOP('',(#1385,#1386,#1387,#1388,#1389));
#300=EDGE_LOOP('',(#1390,#1391,#1392,#1393,#1394,#1395));
#301=EDGE_LOOP('',(#1396,#1397,#1398,#1399,#1400));
#302=EDGE_LOOP('',(#1401,#1402,#1403,#1404));
#303=EDGE_LOOP('',(#1405,#1406,#1407,#1408));
#304=EDGE_LOOP('',(#1409,#1410,#1411,#1412));
#305=EDGE_LOOP('',(#1413,#1414,#1415,#1416));
#306=EDGE_LOOP('',(#1417,#1418,#1419,#1420));
#307=EDGE_LOOP('',(#1421,#1422,#1423,#1424));
#308=EDGE_LOOP('',(#1425,#1426,#1427,#1428));
#309=EDGE_LOOP('',(#1429,#1430,#1431,#1432,#1433,#1434));
#310=EDGE_LOOP('',(#1435));
#311=EDGE_LOOP('',(#1436,#1437,#1438,#1439,#1440,#1441));
#312=EDGE_LOOP('',(#1442));
#313=EDGE_LOOP('',(#1443));
#314=EDGE_LOOP('',(#1444));
#315=EDGE_LOOP('',(#1445));
#316=EDGE_LOOP('',(#1446));
#317=EDGE_LOOP('',(#1447));
#318=EDGE_LOOP('',(#1448));
#319=EDGE_LOOP('',(#1449));
#320=EDGE_LOOP('',(#1450));
#321=EDGE_LOOP('',(#1451));
#322=EDGE_LOOP('',(#1452));
#323=EDGE_LOOP('',(#1453));
#324=EDGE_LOOP('',(#1454));
#325=EDGE_LOOP('',(#1455,#1456,#1457,#1458));
#326=EDGE_LOOP('',(#1459,#1460,#1461,#1462));
#327=EDGE_LOOP('',(#1463,#1464,#1465,#1466));
#328=EDGE_LOOP('',(#1467,#1468,#1469,#1470));
#329=EDGE_LOOP('',(#1471,#1472,#1473,#1474));
#330=EDGE_LOOP('',(#1475,#1476,#1477,#1478));
#331=EDGE_LOOP('',(#1479,#1480,#1481,#1482));
#332=EDGE_LOOP('',(#1483));
#333=EDGE_LOOP('',(#1484));
#334=EDGE_LOOP('',(#1485));
#335=EDGE_LOOP('',(#1486));
#336=EDGE_LOOP('',(#1487,#1488,#1489,#1490,#1491,#1492));
#337=EDGE_LOOP('',(#1493,#1494,#1495,#1496));
#338=EDGE_LOOP('',(#1497,#1498,#1499,#1500));
#339=EDGE_LOOP('',(#1501,#1502,#1503,#1504));
#340=EDGE_LOOP('',(#1505,#1506,#1507,#1508));
#341=EDGE_LOOP('',(#1509));
#342=EDGE_LOOP('',(#1510));
#343=EDGE_LOOP('',(#1511));
#344=EDGE_LOOP('',(#1512));
#345=EDGE_LOOP('',(#1513,#1514,#1515,#1516));
#346=EDGE_LOOP('',(#1517,#1518,#1519,#1520));
#347=EDGE_LOOP('',(#1521,#1522,#1523,#1524));
#348=EDGE_LOOP('',(#1525));
#349=EDGE_LOOP('',(#1526));
#350=EDGE_LOOP('',(#1527));
#351=EDGE_LOOP('',(#1528));
#352=EDGE_LOOP('',(#1529));
#353=EDGE_LOOP('',(#1530));
#354=EDGE_LOOP('',(#1531,#1532,#1533,#1534));
#355=EDGE_LOOP('',(#1535,#1536,#1537,#1538));
#356=EDGE_LOOP('',(#1539,#1540,#1541,#1542));
#357=EDGE_LOOP('',(#1543,#1544,#1545,#1546,#1547,#1548));
#358=EDGE_LOOP('',(#1549));
#359=EDGE_LOOP('',(#1550,#1551,#1552,#1553));
#360=EDGE_LOOP('',(#1554,#1555,#1556,#1557,#1558,#1559));
#361=EDGE_LOOP('',(#1560));
#362=EDGE_LOOP('',(#1561,#1562,#1563,#1564));
#363=EDGE_LOOP('',(#1565,#1566,#1567,#1568));
#364=EDGE_LOOP('',(#1569,#1570,#1571,#1572));
#365=EDGE_LOOP('',(#1573,#1574,#1575,#1576));
#366=EDGE_LOOP('',(#1577,#1578,#1579,#1580));
#367=EDGE_LOOP('',(#1581,#1582,#1583,#1584));
#368=EDGE_LOOP('',(#1585,#1586,#1587,#1588));
#369=EDGE_LOOP('',(#1589,#1590,#1591,#1592));
#370=EDGE_LOOP('',(#1593,#1594,#1595,#1596));
#371=EDGE_LOOP('',(#1597,#1598,#1599,#1600));
#372=EDGE_LOOP('',(#1601,#1602,#1603,#1604,#1605,#1606));
#373=EDGE_LOOP('',(#1607));
#374=EDGE_LOOP('',(#1608,#1609,#1610,#1611,#1612,#1613));
#375=EDGE_LOOP('',(#1614));
#376=EDGE_LOOP('',(#1615,#1616,#1617,#1618));
#377=EDGE_LOOP('',(#1619,#1620,#1621,#1622));
#378=EDGE_LOOP('',(#1623,#1624,#1625,#1626));
#379=EDGE_LOOP('',(#1627,#1628,#1629,#1630));
#380=EDGE_LOOP('',(#1631,#1632,#1633,#1634));
#381=EDGE_LOOP('',(#1635,#1636,#1637,#1638));
#382=B_SPLINE_CURVE_WITH_KNOTS('',3,(#2674,#2675,#2676,#2677,#2678,#2679,
#2680,#2681),.UNSPECIFIED.,.F.,.F.,(4,2,2,4),(-0.326227631330078,-0.2868497664161,
-0.247471901502123,-0.231333625516042),.UNSPECIFIED.);
#383=B_SPLINE_CURVE_WITH_KNOTS('',3,(#2689,#2690,#2691,#2692,#2693,#2694,
#2695,#2696),.UNSPECIFIED.,.F.,.F.,(4,2,2,4),(0.395699689934306,0.423478147561009,
0.456429299816224,0.489380452071439),.UNSPECIFIED.);
#384=B_SPLINE_CURVE_WITH_KNOTS('',3,(#2717,#2718,#2719,#2720,#2721,#2722,
#2723,#2724),.UNSPECIFIED.,.F.,.F.,(4,2,2,4),(-0.503289393822235,-0.468969779171141,
-0.434650164520046,-0.411257754968611),.UNSPECIFIED.);
#385=B_SPLINE_CURVE_WITH_KNOTS('',3,(#2733,#2734,#2735,#2736,#2737,#2738,
#2739,#2740),.UNSPECIFIED.,.F.,.F.,(4,2,2,4),(-0.0920316388536245,-0.0686392293021892,
-0.0343196146510946,0.),.UNSPECIFIED.);
#386=ELLIPSE('',#1846,0.890291523366976,0.73021265815065);
#387=ELLIPSE('',#1848,0.890291523366976,0.73021265815065);
#388=ELLIPSE('',#1857,1.59943957261949,1.31185234411423);
#389=ELLIPSE('',#1859,1.59943957261949,1.31185234411423);
#390=LINE('',#2670,#513);
#391=LINE('',#2683,#514);
#392=LINE('',#2687,#515);
#393=LINE('',#2702,#516);
#394=LINE('',#2708,#517);
#395=LINE('',#2715,#518);
#396=LINE('',#2728,#519);
#397=LINE('',#2741,#520);
#398=LINE('',#2746,#521);
#399=LINE('',#2753,#522);
#400=LINE('',#2758,#523);
#401=LINE('',#2762,#524);
#402=LINE('',#2770,#525);
#403=LINE('',#2774,#526);
#404=LINE('',#2778,#527);
#405=LINE('',#2786,#528);
#406=LINE('',#2790,#529);
#407=LINE('',#2794,#530);
#408=LINE('',#2802,#531);
#409=LINE('',#2806,#532);
#410=LINE('',#2810,#533);
#411=LINE('',#2818,#534);
#412=LINE('',#2822,#535);
#413=LINE('',#2826,#536);
#414=LINE('',#2834,#537);
#415=LINE('',#2838,#538);
#416=LINE('',#2842,#539);
#417=LINE('',#2850,#540);
#418=LINE('',#2854,#541);
#419=LINE('',#2858,#542);
#420=LINE('',#2866,#543);
#421=LINE('',#2870,#544);
#422=LINE('',#2874,#545);
#423=LINE('',#2882,#546);
#424=LINE('',#2886,#547);
#425=LINE('',#2890,#548);
#426=LINE('',#2898,#549);
#427=LINE('',#2902,#550);
#428=LINE('',#2906,#551);
#429=LINE('',#2914,#552);
#430=LINE('',#2918,#553);
#431=LINE('',#2922,#554);
#432=LINE('',#2930,#555);
#433=LINE('',#2934,#556);
#434=LINE('',#2938,#557);
#435=LINE('',#2946,#558);
#436=LINE('',#2950,#559);
#437=LINE('',#2954,#560);
#438=LINE('',#2962,#561);
#439=LINE('',#2966,#562);
#440=LINE('',#2972,#563);
#441=LINE('',#2978,#564);
#442=LINE('',#2984,#565);
#443=LINE('',#2990,#566);
#444=LINE('',#2997,#567);
#445=LINE('',#2998,#568);
#446=LINE('',#3000,#569);
#447=LINE('',#3004,#570);
#448=LINE('',#3006,#571);
#449=LINE('',#3008,#572);
#450=LINE('',#3010,#573);
#451=LINE('',#3012,#574);
#452=LINE('',#3013,#575);
#453=LINE('',#3017,#576);
#454=LINE('',#3019,#577);
#455=LINE('',#3021,#578);
#456=LINE('',#3023,#579);
#457=LINE('',#3025,#580);
#458=LINE('',#3026,#581);
#459=LINE('',#3034,#582);
#460=LINE('',#3036,#583);
#461=LINE('',#3037,#584);
#462=LINE('',#3039,#585);
#463=LINE('',#3041,#586);
#464=LINE('',#3043,#587);
#465=LINE('',#3045,#588);
#466=LINE('',#3050,#589);
#467=LINE('',#3052,#590);
#468=LINE('',#3059,#591);
#469=LINE('',#3065,#592);
#470=LINE('',#3074,#593);
#471=LINE('',#3080,#594);
#472=LINE('',#3086,#595);
#473=LINE('',#3097,#596);
#474=LINE('',#3100,#597);
#475=LINE('',#3105,#598);
#476=LINE('',#3112,#599);
#477=LINE('',#3115,#600);
#478=LINE('',#3118,#601);
#479=LINE('',#3122,#602);
#480=LINE('',#3125,#603);
#481=LINE('',#3129,#604);
#482=LINE('',#3130,#605);
#483=LINE('',#3133,#606);
#484=LINE('',#3137,#607);
#485=LINE('',#3140,#608);
#486=LINE('',#3142,#609);
#487=LINE('',#3145,#610);
#488=LINE('',#3147,#611);
#489=LINE('',#3149,#612);
#490=LINE('',#3151,#613);
#491=LINE('',#3153,#614);
#492=LINE('',#3156,#615);
#493=LINE('',#3157,#616);
#494=LINE('',#3165,#617);
#495=LINE('',#3170,#618);
#496=LINE('',#3172,#619);
#497=LINE('',#3174,#620);
#498=LINE('',#3176,#621);
#499=LINE('',#3178,#622);
#500=LINE('',#3179,#623);
#501=LINE('',#3183,#624);
#502=LINE('',#3185,#625);
#503=LINE('',#3187,#626);
#504=LINE('',#3189,#627);
#505=LINE('',#3191,#628);
#506=LINE('',#3192,#629);
#507=LINE('',#3194,#630);
#508=LINE('',#3195,#631);
#509=LINE('',#3197,#632);
#510=LINE('',#3199,#633);
#511=LINE('',#3201,#634);
#512=LINE('',#3203,#635);
#513=VECTOR('',#2083,0.730212658150435);
#514=VECTOR('',#2086,1000.);
#515=VECTOR('',#2089,1000.);
#516=VECTOR('',#2096,1.6);
#517=VECTOR('',#2103,2.75);
#518=VECTOR('',#2110,1000.);
#519=VECTOR('',#2113,1.31185234411426);
#520=VECTOR('',#2118,1000.);
#521=VECTOR('',#2123,3.25);
#522=VECTOR('',#2130,3.5);
#523=VECTOR('',#2137,3.99999999999999);
#524=VECTOR('',#2142,3.99999999999999);
#525=VECTOR('',#2151,3.5);
#526=VECTOR('',#2156,4.);
#527=VECTOR('',#2161,4.);
#528=VECTOR('',#2170,3.5);
#529=VECTOR('',#2175,4.);
#530=VECTOR('',#2180,3.99999999999999);
#531=VECTOR('',#2189,3.5);
#532=VECTOR('',#2194,4.);
#533=VECTOR('',#2199,4.);
#534=VECTOR('',#2208,3.5);
#535=VECTOR('',#2213,4.);
#536=VECTOR('',#2218,3.99999999999999);
#537=VECTOR('',#2227,3.5);
#538=VECTOR('',#2232,4.);
#539=VECTOR('',#2237,4.);
#540=VECTOR('',#2246,3.5);
#541=VECTOR('',#2251,4.);
#542=VECTOR('',#2256,4.);
#543=VECTOR('',#2265,3.5);
#544=VECTOR('',#2270,4.);
#545=VECTOR('',#2275,4.);
#546=VECTOR('',#2284,3.5);
#547=VECTOR('',#2289,4.);
#548=VECTOR('',#2294,4.);
#549=VECTOR('',#2303,3.5);
#550=VECTOR('',#2308,4.);
#551=VECTOR('',#2313,4.);
#552=VECTOR('',#2322,3.5);
#553=VECTOR('',#2327,4.);
#554=VECTOR('',#2332,4.);
#555=VECTOR('',#2341,3.5);
#556=VECTOR('',#2346,4.);
#557=VECTOR('',#2351,3.99999999999999);
#558=VECTOR('',#2360,3.5);
#559=VECTOR('',#2365,4.);
#560=VECTOR('',#2370,4.);
#561=VECTOR('',#2379,3.5);
#562=VECTOR('',#2384,4.);
#563=VECTOR('',#2391,4.9);
#564=VECTOR('',#2398,4.84134962715696);
#565=VECTOR('',#2405,4.9);
#566=VECTOR('',#2412,4.15);
#567=VECTOR('',#2423,1000.);
#568=VECTOR('',#2424,1000.);
#569=VECTOR('',#2427,1000.);
#570=VECTOR('',#2430,1000.);
#571=VECTOR('',#2431,1000.);
#572=VECTOR('',#2432,1000.);
#573=VECTOR('',#2433,1000.);
#574=VECTOR('',#2434,1000.);
#575=VECTOR('',#2435,1000.);
#576=VECTOR('',#2438,1000.);
#577=VECTOR('',#2439,1000.);
#578=VECTOR('',#2440,1000.);
#579=VECTOR('',#2441,1000.);
#580=VECTOR('',#2442,1000.);
#581=VECTOR('',#2443,1000.);
#582=VECTOR('',#2458,1000.);
#583=VECTOR('',#2461,1000.);
#584=VECTOR('',#2462,1000.);
#585=VECTOR('',#2465,1000.);
#586=VECTOR('',#2468,1000.);
#587=VECTOR('',#2471,1000.);
#588=VECTOR('',#2474,1000.);
#589=VECTOR('',#2483,1000.);
#590=VECTOR('',#2486,1000.);
#591=VECTOR('',#2495,4.);
#592=VECTOR('',#2502,8.5);
#593=VECTOR('',#2515,4.6);
#594=VECTOR('',#2522,4.);
#595=VECTOR('',#2529,8.5);
#596=VECTOR('',#2544,1000.);
#597=VECTOR('',#2547,1000.);
#598=VECTOR('',#2552,4.);
#599=VECTOR('',#2559,1000.);
#600=VECTOR('',#2562,1000.);
#601=VECTOR('',#2565,1000.);
#602=VECTOR('',#2568,1000.);
#603=VECTOR('',#2571,1000.);
#604=VECTOR('',#2574,1000.);
#605=VECTOR('',#2575,1000.);
#606=VECTOR('',#2578,1000.);
#607=VECTOR('',#2581,1000.);
#608=VECTOR('',#2584,1000.);
#609=VECTOR('',#2585,1000.);
#610=VECTOR('',#2588,1000.);
#611=VECTOR('',#2591,1000.);
#612=VECTOR('',#2594,1000.);
#613=VECTOR('',#2597,1000.);
#614=VECTOR('',#2600,1000.);
#615=VECTOR('',#2605,1000.);
#616=VECTOR('',#2606,1000.);
#617=VECTOR('',#2617,4.);
#618=VECTOR('',#2622,1000.);
#619=VECTOR('',#2623,1000.);
#620=VECTOR('',#2624,1000.);
#621=VECTOR('',#2625,1000.);
#622=VECTOR('',#2626,1000.);
#623=VECTOR('',#2627,1000.);
#624=VECTOR('',#2630,1000.);
#625=VECTOR('',#2631,1000.);
#626=VECTOR('',#2632,1000.);
#627=VECTOR('',#2633,1000.);
#628=VECTOR('',#2634,1000.);
#629=VECTOR('',#2635,1000.);
#630=VECTOR('',#2638,1000.);
#631=VECTOR('',#2639,1000.);
#632=VECTOR('',#2642,1000.);
#633=VECTOR('',#2645,1000.);
#634=VECTOR('',#2648,1000.);
#635=VECTOR('',#2651,1000.);
#636=CIRCLE('',#1845,0.730212658150435);
#637=CIRCLE('',#1847,0.730212658150435);
#638=CIRCLE('',#1850,1.6);
#639=CIRCLE('',#1851,1.6);
#640=CIRCLE('',#1853,2.75);
#641=CIRCLE('',#1854,2.75);
#642=CIRCLE('',#1856,1.31185234411426);
#643=CIRCLE('',#1858,1.31185234411426);
#644=CIRCLE('',#1861,3.25);
#645=CIRCLE('',#1862,3.25);
#646=CIRCLE('',#1864,3.99999999999999);
#647=CIRCLE('',#1865,3.5);
#648=CIRCLE('',#1866,3.99999999999999);
#649=CIRCLE('',#1868,3.99999999999999);
#650=CIRCLE('',#1870,3.5);
#651=CIRCLE('',#1871,3.5);
#652=CIRCLE('',#1873,4.);
#653=CIRCLE('',#1874,4.);
#654=CIRCLE('',#1876,4.);
#655=CIRCLE('',#1878,3.5);
#656=CIRCLE('',#1879,3.5);
#657=CIRCLE('',#1881,4.);
#658=CIRCLE('',#1882,4.);
#659=CIRCLE('',#1884,4.);
#660=CIRCLE('',#1886,3.5);
#661=CIRCLE('',#1887,3.5);
#662=CIRCLE('',#1889,4.);
#663=CIRCLE('',#1890,4.);
#664=CIRCLE('',#1892,4.);
#665=CIRCLE('',#1894,3.5);
#666=CIRCLE('',#1895,3.5);
#667=CIRCLE('',#1897,4.);
#668=CIRCLE('',#1898,4.);
#669=CIRCLE('',#1900,4.);
#670=CIRCLE('',#1902,3.5);
#671=CIRCLE('',#1903,3.5);
#672=CIRCLE('',#1905,4.);
#673=CIRCLE('',#1906,4.);
#674=CIRCLE('',#1908,4.);
#675=CIRCLE('',#1910,3.5);
#676=CIRCLE('',#1911,3.5);
#677=CIRCLE('',#1913,4.);
#678=CIRCLE('',#1914,4.);
#679=CIRCLE('',#1916,4.);
#680=CIRCLE('',#1918,3.5);
#681=CIRCLE('',#1919,3.5);
#682=CIRCLE('',#1921,4.);
#683=CIRCLE('',#1922,4.);
#684=CIRCLE('',#1924,4.);
#685=CIRCLE('',#1926,3.5);
#686=CIRCLE('',#1927,3.5);
#687=CIRCLE('',#1929,4.);
#688=CIRCLE('',#1930,4.);
#689=CIRCLE('',#1932,4.);
#690=CIRCLE('',#1934,3.5);
#691=CIRCLE('',#1935,3.5);
#692=CIRCLE('',#1937,3.99999999999999);
#693=CIRCLE('',#1938,3.99999999999999);
#694=CIRCLE('',#1940,4.);
#695=CIRCLE('',#1942,3.5);
#696=CIRCLE('',#1943,3.5);
#697=CIRCLE('',#1945,3.99999999999999);
#698=CIRCLE('',#1946,3.99999999999999);
#699=CIRCLE('',#1948,4.);
#700=CIRCLE('',#1950,3.5);
#701=CIRCLE('',#1951,3.5);
#702=CIRCLE('',#1953,4.);
#703=CIRCLE('',#1954,4.);
#704=CIRCLE('',#1956,3.99999999999999);
#705=CIRCLE('',#1958,3.5);
#706=CIRCLE('',#1959,3.5);
#707=CIRCLE('',#1961,4.);
#708=CIRCLE('',#1962,4.);
#709=CIRCLE('',#1964,4.);
#710=CIRCLE('',#1966,3.5);
#711=CIRCLE('',#1967,3.5);
#712=CIRCLE('',#1969,4.);
#713=CIRCLE('',#1970,4.);
#714=CIRCLE('',#1972,4.);
#715=CIRCLE('',#1974,4.9);
#716=CIRCLE('',#1975,4.9);
#717=CIRCLE('',#1977,4.84134962715696);
#718=CIRCLE('',#1978,4.84134962715696);
#719=CIRCLE('',#1980,4.9);
#720=CIRCLE('',#1981,4.9);
#721=CIRCLE('',#1983,4.15);
#722=CIRCLE('',#1984,4.15);
#723=CIRCLE('',#1986,0.5);
#724=CIRCLE('',#1987,3.65);
#725=CIRCLE('',#2012,4.);
#726=CIRCLE('',#2013,4.);
#727=CIRCLE('',#2015,8.5);
#728=CIRCLE('',#2016,8.5);
#729=CIRCLE('',#2021,4.6);
#730=CIRCLE('',#2022,4.6);
#731=CIRCLE('',#2024,4.);
#732=CIRCLE('',#2025,4.);
#733=CIRCLE('',#2027,8.5);
#734=CIRCLE('',#2028,8.5);
#735=CIRCLE('',#2034,0.397804146009546);
#736=CIRCLE('',#2035,0.397804146009546);
#737=CIRCLE('',#2037,4.);
#738=CIRCLE('',#2038,4.);
#739=CIRCLE('',#2040,6.);
#740=CIRCLE('',#2041,6.);
#741=CIRCLE('',#2043,1.5);
#742=CIRCLE('',#2044,1.5);
#743=CIRCLE('',#2045,0.397804146009546);
#744=CIRCLE('',#2047,1.5);
#745=CIRCLE('',#2048,1.5);
#746=CIRCLE('',#2049,0.397804146009546);
#747=CIRCLE('',#2060,4.);
#748=CIRCLE('',#2061,4.);
#749=VERTEX_POINT('',#2667);
#750=VERTEX_POINT('',#2669);
#751=VERTEX_POINT('',#2671);
#752=VERTEX_POINT('',#2673);
#753=VERTEX_POINT('',#2682);
#754=VERTEX_POINT('',#2684);
#755=VERTEX_POINT('',#2686);
#756=VERTEX_POINT('',#2688);
#757=VERTEX_POINT('',#2699);
#758=VERTEX_POINT('',#2701);
#759=VERTEX_POINT('',#2705);
#760=VERTEX_POINT('',#2707);
#761=VERTEX_POINT('',#2711);
#762=VERTEX_POINT('',#2712);
#763=VERTEX_POINT('',#2714);
#764=VERTEX_POINT('',#2716);
#765=VERTEX_POINT('',#2725);
#766=VERTEX_POINT('',#2727);
#767=VERTEX_POINT('',#2730);
#768=VERTEX_POINT('',#2732);
#769=VERTEX_POINT('',#2743);
#770=VERTEX_POINT('',#2745);
#771=VERTEX_POINT('',#2749);
#772=VERTEX_POINT('',#2750);
#773=VERTEX_POINT('',#2752);
#774=VERTEX_POINT('',#2757);
#775=VERTEX_POINT('',#2761);
#776=VERTEX_POINT('',#2763);
#777=VERTEX_POINT('',#2767);
#778=VERTEX_POINT('',#2768);
#779=VERTEX_POINT('',#2773);
#780=VERTEX_POINT('',#2777);
#781=VERTEX_POINT('',#2779);
#782=VERTEX_POINT('',#2783);
#783=VERTEX_POINT('',#2784);
#784=VERTEX_POINT('',#2789);
#785=VERTEX_POINT('',#2793);
#786=VERTEX_POINT('',#2795);
#787=VERTEX_POINT('',#2799);
#788=VERTEX_POINT('',#2800);
#789=VERTEX_POINT('',#2805);
#790=VERTEX_POINT('',#2809);
#791=VERTEX_POINT('',#2811);
#792=VERTEX_POINT('',#2815);
#793=VERTEX_POINT('',#2816);
#794=VERTEX_POINT('',#2821);
#795=VERTEX_POINT('',#2825);
#796=VERTEX_POINT('',#2827);
#797=VERTEX_POINT('',#2831);
#798=VERTEX_POINT('',#2832);
#799=VERTEX_POINT('',#2837);
#800=VERTEX_POINT('',#2841);
#801=VERTEX_POINT('',#2843);
#802=VERTEX_POINT('',#2847);
#803=VERTEX_POINT('',#2848);
#804=VERTEX_POINT('',#2853);
#805=VERTEX_POINT('',#2857);
#806=VERTEX_POINT('',#2859);
#807=VERTEX_POINT('',#2863);
#808=VERTEX_POINT('',#2864);
#809=VERTEX_POINT('',#2869);
#810=VERTEX_POINT('',#2873);
#811=VERTEX_POINT('',#2875);
#812=VERTEX_POINT('',#2879);
#813=VERTEX_POINT('',#2880);
#814=VERTEX_POINT('',#2885);
#815=VERTEX_POINT('',#2889);
#816=VERTEX_POINT('',#2891);
#817=VERTEX_POINT('',#2895);
#818=VERTEX_POINT('',#2896);
#819=VERTEX_POINT('',#2901);
#820=VERTEX_POINT('',#2905);
#821=VERTEX_POINT('',#2907);
#822=VERTEX_POINT('',#2911);
#823=VERTEX_POINT('',#2912);
#824=VERTEX_POINT('',#2917);
#825=VERTEX_POINT('',#2921);
#826=VERTEX_POINT('',#2923);
#827=VERTEX_POINT('',#2927);
#828=VERTEX_POINT('',#2928);
#829=VERTEX_POINT('',#2933);
#830=VERTEX_POINT('',#2937);
#831=VERTEX_POINT('',#2939);
#832=VERTEX_POINT('',#2943);
#833=VERTEX_POINT('',#2944);
#834=VERTEX_POINT('',#2949);
#835=VERTEX_POINT('',#2953);
#836=VERTEX_POINT('',#2955);
#837=VERTEX_POINT('',#2959);
#838=VERTEX_POINT('',#2960);
#839=VERTEX_POINT('',#2965);
#840=VERTEX_POINT('',#2969);
#841=VERTEX_POINT('',#2971);
#842=VERTEX_POINT('',#2975);
#843=VERTEX_POINT('',#2977);
#844=VERTEX_POINT('',#2981);
#845=VERTEX_POINT('',#2983);
#846=VERTEX_POINT('',#2987);
#847=VERTEX_POINT('',#2989);
#848=VERTEX_POINT('',#2993);
#849=VERTEX_POINT('',#3002);
#850=VERTEX_POINT('',#3003);
#851=VERTEX_POINT('',#3005);
#852=VERTEX_POINT('',#3007);
#853=VERTEX_POINT('',#3009);
#854=VERTEX_POINT('',#3011);
#855=VERTEX_POINT('',#3015);
#856=VERTEX_POINT('',#3016);
#857=VERTEX_POINT('',#3018);
#858=VERTEX_POINT('',#3020);
#859=VERTEX_POINT('',#3022);
#860=VERTEX_POINT('',#3024);
#861=VERTEX_POINT('',#3056);
#862=VERTEX_POINT('',#3058);
#863=VERTEX_POINT('',#3062);
#864=VERTEX_POINT('',#3064);
#865=VERTEX_POINT('',#3071);
#866=VERTEX_POINT('',#3073);
#867=VERTEX_POINT('',#3077);
#868=VERTEX_POINT('',#3079);
#869=VERTEX_POINT('',#3083);
#870=VERTEX_POINT('',#3085);
#871=VERTEX_POINT('',#3093);
#872=VERTEX_POINT('',#3094);
#873=VERTEX_POINT('',#3096);
#874=VERTEX_POINT('',#3098);
#875=VERTEX_POINT('',#3102);
#876=VERTEX_POINT('',#3104);
#877=VERTEX_POINT('',#3108);
#878=VERTEX_POINT('',#3109);
#879=VERTEX_POINT('',#3111);
#880=VERTEX_POINT('',#3113);
#881=VERTEX_POINT('',#3117);
#882=VERTEX_POINT('',#3119);
#883=VERTEX_POINT('',#3121);
#884=VERTEX_POINT('',#3123);
#885=VERTEX_POINT('',#3126);
#886=VERTEX_POINT('',#3127);
#887=VERTEX_POINT('',#3132);
#888=VERTEX_POINT('',#3134);
#889=VERTEX_POINT('',#3136);
#890=VERTEX_POINT('',#3138);
#891=VERTEX_POINT('',#3141);
#892=VERTEX_POINT('',#3143);
#893=VERTEX_POINT('',#3162);
#894=VERTEX_POINT('',#3164);
#895=VERTEX_POINT('',#3168);
#896=VERTEX_POINT('',#3169);
#897=VERTEX_POINT('',#3171);
#898=VERTEX_POINT('',#3173);
#899=VERTEX_POINT('',#3175);
#900=VERTEX_POINT('',#3177);
#901=VERTEX_POINT('',#3181);
#902=VERTEX_POINT('',#3182);
#903=VERTEX_POINT('',#3184);
#904=VERTEX_POINT('',#3186);
#905=VERTEX_POINT('',#3188);
#906=VERTEX_POINT('',#3190);
#907=EDGE_CURVE('',#749,#749,#636,.T.);
#908=EDGE_CURVE('',#749,#750,#390,.T.);
#909=EDGE_CURVE('',#751,#750,#386,.T.);
#910=EDGE_CURVE('',#752,#751,#382,.T.);
#911=EDGE_CURVE('',#753,#752,#391,.T.);
#912=EDGE_CURVE('',#753,#754,#637,.T.);
#913=EDGE_CURVE('',#755,#754,#392,.T.);
#914=EDGE_CURVE('',#756,#755,#383,.T.);
#915=EDGE_CURVE('',#750,#756,#387,.T.);
#916=EDGE_CURVE('',#757,#757,#638,.T.);
#917=EDGE_CURVE('',#757,#758,#393,.T.);
#918=EDGE_CURVE('',#758,#758,#639,.T.);
#919=EDGE_CURVE('',#759,#759,#640,.T.);
#920=EDGE_CURVE('',#759,#760,#394,.T.);
#921=EDGE_CURVE('',#760,#760,#641,.T.);
#922=EDGE_CURVE('',#761,#762,#642,.T.);
#923=EDGE_CURVE('',#761,#763,#395,.T.);
#924=EDGE_CURVE('',#763,#764,#384,.T.);
#925=EDGE_CURVE('',#764,#765,#388,.T.);
#926=EDGE_CURVE('',#765,#766,#396,.T.);
#927=EDGE_CURVE('',#766,#766,#643,.T.);
#928=EDGE_CURVE('',#765,#767,#389,.T.);
#929=EDGE_CURVE('',#767,#768,#385,.T.);
#930=EDGE_CURVE('',#768,#762,#397,.T.);
#931=EDGE_CURVE('',#769,#769,#644,.T.);
#932=EDGE_CURVE('',#769,#770,#398,.T.);
#933=EDGE_CURVE('',#770,#770,#645,.T.);
#934=EDGE_CURVE('',#771,#772,#646,.T.);
#935=EDGE_CURVE('',#772,#773,#399,.T.);
#936=EDGE_CURVE('',#773,#773,#647,.T.);
#937=EDGE_CURVE('',#772,#771,#648,.T.);
#938=EDGE_CURVE('',#771,#774,#400,.T.);
#939=EDGE_CURVE('',#774,#774,#649,.T.);
#940=EDGE_CURVE('',#774,#775,#401,.T.);
#941=EDGE_CURVE('',#775,#776,#650,.T.);
#942=EDGE_CURVE('',#776,#775,#651,.T.);
#943=EDGE_CURVE('',#777,#778,#652,.T.);
#944=EDGE_CURVE('',#778,#776,#402,.T.);
#945=EDGE_CURVE('',#778,#777,#653,.T.);
#946=EDGE_CURVE('',#777,#779,#403,.T.);
#947=EDGE_CURVE('',#779,#779,#654,.T.);
#948=EDGE_CURVE('',#779,#780,#404,.T.);
#949=EDGE_CURVE('',#780,#781,#655,.T.);
#950=EDGE_CURVE('',#781,#780,#656,.T.);
#951=EDGE_CURVE('',#782,#783,#657,.T.);
#952=EDGE_CURVE('',#783,#781,#405,.T.);
#953=EDGE_CURVE('',#783,#782,#658,.T.);
#954=EDGE_CURVE('',#782,#784,#406,.T.);
#955=EDGE_CURVE('',#784,#784,#659,.T.);
#956=EDGE_CURVE('',#784,#785,#407,.T.);
#957=EDGE_CURVE('',#785,#786,#660,.T.);
#958=EDGE_CURVE('',#786,#785,#661,.T.);
#959=EDGE_CURVE('',#787,#788,#662,.T.);
#960=EDGE_CURVE('',#788,#786,#408,.T.);
#961=EDGE_CURVE('',#788,#787,#663,.T.);
#962=EDGE_CURVE('',#787,#789,#409,.T.);
#963=EDGE_CURVE('',#789,#789,#664,.T.);
#964=EDGE_CURVE('',#789,#790,#410,.T.);
#965=EDGE_CURVE('',#790,#791,#665,.T.);
#966=EDGE_CURVE('',#791,#790,#666,.T.);
#967=EDGE_CURVE('',#792,#793,#667,.T.);
#968=EDGE_CURVE('',#793,#791,#411,.T.);
#969=EDGE_CURVE('',#793,#792,#668,.T.);
#970=EDGE_CURVE('',#792,#794,#412,.T.);
#971=EDGE_CURVE('',#794,#794,#669,.T.);
#972=EDGE_CURVE('',#794,#795,#413,.T.);
#973=EDGE_CURVE('',#795,#796,#670,.T.);
#974=EDGE_CURVE('',#796,#795,#671,.T.);
#975=EDGE_CURVE('',#797,#798,#672,.T.);
#976=EDGE_CURVE('',#798,#796,#414,.T.);
#977=EDGE_CURVE('',#798,#797,#673,.T.);
#978=EDGE_CURVE('',#797,#799,#415,.T.);
#979=EDGE_CURVE('',#799,#799,#674,.T.);
#980=EDGE_CURVE('',#799,#800,#416,.T.);
#981=EDGE_CURVE('',#800,#801,#675,.T.);
#982=EDGE_CURVE('',#801,#800,#676,.T.);
#983=EDGE_CURVE('',#802,#803,#677,.T.);
#984=EDGE_CURVE('',#803,#801,#417,.T.);
#985=EDGE_CURVE('',#803,#802,#678,.T.);
#986=EDGE_CURVE('',#802,#804,#418,.T.);
#987=EDGE_CURVE('',#804,#804,#679,.T.);
#988=EDGE_CURVE('',#804,#805,#419,.T.);
#989=EDGE_CURVE('',#805,#806,#680,.T.);
#990=EDGE_CURVE('',#806,#805,#681,.T.);
#991=EDGE_CURVE('',#807,#808,#682,.T.);
#992=EDGE_CURVE('',#808,#806,#420,.T.);
#993=EDGE_CURVE('',#808,#807,#683,.T.);
#994=EDGE_CURVE('',#807,#809,#421,.T.);
#995=EDGE_CURVE('',#809,#809,#684,.T.);
#996=EDGE_CURVE('',#809,#810,#422,.T.);
#997=EDGE_CURVE('',#810,#811,#685,.T.);
#998=EDGE_CURVE('',#811,#810,#686,.T.);
#999=EDGE_CURVE('',#812,#813,#687,.T.);
#1000=EDGE_CURVE('',#813,#811,#423,.T.);
#1001=EDGE_CURVE('',#813,#812,#688,.T.);
#1002=EDGE_CURVE('',#812,#814,#424,.T.);
#1003=EDGE_CURVE('',#814,#814,#689,.T.);
#1004=EDGE_CURVE('',#814,#815,#425,.T.);
#1005=EDGE_CURVE('',#815,#816,#690,.T.);
#1006=EDGE_CURVE('',#816,#815,#691,.T.);
#1007=EDGE_CURVE('',#817,#818,#692,.T.);
#1008=EDGE_CURVE('',#818,#816,#426,.T.);
#1009=EDGE_CURVE('',#818,#817,#693,.T.);
#1010=EDGE_CURVE('',#817,#819,#427,.T.);
#1011=EDGE_CURVE('',#819,#819,#694,.T.);
#1012=EDGE_CURVE('',#819,#820,#428,.T.);
#1013=EDGE_CURVE('',#820,#821,#695,.T.);
#1014=EDGE_CURVE('',#821,#820,#696,.T.);
#1015=EDGE_CURVE('',#822,#823,#697,.T.);
#1016=EDGE_CURVE('',#823,#821,#429,.T.);
#1017=EDGE_CURVE('',#823,#822,#698,.T.);
#1018=EDGE_CURVE('',#822,#824,#430,.T.);
#1019=EDGE_CURVE('',#824,#824,#699,.T.);
#1020=EDGE_CURVE('',#824,#825,#431,.T.);
#1021=EDGE_CURVE('',#825,#826,#700,.T.);
#1022=EDGE_CURVE('',#826,#825,#701,.T.);
#1023=EDGE_CURVE('',#827,#828,#702,.T.);
#1024=EDGE_CURVE('',#828,#826,#432,.T.);
#1025=EDGE_CURVE('',#828,#827,#703,.T.);
#1026=EDGE_CURVE('',#827,#829,#433,.T.);
#1027=EDGE_CURVE('',#829,#829,#704,.T.);
#1028=EDGE_CURVE('',#829,#830,#434,.T.);
#1029=EDGE_CURVE('',#830,#831,#705,.T.);
#1030=EDGE_CURVE('',#831,#830,#706,.T.);
#1031=EDGE_CURVE('',#832,#833,#707,.T.);
#1032=EDGE_CURVE('',#833,#831,#435,.T.);
#1033=EDGE_CURVE('',#833,#832,#708,.T.);
#1034=EDGE_CURVE('',#832,#834,#436,.T.);
#1035=EDGE_CURVE('',#834,#834,#709,.T.);
#1036=EDGE_CURVE('',#834,#835,#437,.T.);
#1037=EDGE_CURVE('',#835,#836,#710,.T.);
#1038=EDGE_CURVE('',#836,#835,#711,.T.);
#1039=EDGE_CURVE('',#837,#838,#712,.T.);
#1040=EDGE_CURVE('',#838,#836,#438,.T.);
#1041=EDGE_CURVE('',#838,#837,#713,.T.);
#1042=EDGE_CURVE('',#837,#839,#439,.T.);
#1043=EDGE_CURVE('',#839,#839,#714,.T.);
#1044=EDGE_CURVE('',#840,#840,#715,.T.);
#1045=EDGE_CURVE('',#840,#841,#440,.T.);
#1046=EDGE_CURVE('',#841,#841,#716,.T.);
#1047=EDGE_CURVE('',#842,#842,#717,.T.);
#1048=EDGE_CURVE('',#842,#843,#441,.T.);
#1049=EDGE_CURVE('',#843,#843,#718,.T.);
#1050=EDGE_CURVE('',#844,#844,#719,.T.);
#1051=EDGE_CURVE('',#844,#845,#442,.T.);
#1052=EDGE_CURVE('',#845,#845,#720,.T.);
#1053=EDGE_CURVE('',#846,#846,#721,.T.);
#1054=EDGE_CURVE('',#846,#847,#443,.T.);
#1055=EDGE_CURVE('',#847,#847,#722,.T.);
#1056=EDGE_CURVE('',#847,#848,#723,.T.);
#1057=EDGE_CURVE('',#848,#848,#724,.T.);
#1058=EDGE_CURVE('',#756,#767,#444,.T.);
#1059=EDGE_CURVE('',#755,#768,#445,.T.);
#1060=EDGE_CURVE('',#762,#754,#446,.T.);
#1061=EDGE_CURVE('',#849,#850,#447,.T.);
#1062=EDGE_CURVE('',#850,#851,#448,.T.);
#1063=EDGE_CURVE('',#851,#852,#449,.T.);
#1064=EDGE_CURVE('',#852,#853,#450,.T.);
#1065=EDGE_CURVE('',#853,#854,#451,.T.);
#1066=EDGE_CURVE('',#854,#849,#452,.T.);
#1067=EDGE_CURVE('',#855,#856,#453,.T.);
#1068=EDGE_CURVE('',#857,#855,#454,.T.);
#1069=EDGE_CURVE('',#858,#857,#455,.T.);
#1070=EDGE_CURVE('',#859,#858,#456,.T.);
#1071=EDGE_CURVE('',#860,#859,#457,.T.);
#1072=EDGE_CURVE('',#856,#860,#458,.T.);
#1073=EDGE_CURVE('',#753,#761,#459,.T.);
#1074=EDGE_CURVE('',#860,#852,#460,.T.);
#1075=EDGE_CURVE('',#856,#851,#461,.T.);
#1076=EDGE_CURVE('',#859,#853,#462,.T.);
#1077=EDGE_CURVE('',#858,#854,#463,.T.);
#1078=EDGE_CURVE('',#857,#849,#464,.T.);
#1079=EDGE_CURVE('',#855,#850,#465,.T.);
#1080=EDGE_CURVE('',#764,#751,#466,.T.);
#1081=EDGE_CURVE('',#763,#752,#467,.T.);
#1082=EDGE_CURVE('',#861,#861,#725,.T.);
#1083=EDGE_CURVE('',#861,#862,#468,.T.);
#1084=EDGE_CURVE('',#862,#862,#726,.T.);
#1085=EDGE_CURVE('',#863,#863,#727,.T.);
#1086=EDGE_CURVE('',#863,#864,#469,.T.);
#1087=EDGE_CURVE('',#864,#864,#728,.T.);
#1088=EDGE_CURVE('',#865,#865,#729,.T.);
#1089=EDGE_CURVE('',#865,#866,#470,.T.);
#1090=EDGE_CURVE('',#866,#866,#730,.T.);
#1091=EDGE_CURVE('',#867,#867,#731,.T.);
#1092=EDGE_CURVE('',#867,#868,#471,.T.);
#1093=EDGE_CURVE('',#868,#868,#732,.T.);
#1094=EDGE_CURVE('',#869,#869,#733,.T.);
#1095=EDGE_CURVE('',#869,#870,#472,.T.);
#1096=EDGE_CURVE('',#870,#870,#734,.T.);
#1097=EDGE_CURVE('',#871,#872,#735,.T.);
#1098=EDGE_CURVE('',#871,#873,#473,.T.);
#1099=EDGE_CURVE('',#873,#874,#736,.T.);
#1100=EDGE_CURVE('',#872,#874,#474,.T.);
#1101=EDGE_CURVE('',#875,#875,#737,.T.);
#1102=EDGE_CURVE('',#875,#876,#475,.T.);
#1103=EDGE_CURVE('',#876,#876,#738,.T.);
#1104=EDGE_CURVE('',#877,#878,#739,.T.);
#1105=EDGE_CURVE('',#877,#879,#476,.T.);
#1106=EDGE_CURVE('',#879,#880,#740,.T.);
#1107=EDGE_CURVE('',#878,#880,#477,.T.);
#1108=EDGE_CURVE('',#878,#881,#478,.T.);
#1109=EDGE_CURVE('',#881,#882,#741,.T.);
#1110=EDGE_CURVE('',#882,#883,#479,.T.);
#1111=EDGE_CURVE('',#883,#884,#742,.T.);
#1112=EDGE_CURVE('',#884,#877,#480,.T.);
#1113=EDGE_CURVE('',#885,#886,#743,.T.);
#1114=EDGE_CURVE('',#874,#885,#481,.T.);
#1115=EDGE_CURVE('',#886,#873,#482,.T.);
#1116=EDGE_CURVE('',#887,#879,#483,.T.);
#1117=EDGE_CURVE('',#888,#887,#744,.T.);
#1118=EDGE_CURVE('',#889,#888,#484,.T.);
#1119=EDGE_CURVE('',#890,#889,#745,.T.);
#1120=EDGE_CURVE('',#880,#890,#485,.T.);
#1121=EDGE_CURVE('',#872,#891,#486,.T.);
#1122=EDGE_CURVE('',#891,#892,#746,.T.);
#1123=EDGE_CURVE('',#892,#871,#487,.T.);
#1124=EDGE_CURVE('',#881,#890,#488,.T.);
#1125=EDGE_CURVE('',#882,#889,#489,.T.);
#1126=EDGE_CURVE('',#883,#888,#490,.T.);
#1127=EDGE_CURVE('',#884,#887,#491,.T.);
#1128=EDGE_CURVE('',#892,#886,#492,.T.);
#1129=EDGE_CURVE('',#891,#885,#493,.T.);
#1130=EDGE_CURVE('',#893,#893,#747,.T.);
#1131=EDGE_CURVE('',#893,#894,#494,.T.);
#1132=EDGE_CURVE('',#894,#894,#748,.T.);
#1133=EDGE_CURVE('',#895,#896,#495,.T.);
#1134=EDGE_CURVE('',#896,#897,#496,.T.);
#1135=EDGE_CURVE('',#897,#898,#497,.T.);
#1136=EDGE_CURVE('',#898,#899,#498,.T.);
#1137=EDGE_CURVE('',#899,#900,#499,.T.);
#1138=EDGE_CURVE('',#900,#895,#500,.T.);
#1139=EDGE_CURVE('',#901,#902,#501,.T.);
#1140=EDGE_CURVE('',#903,#901,#502,.T.);
#1141=EDGE_CURVE('',#904,#903,#503,.T.);
#1142=EDGE_CURVE('',#905,#904,#504,.T.);
#1143=EDGE_CURVE('',#906,#905,#505,.T.);
#1144=EDGE_CURVE('',#902,#906,#506,.T.);
#1145=EDGE_CURVE('',#896,#902,#507,.T.);
#1146=EDGE_CURVE('',#895,#901,#508,.T.);
#1147=EDGE_CURVE('',#897,#906,#509,.T.);
#1148=EDGE_CURVE('',#898,#905,#510,.T.);
#1149=EDGE_CURVE('',#899,#904,#511,.T.);
#1150=EDGE_CURVE('',#900,#903,#512,.T.);
#1151=ORIENTED_EDGE('',*,*,#907,.T.);
#1152=ORIENTED_EDGE('',*,*,#908,.T.);
#1153=ORIENTED_EDGE('',*,*,#909,.F.);
#1154=ORIENTED_EDGE('',*,*,#910,.F.);
#1155=ORIENTED_EDGE('',*,*,#911,.F.);
#1156=ORIENTED_EDGE('',*,*,#912,.T.);
#1157=ORIENTED_EDGE('',*,*,#913,.F.);
#1158=ORIENTED_EDGE('',*,*,#914,.F.);
#1159=ORIENTED_EDGE('',*,*,#915,.F.);
#1160=ORIENTED_EDGE('',*,*,#908,.F.);
#1161=ORIENTED_EDGE('',*,*,#916,.F.);
#1162=ORIENTED_EDGE('',*,*,#917,.T.);
#1163=ORIENTED_EDGE('',*,*,#918,.F.);
#1164=ORIENTED_EDGE('',*,*,#917,.F.);
#1165=ORIENTED_EDGE('',*,*,#919,.F.);
#1166=ORIENTED_EDGE('',*,*,#920,.T.);
#1167=ORIENTED_EDGE('',*,*,#921,.T.);
#1168=ORIENTED_EDGE('',*,*,#920,.F.);
#1169=ORIENTED_EDGE('',*,*,#922,.F.);
#1170=ORIENTED_EDGE('',*,*,#923,.T.);
#1171=ORIENTED_EDGE('',*,*,#924,.T.);
#1172=ORIENTED_EDGE('',*,*,#925,.T.);
#1173=ORIENTED_EDGE('',*,*,#926,.T.);
#1174=ORIENTED_EDGE('',*,*,#927,.T.);
#1175=ORIENTED_EDGE('',*,*,#926,.F.);
#1176=ORIENTED_EDGE('',*,*,#928,.T.);
#1177=ORIENTED_EDGE('',*,*,#929,.T.);
#1178=ORIENTED_EDGE('',*,*,#930,.T.);
#1179=ORIENTED_EDGE('',*,*,#931,.F.);
#1180=ORIENTED_EDGE('',*,*,#932,.T.);
#1181=ORIENTED_EDGE('',*,*,#933,.T.);
#1182=ORIENTED_EDGE('',*,*,#932,.F.);
#1183=ORIENTED_EDGE('',*,*,#934,.T.);
#1184=ORIENTED_EDGE('',*,*,#935,.T.);
#1185=ORIENTED_EDGE('',*,*,#936,.F.);
#1186=ORIENTED_EDGE('',*,*,#935,.F.);
#1187=ORIENTED_EDGE('',*,*,#937,.T.);
#1188=ORIENTED_EDGE('',*,*,#934,.F.);
#1189=ORIENTED_EDGE('',*,*,#938,.T.);
#1190=ORIENTED_EDGE('',*,*,#939,.T.);
#1191=ORIENTED_EDGE('',*,*,#938,.F.);
#1192=ORIENTED_EDGE('',*,*,#937,.F.);
#1193=ORIENTED_EDGE('',*,*,#939,.F.);
#1194=ORIENTED_EDGE('',*,*,#940,.T.);
#1195=ORIENTED_EDGE('',*,*,#941,.T.);
#1196=ORIENTED_EDGE('',*,*,#942,.T.);
#1197=ORIENTED_EDGE('',*,*,#940,.F.);
#1198=ORIENTED_EDGE('',*,*,#943,.T.);
#1199=ORIENTED_EDGE('',*,*,#944,.T.);
#1200=ORIENTED_EDGE('',*,*,#941,.F.);
#1201=ORIENTED_EDGE('',*,*,#942,.F.);
#1202=ORIENTED_EDGE('',*,*,#944,.F.);
#1203=ORIENTED_EDGE('',*,*,#945,.T.);
#1204=ORIENTED_EDGE('',*,*,#943,.F.);
#1205=ORIENTED_EDGE('',*,*,#946,.T.);
#1206=ORIENTED_EDGE('',*,*,#947,.T.);
#1207=ORIENTED_EDGE('',*,*,#946,.F.);
#1208=ORIENTED_EDGE('',*,*,#945,.F.);
#1209=ORIENTED_EDGE('',*,*,#947,.F.);
#1210=ORIENTED_EDGE('',*,*,#948,.T.);
#1211=ORIENTED_EDGE('',*,*,#949,.T.);
#1212=ORIENTED_EDGE('',*,*,#950,.T.);
#1213=ORIENTED_EDGE('',*,*,#948,.F.);
#1214=ORIENTED_EDGE('',*,*,#951,.T.);
#1215=ORIENTED_EDGE('',*,*,#952,.T.);
#1216=ORIENTED_EDGE('',*,*,#949,.F.);
#1217=ORIENTED_EDGE('',*,*,#950,.F.);
#1218=ORIENTED_EDGE('',*,*,#952,.F.);
#1219=ORIENTED_EDGE('',*,*,#953,.T.);
#1220=ORIENTED_EDGE('',*,*,#951,.F.);
#1221=ORIENTED_EDGE('',*,*,#954,.T.);
#1222=ORIENTED_EDGE('',*,*,#955,.T.);
#1223=ORIENTED_EDGE('',*,*,#954,.F.);
#1224=ORIENTED_EDGE('',*,*,#953,.F.);
#1225=ORIENTED_EDGE('',*,*,#955,.F.);
#1226=ORIENTED_EDGE('',*,*,#956,.T.);
#1227=ORIENTED_EDGE('',*,*,#957,.T.);
#1228=ORIENTED_EDGE('',*,*,#958,.T.);
#1229=ORIENTED_EDGE('',*,*,#956,.F.);
#1230=ORIENTED_EDGE('',*,*,#959,.T.);
#1231=ORIENTED_EDGE('',*,*,#960,.T.);
#1232=ORIENTED_EDGE('',*,*,#957,.F.);
#1233=ORIENTED_EDGE('',*,*,#958,.F.);
#1234=ORIENTED_EDGE('',*,*,#960,.F.);
#1235=ORIENTED_EDGE('',*,*,#961,.T.);
#1236=ORIENTED_EDGE('',*,*,#959,.F.);
#1237=ORIENTED_EDGE('',*,*,#962,.T.);
#1238=ORIENTED_EDGE('',*,*,#963,.T.);
#1239=ORIENTED_EDGE('',*,*,#962,.F.);
#1240=ORIENTED_EDGE('',*,*,#961,.F.);
#1241=ORIENTED_EDGE('',*,*,#963,.F.);
#1242=ORIENTED_EDGE('',*,*,#964,.T.);
#1243=ORIENTED_EDGE('',*,*,#965,.T.);
#1244=ORIENTED_EDGE('',*,*,#966,.T.);
#1245=ORIENTED_EDGE('',*,*,#964,.F.);
#1246=ORIENTED_EDGE('',*,*,#967,.T.);
#1247=ORIENTED_EDGE('',*,*,#968,.T.);
#1248=ORIENTED_EDGE('',*,*,#965,.F.);
#1249=ORIENTED_EDGE('',*,*,#966,.F.);
#1250=ORIENTED_EDGE('',*,*,#968,.F.);
#1251=ORIENTED_EDGE('',*,*,#969,.T.);
#1252=ORIENTED_EDGE('',*,*,#967,.F.);
#1253=ORIENTED_EDGE('',*,*,#970,.T.);
#1254=ORIENTED_EDGE('',*,*,#971,.T.);
#1255=ORIENTED_EDGE('',*,*,#970,.F.);
#1256=ORIENTED_EDGE('',*,*,#969,.F.);
#1257=ORIENTED_EDGE('',*,*,#971,.F.);
#1258=ORIENTED_EDGE('',*,*,#972,.T.);
#1259=ORIENTED_EDGE('',*,*,#973,.T.);
#1260=ORIENTED_EDGE('',*,*,#974,.T.);
#1261=ORIENTED_EDGE('',*,*,#972,.F.);
#1262=ORIENTED_EDGE('',*,*,#975,.T.);
#1263=ORIENTED_EDGE('',*,*,#976,.T.);
#1264=ORIENTED_EDGE('',*,*,#973,.F.);
#1265=ORIENTED_EDGE('',*,*,#974,.F.);
#1266=ORIENTED_EDGE('',*,*,#976,.F.);
#1267=ORIENTED_EDGE('',*,*,#977,.T.);
#1268=ORIENTED_EDGE('',*,*,#975,.F.);
#1269=ORIENTED_EDGE('',*,*,#978,.T.);
#1270=ORIENTED_EDGE('',*,*,#979,.T.);
#1271=ORIENTED_EDGE('',*,*,#978,.F.);
#1272=ORIENTED_EDGE('',*,*,#977,.F.);
#1273=ORIENTED_EDGE('',*,*,#979,.F.);
#1274=ORIENTED_EDGE('',*,*,#980,.T.);
#1275=ORIENTED_EDGE('',*,*,#981,.T.);
#1276=ORIENTED_EDGE('',*,*,#982,.T.);
#1277=ORIENTED_EDGE('',*,*,#980,.F.);
#1278=ORIENTED_EDGE('',*,*,#983,.T.);
#1279=ORIENTED_EDGE('',*,*,#984,.T.);
#1280=ORIENTED_EDGE('',*,*,#981,.F.);
#1281=ORIENTED_EDGE('',*,*,#982,.F.);
#1282=ORIENTED_EDGE('',*,*,#984,.F.);
#1283=ORIENTED_EDGE('',*,*,#985,.T.);
#1284=ORIENTED_EDGE('',*,*,#983,.F.);
#1285=ORIENTED_EDGE('',*,*,#986,.T.);
#1286=ORIENTED_EDGE('',*,*,#987,.T.);
#1287=ORIENTED_EDGE('',*,*,#986,.F.);
#1288=ORIENTED_EDGE('',*,*,#985,.F.);
#1289=ORIENTED_EDGE('',*,*,#987,.F.);
#1290=ORIENTED_EDGE('',*,*,#988,.T.);
#1291=ORIENTED_EDGE('',*,*,#989,.T.);
#1292=ORIENTED_EDGE('',*,*,#990,.T.);
#1293=ORIENTED_EDGE('',*,*,#988,.F.);
#1294=ORIENTED_EDGE('',*,*,#991,.T.);
#1295=ORIENTED_EDGE('',*,*,#992,.T.);
#1296=ORIENTED_EDGE('',*,*,#989,.F.);
#1297=ORIENTED_EDGE('',*,*,#990,.F.);
#1298=ORIENTED_EDGE('',*,*,#992,.F.);
#1299=ORIENTED_EDGE('',*,*,#993,.T.);
#1300=ORIENTED_EDGE('',*,*,#991,.F.);
#1301=ORIENTED_EDGE('',*,*,#994,.T.);
#1302=ORIENTED_EDGE('',*,*,#995,.T.);
#1303=ORIENTED_EDGE('',*,*,#994,.F.);
#1304=ORIENTED_EDGE('',*,*,#993,.F.);
#1305=ORIENTED_EDGE('',*,*,#995,.F.);
#1306=ORIENTED_EDGE('',*,*,#996,.T.);
#1307=ORIENTED_EDGE('',*,*,#997,.T.);
#1308=ORIENTED_EDGE('',*,*,#998,.T.);
#1309=ORIENTED_EDGE('',*,*,#996,.F.);
#1310=ORIENTED_EDGE('',*,*,#999,.T.);
#1311=ORIENTED_EDGE('',*,*,#1000,.T.);
#1312=ORIENTED_EDGE('',*,*,#997,.F.);
#1313=ORIENTED_EDGE('',*,*,#998,.F.);
#1314=ORIENTED_EDGE('',*,*,#1000,.F.);
#1315=ORIENTED_EDGE('',*,*,#1001,.T.);
#1316=ORIENTED_EDGE('',*,*,#999,.F.);
#1317=ORIENTED_EDGE('',*,*,#1002,.T.);
#1318=ORIENTED_EDGE('',*,*,#1003,.T.);
#1319=ORIENTED_EDGE('',*,*,#1002,.F.);
#1320=ORIENTED_EDGE('',*,*,#1001,.F.);
#1321=ORIENTED_EDGE('',*,*,#1003,.F.);
#1322=ORIENTED_EDGE('',*,*,#1004,.T.);
#1323=ORIENTED_EDGE('',*,*,#1005,.T.);
#1324=ORIENTED_EDGE('',*,*,#1006,.T.);
#1325=ORIENTED_EDGE('',*,*,#1004,.F.);
#1326=ORIENTED_EDGE('',*,*,#1007,.T.);
#1327=ORIENTED_EDGE('',*,*,#1008,.T.);
#1328=ORIENTED_EDGE('',*,*,#1005,.F.);
#1329=ORIENTED_EDGE('',*,*,#1006,.F.);
#1330=ORIENTED_EDGE('',*,*,#1008,.F.);
#1331=ORIENTED_EDGE('',*,*,#1009,.T.);
#1332=ORIENTED_EDGE('',*,*,#1007,.F.);
#1333=ORIENTED_EDGE('',*,*,#1010,.T.);
#1334=ORIENTED_EDGE('',*,*,#1011,.T.);
#1335=ORIENTED_EDGE('',*,*,#1010,.F.);
#1336=ORIENTED_EDGE('',*,*,#1009,.F.);
#1337=ORIENTED_EDGE('',*,*,#1011,.F.);
#1338=ORIENTED_EDGE('',*,*,#1012,.T.);
#1339=ORIENTED_EDGE('',*,*,#1013,.T.);
#1340=ORIENTED_EDGE('',*,*,#1014,.T.);
#1341=ORIENTED_EDGE('',*,*,#1012,.F.);
#1342=ORIENTED_EDGE('',*,*,#1015,.T.);
#1343=ORIENTED_EDGE('',*,*,#1016,.T.);
#1344=ORIENTED_EDGE('',*,*,#1013,.F.);
#1345=ORIENTED_EDGE('',*,*,#1014,.F.);
#1346=ORIENTED_EDGE('',*,*,#1016,.F.);
#1347=ORIENTED_EDGE('',*,*,#1017,.T.);
#1348=ORIENTED_EDGE('',*,*,#1015,.F.);
#1349=ORIENTED_EDGE('',*,*,#1018,.T.);
#1350=ORIENTED_EDGE('',*,*,#1019,.T.);
#1351=ORIENTED_EDGE('',*,*,#1018,.F.);
#1352=ORIENTED_EDGE('',*,*,#1017,.F.);
#1353=ORIENTED_EDGE('',*,*,#1019,.F.);
#1354=ORIENTED_EDGE('',*,*,#1020,.T.);
#1355=ORIENTED_EDGE('',*,*,#1021,.T.);
#1356=ORIENTED_EDGE('',*,*,#1022,.T.);
#1357=ORIENTED_EDGE('',*,*,#1020,.F.);
#1358=ORIENTED_EDGE('',*,*,#1023,.T.);
#1359=ORIENTED_EDGE('',*,*,#1024,.T.);
#1360=ORIENTED_EDGE('',*,*,#1021,.F.);
#1361=ORIENTED_EDGE('',*,*,#1022,.F.);
#1362=ORIENTED_EDGE('',*,*,#1024,.F.);
#1363=ORIENTED_EDGE('',*,*,#1025,.T.);
#1364=ORIENTED_EDGE('',*,*,#1023,.F.);
#1365=ORIENTED_EDGE('',*,*,#1026,.T.);
#1366=ORIENTED_EDGE('',*,*,#1027,.T.);
#1367=ORIENTED_EDGE('',*,*,#1026,.F.);
#1368=ORIENTED_EDGE('',*,*,#1025,.F.);
#1369=ORIENTED_EDGE('',*,*,#1027,.F.);
#1370=ORIENTED_EDGE('',*,*,#1028,.T.);
#1371=ORIENTED_EDGE('',*,*,#1029,.T.);
#1372=ORIENTED_EDGE('',*,*,#1030,.T.);
#1373=ORIENTED_EDGE('',*,*,#1028,.F.);
#1374=ORIENTED_EDGE('',*,*,#1031,.T.);
#1375=ORIENTED_EDGE('',*,*,#1032,.T.);
#1376=ORIENTED_EDGE('',*,*,#1029,.F.);
#1377=ORIENTED_EDGE('',*,*,#1030,.F.);
#1378=ORIENTED_EDGE('',*,*,#1032,.F.);
#1379=ORIENTED_EDGE('',*,*,#1033,.T.);
#1380=ORIENTED_EDGE('',*,*,#1031,.F.);
#1381=ORIENTED_EDGE('',*,*,#1034,.T.);
#1382=ORIENTED_EDGE('',*,*,#1035,.T.);
#1383=ORIENTED_EDGE('',*,*,#1034,.F.);
#1384=ORIENTED_EDGE('',*,*,#1033,.F.);
#1385=ORIENTED_EDGE('',*,*,#1035,.F.);
#1386=ORIENTED_EDGE('',*,*,#1036,.T.);
#1387=ORIENTED_EDGE('',*,*,#1037,.T.);
#1388=ORIENTED_EDGE('',*,*,#1038,.T.);
#1389=ORIENTED_EDGE('',*,*,#1036,.F.);
#1390=ORIENTED_EDGE('',*,*,#1039,.T.);
#1391=ORIENTED_EDGE('',*,*,#1040,.T.);
#1392=ORIENTED_EDGE('',*,*,#1037,.F.);
#1393=ORIENTED_EDGE('',*,*,#1038,.F.);
#1394=ORIENTED_EDGE('',*,*,#1040,.F.);
#1395=ORIENTED_EDGE('',*,*,#1041,.T.);
#1396=ORIENTED_EDGE('',*,*,#1039,.F.);
#1397=ORIENTED_EDGE('',*,*,#1042,.T.);
#1398=ORIENTED_EDGE('',*,*,#1043,.T.);
#1399=ORIENTED_EDGE('',*,*,#1042,.F.);
#1400=ORIENTED_EDGE('',*,*,#1041,.F.);
#1401=ORIENTED_EDGE('',*,*,#1044,.F.);
#1402=ORIENTED_EDGE('',*,*,#1045,.T.);
#1403=ORIENTED_EDGE('',*,*,#1046,.T.);
#1404=ORIENTED_EDGE('',*,*,#1045,.F.);
#1405=ORIENTED_EDGE('',*,*,#1047,.F.);
#1406=ORIENTED_EDGE('',*,*,#1048,.T.);
#1407=ORIENTED_EDGE('',*,*,#1049,.T.);
#1408=ORIENTED_EDGE('',*,*,#1048,.F.);
#1409=ORIENTED_EDGE('',*,*,#1050,.F.);
#1410=ORIENTED_EDGE('',*,*,#1051,.T.);
#1411=ORIENTED_EDGE('',*,*,#1052,.T.);
#1412=ORIENTED_EDGE('',*,*,#1051,.F.);
#1413=ORIENTED_EDGE('',*,*,#1053,.F.);
#1414=ORIENTED_EDGE('',*,*,#1054,.T.);
#1415=ORIENTED_EDGE('',*,*,#1055,.T.);
#1416=ORIENTED_EDGE('',*,*,#1054,.F.);
#1417=ORIENTED_EDGE('',*,*,#1055,.F.);
#1418=ORIENTED_EDGE('',*,*,#1056,.T.);
#1419=ORIENTED_EDGE('',*,*,#1057,.T.);
#1420=ORIENTED_EDGE('',*,*,#1056,.F.);
#1421=ORIENTED_EDGE('',*,*,#1058,.F.);
#1422=ORIENTED_EDGE('',*,*,#914,.T.);
#1423=ORIENTED_EDGE('',*,*,#1059,.T.);
#1424=ORIENTED_EDGE('',*,*,#929,.F.);
#1425=ORIENTED_EDGE('',*,*,#1059,.F.);
#1426=ORIENTED_EDGE('',*,*,#913,.T.);
#1427=ORIENTED_EDGE('',*,*,#1060,.F.);
#1428=ORIENTED_EDGE('',*,*,#930,.F.);
#1429=ORIENTED_EDGE('',*,*,#1061,.T.);
#1430=ORIENTED_EDGE('',*,*,#1062,.T.);
#1431=ORIENTED_EDGE('',*,*,#1063,.T.);
#1432=ORIENTED_EDGE('',*,*,#1064,.T.);
#1433=ORIENTED_EDGE('',*,*,#1065,.T.);
#1434=ORIENTED_EDGE('',*,*,#1066,.T.);
#1435=ORIENTED_EDGE('',*,*,#1044,.T.);
#1436=ORIENTED_EDGE('',*,*,#1067,.F.);
#1437=ORIENTED_EDGE('',*,*,#1068,.F.);
#1438=ORIENTED_EDGE('',*,*,#1069,.F.);
#1439=ORIENTED_EDGE('',*,*,#1070,.F.);
#1440=ORIENTED_EDGE('',*,*,#1071,.F.);
#1441=ORIENTED_EDGE('',*,*,#1072,.F.);
#1442=ORIENTED_EDGE('',*,*,#1043,.F.);
#1443=ORIENTED_EDGE('',*,*,#1057,.F.);
#1444=ORIENTED_EDGE('',*,*,#921,.F.);
#1445=ORIENTED_EDGE('',*,*,#1052,.F.);
#1446=ORIENTED_EDGE('',*,*,#1053,.T.);
#1447=ORIENTED_EDGE('',*,*,#1050,.T.);
#1448=ORIENTED_EDGE('',*,*,#1049,.F.);
#1449=ORIENTED_EDGE('',*,*,#1046,.F.);
#1450=ORIENTED_EDGE('',*,*,#1047,.T.);
#1451=ORIENTED_EDGE('',*,*,#936,.T.);
#1452=ORIENTED_EDGE('',*,*,#933,.F.);
#1453=ORIENTED_EDGE('',*,*,#931,.T.);
#1454=ORIENTED_EDGE('',*,*,#927,.F.);
#1455=ORIENTED_EDGE('',*,*,#1060,.T.);
#1456=ORIENTED_EDGE('',*,*,#912,.F.);
#1457=ORIENTED_EDGE('',*,*,#1073,.T.);
#1458=ORIENTED_EDGE('',*,*,#922,.T.);
#1459=ORIENTED_EDGE('',*,*,#1072,.T.);
#1460=ORIENTED_EDGE('',*,*,#1074,.T.);
#1461=ORIENTED_EDGE('',*,*,#1063,.F.);
#1462=ORIENTED_EDGE('',*,*,#1075,.F.);
#1463=ORIENTED_EDGE('',*,*,#1071,.T.);
#1464=ORIENTED_EDGE('',*,*,#1076,.T.);
#1465=ORIENTED_EDGE('',*,*,#1064,.F.);
#1466=ORIENTED_EDGE('',*,*,#1074,.F.);
#1467=ORIENTED_EDGE('',*,*,#1070,.T.);
#1468=ORIENTED_EDGE('',*,*,#1077,.T.);
#1469=ORIENTED_EDGE('',*,*,#1065,.F.);
#1470=ORIENTED_EDGE('',*,*,#1076,.F.);
#1471=ORIENTED_EDGE('',*,*,#1069,.T.);
#1472=ORIENTED_EDGE('',*,*,#1078,.T.);
#1473=ORIENTED_EDGE('',*,*,#1066,.F.);
#1474=ORIENTED_EDGE('',*,*,#1077,.F.);
#1475=ORIENTED_EDGE('',*,*,#1068,.T.);
#1476=ORIENTED_EDGE('',*,*,#1079,.T.);
#1477=ORIENTED_EDGE('',*,*,#1061,.F.);
#1478=ORIENTED_EDGE('',*,*,#1078,.F.);
#1479=ORIENTED_EDGE('',*,*,#1067,.T.);
#1480=ORIENTED_EDGE('',*,*,#1075,.T.);
#1481=ORIENTED_EDGE('',*,*,#1062,.F.);
#1482=ORIENTED_EDGE('',*,*,#1079,.F.);
#1483=ORIENTED_EDGE('',*,*,#919,.T.);
#1484=ORIENTED_EDGE('',*,*,#918,.T.);
#1485=ORIENTED_EDGE('',*,*,#916,.T.);
#1486=ORIENTED_EDGE('',*,*,#907,.F.);
#1487=ORIENTED_EDGE('',*,*,#1080,.T.);
#1488=ORIENTED_EDGE('',*,*,#909,.T.);
#1489=ORIENTED_EDGE('',*,*,#915,.T.);
#1490=ORIENTED_EDGE('',*,*,#1058,.T.);
#1491=ORIENTED_EDGE('',*,*,#928,.F.);
#1492=ORIENTED_EDGE('',*,*,#925,.F.);
#1493=ORIENTED_EDGE('',*,*,#1081,.T.);
#1494=ORIENTED_EDGE('',*,*,#910,.T.);
#1495=ORIENTED_EDGE('',*,*,#1080,.F.);
#1496=ORIENTED_EDGE('',*,*,#924,.F.);
#1497=ORIENTED_EDGE('',*,*,#1073,.F.);
#1498=ORIENTED_EDGE('',*,*,#911,.T.);
#1499=ORIENTED_EDGE('',*,*,#1081,.F.);
#1500=ORIENTED_EDGE('',*,*,#923,.F.);
#1501=ORIENTED_EDGE('',*,*,#1082,.T.);
#1502=ORIENTED_EDGE('',*,*,#1083,.T.);
#1503=ORIENTED_EDGE('',*,*,#1084,.F.);
#1504=ORIENTED_EDGE('',*,*,#1083,.F.);
#1505=ORIENTED_EDGE('',*,*,#1085,.T.);
#1506=ORIENTED_EDGE('',*,*,#1086,.T.);
#1507=ORIENTED_EDGE('',*,*,#1087,.F.);
#1508=ORIENTED_EDGE('',*,*,#1086,.F.);
#1509=ORIENTED_EDGE('',*,*,#1087,.T.);
#1510=ORIENTED_EDGE('',*,*,#1082,.F.);
#1511=ORIENTED_EDGE('',*,*,#1085,.F.);
#1512=ORIENTED_EDGE('',*,*,#1084,.T.);
#1513=ORIENTED_EDGE('',*,*,#1088,.T.);
#1514=ORIENTED_EDGE('',*,*,#1089,.T.);
#1515=ORIENTED_EDGE('',*,*,#1090,.F.);
#1516=ORIENTED_EDGE('',*,*,#1089,.F.);
#1517=ORIENTED_EDGE('',*,*,#1091,.T.);
#1518=ORIENTED_EDGE('',*,*,#1092,.T.);
#1519=ORIENTED_EDGE('',*,*,#1093,.F.);
#1520=ORIENTED_EDGE('',*,*,#1092,.F.);
#1521=ORIENTED_EDGE('',*,*,#1094,.T.);
#1522=ORIENTED_EDGE('',*,*,#1095,.T.);
#1523=ORIENTED_EDGE('',*,*,#1096,.F.);
#1524=ORIENTED_EDGE('',*,*,#1095,.F.);
#1525=ORIENTED_EDGE('',*,*,#1096,.T.);
#1526=ORIENTED_EDGE('',*,*,#1088,.F.);
#1527=ORIENTED_EDGE('',*,*,#1094,.F.);
#1528=ORIENTED_EDGE('',*,*,#1093,.T.);
#1529=ORIENTED_EDGE('',*,*,#1090,.T.);
#1530=ORIENTED_EDGE('',*,*,#1091,.F.);
#1531=ORIENTED_EDGE('',*,*,#1097,.F.);
#1532=ORIENTED_EDGE('',*,*,#1098,.T.);
#1533=ORIENTED_EDGE('',*,*,#1099,.T.);
#1534=ORIENTED_EDGE('',*,*,#1100,.F.);
#1535=ORIENTED_EDGE('',*,*,#1101,.T.);
#1536=ORIENTED_EDGE('',*,*,#1102,.T.);
#1537=ORIENTED_EDGE('',*,*,#1103,.F.);
#1538=ORIENTED_EDGE('',*,*,#1102,.F.);
#1539=ORIENTED_EDGE('',*,*,#1104,.F.);
#1540=ORIENTED_EDGE('',*,*,#1105,.T.);
#1541=ORIENTED_EDGE('',*,*,#1106,.T.);
#1542=ORIENTED_EDGE('',*,*,#1107,.F.);
#1543=ORIENTED_EDGE('',*,*,#1104,.T.);
#1544=ORIENTED_EDGE('',*,*,#1108,.T.);
#1545=ORIENTED_EDGE('',*,*,#1109,.T.);
#1546=ORIENTED_EDGE('',*,*,#1110,.T.);
#1547=ORIENTED_EDGE('',*,*,#1111,.T.);
#1548=ORIENTED_EDGE('',*,*,#1112,.T.);
#1549=ORIENTED_EDGE('',*,*,#1101,.F.);
#1550=ORIENTED_EDGE('',*,*,#1113,.F.);
#1551=ORIENTED_EDGE('',*,*,#1114,.F.);
#1552=ORIENTED_EDGE('',*,*,#1099,.F.);
#1553=ORIENTED_EDGE('',*,*,#1115,.F.);
#1554=ORIENTED_EDGE('',*,*,#1106,.F.);
#1555=ORIENTED_EDGE('',*,*,#1116,.F.);
#1556=ORIENTED_EDGE('',*,*,#1117,.F.);
#1557=ORIENTED_EDGE('',*,*,#1118,.F.);
#1558=ORIENTED_EDGE('',*,*,#1119,.F.);
#1559=ORIENTED_EDGE('',*,*,#1120,.F.);
#1560=ORIENTED_EDGE('',*,*,#1103,.T.);
#1561=ORIENTED_EDGE('',*,*,#1121,.T.);
#1562=ORIENTED_EDGE('',*,*,#1122,.T.);
#1563=ORIENTED_EDGE('',*,*,#1123,.T.);
#1564=ORIENTED_EDGE('',*,*,#1097,.T.);
#1565=ORIENTED_EDGE('',*,*,#1120,.T.);
#1566=ORIENTED_EDGE('',*,*,#1124,.F.);
#1567=ORIENTED_EDGE('',*,*,#1108,.F.);
#1568=ORIENTED_EDGE('',*,*,#1107,.T.);
#1569=ORIENTED_EDGE('',*,*,#1119,.T.);
#1570=ORIENTED_EDGE('',*,*,#1125,.F.);
#1571=ORIENTED_EDGE('',*,*,#1109,.F.);
#1572=ORIENTED_EDGE('',*,*,#1124,.T.);
#1573=ORIENTED_EDGE('',*,*,#1118,.T.);
#1574=ORIENTED_EDGE('',*,*,#1126,.F.);
#1575=ORIENTED_EDGE('',*,*,#1110,.F.);
#1576=ORIENTED_EDGE('',*,*,#1125,.T.);
#1577=ORIENTED_EDGE('',*,*,#1117,.T.);
#1578=ORIENTED_EDGE('',*,*,#1127,.F.);
#1579=ORIENTED_EDGE('',*,*,#1111,.F.);
#1580=ORIENTED_EDGE('',*,*,#1126,.T.);
#1581=ORIENTED_EDGE('',*,*,#1116,.T.);
#1582=ORIENTED_EDGE('',*,*,#1105,.F.);
#1583=ORIENTED_EDGE('',*,*,#1112,.F.);
#1584=ORIENTED_EDGE('',*,*,#1127,.T.);
#1585=ORIENTED_EDGE('',*,*,#1113,.T.);
#1586=ORIENTED_EDGE('',*,*,#1128,.F.);
#1587=ORIENTED_EDGE('',*,*,#1122,.F.);
#1588=ORIENTED_EDGE('',*,*,#1129,.T.);
#1589=ORIENTED_EDGE('',*,*,#1114,.T.);
#1590=ORIENTED_EDGE('',*,*,#1129,.F.);
#1591=ORIENTED_EDGE('',*,*,#1121,.F.);
#1592=ORIENTED_EDGE('',*,*,#1100,.T.);
#1593=ORIENTED_EDGE('',*,*,#1115,.T.);
#1594=ORIENTED_EDGE('',*,*,#1098,.F.);
#1595=ORIENTED_EDGE('',*,*,#1123,.F.);
#1596=ORIENTED_EDGE('',*,*,#1128,.T.);
#1597=ORIENTED_EDGE('',*,*,#1130,.T.);
#1598=ORIENTED_EDGE('',*,*,#1131,.T.);
#1599=ORIENTED_EDGE('',*,*,#1132,.F.);
#1600=ORIENTED_EDGE('',*,*,#1131,.F.);
#1601=ORIENTED_EDGE('',*,*,#1133,.T.);
#1602=ORIENTED_EDGE('',*,*,#1134,.T.);
#1603=ORIENTED_EDGE('',*,*,#1135,.T.);
#1604=ORIENTED_EDGE('',*,*,#1136,.T.);
#1605=ORIENTED_EDGE('',*,*,#1137,.T.);
#1606=ORIENTED_EDGE('',*,*,#1138,.T.);
#1607=ORIENTED_EDGE('',*,*,#1130,.F.);
#1608=ORIENTED_EDGE('',*,*,#1139,.F.);
#1609=ORIENTED_EDGE('',*,*,#1140,.F.);
#1610=ORIENTED_EDGE('',*,*,#1141,.F.);
#1611=ORIENTED_EDGE('',*,*,#1142,.F.);
#1612=ORIENTED_EDGE('',*,*,#1143,.F.);
#1613=ORIENTED_EDGE('',*,*,#1144,.F.);
#1614=ORIENTED_EDGE('',*,*,#1132,.T.);
#1615=ORIENTED_EDGE('',*,*,#1139,.T.);
#1616=ORIENTED_EDGE('',*,*,#1145,.F.);
#1617=ORIENTED_EDGE('',*,*,#1133,.F.);
#1618=ORIENTED_EDGE('',*,*,#1146,.T.);
#1619=ORIENTED_EDGE('',*,*,#1144,.T.);
#1620=ORIENTED_EDGE('',*,*,#1147,.F.);
#1621=ORIENTED_EDGE('',*,*,#1134,.F.);
#1622=ORIENTED_EDGE('',*,*,#1145,.T.);
#1623=ORIENTED_EDGE('',*,*,#1143,.T.);
#1624=ORIENTED_EDGE('',*,*,#1148,.F.);
#1625=ORIENTED_EDGE('',*,*,#1135,.F.);
#1626=ORIENTED_EDGE('',*,*,#1147,.T.);
#1627=ORIENTED_EDGE('',*,*,#1142,.T.);
#1628=ORIENTED_EDGE('',*,*,#1149,.F.);
#1629=ORIENTED_EDGE('',*,*,#1136,.F.);
#1630=ORIENTED_EDGE('',*,*,#1148,.T.);
#1631=ORIENTED_EDGE('',*,*,#1141,.T.);
#1632=ORIENTED_EDGE('',*,*,#1150,.F.);
#1633=ORIENTED_EDGE('',*,*,#1137,.F.);
#1634=ORIENTED_EDGE('',*,*,#1149,.T.);
#1635=ORIENTED_EDGE('',*,*,#1140,.T.);
#1636=ORIENTED_EDGE('',*,*,#1146,.F.);
#1637=ORIENTED_EDGE('',*,*,#1138,.F.);
#1638=ORIENTED_EDGE('',*,*,#1150,.T.);
#1639=CYLINDRICAL_SURFACE('',#1844,0.730212658150435);
#1640=CYLINDRICAL_SURFACE('',#1849,1.6);
#1641=CYLINDRICAL_SURFACE('',#1852,2.75);
#1642=CYLINDRICAL_SURFACE('',#1855,1.31185234411426);
#1643=CYLINDRICAL_SURFACE('',#1860,3.25);
#1644=CYLINDRICAL_SURFACE('',#1867,3.99999999999999);
#1645=CYLINDRICAL_SURFACE('',#1875,4.);
#1646=CYLINDRICAL_SURFACE('',#1883,4.);
#1647=CYLINDRICAL_SURFACE('',#1891,4.);
#1648=CYLINDRICAL_SURFACE('',#1899,4.);
#1649=CYLINDRICAL_SURFACE('',#1907,4.);
#1650=CYLINDRICAL_SURFACE('',#1915,4.);
#1651=CYLINDRICAL_SURFACE('',#1923,4.);
#1652=CYLINDRICAL_SURFACE('',#1931,4.);
#1653=CYLINDRICAL_SURFACE('',#1939,4.);
#1654=CYLINDRICAL_SURFACE('',#1947,4.);
#1655=CYLINDRICAL_SURFACE('',#1955,4.);
#1656=CYLINDRICAL_SURFACE('',#1963,4.);
#1657=CYLINDRICAL_SURFACE('',#1971,4.);
#1658=CYLINDRICAL_SURFACE('',#1973,4.9);
#1659=CYLINDRICAL_SURFACE('',#1976,4.84134962715696);
#1660=CYLINDRICAL_SURFACE('',#1979,4.9);
#1661=CYLINDRICAL_SURFACE('',#1982,4.15);
#1662=CYLINDRICAL_SURFACE('',#1988,0.999999999999998);
#1663=CYLINDRICAL_SURFACE('',#2008,0.999999999999998);
#1664=CYLINDRICAL_SURFACE('',#2011,4.);
#1665=CYLINDRICAL_SURFACE('',#2014,8.5);
#1666=CYLINDRICAL_SURFACE('',#2020,4.6);
#1667=CYLINDRICAL_SURFACE('',#2023,4.);
#1668=CYLINDRICAL_SURFACE('',#2026,8.5);
#1669=CYLINDRICAL_SURFACE('',#2033,0.397804146009546);
#1670=CYLINDRICAL_SURFACE('',#2036,4.);
#1671=CYLINDRICAL_SURFACE('',#2039,6.);
#1672=CYLINDRICAL_SURFACE('',#2051,1.5);
#1673=CYLINDRICAL_SURFACE('',#2053,1.5);
#1674=CYLINDRICAL_SURFACE('',#2055,0.397804146009546);
#1675=CYLINDRICAL_SURFACE('',#2059,4.);
#1676=ADVANCED_FACE('',(#151),#1639,.F.);
#1677=ADVANCED_FACE('',(#152),#1640,.F.);
#1678=ADVANCED_FACE('',(#153),#1641,.F.);
#1679=ADVANCED_FACE('',(#154),#1642,.T.);
#1680=ADVANCED_FACE('',(#155),#1643,.T.);
#1681=ADVANCED_FACE('',(#156),#124,.T.);
#1682=ADVANCED_FACE('',(#157),#1644,.T.);
#1683=ADVANCED_FACE('',(#158),#125,.T.);
#1684=ADVANCED_FACE('',(#159),#126,.T.);
#1685=ADVANCED_FACE('',(#160),#1645,.T.);
#1686=ADVANCED_FACE('',(#161),#127,.T.);
#1687=ADVANCED_FACE('',(#162),#128,.T.);
#1688=ADVANCED_FACE('',(#163),#1646,.T.);
#1689=ADVANCED_FACE('',(#164),#129,.T.);
#1690=ADVANCED_FACE('',(#165),#130,.T.);
#1691=ADVANCED_FACE('',(#166),#1647,.T.);
#1692=ADVANCED_FACE('',(#167),#131,.T.);
#1693=ADVANCED_FACE('',(#168),#132,.T.);
#1694=ADVANCED_FACE('',(#169),#1648,.T.);
#1695=ADVANCED_FACE('',(#170),#133,.T.);
#1696=ADVANCED_FACE('',(#171),#134,.T.);
#1697=ADVANCED_FACE('',(#172),#1649,.T.);
#1698=ADVANCED_FACE('',(#173),#135,.T.);
#1699=ADVANCED_FACE('',(#174),#136,.T.);
#1700=ADVANCED_FACE('',(#175),#1650,.T.);
#1701=ADVANCED_FACE('',(#176),#137,.T.);
#1702=ADVANCED_FACE('',(#177),#138,.T.);
#1703=ADVANCED_FACE('',(#178),#1651,.T.);
#1704=ADVANCED_FACE('',(#179),#139,.T.);
#1705=ADVANCED_FACE('',(#180),#140,.T.);
#1706=ADVANCED_FACE('',(#181),#1652,.T.);
#1707=ADVANCED_FACE('',(#182),#141,.T.);
#1708=ADVANCED_FACE('',(#183),#142,.T.);
#1709=ADVANCED_FACE('',(#184),#1653,.T.);
#1710=ADVANCED_FACE('',(#185),#143,.T.);
#1711=ADVANCED_FACE('',(#186),#144,.T.);
#1712=ADVANCED_FACE('',(#187),#1654,.T.);
#1713=ADVANCED_FACE('',(#188),#145,.T.);
#1714=ADVANCED_FACE('',(#189),#146,.T.);
#1715=ADVANCED_FACE('',(#190),#1655,.T.);
#1716=ADVANCED_FACE('',(#191),#147,.T.);
#1717=ADVANCED_FACE('',(#192),#148,.T.);
#1718=ADVANCED_FACE('',(#193),#1656,.T.);
#1719=ADVANCED_FACE('',(#194),#149,.T.);
#1720=ADVANCED_FACE('',(#195),#150,.T.);
#1721=ADVANCED_FACE('',(#196),#1657,.T.);
#1722=ADVANCED_FACE('',(#197),#1658,.T.);
#1723=ADVANCED_FACE('',(#198),#1659,.T.);
#1724=ADVANCED_FACE('',(#199),#1660,.T.);
#1725=ADVANCED_FACE('',(#200),#1661,.T.);
#1726=ADVANCED_FACE('',(#201),#107,.T.);
#1727=ADVANCED_FACE('',(#202),#1662,.F.);
#1728=ADVANCED_FACE('',(#203),#67,.F.);
#1729=ADVANCED_FACE('',(#204,#46),#68,.T.);
#1730=ADVANCED_FACE('',(#205,#47),#69,.F.);
#1731=ADVANCED_FACE('',(#206,#48),#70,.F.);
#1732=ADVANCED_FACE('',(#207,#49),#71,.F.);
#1733=ADVANCED_FACE('',(#208,#50),#72,.T.);
#1734=ADVANCED_FACE('',(#209,#51),#73,.T.);
#1735=ADVANCED_FACE('',(#210,#52),#74,.F.);
#1736=ADVANCED_FACE('',(#211,#53),#75,.T.);
#1737=ADVANCED_FACE('',(#212),#76,.F.);
#1738=ADVANCED_FACE('',(#213),#77,.T.);
#1739=ADVANCED_FACE('',(#214),#78,.T.);
#1740=ADVANCED_FACE('',(#215),#79,.T.);
#1741=ADVANCED_FACE('',(#216),#80,.T.);
#1742=ADVANCED_FACE('',(#217),#81,.T.);
#1743=ADVANCED_FACE('',(#218),#82,.T.);
#1744=ADVANCED_FACE('',(#219,#54),#83,.T.);
#1745=ADVANCED_FACE('',(#220,#55),#84,.T.);
#1746=ADVANCED_FACE('',(#221),#85,.F.);
#1747=ADVANCED_FACE('',(#222),#1663,.F.);
#1748=ADVANCED_FACE('',(#223),#86,.F.);
#1749=ADVANCED_FACE('',(#224),#1664,.F.);
#1750=ADVANCED_FACE('',(#225),#1665,.T.);
#1751=ADVANCED_FACE('',(#226,#56),#87,.T.);
#1752=ADVANCED_FACE('',(#227,#57),#88,.F.);
#1753=ADVANCED_FACE('',(#228),#1666,.T.);
#1754=ADVANCED_FACE('',(#229),#1667,.F.);
#1755=ADVANCED_FACE('',(#230),#1668,.T.);
#1756=ADVANCED_FACE('',(#231,#58),#89,.T.);
#1757=ADVANCED_FACE('',(#232,#59),#90,.F.);
#1758=ADVANCED_FACE('',(#233,#60),#91,.T.);
#1759=ADVANCED_FACE('',(#234),#1669,.F.);
#1760=ADVANCED_FACE('',(#235),#1670,.F.);
#1761=ADVANCED_FACE('',(#236),#1671,.T.);
#1762=ADVANCED_FACE('',(#237,#61,#62),#92,.T.);
#1763=ADVANCED_FACE('',(#238,#63,#64),#93,.F.);
#1764=ADVANCED_FACE('',(#239),#94,.F.);
#1765=ADVANCED_FACE('',(#240),#1672,.T.);
#1766=ADVANCED_FACE('',(#241),#95,.F.);
#1767=ADVANCED_FACE('',(#242),#1673,.T.);
#1768=ADVANCED_FACE('',(#243),#96,.F.);
#1769=ADVANCED_FACE('',(#244),#1674,.F.);
#1770=ADVANCED_FACE('',(#245),#97,.F.);
#1771=ADVANCED_FACE('',(#246),#98,.F.);
#1772=ADVANCED_FACE('',(#247),#1675,.F.);
#1773=ADVANCED_FACE('',(#248,#65),#99,.T.);
#1774=ADVANCED_FACE('',(#249,#66),#100,.F.);
#1775=ADVANCED_FACE('',(#250),#101,.F.);
#1776=ADVANCED_FACE('',(#251),#102,.F.);
#1777=ADVANCED_FACE('',(#252),#103,.F.);
#1778=ADVANCED_FACE('',(#253),#104,.F.);
#1779=ADVANCED_FACE('',(#254),#105,.F.);
#1780=ADVANCED_FACE('',(#255),#106,.F.);
#1781=CLOSED_SHELL('',(#1676,#1677,#1678,#1679,#1680,#1681,#1682,#1683,
#1684,#1685,#1686,#1687,#1688,#1689,#1690,#1691,#1692,#1693,#1694,#1695,
#1696,#1697,#1698,#1699,#1700,#1701,#1702,#1703,#1704,#1705,#1706,#1707,
#1708,#1709,#1710,#1711,#1712,#1713,#1714,#1715,#1716,#1717,#1718,#1719,
#1720,#1721,#1722,#1723,#1724,#1725,#1726,#1727,#1728,#1729,#1730,#1731,
#1732,#1733,#1734,#1735,#1736,#1737,#1738,#1739,#1740,#1741,#1742,#1743,
#1744,#1745,#1746,#1747,#1748));
#1782=CLOSED_SHELL('',(#1749,#1750,#1751,#1752));
#1783=CLOSED_SHELL('',(#1753,#1754,#1755,#1756,#1757,#1758));
#1784=CLOSED_SHELL('',(#1759,#1760,#1761,#1762,#1763,#1764,#1765,#1766,
#1767,#1768,#1769,#1770,#1771));
#1785=CLOSED_SHELL('',(#1772,#1773,#1774,#1775,#1776,#1777,#1778,#1779,
#1780));
#1786=DERIVED_UNIT_ELEMENT(#1796,1.);
#1787=DERIVED_UNIT_ELEMENT(#3225,-3.);
#1788=DERIVED_UNIT_ELEMENT(#1796,1.);
#1789=DERIVED_UNIT_ELEMENT(#3225,-3.);
#1790=DERIVED_UNIT_ELEMENT(#1796,1.);
#1791=DERIVED_UNIT_ELEMENT(#3225,-3.);
#1792=DERIVED_UNIT_ELEMENT(#1796,1.);
#1793=DERIVED_UNIT_ELEMENT(#3225,-3.);
#1794=DERIVED_UNIT_ELEMENT(#1796,1.);
#1795=DERIVED_UNIT_ELEMENT(#3225,-3.);
#1796=(
MASS_UNIT()
NAMED_UNIT(*)
SI_UNIT(.KILO.,.GRAM.)
);
#1797=DERIVED_UNIT((#1786,#1787));
#1798=DERIVED_UNIT((#1788,#1789));
#1799=DERIVED_UNIT((#1790,#1791));
#1800=DERIVED_UNIT((#1792,#1793));
#1801=DERIVED_UNIT((#1794,#1795));
#1802=MEASURE_REPRESENTATION_ITEM('density measure',
POSITIVE_RATIO_MEASURE(7850.),#1797);
#1803=MEASURE_REPRESENTATION_ITEM('density measure',
POSITIVE_RATIO_MEASURE(7850.),#1798);
#1804=MEASURE_REPRESENTATION_ITEM('density measure',
POSITIVE_RATIO_MEASURE(7850.),#1799);
#1805=MEASURE_REPRESENTATION_ITEM('density measure',
POSITIVE_RATIO_MEASURE(7850.),#1800);
#1806=MEASURE_REPRESENTATION_ITEM('density measure',
POSITIVE_RATIO_MEASURE(7850.),#1801);
#1807=PROPERTY_DEFINITION_REPRESENTATION(#1832,#1817);
#1808=PROPERTY_DEFINITION_REPRESENTATION(#1833,#1818);
#1809=PROPERTY_DEFINITION_REPRESENTATION(#1834,#1819);
#1810=PROPERTY_DEFINITION_REPRESENTATION(#1835,#1820);
#1811=PROPERTY_DEFINITION_REPRESENTATION(#1836,#1821);
#1812=PROPERTY_DEFINITION_REPRESENTATION(#1837,#1822);
#1813=PROPERTY_DEFINITION_REPRESENTATION(#1838,#1823);
#1814=PROPERTY_DEFINITION_REPRESENTATION(#1839,#1824);
#1815=PROPERTY_DEFINITION_REPRESENTATION(#1840,#1825);
#1816=PROPERTY_DEFINITION_REPRESENTATION(#1841,#1826);
#1817=REPRESENTATION('material name',(#1827),#3218);
#1818=REPRESENTATION('density',(#1802),#3218);
#1819=REPRESENTATION('material name',(#1828),#3219);
#1820=REPRESENTATION('density',(#1803),#3219);
#1821=REPRESENTATION('material name',(#1829),#3220);
#1822=REPRESENTATION('density',(#1804),#3220);
#1823=REPRESENTATION('material name',(#1830),#3221);
#1824=REPRESENTATION('density',(#1805),#3221);
#1825=REPRESENTATION('material name',(#1831),#3222);
#1826=REPRESENTATION('density',(#1806),#3222);
#1827=DESCRIPTIVE_REPRESENTATION_ITEM('Stal','Stal');
#1828=DESCRIPTIVE_REPRESENTATION_ITEM('Stal','Stal');
#1829=DESCRIPTIVE_REPRESENTATION_ITEM('Stal','Stal');
#1830=DESCRIPTIVE_REPRESENTATION_ITEM('Stal','Stal');
#1831=DESCRIPTIVE_REPRESENTATION_ITEM('Stal','Stal');
#1832=PROPERTY_DEFINITION('material property','material name',#3253);
#1833=PROPERTY_DEFINITION('material property','density of part',#3253);
#1834=PROPERTY_DEFINITION('material property','material name',#3254);
#1835=PROPERTY_DEFINITION('material property','density of part',#3254);
#1836=PROPERTY_DEFINITION('material property','material name',#3255);
#1837=PROPERTY_DEFINITION('material property','density of part',#3255);
#1838=PROPERTY_DEFINITION('material property','material name',#3256);
#1839=PROPERTY_DEFINITION('material property','density of part',#3256);
#1840=PROPERTY_DEFINITION('material property','material name',#3257);
#1841=PROPERTY_DEFINITION('material property','density of part',#3257);
#1842=AXIS2_PLACEMENT_3D('',#2664,#2075,#2076);
#1843=AXIS2_PLACEMENT_3D('',#2665,#2077,#2078);
#1844=AXIS2_PLACEMENT_3D('',#2666,#2079,#2080);
#1845=AXIS2_PLACEMENT_3D('',#2668,#2081,#2082);
#1846=AXIS2_PLACEMENT_3D('',#2672,#2084,#2085);
#1847=AXIS2_PLACEMENT_3D('',#2685,#2087,#2088);
#1848=AXIS2_PLACEMENT_3D('',#2697,#2090,#2091);
#1849=AXIS2_PLACEMENT_3D('',#2698,#2092,#2093);
#1850=AXIS2_PLACEMENT_3D('',#2700,#2094,#2095);
#1851=AXIS2_PLACEMENT_3D('',#2703,#2097,#2098);
#1852=AXIS2_PLACEMENT_3D('',#2704,#2099,#2100);
#1853=AXIS2_PLACEMENT_3D('',#2706,#2101,#2102);
#1854=AXIS2_PLACEMENT_3D('',#2709,#2104,#2105);
#1855=AXIS2_PLACEMENT_3D('',#2710,#2106,#2107);
#1856=AXIS2_PLACEMENT_3D('',#2713,#2108,#2109);
#1857=AXIS2_PLACEMENT_3D('',#2726,#2111,#2112);
#1858=AXIS2_PLACEMENT_3D('',#2729,#2114,#2115);
#1859=AXIS2_PLACEMENT_3D('',#2731,#2116,#2117);
#1860=AXIS2_PLACEMENT_3D('',#2742,#2119,#2120);
#1861=AXIS2_PLACEMENT_3D('',#2744,#2121,#2122);
#1862=AXIS2_PLACEMENT_3D('',#2747,#2124,#2125);
#1863=AXIS2_PLACEMENT_3D('',#2748,#2126,#2127);
#1864=AXIS2_PLACEMENT_3D('',#2751,#2128,#2129);
#1865=AXIS2_PLACEMENT_3D('',#2754,#2131,#2132);
#1866=AXIS2_PLACEMENT_3D('',#2755,#2133,#2134);
#1867=AXIS2_PLACEMENT_3D('',#2756,#2135,#2136);
#1868=AXIS2_PLACEMENT_3D('',#2759,#2138,#2139);
#1869=AXIS2_PLACEMENT_3D('',#2760,#2140,#2141);
#1870=AXIS2_PLACEMENT_3D('',#2764,#2143,#2144);
#1871=AXIS2_PLACEMENT_3D('',#2765,#2145,#2146);
#1872=AXIS2_PLACEMENT_3D('',#2766,#2147,#2148);
#1873=AXIS2_PLACEMENT_3D('',#2769,#2149,#2150);
#1874=AXIS2_PLACEMENT_3D('',#2771,#2152,#2153);
#1875=AXIS2_PLACEMENT_3D('',#2772,#2154,#2155);
#1876=AXIS2_PLACEMENT_3D('',#2775,#2157,#2158);
#1877=AXIS2_PLACEMENT_3D('',#2776,#2159,#2160);
#1878=AXIS2_PLACEMENT_3D('',#2780,#2162,#2163);
#1879=AXIS2_PLACEMENT_3D('',#2781,#2164,#2165);
#1880=AXIS2_PLACEMENT_3D('',#2782,#2166,#2167);
#1881=AXIS2_PLACEMENT_3D('',#2785,#2168,#2169);
#1882=AXIS2_PLACEMENT_3D('',#2787,#2171,#2172);
#1883=AXIS2_PLACEMENT_3D('',#2788,#2173,#2174);
#1884=AXIS2_PLACEMENT_3D('',#2791,#2176,#2177);
#1885=AXIS2_PLACEMENT_3D('',#2792,#2178,#2179);
#1886=AXIS2_PLACEMENT_3D('',#2796,#2181,#2182);
#1887=AXIS2_PLACEMENT_3D('',#2797,#2183,#2184);
#1888=AXIS2_PLACEMENT_3D('',#2798,#2185,#2186);
#1889=AXIS2_PLACEMENT_3D('',#2801,#2187,#2188);
#1890=AXIS2_PLACEMENT_3D('',#2803,#2190,#2191);
#1891=AXIS2_PLACEMENT_3D('',#2804,#2192,#2193);
#1892=AXIS2_PLACEMENT_3D('',#2807,#2195,#2196);
#1893=AXIS2_PLACEMENT_3D('',#2808,#2197,#2198);
#1894=AXIS2_PLACEMENT_3D('',#2812,#2200,#2201);
#1895=AXIS2_PLACEMENT_3D('',#2813,#2202,#2203);
#1896=AXIS2_PLACEMENT_3D('',#2814,#2204,#2205);
#1897=AXIS2_PLACEMENT_3D('',#2817,#2206,#2207);
#1898=AXIS2_PLACEMENT_3D('',#2819,#2209,#2210);
#1899=AXIS2_PLACEMENT_3D('',#2820,#2211,#2212);
#1900=AXIS2_PLACEMENT_3D('',#2823,#2214,#2215);
#1901=AXIS2_PLACEMENT_3D('',#2824,#2216,#2217);
#1902=AXIS2_PLACEMENT_3D('',#2828,#2219,#2220);
#1903=AXIS2_PLACEMENT_3D('',#2829,#2221,#2222);
#1904=AXIS2_PLACEMENT_3D('',#2830,#2223,#2224);
#1905=AXIS2_PLACEMENT_3D('',#2833,#2225,#2226);
#1906=AXIS2_PLACEMENT_3D('',#2835,#2228,#2229);
#1907=AXIS2_PLACEMENT_3D('',#2836,#2230,#2231);
#1908=AXIS2_PLACEMENT_3D('',#2839,#2233,#2234);
#1909=AXIS2_PLACEMENT_3D('',#2840,#2235,#2236);
#1910=AXIS2_PLACEMENT_3D('',#2844,#2238,#2239);
#1911=AXIS2_PLACEMENT_3D('',#2845,#2240,#2241);
#1912=AXIS2_PLACEMENT_3D('',#2846,#2242,#2243);
#1913=AXIS2_PLACEMENT_3D('',#2849,#2244,#2245);
#1914=AXIS2_PLACEMENT_3D('',#2851,#2247,#2248);
#1915=AXIS2_PLACEMENT_3D('',#2852,#2249,#2250);
#1916=AXIS2_PLACEMENT_3D('',#2855,#2252,#2253);
#1917=AXIS2_PLACEMENT_3D('',#2856,#2254,#2255);
#1918=AXIS2_PLACEMENT_3D('',#2860,#2257,#2258);
#1919=AXIS2_PLACEMENT_3D('',#2861,#2259,#2260);
#1920=AXIS2_PLACEMENT_3D('',#2862,#2261,#2262);
#1921=AXIS2_PLACEMENT_3D('',#2865,#2263,#2264);
#1922=AXIS2_PLACEMENT_3D('',#2867,#2266,#2267);
#1923=AXIS2_PLACEMENT_3D('',#2868,#2268,#2269);
#1924=AXIS2_PLACEMENT_3D('',#2871,#2271,#2272);
#1925=AXIS2_PLACEMENT_3D('',#2872,#2273,#2274);
#1926=AXIS2_PLACEMENT_3D('',#2876,#2276,#2277);
#1927=AXIS2_PLACEMENT_3D('',#2877,#2278,#2279);
#1928=AXIS2_PLACEMENT_3D('',#2878,#2280,#2281);
#1929=AXIS2_PLACEMENT_3D('',#2881,#2282,#2283);
#1930=AXIS2_PLACEMENT_3D('',#2883,#2285,#2286);
#1931=AXIS2_PLACEMENT_3D('',#2884,#2287,#2288);
#1932=AXIS2_PLACEMENT_3D('',#2887,#2290,#2291);
#1933=AXIS2_PLACEMENT_3D('',#2888,#2292,#2293);
#1934=AXIS2_PLACEMENT_3D('',#2892,#2295,#2296);
#1935=AXIS2_PLACEMENT_3D('',#2893,#2297,#2298);
#1936=AXIS2_PLACEMENT_3D('',#2894,#2299,#2300);
#1937=AXIS2_PLACEMENT_3D('',#2897,#2301,#2302);
#1938=AXIS2_PLACEMENT_3D('',#2899,#2304,#2305);
#1939=AXIS2_PLACEMENT_3D('',#2900,#2306,#2307);
#1940=AXIS2_PLACEMENT_3D('',#2903,#2309,#2310);
#1941=AXIS2_PLACEMENT_3D('',#2904,#2311,#2312);
#1942=AXIS2_PLACEMENT_3D('',#2908,#2314,#2315);
#1943=AXIS2_PLACEMENT_3D('',#2909,#2316,#2317);
#1944=AXIS2_PLACEMENT_3D('',#2910,#2318,#2319);
#1945=AXIS2_PLACEMENT_3D('',#2913,#2320,#2321);
#1946=AXIS2_PLACEMENT_3D('',#2915,#2323,#2324);
#1947=AXIS2_PLACEMENT_3D('',#2916,#2325,#2326);
#1948=AXIS2_PLACEMENT_3D('',#2919,#2328,#2329);
#1949=AXIS2_PLACEMENT_3D('',#2920,#2330,#2331);
#1950=AXIS2_PLACEMENT_3D('',#2924,#2333,#2334);
#1951=AXIS2_PLACEMENT_3D('',#2925,#2335,#2336);
#1952=AXIS2_PLACEMENT_3D('',#2926,#2337,#2338);
#1953=AXIS2_PLACEMENT_3D('',#2929,#2339,#2340);
#1954=AXIS2_PLACEMENT_3D('',#2931,#2342,#2343);
#1955=AXIS2_PLACEMENT_3D('',#2932,#2344,#2345);
#1956=AXIS2_PLACEMENT_3D('',#2935,#2347,#2348);
#1957=AXIS2_PLACEMENT_3D('',#2936,#2349,#2350);
#1958=AXIS2_PLACEMENT_3D('',#2940,#2352,#2353);
#1959=AXIS2_PLACEMENT_3D('',#2941,#2354,#2355);
#1960=AXIS2_PLACEMENT_3D('',#2942,#2356,#2357);
#1961=AXIS2_PLACEMENT_3D('',#2945,#2358,#2359);
#1962=AXIS2_PLACEMENT_3D('',#2947,#2361,#2362);
#1963=AXIS2_PLACEMENT_3D('',#2948,#2363,#2364);
#1964=AXIS2_PLACEMENT_3D('',#2951,#2366,#2367);
#1965=AXIS2_PLACEMENT_3D('',#2952,#2368,#2369);
#1966=AXIS2_PLACEMENT_3D('',#2956,#2371,#2372);
#1967=AXIS2_PLACEMENT_3D('',#2957,#2373,#2374);
#1968=AXIS2_PLACEMENT_3D('',#2958,#2375,#2376);
#1969=AXIS2_PLACEMENT_3D('',#2961,#2377,#2378);
#1970=AXIS2_PLACEMENT_3D('',#2963,#2380,#2381);
#1971=AXIS2_PLACEMENT_3D('',#2964,#2382,#2383);
#1972=AXIS2_PLACEMENT_3D('',#2967,#2385,#2386);
#1973=AXIS2_PLACEMENT_3D('',#2968,#2387,#2388);
#1974=AXIS2_PLACEMENT_3D('',#2970,#2389,#2390);
#1975=AXIS2_PLACEMENT_3D('',#2973,#2392,#2393);
#1976=AXIS2_PLACEMENT_3D('',#2974,#2394,#2395);
#1977=AXIS2_PLACEMENT_3D('',#2976,#2396,#2397);
#1978=AXIS2_PLACEMENT_3D('',#2979,#2399,#2400);
#1979=AXIS2_PLACEMENT_3D('',#2980,#2401,#2402);
#1980=AXIS2_PLACEMENT_3D('',#2982,#2403,#2404);
#1981=AXIS2_PLACEMENT_3D('',#2985,#2406,#2407);
#1982=AXIS2_PLACEMENT_3D('',#2986,#2408,#2409);
#1983=AXIS2_PLACEMENT_3D('',#2988,#2410,#2411);
#1984=AXIS2_PLACEMENT_3D('',#2991,#2413,#2414);
#1985=AXIS2_PLACEMENT_3D('',#2992,#2415,#2416);
#1986=AXIS2_PLACEMENT_3D('',#2994,#2417,#2418);
#1987=AXIS2_PLACEMENT_3D('',#2995,#2419,#2420);
#1988=AXIS2_PLACEMENT_3D('',#2996,#2421,#2422);
#1989=AXIS2_PLACEMENT_3D('',#2999,#2425,#2426);
#1990=AXIS2_PLACEMENT_3D('',#3001,#2428,#2429);
#1991=AXIS2_PLACEMENT_3D('',#3014,#2436,#2437);
#1992=AXIS2_PLACEMENT_3D('',#3027,#2444,#2445);
#1993=AXIS2_PLACEMENT_3D('',#3028,#2446,#2447);
#1994=AXIS2_PLACEMENT_3D('',#3029,#2448,#2449);
#1995=AXIS2_PLACEMENT_3D('',#3030,#2450,#2451);
#1996=AXIS2_PLACEMENT_3D('',#3031,#2452,#2453);
#1997=AXIS2_PLACEMENT_3D('',#3032,#2454,#2455);
#1998=AXIS2_PLACEMENT_3D('',#3033,#2456,#2457);
#1999=AXIS2_PLACEMENT_3D('',#3035,#2459,#2460);
#2000=AXIS2_PLACEMENT_3D('',#3038,#2463,#2464);
#2001=AXIS2_PLACEMENT_3D('',#3040,#2466,#2467);
#2002=AXIS2_PLACEMENT_3D('',#3042,#2469,#2470);
#2003=AXIS2_PLACEMENT_3D('',#3044,#2472,#2473);
#2004=AXIS2_PLACEMENT_3D('',#3046,#2475,#2476);
#2005=AXIS2_PLACEMENT_3D('',#3047,#2477,#2478);
#2006=AXIS2_PLACEMENT_3D('',#3048,#2479,#2480);
#2007=AXIS2_PLACEMENT_3D('',#3049,#2481,#2482);
#2008=AXIS2_PLACEMENT_3D('',#3051,#2484,#2485);
#2009=AXIS2_PLACEMENT_3D('',#3053,#2487,#2488);
#2010=AXIS2_PLACEMENT_3D('',#3054,#2489,#2490);
#2011=AXIS2_PLACEMENT_3D('',#3055,#2491,#2492);
#2012=AXIS2_PLACEMENT_3D('',#3057,#2493,#2494);
#2013=AXIS2_PLACEMENT_3D('',#3060,#2496,#2497);
#2014=AXIS2_PLACEMENT_3D('',#3061,#2498,#2499);
#2015=AXIS2_PLACEMENT_3D('',#3063,#2500,#2501);
#2016=AXIS2_PLACEMENT_3D('',#3066,#2503,#2504);
#2017=AXIS2_PLACEMENT_3D('',#3067,#2505,#2506);
#2018=AXIS2_PLACEMENT_3D('',#3068,#2507,#2508);
#2019=AXIS2_PLACEMENT_3D('',#3069,#2509,#2510);
#2020=AXIS2_PLACEMENT_3D('',#3070,#2511,#2512);
#2021=AXIS2_PLACEMENT_3D('',#3072,#2513,#2514);
#2022=AXIS2_PLACEMENT_3D('',#3075,#2516,#2517);
#2023=AXIS2_PLACEMENT_3D('',#3076,#2518,#2519);
#2024=AXIS2_PLACEMENT_3D('',#3078,#2520,#2521);
#2025=AXIS2_PLACEMENT_3D('',#3081,#2523,#2524);
#2026=AXIS2_PLACEMENT_3D('',#3082,#2525,#2526);
#2027=AXIS2_PLACEMENT_3D('',#3084,#2527,#2528);
#2028=AXIS2_PLACEMENT_3D('',#3087,#2530,#2531);
#2029=AXIS2_PLACEMENT_3D('',#3088,#2532,#2533);
#2030=AXIS2_PLACEMENT_3D('',#3089,#2534,#2535);
#2031=AXIS2_PLACEMENT_3D('',#3090,#2536,#2537);
#2032=AXIS2_PLACEMENT_3D('',#3091,#2538,#2539);
#2033=AXIS2_PLACEMENT_3D('',#3092,#2540,#2541);
#2034=AXIS2_PLACEMENT_3D('',#3095,#2542,#2543);
#2035=AXIS2_PLACEMENT_3D('',#3099,#2545,#2546);
#2036=AXIS2_PLACEMENT_3D('',#3101,#2548,#2549);
#2037=AXIS2_PLACEMENT_3D('',#3103,#2550,#2551);
#2038=AXIS2_PLACEMENT_3D('',#3106,#2553,#2554);
#2039=AXIS2_PLACEMENT_3D('',#3107,#2555,#2556);
#2040=AXIS2_PLACEMENT_3D('',#3110,#2557,#2558);
#2041=AXIS2_PLACEMENT_3D('',#3114,#2560,#2561);
#2042=AXIS2_PLACEMENT_3D('',#3116,#2563,#2564);
#2043=AXIS2_PLACEMENT_3D('',#3120,#2566,#2567);
#2044=AXIS2_PLACEMENT_3D('',#3124,#2569,#2570);
#2045=AXIS2_PLACEMENT_3D('',#3128,#2572,#2573);
#2046=AXIS2_PLACEMENT_3D('',#3131,#2576,#2577);
#2047=AXIS2_PLACEMENT_3D('',#3135,#2579,#2580);
#2048=AXIS2_PLACEMENT_3D('',#3139,#2582,#2583);
#2049=AXIS2_PLACEMENT_3D('',#3144,#2586,#2587);
#2050=AXIS2_PLACEMENT_3D('',#3146,#2589,#2590);
#2051=AXIS2_PLACEMENT_3D('',#3148,#2592,#2593);
#2052=AXIS2_PLACEMENT_3D('',#3150,#2595,#2596);
#2053=AXIS2_PLACEMENT_3D('',#3152,#2598,#2599);
#2054=AXIS2_PLACEMENT_3D('',#3154,#2601,#2602);
#2055=AXIS2_PLACEMENT_3D('',#3155,#2603,#2604);
#2056=AXIS2_PLACEMENT_3D('',#3158,#2607,#2608);
#2057=AXIS2_PLACEMENT_3D('',#3159,#2609,#2610);
#2058=AXIS2_PLACEMENT_3D('',#3160,#2611,#2612);
#2059=AXIS2_PLACEMENT_3D('',#3161,#2613,#2614);
#2060=AXIS2_PLACEMENT_3D('',#3163,#2615,#2616);
#2061=AXIS2_PLACEMENT_3D('',#3166,#2618,#2619);
#2062=AXIS2_PLACEMENT_3D('',#3167,#2620,#2621);
#2063=AXIS2_PLACEMENT_3D('',#3180,#2628,#2629);
#2064=AXIS2_PLACEMENT_3D('',#3193,#2636,#2637);
#2065=AXIS2_PLACEMENT_3D('',#3196,#2640,#2641);
#2066=AXIS2_PLACEMENT_3D('',#3198,#2643,#2644);
#2067=AXIS2_PLACEMENT_3D('',#3200,#2646,#2647);
#2068=AXIS2_PLACEMENT_3D('',#3202,#2649,#2650);
#2069=AXIS2_PLACEMENT_3D('',#3204,#2652,#2653);
#2070=AXIS2_PLACEMENT_3D('',#3205,#2654,#2655);
#2071=AXIS2_PLACEMENT_3D('',#3206,#2656,#2657);
#2072=AXIS2_PLACEMENT_3D('',#3207,#2658,#2659);
#2073=AXIS2_PLACEMENT_3D('',#3208,#2660,#2661);
#2074=AXIS2_PLACEMENT_3D('',#3209,#2662,#2663);
#2075=DIRECTION('axis',(0.,0.,1.));
#2076=DIRECTION('refdir',(1.,0.,0.));
#2077=DIRECTION('axis',(0.,0.,1.));
#2078=DIRECTION('refdir',(1.,0.,0.));
#2079=DIRECTION('center_axis',(-1.,-1.83697019872103E-16,0.));
#2080=DIRECTION('ref_axis',(1.83697019872103E-16,-1.,0.));
#2081=DIRECTION('center_axis',(1.,1.83697019872103E-16,0.));
#2082=DIRECTION('ref_axis',(-1.83697019872103E-16,1.,0.));
#2083=DIRECTION('',(-1.,-1.83697019872103E-16,0.));
#2084=DIRECTION('center_axis',(0.820195002406851,-0.572084048044364,-1.44697004330731E-14));
#2085=DIRECTION('ref_axis',(0.572084048044364,0.820195002406851,-5.17495404777788E-13));
#2086=DIRECTION('',(1.,1.83697019872103E-16,0.));
#2087=DIRECTION('center_axis',(-1.,-1.83697019872103E-16,0.));
#2088=DIRECTION('ref_axis',(1.83697019872103E-16,-1.,0.));
#2089=DIRECTION('',(-1.,-1.83697019872103E-16,0.));
#2090=DIRECTION('center_axis',(0.820195002406851,-0.572084048044364,-1.44697004330731E-14));
#2091=DIRECTION('ref_axis',(0.572084048044364,0.820195002406851,-5.17495404777788E-13));
#2092=DIRECTION('center_axis',(1.,1.83697019872103E-16,0.));
#2093=DIRECTION('ref_axis',(-1.83697019872103E-16,1.,0.));
#2094=DIRECTION('center_axis',(1.,1.83697019872103E-16,0.));
#2095=DIRECTION('ref_axis',(-1.83697019872103E-16,1.,0.));
#2096=DIRECTION('',(1.,1.83697019872103E-16,0.));
#2097=DIRECTION('center_axis',(-1.,-1.83697019872103E-16,0.));
#2098=DIRECTION('ref_axis',(-1.83697019872103E-16,1.,0.));
#2099=DIRECTION('center_axis',(1.,1.83697019872103E-16,0.));
#2100=DIRECTION('ref_axis',(-1.83697019872103E-16,1.,0.));
#2101=DIRECTION('center_axis',(1.,1.83697019872103E-16,0.));
#2102=DIRECTION('ref_axis',(-1.83697019872103E-16,1.,0.));
#2103=DIRECTION('',(1.,1.83697019872103E-16,0.));
#2104=DIRECTION('center_axis',(1.,1.83697019872103E-16,0.));
#2105=DIRECTION('ref_axis',(-1.83697019872103E-16,1.,0.));
#2106=DIRECTION('center_axis',(-1.,-1.83697019872103E-16,0.));
#2107=DIRECTION('ref_axis',(1.83697019872103E-16,-1.,0.));
#2108=DIRECTION('center_axis',(-1.,-1.83697019872103E-16,0.));
#2109=DIRECTION('ref_axis',(1.83697019872103E-16,-1.,0.));
#2110=DIRECTION('',(1.,1.83697019872103E-16,0.));
#2111=DIRECTION('center_axis',(0.820195002406834,-0.572084048044388,1.26024758327425E-16));
#2112=DIRECTION('ref_axis',(0.572084048044388,0.820195002406834,-4.12238035321725E-14));
#2113=DIRECTION('',(1.,1.83697019872103E-16,0.));
#2114=DIRECTION('center_axis',(-1.,-1.83697019872103E-16,0.));
#2115=DIRECTION('ref_axis',(1.83697019872103E-16,-1.,0.));
#2116=DIRECTION('center_axis',(0.820195002406834,-0.572084048044388,1.26024758327425E-16));
#2117=DIRECTION('ref_axis',(0.572084048044388,0.820195002406834,-4.12238035321725E-14));
#2118=DIRECTION('',(-1.,-1.83697019872103E-16,0.));
#2119=DIRECTION('center_axis',(-1.,-1.83697019872103E-16,0.));
#2120=DIRECTION('ref_axis',(1.83697019872103E-16,-1.,0.));
#2121=DIRECTION('center_axis',(-1.,-1.83697019872103E-16,0.));
#2122=DIRECTION('ref_axis',(1.83697019872103E-16,-1.,0.));
#2123=DIRECTION('',(1.,1.83697019872103E-16,0.));
#2124=DIRECTION('center_axis',(-1.,-1.83697019872103E-16,0.));
#2125=DIRECTION('ref_axis',(1.83697019872103E-16,-1.,0.));
#2126=DIRECTION('center_axis',(1.,1.83697019872103E-16,0.));
#2127=DIRECTION('ref_axis',(-1.83697019872103E-16,1.,0.));
#2128=DIRECTION('center_axis',(-1.,-1.83697019872103E-16,0.));
#2129=DIRECTION('ref_axis',(1.83697019872103E-16,-1.,0.));
#2130=DIRECTION('',(-0.447213595499962,0.894427190999914,1.0953573965284E-16));
#2131=DIRECTION('center_axis',(-1.,-1.83697019872103E-16,0.));
#2132=DIRECTION('ref_axis',(1.83697019872103E-16,-1.,0.));
#2133=DIRECTION('center_axis',(-1.,-1.83697019872103E-16,0.));
#2134=DIRECTION('ref_axis',(1.83697019872103E-16,-1.,0.));
#2135=DIRECTION('center_axis',(-1.,-1.83697019872103E-16,0.));
#2136=DIRECTION('ref_axis',(1.83697019872103E-16,-1.,0.));
#2137=DIRECTION('',(1.,1.83697019872103E-16,0.));
#2138=DIRECTION('center_axis',(-1.,-1.83697019872103E-16,0.));
#2139=DIRECTION('ref_axis',(1.83697019872103E-16,-1.,0.));
#2140=DIRECTION('center_axis',(-1.,-1.83697019872103E-16,0.));
#2141=DIRECTION('ref_axis',(1.83697019872103E-16,-1.,0.));
#2142=DIRECTION('',(0.447213595499968,-0.894427190999911,1.0953573965284E-16));
#2143=DIRECTION('center_axis',(-1.,-1.83697019872103E-16,0.));
#2144=DIRECTION('ref_axis',(1.83697019872103E-16,-1.,0.));
#2145=DIRECTION('center_axis',(-1.,-1.83697019872103E-16,0.));
#2146=DIRECTION('ref_axis',(1.83697019872103E-16,-1.,0.));
#2147=DIRECTION('center_axis',(1.,1.83697019872103E-16,0.));
#2148=DIRECTION('ref_axis',(-1.83697019872103E-16,1.,0.));
#2149=DIRECTION('center_axis',(-1.,-1.83697019872103E-16,0.));
#2150=DIRECTION('ref_axis',(1.83697019872103E-16,-1.,0.));
#2151=DIRECTION('',(-0.44721359549995,0.89442719099992,1.09535739652841E-16));
#2152=DIRECTION('center_axis',(-1.,-1.83697019872103E-16,0.));
#2153=DIRECTION('ref_axis',(1.83697019872103E-16,-1.,0.));
#2154=DIRECTION('center_axis',(-1.,-1.83697019872103E-16,0.));
#2155=DIRECTION('ref_axis',(1.83697019872103E-16,-1.,0.));
#2156=DIRECTION('',(1.,1.83697019872103E-16,0.));
#2157=DIRECTION('center_axis',(-1.,-1.83697019872103E-16,0.));
#2158=DIRECTION('ref_axis',(1.83697019872103E-16,-1.,0.));
#2159=DIRECTION('center_axis',(-1.,-1.83697019872103E-16,0.));
#2160=DIRECTION('ref_axis',(1.83697019872103E-16,-1.,0.));
#2161=DIRECTION('',(0.447213595499961,-0.894427190999915,1.0953573965284E-16));
#2162=DIRECTION('center_axis',(-1.,-1.83697019872103E-16,0.));
#2163=DIRECTION('ref_axis',(1.83697019872103E-16,-1.,0.));
#2164=DIRECTION('center_axis',(-1.,-1.83697019872103E-16,0.));
#2165=DIRECTION('ref_axis',(1.83697019872103E-16,-1.,0.));
#2166=DIRECTION('center_axis',(1.,1.83697019872103E-16,0.));
#2167=DIRECTION('ref_axis',(-1.83697019872103E-16,1.,0.));
#2168=DIRECTION('center_axis',(-1.,-1.83697019872103E-16,0.));
#2169=DIRECTION('ref_axis',(1.83697019872103E-16,-1.,0.));
#2170=DIRECTION('',(-0.447213595499959,0.894427190999915,1.0953573965284E-16));
#2171=DIRECTION('center_axis',(-1.,-1.83697019872103E-16,0.));
#2172=DIRECTION('ref_axis',(1.83697019872103E-16,-1.,0.));
#2173=DIRECTION('center_axis',(-1.,-1.83697019872103E-16,0.));
#2174=DIRECTION('ref_axis',(1.83697019872103E-16,-1.,0.));
#2175=DIRECTION('',(1.,1.83697019872103E-16,0.));
#2176=DIRECTION('center_axis',(-1.,-1.83697019872103E-16,0.));
#2177=DIRECTION('ref_axis',(1.83697019872103E-16,-1.,0.));
#2178=DIRECTION('center_axis',(-1.,-1.83697019872103E-16,0.));
#2179=DIRECTION('ref_axis',(1.83697019872103E-16,-1.,0.));
#2180=DIRECTION('',(0.447213595499961,-0.894427190999915,1.0953573965284E-16));
#2181=DIRECTION('center_axis',(-1.,-1.83697019872103E-16,0.));
#2182=DIRECTION('ref_axis',(1.83697019872103E-16,-1.,0.));
#2183=DIRECTION('center_axis',(-1.,-1.83697019872103E-16,0.));
#2184=DIRECTION('ref_axis',(1.83697019872103E-16,-1.,0.));
#2185=DIRECTION('center_axis',(1.,1.83697019872103E-16,0.));
#2186=DIRECTION('ref_axis',(-1.83697019872103E-16,1.,0.));
#2187=DIRECTION('center_axis',(-1.,-1.83697019872103E-16,0.));
#2188=DIRECTION('ref_axis',(1.83697019872103E-16,-1.,0.));
#2189=DIRECTION('',(-0.447213595499953,0.894427190999918,1.09535739652841E-16));
#2190=DIRECTION('center_axis',(-1.,-1.83697019872103E-16,0.));
#2191=DIRECTION('ref_axis',(1.83697019872103E-16,-1.,0.));
#2192=DIRECTION('center_axis',(-1.,-1.83697019872103E-16,0.));
#2193=DIRECTION('ref_axis',(1.83697019872103E-16,-1.,0.));
#2194=DIRECTION('',(1.,1.83697019872103E-16,0.));
#2195=DIRECTION('center_axis',(-1.,-1.83697019872103E-16,0.));
#2196=DIRECTION('ref_axis',(1.83697019872103E-16,-1.,0.));
#2197=DIRECTION('center_axis',(-1.,-1.83697019872103E-16,0.));
#2198=DIRECTION('ref_axis',(1.83697019872103E-16,-1.,0.));
#2199=DIRECTION('',(0.447213595499963,-0.894427190999913,1.0953573965284E-16));
#2200=DIRECTION('center_axis',(-1.,-1.83697019872103E-16,0.));
#2201=DIRECTION('ref_axis',(1.83697019872103E-16,-1.,0.));
#2202=DIRECTION('center_axis',(-1.,-1.83697019872103E-16,0.));
#2203=DIRECTION('ref_axis',(1.83697019872103E-16,-1.,0.));
#2204=DIRECTION('center_axis',(1.,1.83697019872103E-16,0.));
#2205=DIRECTION('ref_axis',(-1.83697019872103E-16,1.,0.));
#2206=DIRECTION('center_axis',(-1.,-1.83697019872103E-16,0.));
#2207=DIRECTION('ref_axis',(1.83697019872103E-16,-1.,0.));
#2208=DIRECTION('',(-0.447213595499946,0.894427190999922,1.09535739652841E-16));
#2209=DIRECTION('center_axis',(-1.,-1.83697019872103E-16,0.));
#2210=DIRECTION('ref_axis',(1.83697019872103E-16,-1.,0.));
#2211=DIRECTION('center_axis',(-1.,-1.83697019872103E-16,0.));
#2212=DIRECTION('ref_axis',(1.83697019872103E-16,-1.,0.));
#2213=DIRECTION('',(1.,1.83697019872103E-16,0.));
#2214=DIRECTION('center_axis',(-1.,-1.83697019872103E-16,0.));
#2215=DIRECTION('ref_axis',(1.83697019872103E-16,-1.,0.));
#2216=DIRECTION('center_axis',(-1.,-1.83697019872103E-16,0.));
#2217=DIRECTION('ref_axis',(1.83697019872103E-16,-1.,0.));
#2218=DIRECTION('',(0.447213595499961,-0.894427190999915,1.0953573965284E-16));
#2219=DIRECTION('center_axis',(-1.,-1.83697019872103E-16,0.));
#2220=DIRECTION('ref_axis',(1.83697019872103E-16,-1.,0.));
#2221=DIRECTION('center_axis',(-1.,-1.83697019872103E-16,0.));
#2222=DIRECTION('ref_axis',(1.83697019872103E-16,-1.,0.));
#2223=DIRECTION('center_axis',(1.,1.83697019872103E-16,0.));
#2224=DIRECTION('ref_axis',(-1.83697019872103E-16,1.,0.));
#2225=DIRECTION('center_axis',(-1.,-1.83697019872103E-16,0.));
#2226=DIRECTION('ref_axis',(1.83697019872103E-16,-1.,0.));
#2227=DIRECTION('',(-0.447213595499958,0.894427190999916,1.09535739652841E-16));
#2228=DIRECTION('center_axis',(-1.,-1.83697019872103E-16,0.));
#2229=DIRECTION('ref_axis',(1.83697019872103E-16,-1.,0.));
#2230=DIRECTION('center_axis',(-1.,-1.83697019872103E-16,0.));
#2231=DIRECTION('ref_axis',(1.83697019872103E-16,-1.,0.));
#2232=DIRECTION('',(1.,1.83697019872103E-16,0.));
#2233=DIRECTION('center_axis',(-1.,-1.83697019872103E-16,0.));
#2234=DIRECTION('ref_axis',(1.83697019872103E-16,-1.,0.));
#2235=DIRECTION('center_axis',(-1.,-1.83697019872103E-16,0.));
#2236=DIRECTION('ref_axis',(1.83697019872103E-16,-1.,0.));
#2237=DIRECTION('',(0.447213595499963,-0.894427190999914,1.0953573965284E-16));
#2238=DIRECTION('center_axis',(-1.,-1.83697019872103E-16,0.));
#2239=DIRECTION('ref_axis',(1.83697019872103E-16,-1.,0.));
#2240=DIRECTION('center_axis',(-1.,-1.83697019872103E-16,0.));
#2241=DIRECTION('ref_axis',(1.83697019872103E-16,-1.,0.));
#2242=DIRECTION('center_axis',(1.,1.83697019872103E-16,0.));
#2243=DIRECTION('ref_axis',(-1.83697019872103E-16,1.,0.));
#2244=DIRECTION('center_axis',(-1.,-1.83697019872103E-16,0.));
#2245=DIRECTION('ref_axis',(1.83697019872103E-16,-1.,0.));
#2246=DIRECTION('',(-0.447213595499948,0.894427190999921,1.09535739652841E-16));
#2247=DIRECTION('center_axis',(-1.,-1.83697019872103E-16,0.));
#2248=DIRECTION('ref_axis',(1.83697019872103E-16,-1.,0.));
#2249=DIRECTION('center_axis',(-1.,-1.83697019872103E-16,0.));
#2250=DIRECTION('ref_axis',(1.83697019872103E-16,-1.,0.));
#2251=DIRECTION('',(1.,1.83697019872103E-16,0.));
#2252=DIRECTION('center_axis',(-1.,-1.83697019872103E-16,0.));
#2253=DIRECTION('ref_axis',(1.83697019872103E-16,-1.,0.));
#2254=DIRECTION('center_axis',(-1.,-1.83697019872103E-16,0.));
#2255=DIRECTION('ref_axis',(1.83697019872103E-16,-1.,0.));
#2256=DIRECTION('',(0.447213595499958,-0.894427190999916,1.09535739652841E-16));
#2257=DIRECTION('center_axis',(-1.,-1.83697019872103E-16,0.));
#2258=DIRECTION('ref_axis',(1.83697019872103E-16,-1.,0.));
#2259=DIRECTION('center_axis',(-1.,-1.83697019872103E-16,0.));
#2260=DIRECTION('ref_axis',(1.83697019872103E-16,-1.,0.));
#2261=DIRECTION('center_axis',(1.,1.83697019872103E-16,0.));
#2262=DIRECTION('ref_axis',(-1.83697019872103E-16,1.,0.));
#2263=DIRECTION('center_axis',(-1.,-1.83697019872103E-16,0.));
#2264=DIRECTION('ref_axis',(1.83697019872103E-16,-1.,0.));
#2265=DIRECTION('',(-0.447213595499958,0.894427190999916,1.09535739652841E-16));
#2266=DIRECTION('center_axis',(-1.,-1.83697019872103E-16,0.));
#2267=DIRECTION('ref_axis',(1.83697019872103E-16,-1.,0.));
#2268=DIRECTION('center_axis',(-1.,-1.83697019872103E-16,0.));
#2269=DIRECTION('ref_axis',(1.83697019872103E-16,-1.,0.));
#2270=DIRECTION('',(1.,1.83697019872103E-16,0.));
#2271=DIRECTION('center_axis',(-1.,-1.83697019872103E-16,0.));
#2272=DIRECTION('ref_axis',(1.83697019872103E-16,-1.,0.));
#2273=DIRECTION('center_axis',(-1.,-1.83697019872103E-16,0.));
#2274=DIRECTION('ref_axis',(1.83697019872103E-16,-1.,0.));
#2275=DIRECTION('',(0.447213595499963,-0.894427190999913,1.0953573965284E-16));
#2276=DIRECTION('center_axis',(-1.,-1.83697019872103E-16,0.));
#2277=DIRECTION('ref_axis',(1.83697019872103E-16,-1.,0.));
#2278=DIRECTION('center_axis',(-1.,-1.83697019872103E-16,0.));
#2279=DIRECTION('ref_axis',(1.83697019872103E-16,-1.,0.));
#2280=DIRECTION('center_axis',(1.,1.83697019872103E-16,0.));
#2281=DIRECTION('ref_axis',(-1.83697019872103E-16,1.,0.));
#2282=DIRECTION('center_axis',(-1.,-1.83697019872103E-16,0.));
#2283=DIRECTION('ref_axis',(1.83697019872103E-16,-1.,0.));
#2284=DIRECTION('',(-0.447213595499946,0.894427190999922,1.09535739652841E-16));
#2285=DIRECTION('center_axis',(-1.,-1.83697019872103E-16,0.));
#2286=DIRECTION('ref_axis',(1.83697019872103E-16,-1.,0.));
#2287=DIRECTION('center_axis',(-1.,-1.83697019872103E-16,0.));
#2288=DIRECTION('ref_axis',(1.83697019872103E-16,-1.,0.));
#2289=DIRECTION('',(1.,1.83697019872103E-16,0.));
#2290=DIRECTION('center_axis',(-1.,-1.83697019872103E-16,0.));
#2291=DIRECTION('ref_axis',(1.83697019872103E-16,-1.,0.));
#2292=DIRECTION('center_axis',(-1.,-1.83697019872103E-16,0.));
#2293=DIRECTION('ref_axis',(1.83697019872103E-16,-1.,0.));
#2294=DIRECTION('',(0.447213595499958,-0.894427190999916,1.09535739652841E-16));
#2295=DIRECTION('center_axis',(-1.,-1.83697019872103E-16,0.));
#2296=DIRECTION('ref_axis',(1.83697019872103E-16,-1.,0.));
#2297=DIRECTION('center_axis',(-1.,-1.83697019872103E-16,0.));
#2298=DIRECTION('ref_axis',(1.83697019872103E-16,-1.,0.));
#2299=DIRECTION('center_axis',(1.,1.83697019872103E-16,0.));
#2300=DIRECTION('ref_axis',(-1.83697019872103E-16,1.,0.));
#2301=DIRECTION('center_axis',(-1.,-1.83697019872103E-16,0.));
#2302=DIRECTION('ref_axis',(1.83697019872103E-16,-1.,0.));
#2303=DIRECTION('',(-0.447213595499963,0.894427190999913,1.0953573965284E-16));
#2304=DIRECTION('center_axis',(-1.,-1.83697019872103E-16,0.));
#2305=DIRECTION('ref_axis',(1.83697019872103E-16,-1.,0.));
#2306=DIRECTION('center_axis',(-1.,-1.83697019872103E-16,0.));
#2307=DIRECTION('ref_axis',(1.83697019872103E-16,-1.,0.));
#2308=DIRECTION('',(1.,1.83697019872103E-16,0.));
#2309=DIRECTION('center_axis',(-1.,-1.83697019872103E-16,0.));
#2310=DIRECTION('ref_axis',(1.83697019872103E-16,-1.,0.));
#2311=DIRECTION('center_axis',(-1.,-1.83697019872103E-16,0.));
#2312=DIRECTION('ref_axis',(1.83697019872103E-16,-1.,0.));
#2313=DIRECTION('',(0.447213595499963,-0.894427190999913,1.0953573965284E-16));
#2314=DIRECTION('center_axis',(-1.,-1.83697019872103E-16,0.));
#2315=DIRECTION('ref_axis',(1.83697019872103E-16,-1.,0.));
#2316=DIRECTION('center_axis',(-1.,-1.83697019872103E-16,0.));
#2317=DIRECTION('ref_axis',(1.83697019872103E-16,-1.,0.));
#2318=DIRECTION('center_axis',(1.,1.83697019872103E-16,0.));
#2319=DIRECTION('ref_axis',(-1.83697019872103E-16,1.,0.));
#2320=DIRECTION('center_axis',(-1.,-1.83697019872103E-16,0.));
#2321=DIRECTION('ref_axis',(1.83697019872103E-16,-1.,0.));
#2322=DIRECTION('',(-0.447213595499951,0.89442719099992,1.09535739652841E-16));
#2323=DIRECTION('center_axis',(-1.,-1.83697019872103E-16,0.));
#2324=DIRECTION('ref_axis',(1.83697019872103E-16,-1.,0.));
#2325=DIRECTION('center_axis',(-1.,-1.83697019872103E-16,0.));
#2326=DIRECTION('ref_axis',(1.83697019872103E-16,-1.,0.));
#2327=DIRECTION('',(1.,1.83697019872103E-16,0.));
#2328=DIRECTION('center_axis',(-1.,-1.83697019872103E-16,0.));
#2329=DIRECTION('ref_axis',(1.83697019872103E-16,-1.,0.));
#2330=DIRECTION('center_axis',(-1.,-1.83697019872103E-16,0.));
#2331=DIRECTION('ref_axis',(1.83697019872103E-16,-1.,0.));
#2332=DIRECTION('',(0.447213595499961,-0.894427190999915,1.0953573965284E-16));
#2333=DIRECTION('center_axis',(-1.,-1.83697019872103E-16,0.));
#2334=DIRECTION('ref_axis',(1.83697019872103E-16,-1.,0.));
#2335=DIRECTION('center_axis',(-1.,-1.83697019872103E-16,0.));
#2336=DIRECTION('ref_axis',(1.83697019872103E-16,-1.,0.));
#2337=DIRECTION('center_axis',(1.,1.83697019872103E-16,0.));
#2338=DIRECTION('ref_axis',(-1.83697019872103E-16,1.,0.));
#2339=DIRECTION('center_axis',(-1.,-1.83697019872103E-16,0.));
#2340=DIRECTION('ref_axis',(1.83697019872103E-16,-1.,0.));
#2341=DIRECTION('',(-0.447213595499953,0.894427190999918,1.09535739652841E-16));
#2342=DIRECTION('center_axis',(-1.,-1.83697019872103E-16,0.));
#2343=DIRECTION('ref_axis',(1.83697019872103E-16,-1.,0.));
#2344=DIRECTION('center_axis',(-1.,-1.83697019872103E-16,0.));
#2345=DIRECTION('ref_axis',(1.83697019872103E-16,-1.,0.));
#2346=DIRECTION('',(1.,1.83697019872103E-16,0.));
#2347=DIRECTION('center_axis',(-1.,-1.83697019872103E-16,0.));
#2348=DIRECTION('ref_axis',(1.83697019872103E-16,-1.,0.));
#2349=DIRECTION('center_axis',(-1.,-1.83697019872103E-16,0.));
#2350=DIRECTION('ref_axis',(1.83697019872103E-16,-1.,0.));
#2351=DIRECTION('',(0.447213595499973,-0.894427190999909,1.0953573965284E-16));
#2352=DIRECTION('center_axis',(-1.,-1.83697019872103E-16,0.));
#2353=DIRECTION('ref_axis',(1.83697019872103E-16,-1.,0.));
#2354=DIRECTION('center_axis',(-1.,-1.83697019872103E-16,0.));
#2355=DIRECTION('ref_axis',(1.83697019872103E-16,-1.,0.));
#2356=DIRECTION('center_axis',(1.,1.83697019872103E-16,0.));
#2357=DIRECTION('ref_axis',(-1.83697019872103E-16,1.,0.));
#2358=DIRECTION('center_axis',(-1.,-1.83697019872103E-16,0.));
#2359=DIRECTION('ref_axis',(1.83697019872103E-16,-1.,0.));
#2360=DIRECTION('',(-0.447213595499938,0.894427190999926,1.09535739652842E-16));
#2361=DIRECTION('center_axis',(-1.,-1.83697019872103E-16,0.));
#2362=DIRECTION('ref_axis',(1.83697019872103E-16,-1.,0.));
#2363=DIRECTION('center_axis',(-1.,-1.83697019872103E-16,0.));
#2364=DIRECTION('ref_axis',(1.83697019872103E-16,-1.,0.));
#2365=DIRECTION('',(1.,1.83697019872103E-16,0.));
#2366=DIRECTION('center_axis',(-1.,-1.83697019872103E-16,0.));
#2367=DIRECTION('ref_axis',(1.83697019872103E-16,-1.,0.));
#2368=DIRECTION('center_axis',(-1.,-1.83697019872103E-16,0.));
#2369=DIRECTION('ref_axis',(1.83697019872103E-16,-1.,0.));
#2370=DIRECTION('',(0.447213595499973,-0.894427190999909,1.0953573965284E-16));
#2371=DIRECTION('center_axis',(-1.,-1.83697019872103E-16,0.));
#2372=DIRECTION('ref_axis',(1.83697019872103E-16,-1.,0.));
#2373=DIRECTION('center_axis',(-1.,-1.83697019872103E-16,0.));
#2374=DIRECTION('ref_axis',(1.83697019872103E-16,-1.,0.));
#2375=DIRECTION('center_axis',(1.,1.83697019872103E-16,0.));
#2376=DIRECTION('ref_axis',(-1.83697019872103E-16,1.,0.));
#2377=DIRECTION('center_axis',(-1.,-1.83697019872103E-16,0.));
#2378=DIRECTION('ref_axis',(1.83697019872103E-16,-1.,0.));
#2379=DIRECTION('',(-0.44721359549996,0.894427190999915,1.0953573965284E-16));
#2380=DIRECTION('center_axis',(-1.,-1.83697019872103E-16,0.));
#2381=DIRECTION('ref_axis',(1.83697019872103E-16,-1.,0.));
#2382=DIRECTION('center_axis',(-1.,-1.83697019872103E-16,0.));
#2383=DIRECTION('ref_axis',(1.83697019872103E-16,-1.,0.));
#2384=DIRECTION('',(1.,1.83697019872103E-16,0.));
#2385=DIRECTION('center_axis',(-1.,-1.83697019872103E-16,0.));
#2386=DIRECTION('ref_axis',(1.83697019872103E-16,-1.,0.));
#2387=DIRECTION('center_axis',(-1.,-1.83697019872103E-16,0.));
#2388=DIRECTION('ref_axis',(1.83697019872103E-16,-1.,0.));
#2389=DIRECTION('center_axis',(-1.,-1.83697019872103E-16,0.));
#2390=DIRECTION('ref_axis',(1.83697019872103E-16,-1.,0.));
#2391=DIRECTION('',(1.,1.83697019872103E-16,0.));
#2392=DIRECTION('center_axis',(-1.,-1.83697019872103E-16,0.));
#2393=DIRECTION('ref_axis',(1.83697019872103E-16,-1.,0.));
#2394=DIRECTION('center_axis',(-1.,-1.83697019872103E-16,0.));
#2395=DIRECTION('ref_axis',(1.83697019872103E-16,-1.,0.));
#2396=DIRECTION('center_axis',(-1.,-1.83697019872103E-16,0.));
#2397=DIRECTION('ref_axis',(1.83697019872103E-16,-1.,0.));
#2398=DIRECTION('',(1.,1.83697019872103E-16,0.));
#2399=DIRECTION('center_axis',(-1.,-1.83697019872103E-16,0.));
#2400=DIRECTION('ref_axis',(1.83697019872103E-16,-1.,0.));
#2401=DIRECTION('center_axis',(-1.,-1.83697019872103E-16,0.));
#2402=DIRECTION('ref_axis',(1.83697019872103E-16,-1.,0.));
#2403=DIRECTION('center_axis',(-1.,-1.83697019872103E-16,0.));
#2404=DIRECTION('ref_axis',(1.83697019872103E-16,-1.,0.));
#2405=DIRECTION('',(1.,1.83697019872103E-16,0.));
#2406=DIRECTION('center_axis',(-1.,-1.83697019872103E-16,0.));
#2407=DIRECTION('ref_axis',(1.83697019872103E-16,-1.,0.));
#2408=DIRECTION('center_axis',(-1.,-1.83697019872103E-16,0.));
#2409=DIRECTION('ref_axis',(1.83697019872103E-16,-1.,0.));
#2410=DIRECTION('center_axis',(-1.,-1.83697019872103E-16,0.));
#2411=DIRECTION('ref_axis',(1.83697019872103E-16,-1.,0.));
#2412=DIRECTION('',(1.,1.83697019872103E-16,0.));
#2413=DIRECTION('center_axis',(-1.,-1.83697019872103E-16,0.));
#2414=DIRECTION('ref_axis',(1.83697019872103E-16,-1.,0.));
#2415=DIRECTION('center_axis',(-1.,-1.83697019872103E-16,0.));
#2416=DIRECTION('ref_axis',(1.87266534274123E-16,-1.,0.));
#2417=DIRECTION('center_axis',(2.24963967399279E-32,-1.22464679914735E-16,
-1.));
#2418=DIRECTION('ref_axis',(-1.67202262744752E-16,1.,-1.22464679914735E-16));
#2419=DIRECTION('center_axis',(-1.,-1.83697019872103E-16,0.));
#2420=DIRECTION('ref_axis',(1.83697019872103E-16,-1.,0.));
#2421=DIRECTION('center_axis',(0.,0.,1.));
#2422=DIRECTION('ref_axis',(1.,0.,0.));
#2423=DIRECTION('',(0.,0.,1.));
#2424=DIRECTION('',(0.,0.,1.));
#2425=DIRECTION('center_axis',(7.59145725967268E-16,-1.,0.));
#2426=DIRECTION('ref_axis',(1.,7.59145725967268E-16,0.));
#2427=DIRECTION('',(0.,0.,-1.));
#2428=DIRECTION('center_axis',(1.,1.83697019872103E-16,0.));
#2429=DIRECTION('ref_axis',(-1.83697019872103E-16,1.,0.));
#2430=DIRECTION('',(-1.49222503296022E-16,0.866025403784438,0.500000000000001));
#2431=DIRECTION('',(7.15633073720055E-31,-4.08170229641601E-15,1.));
#2432=DIRECTION('',(1.49222503296023E-16,-0.866025403784442,0.499999999999994));
#2433=DIRECTION('',(1.49222503296021E-16,-0.866025403784434,-0.500000000000008));
#2434=DIRECTION('',(-1.90246384222326E-30,1.0969574921618E-14,-1.));
#2435=DIRECTION('',(-1.49222503296023E-16,0.866025403784442,-0.499999999999994));
#2436=DIRECTION('center_axis',(1.,1.83697019872103E-16,0.));
#2437=DIRECTION('ref_axis',(-1.83697019872103E-16,1.,0.));
#2438=DIRECTION('',(7.4979654785674E-31,-4.08170229641601E-15,1.));
#2439=DIRECTION('',(-1.59086285808736E-16,0.866025403784438,0.500000000000001));
#2440=DIRECTION('',(-1.59086285808737E-16,0.866025403784442,-0.499999999999994));
#2441=DIRECTION('',(-2.01507822236499E-30,1.0969574921618E-14,-1.));
#2442=DIRECTION('',(1.59086285808735E-16,-0.866025403784434,-0.500000000000008));
#2443=DIRECTION('',(1.59086285808737E-16,-0.866025403784442,0.499999999999994));
#2444=DIRECTION('center_axis',(-1.,-1.83697019872103E-16,0.));
#2445=DIRECTION('ref_axis',(1.83697019872103E-16,-1.,0.));
#2446=DIRECTION('center_axis',(-1.,-1.83697019872103E-16,0.));
#2447=DIRECTION('ref_axis',(1.83697019872103E-16,-1.,0.));
#2448=DIRECTION('center_axis',(-1.,-1.83697019872103E-16,0.));
#2449=DIRECTION('ref_axis',(1.83697019872103E-16,-1.,0.));
#2450=DIRECTION('center_axis',(1.,1.83697019872103E-16,0.));
#2451=DIRECTION('ref_axis',(-1.83697019872103E-16,1.,0.));
#2452=DIRECTION('center_axis',(1.,1.83697019872103E-16,0.));
#2453=DIRECTION('ref_axis',(-1.83697019872103E-16,1.,0.));
#2454=DIRECTION('center_axis',(-1.,-1.83697019872103E-16,0.));
#2455=DIRECTION('ref_axis',(1.83697019872103E-16,-1.,0.));
#2456=DIRECTION('center_axis',(1.,1.83697019872103E-16,0.));
#2457=DIRECTION('ref_axis',(-1.83697019872103E-16,1.,0.));
#2458=DIRECTION('',(0.,0.,-1.));
#2459=DIRECTION('center_axis',(-9.18485099360505E-17,0.499999999999994,
0.866025403784442));
#2460=DIRECTION('ref_axis',(0.,-0.866025403784442,0.499999999999994));
#2461=DIRECTION('',(1.,1.83697019872103E-16,0.));
#2462=DIRECTION('',(1.,1.83697019872103E-16,0.));
#2463=DIRECTION('center_axis',(9.18485099360529E-17,-0.500000000000008,
0.866025403784434));
#2464=DIRECTION('ref_axis',(-6.16297582203915E-33,-0.866025403784434,-0.500000000000008));
#2465=DIRECTION('',(1.,1.83697019872103E-16,0.));
#2466=DIRECTION('center_axis',(1.83697019872103E-16,-1.,-1.0969574921618E-14));
#2467=DIRECTION('ref_axis',(0.,1.0969574921618E-14,-1.));
#2468=DIRECTION('',(1.,1.83697019872103E-16,0.));
#2469=DIRECTION('center_axis',(9.18485099360505E-17,-0.499999999999994,
-0.866025403784442));
#2470=DIRECTION('ref_axis',(0.,0.866025403784442,-0.499999999999994));
#2471=DIRECTION('',(1.,1.83697019872103E-16,0.));
#2472=DIRECTION('center_axis',(-9.18485099360518E-17,0.500000000000002,
-0.866025403784438));
#2473=DIRECTION('ref_axis',(0.,0.866025403784438,0.500000000000002));
#2474=DIRECTION('',(1.,1.83697019872103E-16,0.));
#2475=DIRECTION('center_axis',(-1.83697019872103E-16,1.,4.08170229641601E-15));
#2476=DIRECTION('ref_axis',(0.,-4.08170229641601E-15,1.));
#2477=DIRECTION('center_axis',(1.,1.83697019872103E-16,0.));
#2478=DIRECTION('ref_axis',(-1.83697019872103E-16,1.,0.));
#2479=DIRECTION('center_axis',(1.,1.83697019872103E-16,0.));
#2480=DIRECTION('ref_axis',(-1.83697019872103E-16,1.,0.));
#2481=DIRECTION('center_axis',(0.820195002406834,-0.572084048044388,0.));
#2482=DIRECTION('ref_axis',(0.572084048044388,0.820195002406834,0.));
#2483=DIRECTION('',(0.,0.,1.));
#2484=DIRECTION('center_axis',(0.,0.,1.));
#2485=DIRECTION('ref_axis',(1.,0.,0.));
#2486=DIRECTION('',(0.,0.,1.));
#2487=DIRECTION('center_axis',(7.59145725967268E-16,-1.,0.));
#2488=DIRECTION('ref_axis',(1.,7.59145725967268E-16,0.));
#2489=DIRECTION('axis',(0.,0.,1.));
#2490=DIRECTION('refdir',(1.,0.,0.));
#2491=DIRECTION('center_axis',(0.,0.,-1.));
#2492=DIRECTION('ref_axis',(-1.,0.,0.));
#2493=DIRECTION('center_axis',(0.,0.,1.));
#2494=DIRECTION('ref_axis',(1.,0.,0.));
#2495=DIRECTION('',(0.,0.,-1.));
#2496=DIRECTION('center_axis',(0.,0.,1.));
#2497=DIRECTION('ref_axis',(1.,0.,0.));
#2498=DIRECTION('center_axis',(0.,0.,-1.));
#2499=DIRECTION('ref_axis',(-1.,0.,0.));
#2500=DIRECTION('center_axis',(0.,0.,1.));
#2501=DIRECTION('ref_axis',(1.,0.,0.));
#2502=DIRECTION('',(0.,0.,1.));
#2503=DIRECTION('center_axis',(0.,0.,1.));
#2504=DIRECTION('ref_axis',(1.,0.,0.));
#2505=DIRECTION('center_axis',(0.,0.,1.));
#2506=DIRECTION('ref_axis',(1.,0.,0.));
#2507=DIRECTION('center_axis',(0.,0.,1.));
#2508=DIRECTION('ref_axis',(1.,0.,0.));
#2509=DIRECTION('axis',(0.,0.,1.));
#2510=DIRECTION('refdir',(1.,0.,0.));
#2511=DIRECTION('center_axis',(0.,0.,-1.));
#2512=DIRECTION('ref_axis',(-1.,0.,0.));
#2513=DIRECTION('center_axis',(0.,0.,1.));
#2514=DIRECTION('ref_axis',(1.,0.,0.));
#2515=DIRECTION('',(0.,0.,1.));
#2516=DIRECTION('center_axis',(0.,0.,1.));
#2517=DIRECTION('ref_axis',(1.,0.,0.));
#2518=DIRECTION('center_axis',(0.,0.,-1.));
#2519=DIRECTION('ref_axis',(-1.,0.,0.));
#2520=DIRECTION('center_axis',(0.,0.,1.));
#2521=DIRECTION('ref_axis',(1.,0.,0.));
#2522=DIRECTION('',(0.,0.,-1.));
#2523=DIRECTION('center_axis',(0.,0.,1.));
#2524=DIRECTION('ref_axis',(1.,0.,0.));
#2525=DIRECTION('center_axis',(0.,0.,-1.));
#2526=DIRECTION('ref_axis',(-1.,0.,0.));
#2527=DIRECTION('center_axis',(0.,0.,1.));
#2528=DIRECTION('ref_axis',(1.,0.,0.));
#2529=DIRECTION('',(0.,0.,1.));
#2530=DIRECTION('center_axis',(0.,0.,1.));
#2531=DIRECTION('ref_axis',(1.,0.,0.));
#2532=DIRECTION('center_axis',(0.,0.,1.));
#2533=DIRECTION('ref_axis',(1.,0.,0.));
#2534=DIRECTION('center_axis',(0.,0.,1.));
#2535=DIRECTION('ref_axis',(1.,0.,0.));
#2536=DIRECTION('center_axis',(0.,0.,1.));
#2537=DIRECTION('ref_axis',(1.,0.,0.));
#2538=DIRECTION('axis',(0.,0.,1.));
#2539=DIRECTION('refdir',(1.,0.,0.));
#2540=DIRECTION('center_axis',(0.,0.,1.));
#2541=DIRECTION('ref_axis',(1.,0.,0.));
#2542=DIRECTION('center_axis',(0.,0.,1.));
#2543=DIRECTION('ref_axis',(1.,0.,0.));
#2544=DIRECTION('',(0.,0.,1.));
#2545=DIRECTION('center_axis',(0.,0.,1.));
#2546=DIRECTION('ref_axis',(1.,0.,0.));
#2547=DIRECTION('',(0.,0.,1.));
#2548=DIRECTION('center_axis',(0.,0.,-1.));
#2549=DIRECTION('ref_axis',(-1.,0.,0.));
#2550=DIRECTION('center_axis',(0.,0.,1.));
#2551=DIRECTION('ref_axis',(1.,0.,0.));
#2552=DIRECTION('',(0.,0.,-1.));
#2553=DIRECTION('center_axis',(0.,0.,1.));
#2554=DIRECTION('ref_axis',(1.,0.,0.));
#2555=DIRECTION('center_axis',(0.,0.,-1.));
#2556=DIRECTION('ref_axis',(-1.,0.,0.));
#2557=DIRECTION('center_axis',(0.,0.,1.));
#2558=DIRECTION('ref_axis',(1.,0.,0.));
#2559=DIRECTION('',(0.,0.,-1.));
#2560=DIRECTION('center_axis',(0.,0.,1.));
#2561=DIRECTION('ref_axis',(1.,0.,0.));
#2562=DIRECTION('',(0.,0.,-1.));
#2563=DIRECTION('center_axis',(0.,0.,1.));
#2564=DIRECTION('ref_axis',(1.,0.,0.));
#2565=DIRECTION('',(1.,-7.64843201377054E-17,0.));
#2566=DIRECTION('center_axis',(0.,0.,1.));
#2567=DIRECTION('ref_axis',(1.,0.,0.));
#2568=DIRECTION('',(0.,1.,0.));
#2569=DIRECTION('center_axis',(0.,0.,1.));
#2570=DIRECTION('ref_axis',(-1.,0.,0.));
#2571=DIRECTION('',(-1.,7.65319180578004E-17,0.));
#2572=DIRECTION('center_axis',(0.,0.,1.));
#2573=DIRECTION('ref_axis',(1.,0.,0.));
#2574=DIRECTION('',(-1.,0.,0.));
#2575=DIRECTION('',(1.,0.,0.));
#2576=DIRECTION('center_axis',(0.,0.,1.));
#2577=DIRECTION('ref_axis',(1.,0.,0.));
#2578=DIRECTION('',(-1.,7.65319180578004E-17,0.));
#2579=DIRECTION('center_axis',(0.,0.,1.));
#2580=DIRECTION('ref_axis',(-1.,0.,0.));
#2581=DIRECTION('',(0.,1.,0.));
#2582=DIRECTION('center_axis',(0.,0.,1.));
#2583=DIRECTION('ref_axis',(1.,0.,0.));
#2584=DIRECTION('',(1.,-7.64843201377054E-17,0.));
#2585=DIRECTION('',(-1.,0.,0.));
#2586=DIRECTION('center_axis',(0.,0.,1.));
#2587=DIRECTION('ref_axis',(1.,0.,0.));
#2588=DIRECTION('',(1.,0.,0.));
#2589=DIRECTION('center_axis',(7.64843201377054E-17,1.,0.));
#2590=DIRECTION('ref_axis',(-1.,7.64843201377054E-17,0.));
#2591=DIRECTION('',(0.,0.,-1.));
#2592=DIRECTION('center_axis',(0.,0.,-1.));
#2593=DIRECTION('ref_axis',(-1.,0.,0.));
#2594=DIRECTION('',(0.,0.,-1.));
#2595=DIRECTION('center_axis',(-1.,0.,0.));
#2596=DIRECTION('ref_axis',(0.,0.,1.));
#2597=DIRECTION('',(0.,0.,-1.));
#2598=DIRECTION('center_axis',(0.,0.,-1.));
#2599=DIRECTION('ref_axis',(-1.,0.,0.));
#2600=DIRECTION('',(0.,0.,-1.));
#2601=DIRECTION('center_axis',(-7.65319180578004E-17,-1.,0.));
#2602=DIRECTION('ref_axis',(1.,-7.65319180578004E-17,0.));
#2603=DIRECTION('center_axis',(0.,0.,1.));
#2604=DIRECTION('ref_axis',(-1.,1.22464679914735E-16,0.));
#2605=DIRECTION('',(0.,0.,1.));
#2606=DIRECTION('',(0.,0.,1.));
#2607=DIRECTION('center_axis',(0.,1.,0.));
#2608=DIRECTION('ref_axis',(0.,0.,1.));
#2609=DIRECTION('center_axis',(0.,-1.,0.));
#2610=DIRECTION('ref_axis',(0.,0.,-1.));
#2611=DIRECTION('axis',(0.,0.,1.));
#2612=DIRECTION('refdir',(1.,0.,0.));
#2613=DIRECTION('center_axis',(0.,0.,-1.));
#2614=DIRECTION('ref_axis',(-1.,0.,0.));
#2615=DIRECTION('center_axis',(0.,0.,1.));
#2616=DIRECTION('ref_axis',(1.,0.,0.));
#2617=DIRECTION('',(0.,0.,-1.));
#2618=DIRECTION('center_axis',(0.,0.,1.));
#2619=DIRECTION('ref_axis',(1.,0.,0.));
#2620=DIRECTION('center_axis',(0.,0.,1.));
#2621=DIRECTION('ref_axis',(1.,0.,0.));
#2622=DIRECTION('',(0.499999999999999,0.866025403784439,0.));
#2623=DIRECTION('',(-0.5,0.866025403784439,0.));
#2624=DIRECTION('',(-1.,0.,0.));
#2625=DIRECTION('',(-0.5,-0.866025403784438,0.));
#2626=DIRECTION('',(0.500000000000001,-0.866025403784438,0.));
#2627=DIRECTION('',(1.,0.,0.));
#2628=DIRECTION('center_axis',(0.,0.,1.));
#2629=DIRECTION('ref_axis',(1.,0.,0.));
#2630=DIRECTION('',(0.499999999999999,0.866025403784439,0.));
#2631=DIRECTION('',(1.,0.,0.));
#2632=DIRECTION('',(0.500000000000001,-0.866025403784438,0.));
#2633=DIRECTION('',(-0.5,-0.866025403784438,0.));
#2634=DIRECTION('',(-1.,0.,0.));
#2635=DIRECTION('',(-0.5,0.866025403784439,0.));
#2636=DIRECTION('center_axis',(-0.866025403784439,0.499999999999999,0.));
#2637=DIRECTION('ref_axis',(-0.499999999999999,-0.866025403784439,0.));
#2638=DIRECTION('',(0.,0.,-1.));
#2639=DIRECTION('',(0.,0.,-1.));
#2640=DIRECTION('center_axis',(-0.866025403784439,-0.5,0.));
#2641=DIRECTION('ref_axis',(0.5,-0.866025403784439,0.));
#2642=DIRECTION('',(0.,0.,-1.));
#2643=DIRECTION('center_axis',(0.,-1.,0.));
#2644=DIRECTION('ref_axis',(0.,0.,-1.));
#2645=DIRECTION('',(0.,0.,-1.));
#2646=DIRECTION('center_axis',(0.866025403784439,-0.5,0.));
#2647=DIRECTION('ref_axis',(0.5,0.866025403784439,0.));
#2648=DIRECTION('',(0.,0.,-1.));
#2649=DIRECTION('center_axis',(0.866025403784438,0.500000000000001,0.));
#2650=DIRECTION('ref_axis',(-0.500000000000001,0.866025403784438,0.));
#2651=DIRECTION('',(0.,0.,-1.));
#2652=DIRECTION('center_axis',(0.,1.,0.));
#2653=DIRECTION('ref_axis',(0.,0.,1.));
#2654=DIRECTION('',(0.,0.,1.));
#2655=DIRECTION('',(1.,0.,0.));
#2656=DIRECTION('',(-1.,-1.83697019872103E-16,0.));
#2657=DIRECTION('',(3.37445951098918E-32,-1.83697019872103E-16,1.));
#2658=DIRECTION('',(1.,1.83697019872102E-16,3.38963670212154E-31));
#2659=DIRECTION('',(2.00190339749213E-17,-0.108978545154729,-0.994044101987411));
#2660=DIRECTION('',(1.,1.83697019872103E-16,4.93038065763132E-32));
#2661=DIRECTION('',(-1.69777303378167E-16,0.924224592736303,0.381849318686593));
#2662=DIRECTION('',(1.,1.83697019872103E-16,4.93038065763132E-32));
#2663=DIRECTION('',(-1.69777303378167E-16,0.924224592736303,0.381849318686593));
#2664=CARTESIAN_POINT('',(0.,0.,0.));
#2665=CARTESIAN_POINT('',(0.,0.,0.));
#2666=CARTESIAN_POINT('Origin',(-14.3380053845175,-2.63384886004603E-15,
0.));
#2667=CARTESIAN_POINT('',(-14.8380053845175,0.730212658150432,-8.94252594500811E-17));
#2668=CARTESIAN_POINT('Origin',(-14.8380053845175,-2.72569736998208E-15,
0.));
#2669=CARTESIAN_POINT('',(-23.9717715145612,0.730212658150432,-8.94252594503174E-17));
#2670=CARTESIAN_POINT('',(-14.3380053845175,0.730212658150432,-8.94252594500811E-17));
#2671=CARTESIAN_POINT('',(-24.1826227424801,0.427915951955614,-0.591691189882899));
#2672=CARTESIAN_POINT('Origin',(-24.4810930931886,-3.44585471268033E-13,
1.64659952339719E-13));
#2673=CARTESIAN_POINT('',(-25.002817744887,-3.96065039468734E-16,-0.730212658150435));
#2674=CARTESIAN_POINT('Ctrl Pts',(-25.002817744887,2.22044604925031E-15,
-0.730212658150435));
#2675=CARTESIAN_POINT('Ctrl Pts',(-24.8715581951737,2.24594833975169E-15,
-0.730212658150435));
#2676=CARTESIAN_POINT('Ctrl Pts',(-24.7322590018446,0.027531816078906,-0.731754589214227));
#2677=CARTESIAN_POINT('Ctrl Pts',(-24.479894940537,0.136606796465779,-0.719417564725625));
#2678=CARTESIAN_POINT('Ctrl Pts',(-24.3669522617036,0.218234752559561,-0.703847216390337));
#2679=CARTESIAN_POINT('Ctrl Pts',(-24.2455733783377,0.344880683097333,-0.644916028077988));
#2680=CARTESIAN_POINT('Ctrl Pts',(-24.2113018746281,0.386798775307307,-0.621427471389253));
#2681=CARTESIAN_POINT('Ctrl Pts',(-24.1826227424801,0.427915951955614,-0.591691189882899));
#2682=CARTESIAN_POINT('',(-25.3380053845175,-6.50521303491303E-16,-0.730212658150435));
#2683=CARTESIAN_POINT('',(-14.3380053845175,7.70008168214865E-15,-0.730212658150435));
#2684=CARTESIAN_POINT('',(-25.3380053845175,-6.50521303491303E-16,0.730212658150435));
#2685=CARTESIAN_POINT('Origin',(-25.3380053845175,-4.65451607863916E-15,
0.));
#2686=CARTESIAN_POINT('',(-25.002817744887,6.50521303491303E-16,0.730212658150435));
#2687=CARTESIAN_POINT('',(-14.3380053845175,7.70008168214865E-15,0.730212658150435));
#2688=CARTESIAN_POINT('',(-24.1826227424801,0.427915951955615,0.591691189882897));
#2689=CARTESIAN_POINT('Ctrl Pts',(-24.1826227424801,0.427915951955617,0.591691189882897));
#2690=CARTESIAN_POINT('Ctrl Pts',(-24.2297072797082,0.360411007084125,0.640511323155649));
#2691=CARTESIAN_POINT('Ctrl Pts',(-24.2989817135676,0.283873302202949,0.675484678468791));
#2692=CARTESIAN_POINT('Ctrl Pts',(-24.4523399814141,0.158249288084256,0.716455115614903));
#2693=CARTESIAN_POINT('Ctrl Pts',(-24.5547004503317,0.0983942735366023,
0.724640779062564));
#2694=CARTESIAN_POINT('Ctrl Pts',(-24.7750378072005,0.0192766023599415,
0.731036269413223));
#2695=CARTESIAN_POINT('Ctrl Pts',(-24.8929805707029,2.22044604925031E-15,
0.730212658150435));
#2696=CARTESIAN_POINT('Ctrl Pts',(-25.002817744887,2.22044604925031E-15,
0.730212658150435));
#2697=CARTESIAN_POINT('Origin',(-24.4810930931886,-3.44585471268033E-13,
1.64659952339719E-13));
#2698=CARTESIAN_POINT('Origin',(-14.8380053845175,-2.72569736998208E-15,
0.));
#2699=CARTESIAN_POINT('',(-14.8380053845175,-1.6,-1.95943487863577E-16));
#2700=CARTESIAN_POINT('Origin',(-14.8380053845175,-2.72569736998208E-15,
0.));
#2701=CARTESIAN_POINT('',(0.861994615482513,-1.6,-1.95943487863577E-16));
#2702=CARTESIAN_POINT('',(-14.8380053845175,-1.6,-1.95943487863577E-16));
#2703=CARTESIAN_POINT('Origin',(0.861994615482514,1.58345842009937E-16,
0.));
#2704=CARTESIAN_POINT('Origin',(0.861994615482512,1.58345842009937E-16,
0.));
#2705=CARTESIAN_POINT('',(0.861994615482513,-2.75,-3.36777869765522E-16));
#2706=CARTESIAN_POINT('Origin',(0.861994615482512,1.58345842009937E-16,
0.));
#2707=CARTESIAN_POINT('',(1.16199461548251,-2.75,-3.36777869765522E-16));
#2708=CARTESIAN_POINT('',(0.861994615482513,-2.75,-3.36777869765522E-16));
#2709=CARTESIAN_POINT('Origin',(1.16199461548251,2.13454947971568E-16,0.));
#2710=CARTESIAN_POINT('Origin',(-21.3380053845175,6.62868292499966E-17,
0.));
#2711=CARTESIAN_POINT('',(-25.3380053845175,0.,-1.31185234411426));
#2712=CARTESIAN_POINT('',(-25.3380053845175,-6.50521303491303E-16,1.31185234411426));
#2713=CARTESIAN_POINT('Origin',(-25.3380053845175,-6.68501250238416E-16,
0.));
#2714=CARTESIAN_POINT('',(-25.002817744887,-3.96065039468734E-16,-1.31185234411426));
#2715=CARTESIAN_POINT('',(-21.3380053845175,2.38606160037777E-15,-1.31185234411426));
#2716=CARTESIAN_POINT('',(-24.1826227424801,0.427915951955615,-1.24009858915329));
#2717=CARTESIAN_POINT('Ctrl Pts',(-25.002817744887,2.22044604925031E-15,
-1.31185234411426));
#2718=CARTESIAN_POINT('Ctrl Pts',(-24.8884190293833,2.22362125144881E-15,
-1.31185234411426));
#2719=CARTESIAN_POINT('Ctrl Pts',(-24.7657678084011,0.0208735740521815,
-1.31238764997691));
#2720=CARTESIAN_POINT('Ctrl Pts',(-24.5373378333491,0.106574207013507,-1.30821978993732));
#2721=CARTESIAN_POINT('Ctrl Pts',(-24.4315746141547,0.171407326694066,-1.30281902643669));
#2722=CARTESIAN_POINT('Ctrl Pts',(-24.2876450541029,0.29678311881819,-1.27888739653403));
#2723=CARTESIAN_POINT('Ctrl Pts',(-24.2280785608916,0.362746095849878,-1.2625864955651));
#2724=CARTESIAN_POINT('Ctrl Pts',(-24.1826227424801,0.427915951955616,-1.24009858915329));
#2725=CARTESIAN_POINT('',(-23.5660792278818,1.31185234411426,-1.60655577417325E-16));
#2726=CARTESIAN_POINT('Origin',(-24.4810930931884,3.13638004456607E-14,
2.90861828519828E-14));
#2727=CARTESIAN_POINT('',(-21.3380053845175,1.31185234411426,-1.60655577417348E-16));
#2728=CARTESIAN_POINT('',(-21.3380053845175,1.31185234411426,-1.60655577417348E-16));
#2729=CARTESIAN_POINT('Origin',(-21.3380053845175,6.62868292499967E-17,
0.));
#2730=CARTESIAN_POINT('',(-24.1826227424801,0.427915951955615,1.24009858915329));
#2731=CARTESIAN_POINT('Origin',(-24.4810930931884,3.13638004456607E-14,
2.90861828519828E-14));
#2732=CARTESIAN_POINT('',(-25.002817744887,-3.96065039468734E-16,1.31185234411426));
#2733=CARTESIAN_POINT('Ctrl Pts',(-24.1826227424801,0.427915951955614,1.24009858915329));
#2734=CARTESIAN_POINT('Ctrl Pts',(-24.2280785608917,0.362746095849877,1.2625864955651));
#2735=CARTESIAN_POINT('Ctrl Pts',(-24.2876450541029,0.29678311881819,1.27888739653402));
#2736=CARTESIAN_POINT('Ctrl Pts',(-24.4315746141547,0.171407326694067,1.30281902643669));
#2737=CARTESIAN_POINT('Ctrl Pts',(-24.5373378333491,0.106574207013508,1.30821978993732));
#2738=CARTESIAN_POINT('Ctrl Pts',(-24.7657678084012,0.0208735740521815,
1.31238764997691));
#2739=CARTESIAN_POINT('Ctrl Pts',(-24.8884190293833,2.22044604925031E-15,
1.31185234411426));
#2740=CARTESIAN_POINT('Ctrl Pts',(-25.002817744887,2.22044604925031E-15,
1.31185234411426));
#2741=CARTESIAN_POINT('',(-21.3380053845175,2.38606160037777E-15,1.31185234411426));
#2742=CARTESIAN_POINT('Origin',(-21.3380053845175,6.62868292499966E-17,
0.));
#2743=CARTESIAN_POINT('',(-21.3380053845175,3.25,-3.9801020972289E-16));
#2744=CARTESIAN_POINT('Origin',(-21.3380053845175,6.62868292499967E-17,
0.));
#2745=CARTESIAN_POINT('',(-19.3380053845175,3.25,-3.9801020972289E-16));
#2746=CARTESIAN_POINT('',(-21.3380053845175,3.25,-3.9801020972289E-16));
#2747=CARTESIAN_POINT('Origin',(-19.3380053845175,4.33680868994202E-16,
0.));
#2748=CARTESIAN_POINT('Origin',(-19.3380053845175,4.33680868994202E-16,
0.));
#2749=CARTESIAN_POINT('',(-19.0880053845175,4.,4.89858719658941E-16));
#2750=CARTESIAN_POINT('',(-19.0880053845175,-3.99999999999999,-4.89858719658941E-16));
#2751=CARTESIAN_POINT('Origin',(-19.0880053845175,4.79605123962228E-16,
0.));
#2752=CARTESIAN_POINT('',(-19.3380053845175,-3.5,-4.28626379701573E-16));
#2753=CARTESIAN_POINT('',(-19.3380053845175,-3.5,-4.28626379701574E-16));
#2754=CARTESIAN_POINT('Origin',(-19.3380053845175,4.33680868994202E-16,
0.));
#2755=CARTESIAN_POINT('Origin',(-19.0880053845175,4.79605123962228E-16,
0.));
#2756=CARTESIAN_POINT('Origin',(-21.3380053845175,6.62868292499966E-17,
0.));
#2757=CARTESIAN_POINT('',(-18.8880053845175,3.99999999999999,-4.8985871965894E-16));
#2758=CARTESIAN_POINT('',(-21.3380053845175,3.99999999999999,-4.8985871965894E-16));
#2759=CARTESIAN_POINT('Origin',(-18.8880053845175,5.16344527936649E-16,
0.));
#2760=CARTESIAN_POINT('Origin',(-18.8880053845175,5.16344527936649E-16,
0.));
#2761=CARTESIAN_POINT('',(-18.6380053845175,3.5,-4.28626379701574E-16));
#2762=CARTESIAN_POINT('',(-18.8880053845175,3.99999999999999,-4.8985871965894E-16));
#2763=CARTESIAN_POINT('',(-18.6380053845175,-3.5,4.59242549680257E-16));
#2764=CARTESIAN_POINT('Origin',(-18.6380053845175,5.62268782904676E-16,
0.));
#2765=CARTESIAN_POINT('Origin',(-18.6380053845175,5.62268782904676E-16,
0.));
#2766=CARTESIAN_POINT('Origin',(-18.6380053845175,5.62268782904676E-16,
0.));
#2767=CARTESIAN_POINT('',(-18.3880053845175,4.,4.89858719658941E-16));
#2768=CARTESIAN_POINT('',(-18.3880053845175,-4.,-4.89858719658941E-16));
#2769=CARTESIAN_POINT('Origin',(-18.3880053845175,6.081930378727E-16,0.));
#2770=CARTESIAN_POINT('',(-18.6380053845175,-3.5,-4.28626379701574E-16));
#2771=CARTESIAN_POINT('Origin',(-18.3880053845175,6.081930378727E-16,0.));
#2772=CARTESIAN_POINT('Origin',(-21.3380053845175,6.62868292499966E-17,
0.));
#2773=CARTESIAN_POINT('',(-18.1880053845175,4.,-4.89858719658941E-16));
#2774=CARTESIAN_POINT('',(-21.3380053845175,4.,-4.89858719658941E-16));
#2775=CARTESIAN_POINT('Origin',(-18.1880053845175,6.44932441847121E-16,
0.));
#2776=CARTESIAN_POINT('Origin',(-18.1880053845175,6.44932441847121E-16,
0.));
#2777=CARTESIAN_POINT('',(-17.9380053845175,3.5,-4.28626379701574E-16));
#2778=CARTESIAN_POINT('',(-18.1880053845175,4.,-4.89858719658941E-16));
#2779=CARTESIAN_POINT('',(-17.9380053845175,-3.5,4.59242549680258E-16));
#2780=CARTESIAN_POINT('Origin',(-17.9380053845175,6.90856696815147E-16,
0.));
#2781=CARTESIAN_POINT('Origin',(-17.9380053845175,6.90856696815147E-16,
0.));
#2782=CARTESIAN_POINT('Origin',(-17.9380053845175,6.90856696815147E-16,
0.));
#2783=CARTESIAN_POINT('',(-17.6880053845175,4.,4.89858719658941E-16));
#2784=CARTESIAN_POINT('',(-17.6880053845175,-4.,-4.89858719658941E-16));
#2785=CARTESIAN_POINT('Origin',(-17.6880053845175,7.36780951783173E-16,
0.));
#2786=CARTESIAN_POINT('',(-17.9380053845175,-3.5,-4.28626379701574E-16));
#2787=CARTESIAN_POINT('Origin',(-17.6880053845175,7.36780951783173E-16,
0.));
#2788=CARTESIAN_POINT('Origin',(-21.3380053845175,6.62868292499966E-17,
0.));
#2789=CARTESIAN_POINT('',(-17.4880053845175,4.,-4.89858719658941E-16));
#2790=CARTESIAN_POINT('',(-21.3380053845175,4.,-4.89858719658941E-16));
#2791=CARTESIAN_POINT('Origin',(-17.4880053845175,7.73520355757593E-16,
0.));
#2792=CARTESIAN_POINT('Origin',(-17.4880053845175,7.73520355757593E-16,
0.));
#2793=CARTESIAN_POINT('',(-17.2380053845175,3.5,-4.28626379701573E-16));
#2794=CARTESIAN_POINT('',(-17.4880053845175,4.,-4.89858719658941E-16));
#2795=CARTESIAN_POINT('',(-17.2380053845175,-3.5,4.59242549680257E-16));
#2796=CARTESIAN_POINT('Origin',(-17.2380053845175,8.19444610725619E-16,
0.));
#2797=CARTESIAN_POINT('Origin',(-17.2380053845175,8.19444610725619E-16,
0.));
#2798=CARTESIAN_POINT('Origin',(-17.2380053845175,8.19444610725619E-16,
0.));
#2799=CARTESIAN_POINT('',(-16.9880053845175,4.,4.89858719658941E-16));
#2800=CARTESIAN_POINT('',(-16.9880053845175,-4.,-4.89858719658941E-16));
#2801=CARTESIAN_POINT('Origin',(-16.9880053845175,8.65368865693644E-16,
0.));
#2802=CARTESIAN_POINT('',(-17.2380053845175,-3.5,-4.28626379701573E-16));
#2803=CARTESIAN_POINT('Origin',(-16.9880053845175,8.65368865693644E-16,
0.));
#2804=CARTESIAN_POINT('Origin',(-21.3380053845175,6.62868292499966E-17,
0.));
#2805=CARTESIAN_POINT('',(-16.7880053845175,4.,-4.89858719658941E-16));
#2806=CARTESIAN_POINT('',(-21.3380053845175,4.,-4.89858719658941E-16));
#2807=CARTESIAN_POINT('Origin',(-16.7880053845175,9.02108269668065E-16,
0.));
#2808=CARTESIAN_POINT('Origin',(-16.7880053845175,9.02108269668065E-16,
0.));
#2809=CARTESIAN_POINT('',(-16.5380053845175,3.5,-4.28626379701573E-16));
#2810=CARTESIAN_POINT('',(-16.7880053845175,4.,-4.89858719658941E-16));
#2811=CARTESIAN_POINT('',(-16.5380053845175,-3.5,4.59242549680257E-16));
#2812=CARTESIAN_POINT('Origin',(-16.5380053845175,9.48032524636092E-16,
0.));
#2813=CARTESIAN_POINT('Origin',(-16.5380053845175,9.48032524636092E-16,
0.));
#2814=CARTESIAN_POINT('Origin',(-16.5380053845175,9.48032524636092E-16,
0.));
#2815=CARTESIAN_POINT('',(-16.2880053845175,4.,4.89858719658941E-16));
#2816=CARTESIAN_POINT('',(-16.2880053845175,-3.99999999999999,-4.89858719658941E-16));
#2817=CARTESIAN_POINT('Origin',(-16.2880053845175,9.93956779604116E-16,
0.));
#2818=CARTESIAN_POINT('',(-16.5380053845175,-3.5,-4.28626379701573E-16));
#2819=CARTESIAN_POINT('Origin',(-16.2880053845175,9.93956779604116E-16,
0.));
#2820=CARTESIAN_POINT('Origin',(-21.3380053845175,6.62868292499966E-17,
0.));
#2821=CARTESIAN_POINT('',(-16.0880053845175,4.,-4.89858719658941E-16));
#2822=CARTESIAN_POINT('',(-21.3380053845175,4.,-4.89858719658941E-16));
#2823=CARTESIAN_POINT('Origin',(-16.0880053845175,1.03069618357854E-15,
0.));
#2824=CARTESIAN_POINT('Origin',(-16.0880053845175,1.03069618357854E-15,
0.));
#2825=CARTESIAN_POINT('',(-15.8380053845175,3.5,-4.28626379701573E-16));
#2826=CARTESIAN_POINT('',(-16.0880053845175,4.,-4.89858719658941E-16));
#2827=CARTESIAN_POINT('',(-15.8380053845175,-3.5,4.59242549680257E-16));
#2828=CARTESIAN_POINT('Origin',(-15.8380053845175,1.07662043854656E-15,
0.));
#2829=CARTESIAN_POINT('Origin',(-15.8380053845175,1.07662043854656E-15,
0.));
#2830=CARTESIAN_POINT('Origin',(-15.8380053845175,1.07662043854656E-15,
0.));
#2831=CARTESIAN_POINT('',(-15.5880053845175,4.,4.89858719658941E-16));
#2832=CARTESIAN_POINT('',(-15.5880053845175,-4.,-4.89858719658941E-16));
#2833=CARTESIAN_POINT('Origin',(-15.5880053845175,1.12254469351459E-15,
0.));
#2834=CARTESIAN_POINT('',(-15.8380053845175,-3.5,-4.28626379701573E-16));
#2835=CARTESIAN_POINT('Origin',(-15.5880053845175,1.12254469351459E-15,
0.));
#2836=CARTESIAN_POINT('Origin',(-21.3380053845175,6.62868292499966E-17,
0.));
#2837=CARTESIAN_POINT('',(-15.3880053845175,4.,-4.89858719658941E-16));
#2838=CARTESIAN_POINT('',(-21.3380053845175,4.,-4.89858719658941E-16));
#2839=CARTESIAN_POINT('Origin',(-15.3880053845175,1.15928409748901E-15,
0.));
#2840=CARTESIAN_POINT('Origin',(-15.3880053845175,1.15928409748901E-15,
0.));
#2841=CARTESIAN_POINT('',(-15.1380053845175,3.5,-4.28626379701573E-16));
#2842=CARTESIAN_POINT('',(-15.3880053845175,4.,-4.89858719658941E-16));
#2843=CARTESIAN_POINT('',(-15.1380053845175,-3.5,4.59242549680257E-16));
#2844=CARTESIAN_POINT('Origin',(-15.1380053845175,1.20520835245704E-15,
0.));
#2845=CARTESIAN_POINT('Origin',(-15.1380053845175,1.20520835245704E-15,
0.));
#2846=CARTESIAN_POINT('Origin',(-15.1380053845175,1.20520835245704E-15,
0.));
#2847=CARTESIAN_POINT('',(-14.8880053845175,4.,4.89858719658941E-16));
#2848=CARTESIAN_POINT('',(-14.8880053845175,-4.,-4.89858719658941E-16));
#2849=CARTESIAN_POINT('Origin',(-14.8880053845175,1.25113260742506E-15,
0.));
#2850=CARTESIAN_POINT('',(-15.1380053845175,-3.5,-4.28626379701573E-16));
#2851=CARTESIAN_POINT('Origin',(-14.8880053845175,1.25113260742506E-15,
0.));
#2852=CARTESIAN_POINT('Origin',(-21.3380053845175,6.62868292499966E-17,
0.));
#2853=CARTESIAN_POINT('',(-14.6880053845175,4.,-4.89858719658941E-16));
#2854=CARTESIAN_POINT('',(-21.3380053845175,4.,-4.89858719658941E-16));
#2855=CARTESIAN_POINT('Origin',(-14.6880053845175,1.28787201139948E-15,
0.));
#2856=CARTESIAN_POINT('Origin',(-14.6880053845175,1.28787201139948E-15,
0.));
#2857=CARTESIAN_POINT('',(-14.4380053845175,3.5,-4.28626379701573E-16));
#2858=CARTESIAN_POINT('',(-14.6880053845175,4.,-4.89858719658941E-16));
#2859=CARTESIAN_POINT('',(-14.4380053845175,-3.5,4.59242549680257E-16));
#2860=CARTESIAN_POINT('Origin',(-14.4380053845175,1.33379626636751E-15,
0.));
#2861=CARTESIAN_POINT('Origin',(-14.4380053845175,1.33379626636751E-15,
0.));
#2862=CARTESIAN_POINT('Origin',(-14.4380053845175,1.33379626636751E-15,
0.));
#2863=CARTESIAN_POINT('',(-14.1880053845175,4.,4.89858719658941E-16));
#2864=CARTESIAN_POINT('',(-14.1880053845175,-4.,-4.89858719658941E-16));
#2865=CARTESIAN_POINT('Origin',(-14.1880053845175,1.37972052133553E-15,
0.));
#2866=CARTESIAN_POINT('',(-14.4380053845175,-3.5,-4.28626379701573E-16));
#2867=CARTESIAN_POINT('Origin',(-14.1880053845175,1.37972052133553E-15,
0.));
#2868=CARTESIAN_POINT('Origin',(-21.3380053845175,6.62868292499966E-17,
0.));
#2869=CARTESIAN_POINT('',(-13.9880053845175,4.,-4.89858719658941E-16));
#2870=CARTESIAN_POINT('',(-21.3380053845175,4.,-4.89858719658941E-16));
#2871=CARTESIAN_POINT('Origin',(-13.9880053845175,1.41645992530995E-15,
0.));
#2872=CARTESIAN_POINT('Origin',(-13.9880053845175,1.41645992530995E-15,
0.));
#2873=CARTESIAN_POINT('',(-13.7380053845175,3.5,-4.28626379701573E-16));
#2874=CARTESIAN_POINT('',(-13.9880053845175,4.,-4.89858719658941E-16));
#2875=CARTESIAN_POINT('',(-13.7380053845175,-3.5,4.59242549680257E-16));
#2876=CARTESIAN_POINT('Origin',(-13.7380053845175,1.46238418027798E-15,
0.));
#2877=CARTESIAN_POINT('Origin',(-13.7380053845175,1.46238418027798E-15,
0.));
#2878=CARTESIAN_POINT('Origin',(-13.7380053845175,1.46238418027798E-15,
0.));
#2879=CARTESIAN_POINT('',(-13.4880053845175,4.,4.89858719658941E-16));
#2880=CARTESIAN_POINT('',(-13.4880053845175,-4.,-4.89858719658941E-16));
#2881=CARTESIAN_POINT('Origin',(-13.4880053845175,1.508308435246E-15,0.));
#2882=CARTESIAN_POINT('',(-13.7380053845175,-3.5,-4.28626379701573E-16));
#2883=CARTESIAN_POINT('Origin',(-13.4880053845175,1.508308435246E-15,0.));
#2884=CARTESIAN_POINT('Origin',(-21.3380053845175,6.62868292499966E-17,
0.));
#2885=CARTESIAN_POINT('',(-13.2880053845175,4.,-4.89858719658941E-16));
#2886=CARTESIAN_POINT('',(-21.3380053845175,4.,-4.89858719658941E-16));
#2887=CARTESIAN_POINT('Origin',(-13.2880053845175,1.54504783922042E-15,
0.));
#2888=CARTESIAN_POINT('Origin',(-13.2880053845175,1.54504783922042E-15,
0.));
#2889=CARTESIAN_POINT('',(-13.0380053845175,3.5,-4.28626379701573E-16));
#2890=CARTESIAN_POINT('',(-13.2880053845175,4.,-4.89858719658941E-16));
#2891=CARTESIAN_POINT('',(-13.0380053845175,-3.5,4.59242549680257E-16));
#2892=CARTESIAN_POINT('Origin',(-13.0380053845175,1.59097209418845E-15,
0.));
#2893=CARTESIAN_POINT('Origin',(-13.0380053845175,1.59097209418845E-15,
0.));
#2894=CARTESIAN_POINT('Origin',(-13.0380053845175,1.59097209418845E-15,
0.));
#2895=CARTESIAN_POINT('',(-12.7880053845175,4.,4.89858719658941E-16));
#2896=CARTESIAN_POINT('',(-12.7880053845175,-3.99999999999999,-4.89858719658941E-16));
#2897=CARTESIAN_POINT('Origin',(-12.7880053845175,1.63689634915648E-15,
0.));
#2898=CARTESIAN_POINT('',(-13.0380053845175,-3.5,-4.28626379701573E-16));
#2899=CARTESIAN_POINT('Origin',(-12.7880053845175,1.63689634915648E-15,
0.));
#2900=CARTESIAN_POINT('Origin',(-21.3380053845175,6.62868292499966E-17,
0.));
#2901=CARTESIAN_POINT('',(-12.5880053845175,4.,-4.89858719658941E-16));
#2902=CARTESIAN_POINT('',(-21.3380053845175,4.,-4.89858719658941E-16));
#2903=CARTESIAN_POINT('Origin',(-12.5880053845175,1.6736357531309E-15,0.));
#2904=CARTESIAN_POINT('Origin',(-12.5880053845175,1.6736357531309E-15,0.));
#2905=CARTESIAN_POINT('',(-12.3380053845175,3.5,-4.28626379701573E-16));
#2906=CARTESIAN_POINT('',(-12.5880053845175,4.,-4.89858719658941E-16));
#2907=CARTESIAN_POINT('',(-12.3380053845175,-3.5,4.59242549680257E-16));
#2908=CARTESIAN_POINT('Origin',(-12.3380053845175,1.71956000809892E-15,
0.));
#2909=CARTESIAN_POINT('Origin',(-12.3380053845175,1.71956000809892E-15,
0.));
#2910=CARTESIAN_POINT('Origin',(-12.3380053845175,1.71956000809892E-15,
0.));
#2911=CARTESIAN_POINT('',(-12.0880053845175,4.,4.89858719658941E-16));
#2912=CARTESIAN_POINT('',(-12.0880053845175,-3.99999999999999,-4.89858719658941E-16));
#2913=CARTESIAN_POINT('Origin',(-12.0880053845175,1.76548426306695E-15,
0.));
#2914=CARTESIAN_POINT('',(-12.3380053845175,-3.5,-4.28626379701573E-16));
#2915=CARTESIAN_POINT('Origin',(-12.0880053845175,1.76548426306695E-15,
0.));
#2916=CARTESIAN_POINT('Origin',(-21.3380053845175,6.62868292499966E-17,
0.));
#2917=CARTESIAN_POINT('',(-11.8880053845175,4.,-4.89858719658941E-16));
#2918=CARTESIAN_POINT('',(-21.3380053845175,4.,-4.89858719658941E-16));
#2919=CARTESIAN_POINT('Origin',(-11.8880053845175,1.80222366704137E-15,
0.));
#2920=CARTESIAN_POINT('Origin',(-11.8880053845175,1.80222366704137E-15,
0.));
#2921=CARTESIAN_POINT('',(-11.6380053845175,3.5,-4.28626379701573E-16));
#2922=CARTESIAN_POINT('',(-11.8880053845175,4.,-4.89858719658941E-16));
#2923=CARTESIAN_POINT('',(-11.6380053845175,-3.5,4.59242549680257E-16));
#2924=CARTESIAN_POINT('Origin',(-11.6380053845175,1.84814792200939E-15,
0.));
#2925=CARTESIAN_POINT('Origin',(-11.6380053845175,1.84814792200939E-15,
0.));
#2926=CARTESIAN_POINT('Origin',(-11.6380053845175,1.84814792200939E-15,
0.));
#2927=CARTESIAN_POINT('',(-11.3880053845175,4.,4.89858719658941E-16));
#2928=CARTESIAN_POINT('',(-11.3880053845175,-4.,-4.89858719658941E-16));
#2929=CARTESIAN_POINT('Origin',(-11.3880053845175,1.89407217697742E-15,
0.));
#2930=CARTESIAN_POINT('',(-11.6380053845175,-3.5,-4.28626379701573E-16));
#2931=CARTESIAN_POINT('Origin',(-11.3880053845175,1.89407217697742E-15,
0.));
#2932=CARTESIAN_POINT('Origin',(-21.3380053845175,6.62868292499966E-17,
0.));
#2933=CARTESIAN_POINT('',(-11.1880053845175,4.,-4.89858719658941E-16));
#2934=CARTESIAN_POINT('',(-21.3380053845175,4.,-4.89858719658941E-16));
#2935=CARTESIAN_POINT('Origin',(-11.1880053845175,1.93081158095184E-15,
0.));
#2936=CARTESIAN_POINT('Origin',(-11.1880053845175,1.93081158095184E-15,
0.));
#2937=CARTESIAN_POINT('',(-10.9380053845175,3.5,-4.28626379701573E-16));
#2938=CARTESIAN_POINT('',(-11.1880053845175,4.,-4.89858719658941E-16));
#2939=CARTESIAN_POINT('',(-10.9380053845175,-3.5,4.59242549680257E-16));
#2940=CARTESIAN_POINT('Origin',(-10.9380053845175,1.97673583591987E-15,
0.));
#2941=CARTESIAN_POINT('Origin',(-10.9380053845175,1.97673583591987E-15,
0.));
#2942=CARTESIAN_POINT('Origin',(-10.9380053845175,1.97673583591987E-15,
0.));
#2943=CARTESIAN_POINT('',(-10.6880053845175,4.,4.89858719658941E-16));
#2944=CARTESIAN_POINT('',(-10.6880053845175,-4.,-4.89858719658941E-16));
#2945=CARTESIAN_POINT('Origin',(-10.6880053845175,2.02266009088789E-15,
0.));
#2946=CARTESIAN_POINT('',(-10.9380053845175,-3.5,-4.28626379701573E-16));
#2947=CARTESIAN_POINT('Origin',(-10.6880053845175,2.02266009088789E-15,
0.));
#2948=CARTESIAN_POINT('Origin',(-21.3380053845175,6.62868292499966E-17,
0.));
#2949=CARTESIAN_POINT('',(-10.4880053845175,4.,-4.89858719658941E-16));
#2950=CARTESIAN_POINT('',(-21.3380053845175,4.,-4.89858719658941E-16));
#2951=CARTESIAN_POINT('Origin',(-10.4880053845175,2.05939949486231E-15,
0.));
#2952=CARTESIAN_POINT('Origin',(-10.4880053845175,2.05939949486231E-15,
0.));
#2953=CARTESIAN_POINT('',(-10.2380053845175,3.5,-4.28626379701574E-16));
#2954=CARTESIAN_POINT('',(-10.4880053845175,4.,-4.89858719658941E-16));
#2955=CARTESIAN_POINT('',(-10.2380053845175,-3.5,4.59242549680257E-16));
#2956=CARTESIAN_POINT('Origin',(-10.2380053845175,2.10532374983034E-15,
0.));
#2957=CARTESIAN_POINT('Origin',(-10.2380053845175,2.10532374983034E-15,
0.));
#2958=CARTESIAN_POINT('Origin',(-10.2380053845175,2.10532374983034E-15,
0.));
#2959=CARTESIAN_POINT('',(-9.98800538451749,4.,4.89858719658941E-16));
#2960=CARTESIAN_POINT('',(-9.98800538451749,-4.,-4.89858719658941E-16));
#2961=CARTESIAN_POINT('Origin',(-9.98800538451749,2.15124800479837E-15,
0.));
#2962=CARTESIAN_POINT('',(-10.2380053845175,-3.5,-4.28626379701574E-16));
#2963=CARTESIAN_POINT('Origin',(-9.98800538451749,2.15124800479837E-15,
0.));
#2964=CARTESIAN_POINT('Origin',(-21.3380053845175,6.62868292499966E-17,
0.));
#2965=CARTESIAN_POINT('',(-8.33800538451749,4.,-4.89858719658941E-16));
#2966=CARTESIAN_POINT('',(-21.3380053845175,4.,-4.89858719658941E-16));
#2967=CARTESIAN_POINT('Origin',(-8.33800538451749,2.45434808758734E-15,
0.));
#2968=CARTESIAN_POINT('Origin',(-21.3380053845175,6.62868292499966E-17,
0.));
#2969=CARTESIAN_POINT('',(-6.33800538451749,4.9,-6.00076931582203E-16));
#2970=CARTESIAN_POINT('Origin',(-6.33800538451749,2.82174212733154E-15,
0.));
#2971=CARTESIAN_POINT('',(-6.20384829590682,4.9,-6.00076931582203E-16));
#2972=CARTESIAN_POINT('',(-21.3380053845175,4.9,-6.00076931582203E-16));
#2973=CARTESIAN_POINT('Origin',(-6.20384829590682,2.84638638470404E-15,
0.));
#2974=CARTESIAN_POINT('Origin',(-21.3380053845175,6.62868292499966E-17,
0.));
#2975=CARTESIAN_POINT('',(-6.20384829590682,4.84134962715697,-5.92894332445101E-16));
#2976=CARTESIAN_POINT('Origin',(-6.20384829590682,2.84638638470404E-15,
0.));
#2977=CARTESIAN_POINT('',(-5.50016858903094,4.84134962715697,-5.92894332445101E-16));
#2978=CARTESIAN_POINT('',(-21.3380053845175,4.84134962715696,-5.92894332445101E-16));
#2979=CARTESIAN_POINT('Origin',(-5.50016858903095,2.97565024980161E-15,
0.));
#2980=CARTESIAN_POINT('Origin',(-21.3380053845175,6.62868292499966E-17,
0.));
#2981=CARTESIAN_POINT('',(-5.50016858903095,4.9,-6.00076931582203E-16));
#2982=CARTESIAN_POINT('Origin',(-5.50016858903095,2.97565024980161E-15,
0.));
#2983=CARTESIAN_POINT('',(-5.23800538451749,4.9,-6.00076931582203E-16));
#2984=CARTESIAN_POINT('',(-21.3380053845175,4.9,-6.00076931582203E-16));
#2985=CARTESIAN_POINT('Origin',(-5.23800538451749,3.02380884919086E-15,
0.));
#2986=CARTESIAN_POINT('Origin',(-21.3380053845175,6.62868292499966E-17,
0.));
#2987=CARTESIAN_POINT('',(-5.23800538451749,4.15,-5.08228421646152E-16));
#2988=CARTESIAN_POINT('Origin',(-5.23800538451749,3.02380884919086E-15,
0.));
#2989=CARTESIAN_POINT('',(0.661994615482508,4.15,-5.08228421646152E-16));
#2990=CARTESIAN_POINT('',(-21.3380053845175,4.15,-5.08228421646152E-16));
#2991=CARTESIAN_POINT('Origin',(0.661994615482508,4.10762126643626E-15,
0.));
#2992=CARTESIAN_POINT('Origin',(0.661994615482512,3.90312782094782E-15,
0.));
#2993=CARTESIAN_POINT('',(1.16199461548251,3.65,-4.46996081688783E-16));
#2994=CARTESIAN_POINT('Origin',(0.661994615482511,3.65,-4.46996081688784E-16));
#2995=CARTESIAN_POINT('Origin',(1.16199461548251,4.19946977637231E-15,0.));
#2996=CARTESIAN_POINT('Origin',(-25.002817744887,1.,-5.5));
#2997=CARTESIAN_POINT('',(-24.1826227424801,0.427915951955615,-5.5));
#2998=CARTESIAN_POINT('',(-25.002817744887,-3.96065039468734E-16,-5.5));
#2999=CARTESIAN_POINT('Origin',(-25.3380053845175,-6.50521303491303E-16,
-5.5));
#3000=CARTESIAN_POINT('',(-25.3380053845175,0.,0.));
#3001=CARTESIAN_POINT('Origin',(-6.33800538451748,-22.3315477174422,0.));
#3002=CARTESIAN_POINT('',(-6.33800538451749,0.,-6.8));
#3003=CARTESIAN_POINT('',(-6.33800538451749,5.8889727457342,-3.39999999999998));
#3004=CARTESIAN_POINT('',(-6.33800538451749,-3.59462089101009,-8.87535533905934));
#3005=CARTESIAN_POINT('',(-6.33800538451749,5.88897274573416,3.40000000000004));
#3006=CARTESIAN_POINT('',(-6.33800538451749,5.88897274573424,-15.1014213562373));
#3007=CARTESIAN_POINT('',(-6.33800538451749,-5.160802341031E-14,6.8));
#3008=CARTESIAN_POINT('',(-6.33800538451749,9.48359363674419,1.32464466094077));
#3009=CARTESIAN_POINT('',(-6.33800538451749,-5.88897274573421,3.39999999999994));
#3010=CARTESIAN_POINT('',(-6.33800538451749,-9.48359363674438,1.32464466094053));
#3011=CARTESIAN_POINT('',(-6.33800538451749,-5.88897274573414,-3.40000000000007));
#3012=CARTESIAN_POINT('',(-6.33800538451749,-5.88897274573401,-15.1014213562374));
#3013=CARTESIAN_POINT('',(-6.33800538451749,3.59462089101007,-8.87535533905928));
#3014=CARTESIAN_POINT('Origin',(-8.33800538451749,-22.3315477174422,0.));
#3015=CARTESIAN_POINT('',(-8.33800538451749,5.8889727457342,-3.39999999999998));
#3016=CARTESIAN_POINT('',(-8.33800538451749,5.88897274573416,3.40000000000004));
#3017=CARTESIAN_POINT('',(-8.33800538451749,5.88897274573417,1.15187763180602E-13));
#3018=CARTESIAN_POINT('',(-8.33800538451749,-3.67394039744206E-16,-6.8));
#3019=CARTESIAN_POINT('',(-8.33800538451749,-13.8041744152145,-14.7698438145647));
#3020=CARTESIAN_POINT('',(-8.33800538451749,-5.88897274573414,-3.40000000000007));
#3021=CARTESIAN_POINT('',(-8.33800538451749,-19.6931471609489,4.56984381456457));
#3022=CARTESIAN_POINT('',(-8.33800538451749,-5.88897274573421,3.39999999999994));
#3023=CARTESIAN_POINT('',(-8.33800538451749,-5.88897274573418,1.80368058056473E-13));
#3024=CARTESIAN_POINT('',(-8.33800538451749,-5.19754174500542E-14,6.8));
#3025=CARTESIAN_POINT('',(-8.33800538451749,-19.6931471609486,-4.5698438145648));
#3026=CARTESIAN_POINT('',(-8.33800538451749,-13.8041744152147,14.7698438145646));
#3027=CARTESIAN_POINT('Origin',(1.16199461548252,-22.3315477174422,0.));
#3028=CARTESIAN_POINT('Origin',(-5.23800538451748,-22.3315477174422,0.));
#3029=CARTESIAN_POINT('Origin',(-5.50016858903094,-22.3315477174422,0.));
#3030=CARTESIAN_POINT('Origin',(-6.20384829590682,-22.3315477174422,0.));
#3031=CARTESIAN_POINT('Origin',(-19.3380053845175,-22.3315477174422,0.));
#3032=CARTESIAN_POINT('Origin',(-21.3380053845175,-22.3315477174422,0.));
#3033=CARTESIAN_POINT('Origin',(-25.3380053845175,-22.3315477174422,0.));
#3034=CARTESIAN_POINT('',(-25.3380053845175,0.,0.));
#3035=CARTESIAN_POINT('Origin',(-16.3380053845175,9.48359363674419,1.32464466094077));
#3036=CARTESIAN_POINT('',(-16.3380053845175,-5.3444993609031E-14,6.8));
#3037=CARTESIAN_POINT('',(-16.3380053845175,5.88897274573416,3.40000000000004));
#3038=CARTESIAN_POINT('Origin',(-16.3380053845175,-9.48359363674438,1.32464466094053));
#3039=CARTESIAN_POINT('',(-16.3380053845175,-5.88897274573421,3.39999999999994));
#3040=CARTESIAN_POINT('Origin',(-16.3380053845175,-5.88897274573401,-15.1014213562374));
#3041=CARTESIAN_POINT('',(-16.3380053845175,-5.88897274573414,-3.40000000000007));
#3042=CARTESIAN_POINT('Origin',(-16.3380053845175,3.59462089101006,-8.87535533905928));
#3043=CARTESIAN_POINT('',(-16.3380053845175,-1.83697019872103E-15,-6.8));
#3044=CARTESIAN_POINT('Origin',(-16.3380053845175,-3.5946208910101,-8.87535533905934));
#3045=CARTESIAN_POINT('',(-16.3380053845175,5.8889727457342,-3.39999999999998));
#3046=CARTESIAN_POINT('Origin',(-16.3380053845175,5.88897274573424,-15.1014213562373));
#3047=CARTESIAN_POINT('Origin',(0.861994615482512,1.58345842009937E-16,
0.));
#3048=CARTESIAN_POINT('Origin',(-14.8380053845175,-2.72569736998208E-15,
0.));
#3049=CARTESIAN_POINT('Origin',(-24.1826227424801,0.427915951955616,-5.5));
#3050=CARTESIAN_POINT('',(-24.1826227424801,0.427915951955615,-5.5));
#3051=CARTESIAN_POINT('Origin',(-25.002817744887,1.,-5.5));
#3052=CARTESIAN_POINT('',(-25.002817744887,-3.96065039468734E-16,-5.5));
#3053=CARTESIAN_POINT('Origin',(-25.3380053845175,-6.50521303491303E-16,
-5.5));
#3054=CARTESIAN_POINT('',(0.,0.,0.));
#3055=CARTESIAN_POINT('Origin',(0.,0.,1.2));
#3056=CARTESIAN_POINT('',(4.,-4.89858719658941E-16,1.2));
#3057=CARTESIAN_POINT('Origin',(0.,0.,1.2));
#3058=CARTESIAN_POINT('',(4.,-4.89858719658941E-16,0.));
#3059=CARTESIAN_POINT('',(4.,-4.89858719658941E-16,1.2));
#3060=CARTESIAN_POINT('Origin',(0.,0.,0.));
#3061=CARTESIAN_POINT('Origin',(0.,0.,1.2));
#3062=CARTESIAN_POINT('',(8.5,-1.04094977927525E-15,1.38777878078145E-16));
#3063=CARTESIAN_POINT('Origin',(0.,0.,0.));
#3064=CARTESIAN_POINT('',(8.5,-1.04094977927525E-15,1.2));
#3065=CARTESIAN_POINT('',(8.5,-1.04094977927525E-15,1.2));
#3066=CARTESIAN_POINT('Origin',(0.,0.,1.2));
#3067=CARTESIAN_POINT('Origin',(0.,0.,1.2));
#3068=CARTESIAN_POINT('Origin',(0.,0.,0.));
#3069=CARTESIAN_POINT('',(0.,0.,0.));
#3070=CARTESIAN_POINT('Origin',(0.,0.,2.2));
#3071=CARTESIAN_POINT('',(4.6,-5.63337527607783E-16,1.2));
#3072=CARTESIAN_POINT('Origin',(0.,0.,1.2));
#3073=CARTESIAN_POINT('',(4.6,-5.63337527607783E-16,2.2));
#3074=CARTESIAN_POINT('',(4.6,-5.63337527607783E-16,2.2));
#3075=CARTESIAN_POINT('Origin',(0.,0.,2.2));
#3076=CARTESIAN_POINT('Origin',(0.,0.,1.2));
#3077=CARTESIAN_POINT('',(4.,-4.89858719658941E-16,2.2));
#3078=CARTESIAN_POINT('Origin',(0.,0.,2.2));
#3079=CARTESIAN_POINT('',(4.,-4.89858719658941E-16,0.));
#3080=CARTESIAN_POINT('',(4.,-4.89858719658941E-16,1.2));
#3081=CARTESIAN_POINT('Origin',(0.,0.,0.));
#3082=CARTESIAN_POINT('Origin',(0.,0.,1.2));
#3083=CARTESIAN_POINT('',(8.5,-1.04094977927525E-15,1.38777878078145E-16));
#3084=CARTESIAN_POINT('Origin',(0.,0.,0.));
#3085=CARTESIAN_POINT('',(8.5,-1.04094977927525E-15,1.2));
#3086=CARTESIAN_POINT('',(8.5,-1.04094977927525E-15,1.2));
#3087=CARTESIAN_POINT('Origin',(0.,0.,1.2));
#3088=CARTESIAN_POINT('Origin',(0.,0.,1.2));
#3089=CARTESIAN_POINT('Origin',(0.,0.,0.));
#3090=CARTESIAN_POINT('Origin',(0.,0.,2.2));
#3091=CARTESIAN_POINT('',(0.,0.,0.));
#3092=CARTESIAN_POINT('Origin',(14.3321667212656,0.,0.));
#3093=CARTESIAN_POINT('',(14.3321667212656,-0.397804146009546,0.));
#3094=CARTESIAN_POINT('',(14.3321667212656,0.397804146009546,0.));
#3095=CARTESIAN_POINT('Origin',(14.3321667212656,0.,0.));
#3096=CARTESIAN_POINT('',(14.3321667212656,-0.397804146009546,0.5));
#3097=CARTESIAN_POINT('',(14.3321667212656,-0.397804146009546,0.));
#3098=CARTESIAN_POINT('',(14.3321667212656,0.397804146009546,0.5));
#3099=CARTESIAN_POINT('Origin',(14.3321667212656,0.,0.5));
#3100=CARTESIAN_POINT('',(14.3321667212656,0.397804146009546,0.));
#3101=CARTESIAN_POINT('Origin',(0.,0.,0.5));
#3102=CARTESIAN_POINT('',(4.,-4.89858719658941E-16,0.5));
#3103=CARTESIAN_POINT('Origin',(0.,0.,0.5));
#3104=CARTESIAN_POINT('',(4.,-4.89858719658941E-16,0.));
#3105=CARTESIAN_POINT('',(4.,-4.89858719658941E-16,0.5));
#3106=CARTESIAN_POINT('Origin',(0.,0.,0.));
#3107=CARTESIAN_POINT('Origin',(0.,0.,0.5));
#3108=CARTESIAN_POINT('',(5.74175784856362,1.74132616372065,0.5));
#3109=CARTESIAN_POINT('',(5.73646810656056,-1.75867383627935,0.5));
#3110=CARTESIAN_POINT('Origin',(0.,0.,0.5));
#3111=CARTESIAN_POINT('',(5.74175784856362,1.74132616372065,0.));
#3112=CARTESIAN_POINT('',(5.74175784856362,1.74132616372065,0.5));
#3113=CARTESIAN_POINT('',(5.73646810656056,-1.75867383627935,0.));
#3114=CARTESIAN_POINT('Origin',(0.,0.,0.));
#3115=CARTESIAN_POINT('',(5.73646810656056,-1.75867383627935,0.5));
#3116=CARTESIAN_POINT('Origin',(0.,0.,0.5));
#3117=CARTESIAN_POINT('',(14.2417578485636,-1.75867383627935,0.5));
#3118=CARTESIAN_POINT('',(5.73646810656056,-1.75867383627935,0.5));
#3119=CARTESIAN_POINT('',(15.7417578485636,-0.258673836279338,0.5));
#3120=CARTESIAN_POINT('Origin',(14.2417578485636,-0.258673836279347,0.5));
#3121=CARTESIAN_POINT('',(15.7417578485636,0.24132616372064,0.5));
#3122=CARTESIAN_POINT('',(15.7417578485636,0.24132616372064,0.5));
#3123=CARTESIAN_POINT('',(14.2417578485636,1.74132616372065,0.5));
#3124=CARTESIAN_POINT('Origin',(14.2417578485636,0.241326163720653,0.5));
#3125=CARTESIAN_POINT('',(5.74175784856362,1.74132616372065,0.5));
#3126=CARTESIAN_POINT('',(13.0849969662086,0.397804146009546,0.5));
#3127=CARTESIAN_POINT('',(13.0849969662086,-0.397804146009546,0.5));
#3128=CARTESIAN_POINT('Origin',(13.0849969662086,0.,0.5));
#3129=CARTESIAN_POINT('',(13.0849969662086,0.397804146009546,0.5));
#3130=CARTESIAN_POINT('',(13.0849969662086,-0.397804146009546,0.5));
#3131=CARTESIAN_POINT('Origin',(0.,0.,0.));
#3132=CARTESIAN_POINT('',(14.2417578485636,1.74132616372065,0.));
#3133=CARTESIAN_POINT('',(5.74175784856362,1.74132616372065,0.));
#3134=CARTESIAN_POINT('',(15.7417578485636,0.24132616372064,0.));
#3135=CARTESIAN_POINT('Origin',(14.2417578485636,0.241326163720653,0.));
#3136=CARTESIAN_POINT('',(15.7417578485636,-0.258673836279338,0.));
#3137=CARTESIAN_POINT('',(15.7417578485636,0.24132616372064,0.));
#3138=CARTESIAN_POINT('',(14.2417578485636,-1.75867383627935,0.));
#3139=CARTESIAN_POINT('Origin',(14.2417578485636,-0.258673836279347,0.));
#3140=CARTESIAN_POINT('',(5.73646810656056,-1.75867383627935,0.));
#3141=CARTESIAN_POINT('',(13.0849969662086,0.397804146009546,0.));
#3142=CARTESIAN_POINT('',(13.0849969662086,0.397804146009546,0.));
#3143=CARTESIAN_POINT('',(13.0849969662086,-0.397804146009546,0.));
#3144=CARTESIAN_POINT('Origin',(13.0849969662086,0.,0.));
#3145=CARTESIAN_POINT('',(13.0849969662086,-0.397804146009546,0.));
#3146=CARTESIAN_POINT('Origin',(5.73646810656056,-1.75867383627935,0.5));
#3147=CARTESIAN_POINT('',(14.2417578485636,-1.75867383627935,0.5));
#3148=CARTESIAN_POINT('Origin',(14.2417578485636,-0.258673836279347,0.5));
#3149=CARTESIAN_POINT('',(15.7417578485636,-0.258673836279338,0.5));
#3150=CARTESIAN_POINT('Origin',(15.7417578485636,0.24132616372064,0.5));
#3151=CARTESIAN_POINT('',(15.7417578485636,0.24132616372064,0.5));
#3152=CARTESIAN_POINT('Origin',(14.2417578485636,0.241326163720653,0.5));
#3153=CARTESIAN_POINT('',(14.2417578485636,1.74132616372065,0.5));
#3154=CARTESIAN_POINT('Origin',(5.74175784856362,1.74132616372065,0.5));
#3155=CARTESIAN_POINT('Origin',(13.0849969662086,0.,0.));
#3156=CARTESIAN_POINT('',(13.0849969662086,-0.397804146009546,0.));
#3157=CARTESIAN_POINT('',(13.0849969662086,0.397804146009546,0.));
#3158=CARTESIAN_POINT('Origin',(13.0849969662086,0.397804146009546,0.));
#3159=CARTESIAN_POINT('Origin',(13.0849969662086,-0.397804146009546,0.));
#3160=CARTESIAN_POINT('',(0.,0.,0.));
#3161=CARTESIAN_POINT('Origin',(0.,0.,2.));
#3162=CARTESIAN_POINT('',(4.,-4.89858719658941E-16,2.));
#3163=CARTESIAN_POINT('Origin',(0.,0.,2.));
#3164=CARTESIAN_POINT('',(4.,-4.89858719658941E-16,0.));
#3165=CARTESIAN_POINT('',(4.,-4.89858719658941E-16,2.));
#3166=CARTESIAN_POINT('Origin',(0.,0.,0.));
#3167=CARTESIAN_POINT('Origin',(6.92820323027549,-1.4677707231657E-14,2.));
#3168=CARTESIAN_POINT('',(3.46410161513775,-6.,2.));
#3169=CARTESIAN_POINT('',(6.92820323027549,-1.44753802892193E-14,2.));
#3170=CARTESIAN_POINT('',(3.46410161513775,-6.,2.));
#3171=CARTESIAN_POINT('',(3.46410161513773,6.,2.));
#3172=CARTESIAN_POINT('',(6.92820323027549,-1.44753802892193E-14,2.));
#3173=CARTESIAN_POINT('',(-3.46410161513776,6.,2.));
#3174=CARTESIAN_POINT('',(3.46410161513773,6.,2.));
#3175=CARTESIAN_POINT('',(-6.92820323027552,2.7276897102522E-15,2.));
#3176=CARTESIAN_POINT('',(-3.46410161513776,6.,2.));
#3177=CARTESIAN_POINT('',(-3.46410161513775,-6.,2.));
#3178=CARTESIAN_POINT('',(-6.92820323027552,2.7276897102522E-15,2.));
#3179=CARTESIAN_POINT('',(-3.46410161513775,-6.,2.));
#3180=CARTESIAN_POINT('Origin',(6.92820323027549,-1.4677707231657E-14,0.));
#3181=CARTESIAN_POINT('',(3.46410161513775,-6.,0.));
#3182=CARTESIAN_POINT('',(6.92820323027549,-1.44753802892193E-14,0.));
#3183=CARTESIAN_POINT('',(3.46410161513775,-6.,0.));
#3184=CARTESIAN_POINT('',(-3.46410161513775,-6.,0.));
#3185=CARTESIAN_POINT('',(-3.46410161513775,-6.,0.));
#3186=CARTESIAN_POINT('',(-6.92820323027552,2.7276897102522E-15,0.));
#3187=CARTESIAN_POINT('',(-6.92820323027552,2.7276897102522E-15,0.));
#3188=CARTESIAN_POINT('',(-3.46410161513776,6.,0.));
#3189=CARTESIAN_POINT('',(-3.46410161513776,6.,0.));
#3190=CARTESIAN_POINT('',(3.46410161513773,6.,0.));
#3191=CARTESIAN_POINT('',(3.46410161513773,6.,0.));
#3192=CARTESIAN_POINT('',(6.92820323027549,-1.44753802892193E-14,0.));
#3193=CARTESIAN_POINT('Origin',(3.46410161513775,-6.,2.));
#3194=CARTESIAN_POINT('',(6.92820323027549,-1.44753802892193E-14,2.));
#3195=CARTESIAN_POINT('',(3.46410161513775,-6.,2.));
#3196=CARTESIAN_POINT('Origin',(6.92820323027549,-1.44753802892193E-14,
2.));
#3197=CARTESIAN_POINT('',(3.46410161513773,6.,2.));
#3198=CARTESIAN_POINT('Origin',(3.46410161513773,6.,2.));
#3199=CARTESIAN_POINT('',(-3.46410161513776,6.,2.));
#3200=CARTESIAN_POINT('Origin',(-3.46410161513776,6.,2.));
#3201=CARTESIAN_POINT('',(-6.92820323027552,2.7276897102522E-15,2.));
#3202=CARTESIAN_POINT('Origin',(-6.92820323027552,2.7276897102522E-15,2.));
#3203=CARTESIAN_POINT('',(-3.46410161513775,-6.,2.));
#3204=CARTESIAN_POINT('Origin',(-3.46410161513775,-6.,2.));
#3205=CARTESIAN_POINT('',(9.04059947183111,1.13698209696623,-0.219747020935302));
#3206=CARTESIAN_POINT('',(0.702594087313628,1.13698209696623,-0.219747020935301));
#3207=CARTESIAN_POINT('',(-2.69740591268637,1.13698209696623,-0.219747020935302));
#3208=CARTESIAN_POINT('',(-3.19740591268637,1.13698209696623,-0.219747020935302));
#3209=CARTESIAN_POINT('',(-5.19740591268637,1.13698209696623,-0.219747020935302));
#3210=UNCERTAINTY_MEASURE_WITH_UNIT(LENGTH_MEASURE(0.01),#3224,
'DISTANCE_ACCURACY_VALUE',
'Maximum model space distance between geometric entities at asserted c
onnectivities');
#3211=UNCERTAINTY_MEASURE_WITH_UNIT(LENGTH_MEASURE(0.01),#3224,
'DISTANCE_ACCURACY_VALUE',
'Maximum model space distance between geometric entities at asserted c
onnectivities');
#3212=UNCERTAINTY_MEASURE_WITH_UNIT(LENGTH_MEASURE(0.01),#3224,
'DISTANCE_ACCURACY_VALUE',
'Maximum model space distance between geometric entities at asserted c
onnectivities');
#3213=UNCERTAINTY_MEASURE_WITH_UNIT(LENGTH_MEASURE(0.01),#3224,
'DISTANCE_ACCURACY_VALUE',
'Maximum model space distance between geometric entities at asserted c
onnectivities');
#3214=UNCERTAINTY_MEASURE_WITH_UNIT(LENGTH_MEASURE(0.01),#3224,
'DISTANCE_ACCURACY_VALUE',
'Maximum model space distance between geometric entities at asserted c
onnectivities');
#3215=UNCERTAINTY_MEASURE_WITH_UNIT(LENGTH_MEASURE(0.01),#3224,
'DISTANCE_ACCURACY_VALUE',
'Maximum model space distance between geometric entities at asserted c
onnectivities');
#3216=UNCERTAINTY_MEASURE_WITH_UNIT(LENGTH_MEASURE(0.01),#3224,
'DISTANCE_ACCURACY_VALUE',
'Maximum model space distance between geometric entities at asserted c
onnectivities');
#3217=(
GEOMETRIC_REPRESENTATION_CONTEXT(3)
GLOBAL_UNCERTAINTY_ASSIGNED_CONTEXT((#3210))
GLOBAL_UNIT_ASSIGNED_CONTEXT((#3224,#3226,#3227))
REPRESENTATION_CONTEXT('','3D')
);
#3218=(
GEOMETRIC_REPRESENTATION_CONTEXT(3)
GLOBAL_UNCERTAINTY_ASSIGNED_CONTEXT((#3211))
GLOBAL_UNIT_ASSIGNED_CONTEXT((#3224,#3226,#3227))
REPRESENTATION_CONTEXT('','3D')
);
#3219=(
GEOMETRIC_REPRESENTATION_CONTEXT(3)
GLOBAL_UNCERTAINTY_ASSIGNED_CONTEXT((#3212))
GLOBAL_UNIT_ASSIGNED_CONTEXT((#3224,#3226,#3227))
REPRESENTATION_CONTEXT('','3D')
);
#3220=(
GEOMETRIC_REPRESENTATION_CONTEXT(3)
GLOBAL_UNCERTAINTY_ASSIGNED_CONTEXT((#3213))
GLOBAL_UNIT_ASSIGNED_CONTEXT((#3224,#3226,#3227))
REPRESENTATION_CONTEXT('','3D')
);
#3221=(
GEOMETRIC_REPRESENTATION_CONTEXT(3)
GLOBAL_UNCERTAINTY_ASSIGNED_CONTEXT((#3214))
GLOBAL_UNIT_ASSIGNED_CONTEXT((#3224,#3226,#3227))
REPRESENTATION_CONTEXT('','3D')
);
#3222=(
GEOMETRIC_REPRESENTATION_CONTEXT(3)
GLOBAL_UNCERTAINTY_ASSIGNED_CONTEXT((#3215))
GLOBAL_UNIT_ASSIGNED_CONTEXT((#3224,#3226,#3227))
REPRESENTATION_CONTEXT('','3D')
);
#3223=(
GEOMETRIC_REPRESENTATION_CONTEXT(3)
GLOBAL_UNCERTAINTY_ASSIGNED_CONTEXT((#3216))
GLOBAL_UNIT_ASSIGNED_CONTEXT((#3224,#3226,#3227))
REPRESENTATION_CONTEXT('','3D')
);
#3224=(
LENGTH_UNIT()
NAMED_UNIT(*)
SI_UNIT(.MILLI.,.METRE.)
);
#3225=(
LENGTH_UNIT()
NAMED_UNIT(*)
SI_UNIT($,.METRE.)
);
#3226=(
NAMED_UNIT(*)
PLANE_ANGLE_UNIT()
SI_UNIT($,.RADIAN.)
);
#3227=(
NAMED_UNIT(*)
SI_UNIT($,.STERADIAN.)
SOLID_ANGLE_UNIT()
);
#3228=SHAPE_DEFINITION_REPRESENTATION(#3234,#3245);
#3229=SHAPE_DEFINITION_REPRESENTATION(#3235,#3246);
#3230=SHAPE_DEFINITION_REPRESENTATION(#3236,#3247);
#3231=SHAPE_DEFINITION_REPRESENTATION(#3237,#3248);
#3232=SHAPE_DEFINITION_REPRESENTATION(#3238,#3249);
#3233=SHAPE_DEFINITION_REPRESENTATION(#3239,#3250);
#3234=PRODUCT_DEFINITION_SHAPE('',$,#3252);
#3235=PRODUCT_DEFINITION_SHAPE('',$,#3253);
#3236=PRODUCT_DEFINITION_SHAPE('',$,#3254);
#3237=PRODUCT_DEFINITION_SHAPE('',$,#3255);
#3238=PRODUCT_DEFINITION_SHAPE('',$,#3256);
#3239=PRODUCT_DEFINITION_SHAPE('',$,#3257);
#3240=PRODUCT_DEFINITION_SHAPE($,$,#26);
#3241=PRODUCT_DEFINITION_SHAPE($,$,#27);
#3242=PRODUCT_DEFINITION_SHAPE($,$,#28);
#3243=PRODUCT_DEFINITION_SHAPE($,$,#29);
#3244=PRODUCT_DEFINITION_SHAPE($,$,#30);
#3245=SHAPE_REPRESENTATION('',(#1842,#2070,#2071,#2072,#2073,#2074),#3217);
#3246=SHAPE_REPRESENTATION('',(#1843),#3218);
#3247=SHAPE_REPRESENTATION('',(#2010),#3219);
#3248=SHAPE_REPRESENTATION('',(#2019),#3220);
#3249=SHAPE_REPRESENTATION('',(#2032),#3221);
#3250=SHAPE_REPRESENTATION('',(#2058),#3222);
#3251=PRODUCT_DEFINITION_CONTEXT('part definition',#3271,'design');
#3252=PRODUCT_DEFINITION('RCA_chassis','RCA_chassis_Red v1',#3258,#3251);
#3253=PRODUCT_DEFINITION('RCA R','RCA R',#3259,#3251);
#3254=PRODUCT_DEFINITION('RCA izolator R','RCA izolator R',#3260,#3251);
#3255=PRODUCT_DEFINITION('RCA izolator L','RCA izolator L',#3261,#3251);
#3256=PRODUCT_DEFINITION('RCA usica','RCA usica',#3262,#3251);
#3257=PRODUCT_DEFINITION('RCA matica','RCA matica',#3263,#3251);
#3258=PRODUCT_DEFINITION_FORMATION('',$,#3273);
#3259=PRODUCT_DEFINITION_FORMATION('',$,#3274);
#3260=PRODUCT_DEFINITION_FORMATION('',$,#3275);
#3261=PRODUCT_DEFINITION_FORMATION('',$,#3276);
#3262=PRODUCT_DEFINITION_FORMATION('',$,#3277);
#3263=PRODUCT_DEFINITION_FORMATION('',$,#3278);
#3264=PRODUCT_RELATED_PRODUCT_CATEGORY('RCA_chassis_Red v1',
'RCA_chassis_Red v1',(#3273));
#3265=PRODUCT_RELATED_PRODUCT_CATEGORY('RCA R','RCA R',(#3274));
#3266=PRODUCT_RELATED_PRODUCT_CATEGORY('RCA izolator R',
'RCA izolator R',(#3275));
#3267=PRODUCT_RELATED_PRODUCT_CATEGORY('RCA izolator L',
'RCA izolator L',(#3276));
#3268=PRODUCT_RELATED_PRODUCT_CATEGORY('RCA usica','RCA usica',(#3277));
#3269=PRODUCT_RELATED_PRODUCT_CATEGORY('RCA matica','RCA matica',(#3278));
#3270=APPLICATION_PROTOCOL_DEFINITION('international standard',
'automotive_design',2009,#3271);
#3271=APPLICATION_CONTEXT(
'Core Data for Automotive Mechanical Design Process');
#3272=PRODUCT_CONTEXT('part definition',#3271,'mechanical');
#3273=PRODUCT('RCA_chassis','RCA_chassis_Red v1','STEP AP214',(#3272));
#3274=PRODUCT('RCA R','RCA R',$,(#3272));
#3275=PRODUCT('RCA izolator R','RCA izolator R',$,(#3272));
#3276=PRODUCT('RCA izolator L','RCA izolator L',$,(#3272));
#3277=PRODUCT('RCA usica','RCA usica',$,(#3272));
#3278=PRODUCT('RCA matica','RCA matica',$,(#3272));
#3279=PRESENTATION_STYLE_ASSIGNMENT((#3285));
#3280=PRESENTATION_STYLE_ASSIGNMENT((#3286));
#3281=PRESENTATION_STYLE_ASSIGNMENT((#3287));
#3282=PRESENTATION_STYLE_ASSIGNMENT((#3288));
#3283=PRESENTATION_STYLE_ASSIGNMENT((#3289));
#3284=PRESENTATION_STYLE_ASSIGNMENT((#3290));
#3285=SURFACE_STYLE_USAGE(.BOTH.,#3291);
#3286=SURFACE_STYLE_USAGE(.BOTH.,#3292);
#3287=SURFACE_STYLE_USAGE(.BOTH.,#3293);
#3288=SURFACE_STYLE_USAGE(.BOTH.,#3294);
#3289=SURFACE_STYLE_USAGE(.BOTH.,#3295);
#3290=SURFACE_STYLE_USAGE(.BOTH.,#3296);
#3291=SURFACE_SIDE_STYLE('',(#3297));
#3292=SURFACE_SIDE_STYLE('',(#3298));
#3293=SURFACE_SIDE_STYLE('',(#3299));
#3294=SURFACE_SIDE_STYLE('',(#3300));
#3295=SURFACE_SIDE_STYLE('',(#3301));
#3296=SURFACE_SIDE_STYLE('',(#3302));
#3297=SURFACE_STYLE_FILL_AREA(#3303);
#3298=SURFACE_STYLE_FILL_AREA(#3304);
#3299=SURFACE_STYLE_FILL_AREA(#3305);
#3300=SURFACE_STYLE_FILL_AREA(#3306);
#3301=SURFACE_STYLE_FILL_AREA(#3307);
#3302=SURFACE_STYLE_FILL_AREA(#3308);
#3303=FILL_AREA_STYLE('Stal \X2\2014\X0\ satynowa',(#3309));
#3304=FILL_AREA_STYLE('Opaque(247,224,153)',(#3310));
#3305=FILL_AREA_STYLE('Opaque(177,24,24)',(#3311));
#3306=FILL_AREA_STYLE('Opaque(255,255,255)',(#3312));
#3307=FILL_AREA_STYLE('Opaque(255,232,158)',(#3313));
#3308=FILL_AREA_STYLE('Opaque(165,132,0)',(#3314));
#3309=FILL_AREA_STYLE_COLOUR('Stal \X2\2014\X0\ satynowa',#3315);
#3310=FILL_AREA_STYLE_COLOUR('Opaque(247,224,153)',#3316);
#3311=FILL_AREA_STYLE_COLOUR('Opaque(177,24,24)',#3317);
#3312=FILL_AREA_STYLE_COLOUR('Opaque(255,255,255)',#3318);
#3313=FILL_AREA_STYLE_COLOUR('Opaque(255,232,158)',#3319);
#3314=FILL_AREA_STYLE_COLOUR('Opaque(165,132,0)',#3320);
#3315=COLOUR_RGB('Stal \X2\2014\X0\ satynowa',0.627450980392157,0.627450980392157,
0.627450980392157);
#3316=COLOUR_RGB('Opaque(247,224,153)',0.968627450980392,0.87843137254902,
0.6);
#3317=COLOUR_RGB('Opaque(177,24,24)',0.694117647058824,0.0941176470588235,
0.0941176470588235);
#3318=COLOUR_RGB('Opaque(255,255,255)',1.,1.,1.);
#3319=COLOUR_RGB('Opaque(255,232,158)',1.,0.909803921568627,0.619607843137255);
#3320=COLOUR_RGB('Opaque(165,132,0)',0.647058823529412,0.517647058823529,
0.);
ENDSEC;
END-ISO-10303-21;
