ISO-10303-21;
HEADER;
/* Generated by software containing ST-Developer
 * from STEP Tools, Inc. (www.steptools.com) 
 */

FILE_DESCRIPTION(
/* description */ ('STEP AP214'),
/* implementation_level */ '2;1');

FILE_NAME(
/* name */ 'RCA_chassis_White.step',
/* time_stamp */ '2026-06-03T13:23:25+02:00',
/* author */ (''),
/* organization */ (''),
/* preprocessor_version */ 'ST-DEVELOPER v20.1',
/* originating_system */ 'Autodesk Translation Framework v15.8.0.0',
/* authorisation */ '');

FILE_SCHEMA (('AUTOMOTIVE_DESIGN { 1 0 10303 214 3 1 1 }'));
ENDSEC;

DATA;
#10=MECHANICAL_DESIGN_GEOMETRIC_PRESENTATION_REPRESENTATION('',(#97,#98,
#99,#100,#101,#102,#103,#104,#105,#106,#107,#108,#109,#110,#111),#3103);
#11=ITEM_DEFINED_TRANSFORMATION($,$,#1773,#1991);
#12=ITEM_DEFINED_TRANSFORMATION($,$,#1940,#1992);
#13=ITEM_DEFINED_TRANSFORMATION($,$,#1953,#1993);
#14=ITEM_DEFINED_TRANSFORMATION($,$,#1979,#1994);
#15=(
REPRESENTATION_RELATIONSHIP($,$,#3123,#3122)
REPRESENTATION_RELATIONSHIP_WITH_TRANSFORMATION(#11)
SHAPE_REPRESENTATION_RELATIONSHIP()
);
#16=(
REPRESENTATION_RELATIONSHIP($,$,#3124,#3122)
REPRESENTATION_RELATIONSHIP_WITH_TRANSFORMATION(#12)
SHAPE_REPRESENTATION_RELATIONSHIP()
);
#17=(
REPRESENTATION_RELATIONSHIP($,$,#3125,#3122)
REPRESENTATION_RELATIONSHIP_WITH_TRANSFORMATION(#13)
SHAPE_REPRESENTATION_RELATIONSHIP()
);
#18=(
REPRESENTATION_RELATIONSHIP($,$,#3126,#3122)
REPRESENTATION_RELATIONSHIP_WITH_TRANSFORMATION(#14)
SHAPE_REPRESENTATION_RELATIONSHIP()
);
#19=CONTEXT_DEPENDENT_SHAPE_REPRESENTATION(#15,#3118);
#20=CONTEXT_DEPENDENT_SHAPE_REPRESENTATION(#16,#3119);
#21=CONTEXT_DEPENDENT_SHAPE_REPRESENTATION(#17,#3120);
#22=CONTEXT_DEPENDENT_SHAPE_REPRESENTATION(#18,#3121);
#23=NEXT_ASSEMBLY_USAGE_OCCURRENCE('RCA R:1','RCA R:1','RCA R:1',#3128,
#3129,'RCA R:1');
#24=NEXT_ASSEMBLY_USAGE_OCCURRENCE('RCA izolator L:1',
'RCA izolator L:1','RCA izolator L:1',#3128,#3130,'RCA izolator L:1');
#25=NEXT_ASSEMBLY_USAGE_OCCURRENCE('RCA usica:1','RCA usica:1',
'RCA usica:1',#3128,#3131,'RCA usica:1');
#26=NEXT_ASSEMBLY_USAGE_OCCURRENCE('RCA matica:1','RCA matica:1',
'RCA matica:1',#3128,#3132,'RCA matica:1');
#27=SHAPE_REPRESENTATION_RELATIONSHIP('SRR','None',#3123,#31);
#28=SHAPE_REPRESENTATION_RELATIONSHIP('SRR','None',#3124,#32);
#29=SHAPE_REPRESENTATION_RELATIONSHIP('SRR','None',#3125,#33);
#30=SHAPE_REPRESENTATION_RELATIONSHIP('SRR','None',#3126,#34);
#31=ADVANCED_BREP_SHAPE_REPRESENTATION('',(#35),#3099);
#32=ADVANCED_BREP_SHAPE_REPRESENTATION('',(#36),#3100);
#33=ADVANCED_BREP_SHAPE_REPRESENTATION('',(#37),#3101);
#34=ADVANCED_BREP_SHAPE_REPRESENTATION('',(#38),#3102);
#35=MANIFOLD_SOLID_BREP('Bry\X2\0142\X0\a1',#1723);
#36=MANIFOLD_SOLID_BREP('Bry\X2\0142\X0\a1',#1724);
#37=MANIFOLD_SOLID_BREP('Bry\X2\0142\X0\a1',#1725);
#38=MANIFOLD_SOLID_BREP('Bry\X2\0142\X0\a1',#1726);
#39=FACE_BOUND('',#294,.T.);
#40=FACE_BOUND('',#296,.T.);
#41=FACE_BOUND('',#298,.T.);
#42=FACE_BOUND('',#300,.T.);
#43=FACE_BOUND('',#302,.T.);
#44=FACE_BOUND('',#304,.T.);
#45=FACE_BOUND('',#306,.T.);
#46=FACE_BOUND('',#308,.T.);
#47=FACE_BOUND('',#317,.T.);
#48=FACE_BOUND('',#319,.T.);
#49=FACE_BOUND('',#327,.T.);
#50=FACE_BOUND('',#329,.T.);
#51=FACE_BOUND('',#331,.T.);
#52=FACE_BOUND('',#336,.T.);
#53=FACE_BOUND('',#337,.T.);
#54=FACE_BOUND('',#339,.T.);
#55=FACE_BOUND('',#340,.T.);
#56=FACE_BOUND('',#351,.T.);
#57=FACE_BOUND('',#353,.T.);
#58=PLANE('',#1919);
#59=PLANE('',#1920);
#60=PLANE('',#1921);
#61=PLANE('',#1922);
#62=PLANE('',#1923);
#63=PLANE('',#1924);
#64=PLANE('',#1925);
#65=PLANE('',#1926);
#66=PLANE('',#1927);
#67=PLANE('',#1928);
#68=PLANE('',#1929);
#69=PLANE('',#1930);
#70=PLANE('',#1931);
#71=PLANE('',#1932);
#72=PLANE('',#1933);
#73=PLANE('',#1934);
#74=PLANE('',#1935);
#75=PLANE('',#1936);
#76=PLANE('',#1937);
#77=PLANE('',#1939);
#78=PLANE('',#1950);
#79=PLANE('',#1951);
#80=PLANE('',#1952);
#81=PLANE('',#1963);
#82=PLANE('',#1967);
#83=PLANE('',#1971);
#84=PLANE('',#1973);
#85=PLANE('',#1975);
#86=PLANE('',#1977);
#87=PLANE('',#1978);
#88=PLANE('',#1983);
#89=PLANE('',#1984);
#90=PLANE('',#1985);
#91=PLANE('',#1986);
#92=PLANE('',#1987);
#93=PLANE('',#1988);
#94=PLANE('',#1989);
#95=PLANE('',#1990);
#96=TOROIDAL_SURFACE('',#1915,3.65,0.5);
#97=STYLED_ITEM('',(#3153),#1669);
#98=STYLED_ITEM('',(#3153),#1690);
#99=STYLED_ITEM('',(#3152),#35);
#100=STYLED_ITEM('',(#3153),#36);
#101=STYLED_ITEM('',(#3154),#37);
#102=STYLED_ITEM('',(#3152),#1714);
#103=STYLED_ITEM('',(#3152),#1715);
#104=STYLED_ITEM('',(#3152),#1716);
#105=STYLED_ITEM('',(#3152),#1717);
#106=STYLED_ITEM('',(#3152),#1718);
#107=STYLED_ITEM('',(#3152),#1719);
#108=STYLED_ITEM('',(#3152),#1720);
#109=STYLED_ITEM('',(#3152),#1721);
#110=STYLED_ITEM('',(#3152),#1722);
#111=STYLED_ITEM('',(#3155),#38);
#112=CONICAL_SURFACE('',#1793,3.5,1.10714871779409);
#113=CONICAL_SURFACE('',#1799,3.99999999999999,1.10714871779408);
#114=CONICAL_SURFACE('',#1802,3.5,1.1071487177941);
#115=CONICAL_SURFACE('',#1807,4.,1.10714871779409);
#116=CONICAL_SURFACE('',#1810,3.5,1.10714871779409);
#117=CONICAL_SURFACE('',#1815,4.,1.10714871779409);
#118=CONICAL_SURFACE('',#1818,3.5,1.1071487177941);
#119=CONICAL_SURFACE('',#1823,4.,1.10714871779409);
#120=CONICAL_SURFACE('',#1826,3.5,1.1071487177941);
#121=CONICAL_SURFACE('',#1831,4.,1.10714871779409);
#122=CONICAL_SURFACE('',#1834,3.5,1.10714871779409);
#123=CONICAL_SURFACE('',#1839,4.,1.10714871779409);
#124=CONICAL_SURFACE('',#1842,3.5,1.1071487177941);
#125=CONICAL_SURFACE('',#1847,4.,1.10714871779409);
#126=CONICAL_SURFACE('',#1850,3.5,1.10714871779409);
#127=CONICAL_SURFACE('',#1855,4.,1.10714871779408);
#128=CONICAL_SURFACE('',#1858,3.5,1.1071487177941);
#129=CONICAL_SURFACE('',#1863,4.,1.10714871779409);
#130=CONICAL_SURFACE('',#1866,3.5,1.10714871779409);
#131=CONICAL_SURFACE('',#1871,4.,1.10714871779409);
#132=CONICAL_SURFACE('',#1874,3.5,1.1071487177941);
#133=CONICAL_SURFACE('',#1879,4.,1.10714871779409);
#134=CONICAL_SURFACE('',#1882,3.5,1.1071487177941);
#135=CONICAL_SURFACE('',#1887,3.99999999999999,1.10714871779407);
#136=CONICAL_SURFACE('',#1890,3.5,1.10714871779411);
#137=CONICAL_SURFACE('',#1895,4.,1.10714871779407);
#138=CONICAL_SURFACE('',#1898,3.5,1.10714871779409);
#139=FACE_OUTER_BOUND('',#240,.T.);
#140=FACE_OUTER_BOUND('',#241,.T.);
#141=FACE_OUTER_BOUND('',#242,.T.);
#142=FACE_OUTER_BOUND('',#243,.T.);
#143=FACE_OUTER_BOUND('',#244,.T.);
#144=FACE_OUTER_BOUND('',#245,.T.);
#145=FACE_OUTER_BOUND('',#246,.T.);
#146=FACE_OUTER_BOUND('',#247,.T.);
#147=FACE_OUTER_BOUND('',#248,.T.);
#148=FACE_OUTER_BOUND('',#249,.T.);
#149=FACE_OUTER_BOUND('',#250,.T.);
#150=FACE_OUTER_BOUND('',#251,.T.);
#151=FACE_OUTER_BOUND('',#252,.T.);
#152=FACE_OUTER_BOUND('',#253,.T.);
#153=FACE_OUTER_BOUND('',#254,.T.);
#154=FACE_OUTER_BOUND('',#255,.T.);
#155=FACE_OUTER_BOUND('',#256,.T.);
#156=FACE_OUTER_BOUND('',#257,.T.);
#157=FACE_OUTER_BOUND('',#258,.T.);
#158=FACE_OUTER_BOUND('',#259,.T.);
#159=FACE_OUTER_BOUND('',#260,.T.);
#160=FACE_OUTER_BOUND('',#261,.T.);
#161=FACE_OUTER_BOUND('',#262,.T.);
#162=FACE_OUTER_BOUND('',#263,.T.);
#163=FACE_OUTER_BOUND('',#264,.T.);
#164=FACE_OUTER_BOUND('',#265,.T.);
#165=FACE_OUTER_BOUND('',#266,.T.);
#166=FACE_OUTER_BOUND('',#267,.T.);
#167=FACE_OUTER_BOUND('',#268,.T.);
#168=FACE_OUTER_BOUND('',#269,.T.);
#169=FACE_OUTER_BOUND('',#270,.T.);
#170=FACE_OUTER_BOUND('',#271,.T.);
#171=FACE_OUTER_BOUND('',#272,.T.);
#172=FACE_OUTER_BOUND('',#273,.T.);
#173=FACE_OUTER_BOUND('',#274,.T.);
#174=FACE_OUTER_BOUND('',#275,.T.);
#175=FACE_OUTER_BOUND('',#276,.T.);
#176=FACE_OUTER_BOUND('',#277,.T.);
#177=FACE_OUTER_BOUND('',#278,.T.);
#178=FACE_OUTER_BOUND('',#279,.T.);
#179=FACE_OUTER_BOUND('',#280,.T.);
#180=FACE_OUTER_BOUND('',#281,.T.);
#181=FACE_OUTER_BOUND('',#282,.T.);
#182=FACE_OUTER_BOUND('',#283,.T.);
#183=FACE_OUTER_BOUND('',#284,.T.);
#184=FACE_OUTER_BOUND('',#285,.T.);
#185=FACE_OUTER_BOUND('',#286,.T.);
#186=FACE_OUTER_BOUND('',#287,.T.);
#187=FACE_OUTER_BOUND('',#288,.T.);
#188=FACE_OUTER_BOUND('',#289,.T.);
#189=FACE_OUTER_BOUND('',#290,.T.);
#190=FACE_OUTER_BOUND('',#291,.T.);
#191=FACE_OUTER_BOUND('',#292,.T.);
#192=FACE_OUTER_BOUND('',#293,.T.);
#193=FACE_OUTER_BOUND('',#295,.T.);
#194=FACE_OUTER_BOUND('',#297,.T.);
#195=FACE_OUTER_BOUND('',#299,.T.);
#196=FACE_OUTER_BOUND('',#301,.T.);
#197=FACE_OUTER_BOUND('',#303,.T.);
#198=FACE_OUTER_BOUND('',#305,.T.);
#199=FACE_OUTER_BOUND('',#307,.T.);
#200=FACE_OUTER_BOUND('',#309,.T.);
#201=FACE_OUTER_BOUND('',#310,.T.);
#202=FACE_OUTER_BOUND('',#311,.T.);
#203=FACE_OUTER_BOUND('',#312,.T.);
#204=FACE_OUTER_BOUND('',#313,.T.);
#205=FACE_OUTER_BOUND('',#314,.T.);
#206=FACE_OUTER_BOUND('',#315,.T.);
#207=FACE_OUTER_BOUND('',#316,.T.);
#208=FACE_OUTER_BOUND('',#318,.T.);
#209=FACE_OUTER_BOUND('',#320,.T.);
#210=FACE_OUTER_BOUND('',#321,.T.);
#211=FACE_OUTER_BOUND('',#322,.T.);
#212=FACE_OUTER_BOUND('',#323,.T.);
#213=FACE_OUTER_BOUND('',#324,.T.);
#214=FACE_OUTER_BOUND('',#325,.T.);
#215=FACE_OUTER_BOUND('',#326,.T.);
#216=FACE_OUTER_BOUND('',#328,.T.);
#217=FACE_OUTER_BOUND('',#330,.T.);
#218=FACE_OUTER_BOUND('',#332,.T.);
#219=FACE_OUTER_BOUND('',#333,.T.);
#220=FACE_OUTER_BOUND('',#334,.T.);
#221=FACE_OUTER_BOUND('',#335,.T.);
#222=FACE_OUTER_BOUND('',#338,.T.);
#223=FACE_OUTER_BOUND('',#341,.T.);
#224=FACE_OUTER_BOUND('',#342,.T.);
#225=FACE_OUTER_BOUND('',#343,.T.);
#226=FACE_OUTER_BOUND('',#344,.T.);
#227=FACE_OUTER_BOUND('',#345,.T.);
#228=FACE_OUTER_BOUND('',#346,.T.);
#229=FACE_OUTER_BOUND('',#347,.T.);
#230=FACE_OUTER_BOUND('',#348,.T.);
#231=FACE_OUTER_BOUND('',#349,.T.);
#232=FACE_OUTER_BOUND('',#350,.T.);
#233=FACE_OUTER_BOUND('',#352,.T.);
#234=FACE_OUTER_BOUND('',#354,.T.);
#235=FACE_OUTER_BOUND('',#355,.T.);
#236=FACE_OUTER_BOUND('',#356,.T.);
#237=FACE_OUTER_BOUND('',#357,.T.);
#238=FACE_OUTER_BOUND('',#358,.T.);
#239=FACE_OUTER_BOUND('',#359,.T.);
#240=EDGE_LOOP('',(#1111,#1112,#1113,#1114,#1115,#1116,#1117,#1118,#1119,
#1120));
#241=EDGE_LOOP('',(#1121,#1122,#1123,#1124));
#242=EDGE_LOOP('',(#1125,#1126,#1127,#1128));
#243=EDGE_LOOP('',(#1129,#1130,#1131,#1132,#1133,#1134,#1135,#1136,#1137,
#1138));
#244=EDGE_LOOP('',(#1139,#1140,#1141,#1142));
#245=EDGE_LOOP('',(#1143,#1144,#1145,#1146,#1147));
#246=EDGE_LOOP('',(#1148,#1149,#1150,#1151,#1152));
#247=EDGE_LOOP('',(#1153,#1154,#1155,#1156,#1157));
#248=EDGE_LOOP('',(#1158,#1159,#1160,#1161,#1162,#1163));
#249=EDGE_LOOP('',(#1164,#1165,#1166,#1167,#1168));
#250=EDGE_LOOP('',(#1169,#1170,#1171,#1172,#1173));
#251=EDGE_LOOP('',(#1174,#1175,#1176,#1177,#1178,#1179));
#252=EDGE_LOOP('',(#1180,#1181,#1182,#1183,#1184));
#253=EDGE_LOOP('',(#1185,#1186,#1187,#1188,#1189));
#254=EDGE_LOOP('',(#1190,#1191,#1192,#1193,#1194,#1195));
#255=EDGE_LOOP('',(#1196,#1197,#1198,#1199,#1200));
#256=EDGE_LOOP('',(#1201,#1202,#1203,#1204,#1205));
#257=EDGE_LOOP('',(#1206,#1207,#1208,#1209,#1210,#1211));
#258=EDGE_LOOP('',(#1212,#1213,#1214,#1215,#1216));
#259=EDGE_LOOP('',(#1217,#1218,#1219,#1220,#1221));
#260=EDGE_LOOP('',(#1222,#1223,#1224,#1225,#1226,#1227));
#261=EDGE_LOOP('',(#1228,#1229,#1230,#1231,#1232));
#262=EDGE_LOOP('',(#1233,#1234,#1235,#1236,#1237));
#263=EDGE_LOOP('',(#1238,#1239,#1240,#1241,#1242,#1243));
#264=EDGE_LOOP('',(#1244,#1245,#1246,#1247,#1248));
#265=EDGE_LOOP('',(#1249,#1250,#1251,#1252,#1253));
#266=EDGE_LOOP('',(#1254,#1255,#1256,#1257,#1258,#1259));
#267=EDGE_LOOP('',(#1260,#1261,#1262,#1263,#1264));
#268=EDGE_LOOP('',(#1265,#1266,#1267,#1268,#1269));
#269=EDGE_LOOP('',(#1270,#1271,#1272,#1273,#1274,#1275));
#270=EDGE_LOOP('',(#1276,#1277,#1278,#1279,#1280));
#271=EDGE_LOOP('',(#1281,#1282,#1283,#1284,#1285));
#272=EDGE_LOOP('',(#1286,#1287,#1288,#1289,#1290,#1291));
#273=EDGE_LOOP('',(#1292,#1293,#1294,#1295,#1296));
#274=EDGE_LOOP('',(#1297,#1298,#1299,#1300,#1301));
#275=EDGE_LOOP('',(#1302,#1303,#1304,#1305,#1306,#1307));
#276=EDGE_LOOP('',(#1308,#1309,#1310,#1311,#1312));
#277=EDGE_LOOP('',(#1313,#1314,#1315,#1316,#1317));
#278=EDGE_LOOP('',(#1318,#1319,#1320,#1321,#1322,#1323));
#279=EDGE_LOOP('',(#1324,#1325,#1326,#1327,#1328));
#280=EDGE_LOOP('',(#1329,#1330,#1331,#1332,#1333));
#281=EDGE_LOOP('',(#1334,#1335,#1336,#1337,#1338,#1339));
#282=EDGE_LOOP('',(#1340,#1341,#1342,#1343,#1344));
#283=EDGE_LOOP('',(#1345,#1346,#1347,#1348,#1349));
#284=EDGE_LOOP('',(#1350,#1351,#1352,#1353,#1354,#1355));
#285=EDGE_LOOP('',(#1356,#1357,#1358,#1359,#1360));
#286=EDGE_LOOP('',(#1361,#1362,#1363,#1364));
#287=EDGE_LOOP('',(#1365,#1366,#1367,#1368));
#288=EDGE_LOOP('',(#1369,#1370,#1371,#1372));
#289=EDGE_LOOP('',(#1373,#1374,#1375,#1376));
#290=EDGE_LOOP('',(#1377,#1378,#1379,#1380));
#291=EDGE_LOOP('',(#1381,#1382,#1383,#1384));
#292=EDGE_LOOP('',(#1385,#1386,#1387,#1388));
#293=EDGE_LOOP('',(#1389,#1390,#1391,#1392,#1393,#1394));
#294=EDGE_LOOP('',(#1395));
#295=EDGE_LOOP('',(#1396,#1397,#1398,#1399,#1400,#1401));
#296=EDGE_LOOP('',(#1402));
#297=EDGE_LOOP('',(#1403));
#298=EDGE_LOOP('',(#1404));
#299=EDGE_LOOP('',(#1405));
#300=EDGE_LOOP('',(#1406));
#301=EDGE_LOOP('',(#1407));
#302=EDGE_LOOP('',(#1408));
#303=EDGE_LOOP('',(#1409));
#304=EDGE_LOOP('',(#1410));
#305=EDGE_LOOP('',(#1411));
#306=EDGE_LOOP('',(#1412));
#307=EDGE_LOOP('',(#1413));
#308=EDGE_LOOP('',(#1414));
#309=EDGE_LOOP('',(#1415,#1416,#1417,#1418));
#310=EDGE_LOOP('',(#1419,#1420,#1421,#1422));
#311=EDGE_LOOP('',(#1423,#1424,#1425,#1426));
#312=EDGE_LOOP('',(#1427,#1428,#1429,#1430));
#313=EDGE_LOOP('',(#1431,#1432,#1433,#1434));
#314=EDGE_LOOP('',(#1435,#1436,#1437,#1438));
#315=EDGE_LOOP('',(#1439,#1440,#1441,#1442));
#316=EDGE_LOOP('',(#1443));
#317=EDGE_LOOP('',(#1444));
#318=EDGE_LOOP('',(#1445));
#319=EDGE_LOOP('',(#1446));
#320=EDGE_LOOP('',(#1447,#1448,#1449,#1450,#1451,#1452));
#321=EDGE_LOOP('',(#1453,#1454,#1455,#1456));
#322=EDGE_LOOP('',(#1457,#1458,#1459,#1460));
#323=EDGE_LOOP('',(#1461,#1462,#1463,#1464));
#324=EDGE_LOOP('',(#1465,#1466,#1467,#1468));
#325=EDGE_LOOP('',(#1469,#1470,#1471,#1472));
#326=EDGE_LOOP('',(#1473));
#327=EDGE_LOOP('',(#1474));
#328=EDGE_LOOP('',(#1475));
#329=EDGE_LOOP('',(#1476));
#330=EDGE_LOOP('',(#1477));
#331=EDGE_LOOP('',(#1478));
#332=EDGE_LOOP('',(#1479,#1480,#1481,#1482));
#333=EDGE_LOOP('',(#1483,#1484,#1485,#1486));
#334=EDGE_LOOP('',(#1487,#1488,#1489,#1490));
#335=EDGE_LOOP('',(#1491,#1492,#1493,#1494,#1495,#1496));
#336=EDGE_LOOP('',(#1497));
#337=EDGE_LOOP('',(#1498,#1499,#1500,#1501));
#338=EDGE_LOOP('',(#1502,#1503,#1504,#1505,#1506,#1507));
#339=EDGE_LOOP('',(#1508));
#340=EDGE_LOOP('',(#1509,#1510,#1511,#1512));
#341=EDGE_LOOP('',(#1513,#1514,#1515,#1516));
#342=EDGE_LOOP('',(#1517,#1518,#1519,#1520));
#343=EDGE_LOOP('',(#1521,#1522,#1523,#1524));
#344=EDGE_LOOP('',(#1525,#1526,#1527,#1528));
#345=EDGE_LOOP('',(#1529,#1530,#1531,#1532));
#346=EDGE_LOOP('',(#1533,#1534,#1535,#1536));
#347=EDGE_LOOP('',(#1537,#1538,#1539,#1540));
#348=EDGE_LOOP('',(#1541,#1542,#1543,#1544));
#349=EDGE_LOOP('',(#1545,#1546,#1547,#1548));
#350=EDGE_LOOP('',(#1549,#1550,#1551,#1552,#1553,#1554));
#351=EDGE_LOOP('',(#1555));
#352=EDGE_LOOP('',(#1556,#1557,#1558,#1559,#1560,#1561));
#353=EDGE_LOOP('',(#1562));
#354=EDGE_LOOP('',(#1563,#1564,#1565,#1566));
#355=EDGE_LOOP('',(#1567,#1568,#1569,#1570));
#356=EDGE_LOOP('',(#1571,#1572,#1573,#1574));
#357=EDGE_LOOP('',(#1575,#1576,#1577,#1578));
#358=EDGE_LOOP('',(#1579,#1580,#1581,#1582));
#359=EDGE_LOOP('',(#1583,#1584,#1585,#1586));
#360=B_SPLINE_CURVE_WITH_KNOTS('',3,(#2572,#2573,#2574,#2575,#2576,#2577,
#2578,#2579),.UNSPECIFIED.,.F.,.F.,(4,2,2,4),(-0.326227631330078,-0.2868497664161,
-0.247471901502123,-0.231333625516042),.UNSPECIFIED.);
#361=B_SPLINE_CURVE_WITH_KNOTS('',3,(#2587,#2588,#2589,#2590,#2591,#2592,
#2593,#2594),.UNSPECIFIED.,.F.,.F.,(4,2,2,4),(0.395699689934306,0.423478147561009,
0.456429299816224,0.489380452071439),.UNSPECIFIED.);
#362=B_SPLINE_CURVE_WITH_KNOTS('',3,(#2615,#2616,#2617,#2618,#2619,#2620,
#2621,#2622),.UNSPECIFIED.,.F.,.F.,(4,2,2,4),(-0.503289393822235,-0.468969779171141,
-0.434650164520046,-0.411257754968611),.UNSPECIFIED.);
#363=B_SPLINE_CURVE_WITH_KNOTS('',3,(#2631,#2632,#2633,#2634,#2635,#2636,
#2637,#2638),.UNSPECIFIED.,.F.,.F.,(4,2,2,4),(-0.0920316388536245,-0.0686392293021892,
-0.0343196146510946,0.),.UNSPECIFIED.);
#364=ELLIPSE('',#1776,0.890291523366976,0.73021265815065);
#365=ELLIPSE('',#1778,0.890291523366976,0.73021265815065);
#366=ELLIPSE('',#1787,1.59943957261949,1.31185234411423);
#367=ELLIPSE('',#1789,1.59943957261949,1.31185234411423);
#368=LINE('',#2568,#489);
#369=LINE('',#2581,#490);
#370=LINE('',#2585,#491);
#371=LINE('',#2600,#492);
#372=LINE('',#2606,#493);
#373=LINE('',#2613,#494);
#374=LINE('',#2626,#495);
#375=LINE('',#2639,#496);
#376=LINE('',#2644,#497);
#377=LINE('',#2651,#498);
#378=LINE('',#2656,#499);
#379=LINE('',#2660,#500);
#380=LINE('',#2668,#501);
#381=LINE('',#2672,#502);
#382=LINE('',#2676,#503);
#383=LINE('',#2684,#504);
#384=LINE('',#2688,#505);
#385=LINE('',#2692,#506);
#386=LINE('',#2700,#507);
#387=LINE('',#2704,#508);
#388=LINE('',#2708,#509);
#389=LINE('',#2716,#510);
#390=LINE('',#2720,#511);
#391=LINE('',#2724,#512);
#392=LINE('',#2732,#513);
#393=LINE('',#2736,#514);
#394=LINE('',#2740,#515);
#395=LINE('',#2748,#516);
#396=LINE('',#2752,#517);
#397=LINE('',#2756,#518);
#398=LINE('',#2764,#519);
#399=LINE('',#2768,#520);
#400=LINE('',#2772,#521);
#401=LINE('',#2780,#522);
#402=LINE('',#2784,#523);
#403=LINE('',#2788,#524);
#404=LINE('',#2796,#525);
#405=LINE('',#2800,#526);
#406=LINE('',#2804,#527);
#407=LINE('',#2812,#528);
#408=LINE('',#2816,#529);
#409=LINE('',#2820,#530);
#410=LINE('',#2828,#531);
#411=LINE('',#2832,#532);
#412=LINE('',#2836,#533);
#413=LINE('',#2844,#534);
#414=LINE('',#2848,#535);
#415=LINE('',#2852,#536);
#416=LINE('',#2860,#537);
#417=LINE('',#2864,#538);
#418=LINE('',#2870,#539);
#419=LINE('',#2876,#540);
#420=LINE('',#2882,#541);
#421=LINE('',#2888,#542);
#422=LINE('',#2895,#543);
#423=LINE('',#2896,#544);
#424=LINE('',#2898,#545);
#425=LINE('',#2902,#546);
#426=LINE('',#2904,#547);
#427=LINE('',#2906,#548);
#428=LINE('',#2908,#549);
#429=LINE('',#2910,#550);
#430=LINE('',#2911,#551);
#431=LINE('',#2915,#552);
#432=LINE('',#2917,#553);
#433=LINE('',#2919,#554);
#434=LINE('',#2921,#555);
#435=LINE('',#2923,#556);
#436=LINE('',#2924,#557);
#437=LINE('',#2932,#558);
#438=LINE('',#2934,#559);
#439=LINE('',#2935,#560);
#440=LINE('',#2937,#561);
#441=LINE('',#2939,#562);
#442=LINE('',#2941,#563);
#443=LINE('',#2943,#564);
#444=LINE('',#2948,#565);
#445=LINE('',#2950,#566);
#446=LINE('',#2957,#567);
#447=LINE('',#2963,#568);
#448=LINE('',#2969,#569);
#449=LINE('',#2980,#570);
#450=LINE('',#2983,#571);
#451=LINE('',#2988,#572);
#452=LINE('',#2995,#573);
#453=LINE('',#2998,#574);
#454=LINE('',#3001,#575);
#455=LINE('',#3005,#576);
#456=LINE('',#3008,#577);
#457=LINE('',#3012,#578);
#458=LINE('',#3013,#579);
#459=LINE('',#3016,#580);
#460=LINE('',#3020,#581);
#461=LINE('',#3023,#582);
#462=LINE('',#3025,#583);
#463=LINE('',#3028,#584);
#464=LINE('',#3030,#585);
#465=LINE('',#3032,#586);
#466=LINE('',#3034,#587);
#467=LINE('',#3036,#588);
#468=LINE('',#3039,#589);
#469=LINE('',#3040,#590);
#470=LINE('',#3048,#591);
#471=LINE('',#3053,#592);
#472=LINE('',#3055,#593);
#473=LINE('',#3057,#594);
#474=LINE('',#3059,#595);
#475=LINE('',#3061,#596);
#476=LINE('',#3062,#597);
#477=LINE('',#3066,#598);
#478=LINE('',#3068,#599);
#479=LINE('',#3070,#600);
#480=LINE('',#3072,#601);
#481=LINE('',#3074,#602);
#482=LINE('',#3075,#603);
#483=LINE('',#3077,#604);
#484=LINE('',#3078,#605);
#485=LINE('',#3080,#606);
#486=LINE('',#3082,#607);
#487=LINE('',#3084,#608);
#488=LINE('',#3086,#609);
#489=VECTOR('',#2003,0.730212658150435);
#490=VECTOR('',#2006,1000.);
#491=VECTOR('',#2009,1000.);
#492=VECTOR('',#2016,1.6);
#493=VECTOR('',#2023,2.75);
#494=VECTOR('',#2030,1000.);
#495=VECTOR('',#2033,1.31185234411426);
#496=VECTOR('',#2038,1000.);
#497=VECTOR('',#2043,3.25);
#498=VECTOR('',#2050,3.5);
#499=VECTOR('',#2057,3.99999999999999);
#500=VECTOR('',#2062,3.99999999999999);
#501=VECTOR('',#2071,3.5);
#502=VECTOR('',#2076,4.);
#503=VECTOR('',#2081,4.);
#504=VECTOR('',#2090,3.5);
#505=VECTOR('',#2095,4.);
#506=VECTOR('',#2100,3.99999999999999);
#507=VECTOR('',#2109,3.5);
#508=VECTOR('',#2114,4.);
#509=VECTOR('',#2119,4.);
#510=VECTOR('',#2128,3.5);
#511=VECTOR('',#2133,4.);
#512=VECTOR('',#2138,3.99999999999999);
#513=VECTOR('',#2147,3.5);
#514=VECTOR('',#2152,4.);
#515=VECTOR('',#2157,4.);
#516=VECTOR('',#2166,3.5);
#517=VECTOR('',#2171,4.);
#518=VECTOR('',#2176,4.);
#519=VECTOR('',#2185,3.5);
#520=VECTOR('',#2190,4.);
#521=VECTOR('',#2195,4.);
#522=VECTOR('',#2204,3.5);
#523=VECTOR('',#2209,4.);
#524=VECTOR('',#2214,4.);
#525=VECTOR('',#2223,3.5);
#526=VECTOR('',#2228,4.);
#527=VECTOR('',#2233,4.);
#528=VECTOR('',#2242,3.5);
#529=VECTOR('',#2247,4.);
#530=VECTOR('',#2252,4.);
#531=VECTOR('',#2261,3.5);
#532=VECTOR('',#2266,4.);
#533=VECTOR('',#2271,3.99999999999999);
#534=VECTOR('',#2280,3.5);
#535=VECTOR('',#2285,4.);
#536=VECTOR('',#2290,4.);
#537=VECTOR('',#2299,3.5);
#538=VECTOR('',#2304,4.);
#539=VECTOR('',#2311,4.9);
#540=VECTOR('',#2318,4.84134962715696);
#541=VECTOR('',#2325,4.9);
#542=VECTOR('',#2332,4.15);
#543=VECTOR('',#2343,1000.);
#544=VECTOR('',#2344,1000.);
#545=VECTOR('',#2347,1000.);
#546=VECTOR('',#2350,1000.);
#547=VECTOR('',#2351,1000.);
#548=VECTOR('',#2352,1000.);
#549=VECTOR('',#2353,1000.);
#550=VECTOR('',#2354,1000.);
#551=VECTOR('',#2355,1000.);
#552=VECTOR('',#2358,1000.);
#553=VECTOR('',#2359,1000.);
#554=VECTOR('',#2360,1000.);
#555=VECTOR('',#2361,1000.);
#556=VECTOR('',#2362,1000.);
#557=VECTOR('',#2363,1000.);
#558=VECTOR('',#2378,1000.);
#559=VECTOR('',#2381,1000.);
#560=VECTOR('',#2382,1000.);
#561=VECTOR('',#2385,1000.);
#562=VECTOR('',#2388,1000.);
#563=VECTOR('',#2391,1000.);
#564=VECTOR('',#2394,1000.);
#565=VECTOR('',#2403,1000.);
#566=VECTOR('',#2406,1000.);
#567=VECTOR('',#2415,4.6);
#568=VECTOR('',#2422,4.);
#569=VECTOR('',#2429,8.5);
#570=VECTOR('',#2444,1000.);
#571=VECTOR('',#2447,1000.);
#572=VECTOR('',#2452,4.);
#573=VECTOR('',#2459,1000.);
#574=VECTOR('',#2462,1000.);
#575=VECTOR('',#2465,1000.);
#576=VECTOR('',#2468,1000.);
#577=VECTOR('',#2471,1000.);
#578=VECTOR('',#2474,1000.);
#579=VECTOR('',#2475,1000.);
#580=VECTOR('',#2478,1000.);
#581=VECTOR('',#2481,1000.);
#582=VECTOR('',#2484,1000.);
#583=VECTOR('',#2485,1000.);
#584=VECTOR('',#2488,1000.);
#585=VECTOR('',#2491,1000.);
#586=VECTOR('',#2494,1000.);
#587=VECTOR('',#2497,1000.);
#588=VECTOR('',#2500,1000.);
#589=VECTOR('',#2505,1000.);
#590=VECTOR('',#2506,1000.);
#591=VECTOR('',#2517,4.);
#592=VECTOR('',#2522,1000.);
#593=VECTOR('',#2523,1000.);
#594=VECTOR('',#2524,1000.);
#595=VECTOR('',#2525,1000.);
#596=VECTOR('',#2526,1000.);
#597=VECTOR('',#2527,1000.);
#598=VECTOR('',#2530,1000.);
#599=VECTOR('',#2531,1000.);
#600=VECTOR('',#2532,1000.);
#601=VECTOR('',#2533,1000.);
#602=VECTOR('',#2534,1000.);
#603=VECTOR('',#2535,1000.);
#604=VECTOR('',#2538,1000.);
#605=VECTOR('',#2539,1000.);
#606=VECTOR('',#2542,1000.);
#607=VECTOR('',#2545,1000.);
#608=VECTOR('',#2548,1000.);
#609=VECTOR('',#2551,1000.);
#610=CIRCLE('',#1775,0.730212658150435);
#611=CIRCLE('',#1777,0.730212658150435);
#612=CIRCLE('',#1780,1.6);
#613=CIRCLE('',#1781,1.6);
#614=CIRCLE('',#1783,2.75);
#615=CIRCLE('',#1784,2.75);
#616=CIRCLE('',#1786,1.31185234411426);
#617=CIRCLE('',#1788,1.31185234411426);
#618=CIRCLE('',#1791,3.25);
#619=CIRCLE('',#1792,3.25);
#620=CIRCLE('',#1794,3.99999999999999);
#621=CIRCLE('',#1795,3.5);
#622=CIRCLE('',#1796,3.99999999999999);
#623=CIRCLE('',#1798,3.99999999999999);
#624=CIRCLE('',#1800,3.5);
#625=CIRCLE('',#1801,3.5);
#626=CIRCLE('',#1803,4.);
#627=CIRCLE('',#1804,4.);
#628=CIRCLE('',#1806,4.);
#629=CIRCLE('',#1808,3.5);
#630=CIRCLE('',#1809,3.5);
#631=CIRCLE('',#1811,4.);
#632=CIRCLE('',#1812,4.);
#633=CIRCLE('',#1814,4.);
#634=CIRCLE('',#1816,3.5);
#635=CIRCLE('',#1817,3.5);
#636=CIRCLE('',#1819,4.);
#637=CIRCLE('',#1820,4.);
#638=CIRCLE('',#1822,4.);
#639=CIRCLE('',#1824,3.5);
#640=CIRCLE('',#1825,3.5);
#641=CIRCLE('',#1827,4.);
#642=CIRCLE('',#1828,4.);
#643=CIRCLE('',#1830,4.);
#644=CIRCLE('',#1832,3.5);
#645=CIRCLE('',#1833,3.5);
#646=CIRCLE('',#1835,4.);
#647=CIRCLE('',#1836,4.);
#648=CIRCLE('',#1838,4.);
#649=CIRCLE('',#1840,3.5);
#650=CIRCLE('',#1841,3.5);
#651=CIRCLE('',#1843,4.);
#652=CIRCLE('',#1844,4.);
#653=CIRCLE('',#1846,4.);
#654=CIRCLE('',#1848,3.5);
#655=CIRCLE('',#1849,3.5);
#656=CIRCLE('',#1851,4.);
#657=CIRCLE('',#1852,4.);
#658=CIRCLE('',#1854,4.);
#659=CIRCLE('',#1856,3.5);
#660=CIRCLE('',#1857,3.5);
#661=CIRCLE('',#1859,4.);
#662=CIRCLE('',#1860,4.);
#663=CIRCLE('',#1862,4.);
#664=CIRCLE('',#1864,3.5);
#665=CIRCLE('',#1865,3.5);
#666=CIRCLE('',#1867,3.99999999999999);
#667=CIRCLE('',#1868,3.99999999999999);
#668=CIRCLE('',#1870,4.);
#669=CIRCLE('',#1872,3.5);
#670=CIRCLE('',#1873,3.5);
#671=CIRCLE('',#1875,3.99999999999999);
#672=CIRCLE('',#1876,3.99999999999999);
#673=CIRCLE('',#1878,4.);
#674=CIRCLE('',#1880,3.5);
#675=CIRCLE('',#1881,3.5);
#676=CIRCLE('',#1883,4.);
#677=CIRCLE('',#1884,4.);
#678=CIRCLE('',#1886,3.99999999999999);
#679=CIRCLE('',#1888,3.5);
#680=CIRCLE('',#1889,3.5);
#681=CIRCLE('',#1891,4.);
#682=CIRCLE('',#1892,4.);
#683=CIRCLE('',#1894,4.);
#684=CIRCLE('',#1896,3.5);
#685=CIRCLE('',#1897,3.5);
#686=CIRCLE('',#1899,4.);
#687=CIRCLE('',#1900,4.);
#688=CIRCLE('',#1902,4.);
#689=CIRCLE('',#1904,4.9);
#690=CIRCLE('',#1905,4.9);
#691=CIRCLE('',#1907,4.84134962715696);
#692=CIRCLE('',#1908,4.84134962715696);
#693=CIRCLE('',#1910,4.9);
#694=CIRCLE('',#1911,4.9);
#695=CIRCLE('',#1913,4.15);
#696=CIRCLE('',#1914,4.15);
#697=CIRCLE('',#1916,0.5);
#698=CIRCLE('',#1917,3.65);
#699=CIRCLE('',#1942,4.6);
#700=CIRCLE('',#1943,4.6);
#701=CIRCLE('',#1945,4.);
#702=CIRCLE('',#1946,4.);
#703=CIRCLE('',#1948,8.5);
#704=CIRCLE('',#1949,8.5);
#705=CIRCLE('',#1955,0.397804146009546);
#706=CIRCLE('',#1956,0.397804146009546);
#707=CIRCLE('',#1958,4.);
#708=CIRCLE('',#1959,4.);
#709=CIRCLE('',#1961,6.);
#710=CIRCLE('',#1962,6.);
#711=CIRCLE('',#1964,1.5);
#712=CIRCLE('',#1965,1.5);
#713=CIRCLE('',#1966,0.397804146009546);
#714=CIRCLE('',#1968,1.5);
#715=CIRCLE('',#1969,1.5);
#716=CIRCLE('',#1970,0.397804146009546);
#717=CIRCLE('',#1981,4.);
#718=CIRCLE('',#1982,4.);
#719=VERTEX_POINT('',#2565);
#720=VERTEX_POINT('',#2567);
#721=VERTEX_POINT('',#2569);
#722=VERTEX_POINT('',#2571);
#723=VERTEX_POINT('',#2580);
#724=VERTEX_POINT('',#2582);
#725=VERTEX_POINT('',#2584);
#726=VERTEX_POINT('',#2586);
#727=VERTEX_POINT('',#2597);
#728=VERTEX_POINT('',#2599);
#729=VERTEX_POINT('',#2603);
#730=VERTEX_POINT('',#2605);
#731=VERTEX_POINT('',#2609);
#732=VERTEX_POINT('',#2610);
#733=VERTEX_POINT('',#2612);
#734=VERTEX_POINT('',#2614);
#735=VERTEX_POINT('',#2623);
#736=VERTEX_POINT('',#2625);
#737=VERTEX_POINT('',#2628);
#738=VERTEX_POINT('',#2630);
#739=VERTEX_POINT('',#2641);
#740=VERTEX_POINT('',#2643);
#741=VERTEX_POINT('',#2647);
#742=VERTEX_POINT('',#2648);
#743=VERTEX_POINT('',#2650);
#744=VERTEX_POINT('',#2655);
#745=VERTEX_POINT('',#2659);
#746=VERTEX_POINT('',#2661);
#747=VERTEX_POINT('',#2665);
#748=VERTEX_POINT('',#2666);
#749=VERTEX_POINT('',#2671);
#750=VERTEX_POINT('',#2675);
#751=VERTEX_POINT('',#2677);
#752=VERTEX_POINT('',#2681);
#753=VERTEX_POINT('',#2682);
#754=VERTEX_POINT('',#2687);
#755=VERTEX_POINT('',#2691);
#756=VERTEX_POINT('',#2693);
#757=VERTEX_POINT('',#2697);
#758=VERTEX_POINT('',#2698);
#759=VERTEX_POINT('',#2703);
#760=VERTEX_POINT('',#2707);
#761=VERTEX_POINT('',#2709);
#762=VERTEX_POINT('',#2713);
#763=VERTEX_POINT('',#2714);
#764=VERTEX_POINT('',#2719);
#765=VERTEX_POINT('',#2723);
#766=VERTEX_POINT('',#2725);
#767=VERTEX_POINT('',#2729);
#768=VERTEX_POINT('',#2730);
#769=VERTEX_POINT('',#2735);
#770=VERTEX_POINT('',#2739);
#771=VERTEX_POINT('',#2741);
#772=VERTEX_POINT('',#2745);
#773=VERTEX_POINT('',#2746);
#774=VERTEX_POINT('',#2751);
#775=VERTEX_POINT('',#2755);
#776=VERTEX_POINT('',#2757);
#777=VERTEX_POINT('',#2761);
#778=VERTEX_POINT('',#2762);
#779=VERTEX_POINT('',#2767);
#780=VERTEX_POINT('',#2771);
#781=VERTEX_POINT('',#2773);
#782=VERTEX_POINT('',#2777);
#783=VERTEX_POINT('',#2778);
#784=VERTEX_POINT('',#2783);
#785=VERTEX_POINT('',#2787);
#786=VERTEX_POINT('',#2789);
#787=VERTEX_POINT('',#2793);
#788=VERTEX_POINT('',#2794);
#789=VERTEX_POINT('',#2799);
#790=VERTEX_POINT('',#2803);
#791=VERTEX_POINT('',#2805);
#792=VERTEX_POINT('',#2809);
#793=VERTEX_POINT('',#2810);
#794=VERTEX_POINT('',#2815);
#795=VERTEX_POINT('',#2819);
#796=VERTEX_POINT('',#2821);
#797=VERTEX_POINT('',#2825);
#798=VERTEX_POINT('',#2826);
#799=VERTEX_POINT('',#2831);
#800=VERTEX_POINT('',#2835);
#801=VERTEX_POINT('',#2837);
#802=VERTEX_POINT('',#2841);
#803=VERTEX_POINT('',#2842);
#804=VERTEX_POINT('',#2847);
#805=VERTEX_POINT('',#2851);
#806=VERTEX_POINT('',#2853);
#807=VERTEX_POINT('',#2857);
#808=VERTEX_POINT('',#2858);
#809=VERTEX_POINT('',#2863);
#810=VERTEX_POINT('',#2867);
#811=VERTEX_POINT('',#2869);
#812=VERTEX_POINT('',#2873);
#813=VERTEX_POINT('',#2875);
#814=VERTEX_POINT('',#2879);
#815=VERTEX_POINT('',#2881);
#816=VERTEX_POINT('',#2885);
#817=VERTEX_POINT('',#2887);
#818=VERTEX_POINT('',#2891);
#819=VERTEX_POINT('',#2900);
#820=VERTEX_POINT('',#2901);
#821=VERTEX_POINT('',#2903);
#822=VERTEX_POINT('',#2905);
#823=VERTEX_POINT('',#2907);
#824=VERTEX_POINT('',#2909);
#825=VERTEX_POINT('',#2913);
#826=VERTEX_POINT('',#2914);
#827=VERTEX_POINT('',#2916);
#828=VERTEX_POINT('',#2918);
#829=VERTEX_POINT('',#2920);
#830=VERTEX_POINT('',#2922);
#831=VERTEX_POINT('',#2954);
#832=VERTEX_POINT('',#2956);
#833=VERTEX_POINT('',#2960);
#834=VERTEX_POINT('',#2962);
#835=VERTEX_POINT('',#2966);
#836=VERTEX_POINT('',#2968);
#837=VERTEX_POINT('',#2976);
#838=VERTEX_POINT('',#2977);
#839=VERTEX_POINT('',#2979);
#840=VERTEX_POINT('',#2981);
#841=VERTEX_POINT('',#2985);
#842=VERTEX_POINT('',#2987);
#843=VERTEX_POINT('',#2991);
#844=VERTEX_POINT('',#2992);
#845=VERTEX_POINT('',#2994);
#846=VERTEX_POINT('',#2996);
#847=VERTEX_POINT('',#3000);
#848=VERTEX_POINT('',#3002);
#849=VERTEX_POINT('',#3004);
#850=VERTEX_POINT('',#3006);
#851=VERTEX_POINT('',#3009);
#852=VERTEX_POINT('',#3010);
#853=VERTEX_POINT('',#3015);
#854=VERTEX_POINT('',#3017);
#855=VERTEX_POINT('',#3019);
#856=VERTEX_POINT('',#3021);
#857=VERTEX_POINT('',#3024);
#858=VERTEX_POINT('',#3026);
#859=VERTEX_POINT('',#3045);
#860=VERTEX_POINT('',#3047);
#861=VERTEX_POINT('',#3051);
#862=VERTEX_POINT('',#3052);
#863=VERTEX_POINT('',#3054);
#864=VERTEX_POINT('',#3056);
#865=VERTEX_POINT('',#3058);
#866=VERTEX_POINT('',#3060);
#867=VERTEX_POINT('',#3064);
#868=VERTEX_POINT('',#3065);
#869=VERTEX_POINT('',#3067);
#870=VERTEX_POINT('',#3069);
#871=VERTEX_POINT('',#3071);
#872=VERTEX_POINT('',#3073);
#873=EDGE_CURVE('',#719,#719,#610,.T.);
#874=EDGE_CURVE('',#719,#720,#368,.T.);
#875=EDGE_CURVE('',#721,#720,#364,.T.);
#876=EDGE_CURVE('',#722,#721,#360,.T.);
#877=EDGE_CURVE('',#723,#722,#369,.T.);
#878=EDGE_CURVE('',#723,#724,#611,.T.);
#879=EDGE_CURVE('',#725,#724,#370,.T.);
#880=EDGE_CURVE('',#726,#725,#361,.T.);
#881=EDGE_CURVE('',#720,#726,#365,.T.);
#882=EDGE_CURVE('',#727,#727,#612,.T.);
#883=EDGE_CURVE('',#727,#728,#371,.T.);
#884=EDGE_CURVE('',#728,#728,#613,.T.);
#885=EDGE_CURVE('',#729,#729,#614,.T.);
#886=EDGE_CURVE('',#729,#730,#372,.T.);
#887=EDGE_CURVE('',#730,#730,#615,.T.);
#888=EDGE_CURVE('',#731,#732,#616,.T.);
#889=EDGE_CURVE('',#731,#733,#373,.T.);
#890=EDGE_CURVE('',#733,#734,#362,.T.);
#891=EDGE_CURVE('',#734,#735,#366,.T.);
#892=EDGE_CURVE('',#735,#736,#374,.T.);
#893=EDGE_CURVE('',#736,#736,#617,.T.);
#894=EDGE_CURVE('',#735,#737,#367,.T.);
#895=EDGE_CURVE('',#737,#738,#363,.T.);
#896=EDGE_CURVE('',#738,#732,#375,.T.);
#897=EDGE_CURVE('',#739,#739,#618,.T.);
#898=EDGE_CURVE('',#739,#740,#376,.T.);
#899=EDGE_CURVE('',#740,#740,#619,.T.);
#900=EDGE_CURVE('',#741,#742,#620,.T.);
#901=EDGE_CURVE('',#742,#743,#377,.T.);
#902=EDGE_CURVE('',#743,#743,#621,.T.);
#903=EDGE_CURVE('',#742,#741,#622,.T.);
#904=EDGE_CURVE('',#741,#744,#378,.T.);
#905=EDGE_CURVE('',#744,#744,#623,.T.);
#906=EDGE_CURVE('',#744,#745,#379,.T.);
#907=EDGE_CURVE('',#745,#746,#624,.T.);
#908=EDGE_CURVE('',#746,#745,#625,.T.);
#909=EDGE_CURVE('',#747,#748,#626,.T.);
#910=EDGE_CURVE('',#748,#746,#380,.T.);
#911=EDGE_CURVE('',#748,#747,#627,.T.);
#912=EDGE_CURVE('',#747,#749,#381,.T.);
#913=EDGE_CURVE('',#749,#749,#628,.T.);
#914=EDGE_CURVE('',#749,#750,#382,.T.);
#915=EDGE_CURVE('',#750,#751,#629,.T.);
#916=EDGE_CURVE('',#751,#750,#630,.T.);
#917=EDGE_CURVE('',#752,#753,#631,.T.);
#918=EDGE_CURVE('',#753,#751,#383,.T.);
#919=EDGE_CURVE('',#753,#752,#632,.T.);
#920=EDGE_CURVE('',#752,#754,#384,.T.);
#921=EDGE_CURVE('',#754,#754,#633,.T.);
#922=EDGE_CURVE('',#754,#755,#385,.T.);
#923=EDGE_CURVE('',#755,#756,#634,.T.);
#924=EDGE_CURVE('',#756,#755,#635,.T.);
#925=EDGE_CURVE('',#757,#758,#636,.T.);
#926=EDGE_CURVE('',#758,#756,#386,.T.);
#927=EDGE_CURVE('',#758,#757,#637,.T.);
#928=EDGE_CURVE('',#757,#759,#387,.T.);
#929=EDGE_CURVE('',#759,#759,#638,.T.);
#930=EDGE_CURVE('',#759,#760,#388,.T.);
#931=EDGE_CURVE('',#760,#761,#639,.T.);
#932=EDGE_CURVE('',#761,#760,#640,.T.);
#933=EDGE_CURVE('',#762,#763,#641,.T.);
#934=EDGE_CURVE('',#763,#761,#389,.T.);
#935=EDGE_CURVE('',#763,#762,#642,.T.);
#936=EDGE_CURVE('',#762,#764,#390,.T.);
#937=EDGE_CURVE('',#764,#764,#643,.T.);
#938=EDGE_CURVE('',#764,#765,#391,.T.);
#939=EDGE_CURVE('',#765,#766,#644,.T.);
#940=EDGE_CURVE('',#766,#765,#645,.T.);
#941=EDGE_CURVE('',#767,#768,#646,.T.);
#942=EDGE_CURVE('',#768,#766,#392,.T.);
#943=EDGE_CURVE('',#768,#767,#647,.T.);
#944=EDGE_CURVE('',#767,#769,#393,.T.);
#945=EDGE_CURVE('',#769,#769,#648,.T.);
#946=EDGE_CURVE('',#769,#770,#394,.T.);
#947=EDGE_CURVE('',#770,#771,#649,.T.);
#948=EDGE_CURVE('',#771,#770,#650,.T.);
#949=EDGE_CURVE('',#772,#773,#651,.T.);
#950=EDGE_CURVE('',#773,#771,#395,.T.);
#951=EDGE_CURVE('',#773,#772,#652,.T.);
#952=EDGE_CURVE('',#772,#774,#396,.T.);
#953=EDGE_CURVE('',#774,#774,#653,.T.);
#954=EDGE_CURVE('',#774,#775,#397,.T.);
#955=EDGE_CURVE('',#775,#776,#654,.T.);
#956=EDGE_CURVE('',#776,#775,#655,.T.);
#957=EDGE_CURVE('',#777,#778,#656,.T.);
#958=EDGE_CURVE('',#778,#776,#398,.T.);
#959=EDGE_CURVE('',#778,#777,#657,.T.);
#960=EDGE_CURVE('',#777,#779,#399,.T.);
#961=EDGE_CURVE('',#779,#779,#658,.T.);
#962=EDGE_CURVE('',#779,#780,#400,.T.);
#963=EDGE_CURVE('',#780,#781,#659,.T.);
#964=EDGE_CURVE('',#781,#780,#660,.T.);
#965=EDGE_CURVE('',#782,#783,#661,.T.);
#966=EDGE_CURVE('',#783,#781,#401,.T.);
#967=EDGE_CURVE('',#783,#782,#662,.T.);
#968=EDGE_CURVE('',#782,#784,#402,.T.);
#969=EDGE_CURVE('',#784,#784,#663,.T.);
#970=EDGE_CURVE('',#784,#785,#403,.T.);
#971=EDGE_CURVE('',#785,#786,#664,.T.);
#972=EDGE_CURVE('',#786,#785,#665,.T.);
#973=EDGE_CURVE('',#787,#788,#666,.T.);
#974=EDGE_CURVE('',#788,#786,#404,.T.);
#975=EDGE_CURVE('',#788,#787,#667,.T.);
#976=EDGE_CURVE('',#787,#789,#405,.T.);
#977=EDGE_CURVE('',#789,#789,#668,.T.);
#978=EDGE_CURVE('',#789,#790,#406,.T.);
#979=EDGE_CURVE('',#790,#791,#669,.T.);
#980=EDGE_CURVE('',#791,#790,#670,.T.);
#981=EDGE_CURVE('',#792,#793,#671,.T.);
#982=EDGE_CURVE('',#793,#791,#407,.T.);
#983=EDGE_CURVE('',#793,#792,#672,.T.);
#984=EDGE_CURVE('',#792,#794,#408,.T.);
#985=EDGE_CURVE('',#794,#794,#673,.T.);
#986=EDGE_CURVE('',#794,#795,#409,.T.);
#987=EDGE_CURVE('',#795,#796,#674,.T.);
#988=EDGE_CURVE('',#796,#795,#675,.T.);
#989=EDGE_CURVE('',#797,#798,#676,.T.);
#990=EDGE_CURVE('',#798,#796,#410,.T.);
#991=EDGE_CURVE('',#798,#797,#677,.T.);
#992=EDGE_CURVE('',#797,#799,#411,.T.);
#993=EDGE_CURVE('',#799,#799,#678,.T.);
#994=EDGE_CURVE('',#799,#800,#412,.T.);
#995=EDGE_CURVE('',#800,#801,#679,.T.);
#996=EDGE_CURVE('',#801,#800,#680,.T.);
#997=EDGE_CURVE('',#802,#803,#681,.T.);
#998=EDGE_CURVE('',#803,#801,#413,.T.);
#999=EDGE_CURVE('',#803,#802,#682,.T.);
#1000=EDGE_CURVE('',#802,#804,#414,.T.);
#1001=EDGE_CURVE('',#804,#804,#683,.T.);
#1002=EDGE_CURVE('',#804,#805,#415,.T.);
#1003=EDGE_CURVE('',#805,#806,#684,.T.);
#1004=EDGE_CURVE('',#806,#805,#685,.T.);
#1005=EDGE_CURVE('',#807,#808,#686,.T.);
#1006=EDGE_CURVE('',#808,#806,#416,.T.);
#1007=EDGE_CURVE('',#808,#807,#687,.T.);
#1008=EDGE_CURVE('',#807,#809,#417,.T.);
#1009=EDGE_CURVE('',#809,#809,#688,.T.);
#1010=EDGE_CURVE('',#810,#810,#689,.T.);
#1011=EDGE_CURVE('',#810,#811,#418,.T.);
#1012=EDGE_CURVE('',#811,#811,#690,.T.);
#1013=EDGE_CURVE('',#812,#812,#691,.T.);
#1014=EDGE_CURVE('',#812,#813,#419,.T.);
#1015=EDGE_CURVE('',#813,#813,#692,.T.);
#1016=EDGE_CURVE('',#814,#814,#693,.T.);
#1017=EDGE_CURVE('',#814,#815,#420,.T.);
#1018=EDGE_CURVE('',#815,#815,#694,.T.);
#1019=EDGE_CURVE('',#816,#816,#695,.T.);
#1020=EDGE_CURVE('',#816,#817,#421,.T.);
#1021=EDGE_CURVE('',#817,#817,#696,.T.);
#1022=EDGE_CURVE('',#817,#818,#697,.T.);
#1023=EDGE_CURVE('',#818,#818,#698,.T.);
#1024=EDGE_CURVE('',#726,#737,#422,.T.);
#1025=EDGE_CURVE('',#725,#738,#423,.T.);
#1026=EDGE_CURVE('',#732,#724,#424,.T.);
#1027=EDGE_CURVE('',#819,#820,#425,.T.);
#1028=EDGE_CURVE('',#820,#821,#426,.T.);
#1029=EDGE_CURVE('',#821,#822,#427,.T.);
#1030=EDGE_CURVE('',#822,#823,#428,.T.);
#1031=EDGE_CURVE('',#823,#824,#429,.T.);
#1032=EDGE_CURVE('',#824,#819,#430,.T.);
#1033=EDGE_CURVE('',#825,#826,#431,.T.);
#1034=EDGE_CURVE('',#827,#825,#432,.T.);
#1035=EDGE_CURVE('',#828,#827,#433,.T.);
#1036=EDGE_CURVE('',#829,#828,#434,.T.);
#1037=EDGE_CURVE('',#830,#829,#435,.T.);
#1038=EDGE_CURVE('',#826,#830,#436,.T.);
#1039=EDGE_CURVE('',#723,#731,#437,.T.);
#1040=EDGE_CURVE('',#830,#822,#438,.T.);
#1041=EDGE_CURVE('',#826,#821,#439,.T.);
#1042=EDGE_CURVE('',#829,#823,#440,.T.);
#1043=EDGE_CURVE('',#828,#824,#441,.T.);
#1044=EDGE_CURVE('',#827,#819,#442,.T.);
#1045=EDGE_CURVE('',#825,#820,#443,.T.);
#1046=EDGE_CURVE('',#734,#721,#444,.T.);
#1047=EDGE_CURVE('',#733,#722,#445,.T.);
#1048=EDGE_CURVE('',#831,#831,#699,.T.);
#1049=EDGE_CURVE('',#831,#832,#446,.T.);
#1050=EDGE_CURVE('',#832,#832,#700,.T.);
#1051=EDGE_CURVE('',#833,#833,#701,.T.);
#1052=EDGE_CURVE('',#833,#834,#447,.T.);
#1053=EDGE_CURVE('',#834,#834,#702,.T.);
#1054=EDGE_CURVE('',#835,#835,#703,.T.);
#1055=EDGE_CURVE('',#835,#836,#448,.T.);
#1056=EDGE_CURVE('',#836,#836,#704,.T.);
#1057=EDGE_CURVE('',#837,#838,#705,.T.);
#1058=EDGE_CURVE('',#837,#839,#449,.T.);
#1059=EDGE_CURVE('',#839,#840,#706,.T.);
#1060=EDGE_CURVE('',#838,#840,#450,.T.);
#1061=EDGE_CURVE('',#841,#841,#707,.T.);
#1062=EDGE_CURVE('',#841,#842,#451,.T.);
#1063=EDGE_CURVE('',#842,#842,#708,.T.);
#1064=EDGE_CURVE('',#843,#844,#709,.T.);
#1065=EDGE_CURVE('',#843,#845,#452,.T.);
#1066=EDGE_CURVE('',#845,#846,#710,.T.);
#1067=EDGE_CURVE('',#844,#846,#453,.T.);
#1068=EDGE_CURVE('',#844,#847,#454,.T.);
#1069=EDGE_CURVE('',#847,#848,#711,.T.);
#1070=EDGE_CURVE('',#848,#849,#455,.T.);
#1071=EDGE_CURVE('',#849,#850,#712,.T.);
#1072=EDGE_CURVE('',#850,#843,#456,.T.);
#1073=EDGE_CURVE('',#851,#852,#713,.T.);
#1074=EDGE_CURVE('',#840,#851,#457,.T.);
#1075=EDGE_CURVE('',#852,#839,#458,.T.);
#1076=EDGE_CURVE('',#853,#845,#459,.T.);
#1077=EDGE_CURVE('',#854,#853,#714,.T.);
#1078=EDGE_CURVE('',#855,#854,#460,.T.);
#1079=EDGE_CURVE('',#856,#855,#715,.T.);
#1080=EDGE_CURVE('',#846,#856,#461,.T.);
#1081=EDGE_CURVE('',#838,#857,#462,.T.);
#1082=EDGE_CURVE('',#857,#858,#716,.T.);
#1083=EDGE_CURVE('',#858,#837,#463,.T.);
#1084=EDGE_CURVE('',#847,#856,#464,.T.);
#1085=EDGE_CURVE('',#848,#855,#465,.T.);
#1086=EDGE_CURVE('',#849,#854,#466,.T.);
#1087=EDGE_CURVE('',#850,#853,#467,.T.);
#1088=EDGE_CURVE('',#858,#852,#468,.T.);
#1089=EDGE_CURVE('',#857,#851,#469,.T.);
#1090=EDGE_CURVE('',#859,#859,#717,.T.);
#1091=EDGE_CURVE('',#859,#860,#470,.T.);
#1092=EDGE_CURVE('',#860,#860,#718,.T.);
#1093=EDGE_CURVE('',#861,#862,#471,.T.);
#1094=EDGE_CURVE('',#862,#863,#472,.T.);
#1095=EDGE_CURVE('',#863,#864,#473,.T.);
#1096=EDGE_CURVE('',#864,#865,#474,.T.);
#1097=EDGE_CURVE('',#865,#866,#475,.T.);
#1098=EDGE_CURVE('',#866,#861,#476,.T.);
#1099=EDGE_CURVE('',#867,#868,#477,.T.);
#1100=EDGE_CURVE('',#869,#867,#478,.T.);
#1101=EDGE_CURVE('',#870,#869,#479,.T.);
#1102=EDGE_CURVE('',#871,#870,#480,.T.);
#1103=EDGE_CURVE('',#872,#871,#481,.T.);
#1104=EDGE_CURVE('',#868,#872,#482,.T.);
#1105=EDGE_CURVE('',#862,#868,#483,.T.);
#1106=EDGE_CURVE('',#861,#867,#484,.T.);
#1107=EDGE_CURVE('',#863,#872,#485,.T.);
#1108=EDGE_CURVE('',#864,#871,#486,.T.);
#1109=EDGE_CURVE('',#865,#870,#487,.T.);
#1110=EDGE_CURVE('',#866,#869,#488,.T.);
#1111=ORIENTED_EDGE('',*,*,#873,.T.);
#1112=ORIENTED_EDGE('',*,*,#874,.T.);
#1113=ORIENTED_EDGE('',*,*,#875,.F.);
#1114=ORIENTED_EDGE('',*,*,#876,.F.);
#1115=ORIENTED_EDGE('',*,*,#877,.F.);
#1116=ORIENTED_EDGE('',*,*,#878,.T.);
#1117=ORIENTED_EDGE('',*,*,#879,.F.);
#1118=ORIENTED_EDGE('',*,*,#880,.F.);
#1119=ORIENTED_EDGE('',*,*,#881,.F.);
#1120=ORIENTED_EDGE('',*,*,#874,.F.);
#1121=ORIENTED_EDGE('',*,*,#882,.F.);
#1122=ORIENTED_EDGE('',*,*,#883,.T.);
#1123=ORIENTED_EDGE('',*,*,#884,.F.);
#1124=ORIENTED_EDGE('',*,*,#883,.F.);
#1125=ORIENTED_EDGE('',*,*,#885,.F.);
#1126=ORIENTED_EDGE('',*,*,#886,.T.);
#1127=ORIENTED_EDGE('',*,*,#887,.T.);
#1128=ORIENTED_EDGE('',*,*,#886,.F.);
#1129=ORIENTED_EDGE('',*,*,#888,.F.);
#1130=ORIENTED_EDGE('',*,*,#889,.T.);
#1131=ORIENTED_EDGE('',*,*,#890,.T.);
#1132=ORIENTED_EDGE('',*,*,#891,.T.);
#1133=ORIENTED_EDGE('',*,*,#892,.T.);
#1134=ORIENTED_EDGE('',*,*,#893,.T.);
#1135=ORIENTED_EDGE('',*,*,#892,.F.);
#1136=ORIENTED_EDGE('',*,*,#894,.T.);
#1137=ORIENTED_EDGE('',*,*,#895,.T.);
#1138=ORIENTED_EDGE('',*,*,#896,.T.);
#1139=ORIENTED_EDGE('',*,*,#897,.F.);
#1140=ORIENTED_EDGE('',*,*,#898,.T.);
#1141=ORIENTED_EDGE('',*,*,#899,.T.);
#1142=ORIENTED_EDGE('',*,*,#898,.F.);
#1143=ORIENTED_EDGE('',*,*,#900,.T.);
#1144=ORIENTED_EDGE('',*,*,#901,.T.);
#1145=ORIENTED_EDGE('',*,*,#902,.F.);
#1146=ORIENTED_EDGE('',*,*,#901,.F.);
#1147=ORIENTED_EDGE('',*,*,#903,.T.);
#1148=ORIENTED_EDGE('',*,*,#900,.F.);
#1149=ORIENTED_EDGE('',*,*,#904,.T.);
#1150=ORIENTED_EDGE('',*,*,#905,.T.);
#1151=ORIENTED_EDGE('',*,*,#904,.F.);
#1152=ORIENTED_EDGE('',*,*,#903,.F.);
#1153=ORIENTED_EDGE('',*,*,#905,.F.);
#1154=ORIENTED_EDGE('',*,*,#906,.T.);
#1155=ORIENTED_EDGE('',*,*,#907,.T.);
#1156=ORIENTED_EDGE('',*,*,#908,.T.);
#1157=ORIENTED_EDGE('',*,*,#906,.F.);
#1158=ORIENTED_EDGE('',*,*,#909,.T.);
#1159=ORIENTED_EDGE('',*,*,#910,.T.);
#1160=ORIENTED_EDGE('',*,*,#907,.F.);
#1161=ORIENTED_EDGE('',*,*,#908,.F.);
#1162=ORIENTED_EDGE('',*,*,#910,.F.);
#1163=ORIENTED_EDGE('',*,*,#911,.T.);
#1164=ORIENTED_EDGE('',*,*,#909,.F.);
#1165=ORIENTED_EDGE('',*,*,#912,.T.);
#1166=ORIENTED_EDGE('',*,*,#913,.T.);
#1167=ORIENTED_EDGE('',*,*,#912,.F.);
#1168=ORIENTED_EDGE('',*,*,#911,.F.);
#1169=ORIENTED_EDGE('',*,*,#913,.F.);
#1170=ORIENTED_EDGE('',*,*,#914,.T.);
#1171=ORIENTED_EDGE('',*,*,#915,.T.);
#1172=ORIENTED_EDGE('',*,*,#916,.T.);
#1173=ORIENTED_EDGE('',*,*,#914,.F.);
#1174=ORIENTED_EDGE('',*,*,#917,.T.);
#1175=ORIENTED_EDGE('',*,*,#918,.T.);
#1176=ORIENTED_EDGE('',*,*,#915,.F.);
#1177=ORIENTED_EDGE('',*,*,#916,.F.);
#1178=ORIENTED_EDGE('',*,*,#918,.F.);
#1179=ORIENTED_EDGE('',*,*,#919,.T.);
#1180=ORIENTED_EDGE('',*,*,#917,.F.);
#1181=ORIENTED_EDGE('',*,*,#920,.T.);
#1182=ORIENTED_EDGE('',*,*,#921,.T.);
#1183=ORIENTED_EDGE('',*,*,#920,.F.);
#1184=ORIENTED_EDGE('',*,*,#919,.F.);
#1185=ORIENTED_EDGE('',*,*,#921,.F.);
#1186=ORIENTED_EDGE('',*,*,#922,.T.);
#1187=ORIENTED_EDGE('',*,*,#923,.T.);
#1188=ORIENTED_EDGE('',*,*,#924,.T.);
#1189=ORIENTED_EDGE('',*,*,#922,.F.);
#1190=ORIENTED_EDGE('',*,*,#925,.T.);
#1191=ORIENTED_EDGE('',*,*,#926,.T.);
#1192=ORIENTED_EDGE('',*,*,#923,.F.);
#1193=ORIENTED_EDGE('',*,*,#924,.F.);
#1194=ORIENTED_EDGE('',*,*,#926,.F.);
#1195=ORIENTED_EDGE('',*,*,#927,.T.);
#1196=ORIENTED_EDGE('',*,*,#925,.F.);
#1197=ORIENTED_EDGE('',*,*,#928,.T.);
#1198=ORIENTED_EDGE('',*,*,#929,.T.);
#1199=ORIENTED_EDGE('',*,*,#928,.F.);
#1200=ORIENTED_EDGE('',*,*,#927,.F.);
#1201=ORIENTED_EDGE('',*,*,#929,.F.);
#1202=ORIENTED_EDGE('',*,*,#930,.T.);
#1203=ORIENTED_EDGE('',*,*,#931,.T.);
#1204=ORIENTED_EDGE('',*,*,#932,.T.);
#1205=ORIENTED_EDGE('',*,*,#930,.F.);
#1206=ORIENTED_EDGE('',*,*,#933,.T.);
#1207=ORIENTED_EDGE('',*,*,#934,.T.);
#1208=ORIENTED_EDGE('',*,*,#931,.F.);
#1209=ORIENTED_EDGE('',*,*,#932,.F.);
#1210=ORIENTED_EDGE('',*,*,#934,.F.);
#1211=ORIENTED_EDGE('',*,*,#935,.T.);
#1212=ORIENTED_EDGE('',*,*,#933,.F.);
#1213=ORIENTED_EDGE('',*,*,#936,.T.);
#1214=ORIENTED_EDGE('',*,*,#937,.T.);
#1215=ORIENTED_EDGE('',*,*,#936,.F.);
#1216=ORIENTED_EDGE('',*,*,#935,.F.);
#1217=ORIENTED_EDGE('',*,*,#937,.F.);
#1218=ORIENTED_EDGE('',*,*,#938,.T.);
#1219=ORIENTED_EDGE('',*,*,#939,.T.);
#1220=ORIENTED_EDGE('',*,*,#940,.T.);
#1221=ORIENTED_EDGE('',*,*,#938,.F.);
#1222=ORIENTED_EDGE('',*,*,#941,.T.);
#1223=ORIENTED_EDGE('',*,*,#942,.T.);
#1224=ORIENTED_EDGE('',*,*,#939,.F.);
#1225=ORIENTED_EDGE('',*,*,#940,.F.);
#1226=ORIENTED_EDGE('',*,*,#942,.F.);
#1227=ORIENTED_EDGE('',*,*,#943,.T.);
#1228=ORIENTED_EDGE('',*,*,#941,.F.);
#1229=ORIENTED_EDGE('',*,*,#944,.T.);
#1230=ORIENTED_EDGE('',*,*,#945,.T.);
#1231=ORIENTED_EDGE('',*,*,#944,.F.);
#1232=ORIENTED_EDGE('',*,*,#943,.F.);
#1233=ORIENTED_EDGE('',*,*,#945,.F.);
#1234=ORIENTED_EDGE('',*,*,#946,.T.);
#1235=ORIENTED_EDGE('',*,*,#947,.T.);
#1236=ORIENTED_EDGE('',*,*,#948,.T.);
#1237=ORIENTED_EDGE('',*,*,#946,.F.);
#1238=ORIENTED_EDGE('',*,*,#949,.T.);
#1239=ORIENTED_EDGE('',*,*,#950,.T.);
#1240=ORIENTED_EDGE('',*,*,#947,.F.);
#1241=ORIENTED_EDGE('',*,*,#948,.F.);
#1242=ORIENTED_EDGE('',*,*,#950,.F.);
#1243=ORIENTED_EDGE('',*,*,#951,.T.);
#1244=ORIENTED_EDGE('',*,*,#949,.F.);
#1245=ORIENTED_EDGE('',*,*,#952,.T.);
#1246=ORIENTED_EDGE('',*,*,#953,.T.);
#1247=ORIENTED_EDGE('',*,*,#952,.F.);
#1248=ORIENTED_EDGE('',*,*,#951,.F.);
#1249=ORIENTED_EDGE('',*,*,#953,.F.);
#1250=ORIENTED_EDGE('',*,*,#954,.T.);
#1251=ORIENTED_EDGE('',*,*,#955,.T.);
#1252=ORIENTED_EDGE('',*,*,#956,.T.);
#1253=ORIENTED_EDGE('',*,*,#954,.F.);
#1254=ORIENTED_EDGE('',*,*,#957,.T.);
#1255=ORIENTED_EDGE('',*,*,#958,.T.);
#1256=ORIENTED_EDGE('',*,*,#955,.F.);
#1257=ORIENTED_EDGE('',*,*,#956,.F.);
#1258=ORIENTED_EDGE('',*,*,#958,.F.);
#1259=ORIENTED_EDGE('',*,*,#959,.T.);
#1260=ORIENTED_EDGE('',*,*,#957,.F.);
#1261=ORIENTED_EDGE('',*,*,#960,.T.);
#1262=ORIENTED_EDGE('',*,*,#961,.T.);
#1263=ORIENTED_EDGE('',*,*,#960,.F.);
#1264=ORIENTED_EDGE('',*,*,#959,.F.);
#1265=ORIENTED_EDGE('',*,*,#961,.F.);
#1266=ORIENTED_EDGE('',*,*,#962,.T.);
#1267=ORIENTED_EDGE('',*,*,#963,.T.);
#1268=ORIENTED_EDGE('',*,*,#964,.T.);
#1269=ORIENTED_EDGE('',*,*,#962,.F.);
#1270=ORIENTED_EDGE('',*,*,#965,.T.);
#1271=ORIENTED_EDGE('',*,*,#966,.T.);
#1272=ORIENTED_EDGE('',*,*,#963,.F.);
#1273=ORIENTED_EDGE('',*,*,#964,.F.);
#1274=ORIENTED_EDGE('',*,*,#966,.F.);
#1275=ORIENTED_EDGE('',*,*,#967,.T.);
#1276=ORIENTED_EDGE('',*,*,#965,.F.);
#1277=ORIENTED_EDGE('',*,*,#968,.T.);
#1278=ORIENTED_EDGE('',*,*,#969,.T.);
#1279=ORIENTED_EDGE('',*,*,#968,.F.);
#1280=ORIENTED_EDGE('',*,*,#967,.F.);
#1281=ORIENTED_EDGE('',*,*,#969,.F.);
#1282=ORIENTED_EDGE('',*,*,#970,.T.);
#1283=ORIENTED_EDGE('',*,*,#971,.T.);
#1284=ORIENTED_EDGE('',*,*,#972,.T.);
#1285=ORIENTED_EDGE('',*,*,#970,.F.);
#1286=ORIENTED_EDGE('',*,*,#973,.T.);
#1287=ORIENTED_EDGE('',*,*,#974,.T.);
#1288=ORIENTED_EDGE('',*,*,#971,.F.);
#1289=ORIENTED_EDGE('',*,*,#972,.F.);
#1290=ORIENTED_EDGE('',*,*,#974,.F.);
#1291=ORIENTED_EDGE('',*,*,#975,.T.);
#1292=ORIENTED_EDGE('',*,*,#973,.F.);
#1293=ORIENTED_EDGE('',*,*,#976,.T.);
#1294=ORIENTED_EDGE('',*,*,#977,.T.);
#1295=ORIENTED_EDGE('',*,*,#976,.F.);
#1296=ORIENTED_EDGE('',*,*,#975,.F.);
#1297=ORIENTED_EDGE('',*,*,#977,.F.);
#1298=ORIENTED_EDGE('',*,*,#978,.T.);
#1299=ORIENTED_EDGE('',*,*,#979,.T.);
#1300=ORIENTED_EDGE('',*,*,#980,.T.);
#1301=ORIENTED_EDGE('',*,*,#978,.F.);
#1302=ORIENTED_EDGE('',*,*,#981,.T.);
#1303=ORIENTED_EDGE('',*,*,#982,.T.);
#1304=ORIENTED_EDGE('',*,*,#979,.F.);
#1305=ORIENTED_EDGE('',*,*,#980,.F.);
#1306=ORIENTED_EDGE('',*,*,#982,.F.);
#1307=ORIENTED_EDGE('',*,*,#983,.T.);
#1308=ORIENTED_EDGE('',*,*,#981,.F.);
#1309=ORIENTED_EDGE('',*,*,#984,.T.);
#1310=ORIENTED_EDGE('',*,*,#985,.T.);
#1311=ORIENTED_EDGE('',*,*,#984,.F.);
#1312=ORIENTED_EDGE('',*,*,#983,.F.);
#1313=ORIENTED_EDGE('',*,*,#985,.F.);
#1314=ORIENTED_EDGE('',*,*,#986,.T.);
#1315=ORIENTED_EDGE('',*,*,#987,.T.);
#1316=ORIENTED_EDGE('',*,*,#988,.T.);
#1317=ORIENTED_EDGE('',*,*,#986,.F.);
#1318=ORIENTED_EDGE('',*,*,#989,.T.);
#1319=ORIENTED_EDGE('',*,*,#990,.T.);
#1320=ORIENTED_EDGE('',*,*,#987,.F.);
#1321=ORIENTED_EDGE('',*,*,#988,.F.);
#1322=ORIENTED_EDGE('',*,*,#990,.F.);
#1323=ORIENTED_EDGE('',*,*,#991,.T.);
#1324=ORIENTED_EDGE('',*,*,#989,.F.);
#1325=ORIENTED_EDGE('',*,*,#992,.T.);
#1326=ORIENTED_EDGE('',*,*,#993,.T.);
#1327=ORIENTED_EDGE('',*,*,#992,.F.);
#1328=ORIENTED_EDGE('',*,*,#991,.F.);
#1329=ORIENTED_EDGE('',*,*,#993,.F.);
#1330=ORIENTED_EDGE('',*,*,#994,.T.);
#1331=ORIENTED_EDGE('',*,*,#995,.T.);
#1332=ORIENTED_EDGE('',*,*,#996,.T.);
#1333=ORIENTED_EDGE('',*,*,#994,.F.);
#1334=ORIENTED_EDGE('',*,*,#997,.T.);
#1335=ORIENTED_EDGE('',*,*,#998,.T.);
#1336=ORIENTED_EDGE('',*,*,#995,.F.);
#1337=ORIENTED_EDGE('',*,*,#996,.F.);
#1338=ORIENTED_EDGE('',*,*,#998,.F.);
#1339=ORIENTED_EDGE('',*,*,#999,.T.);
#1340=ORIENTED_EDGE('',*,*,#997,.F.);
#1341=ORIENTED_EDGE('',*,*,#1000,.T.);
#1342=ORIENTED_EDGE('',*,*,#1001,.T.);
#1343=ORIENTED_EDGE('',*,*,#1000,.F.);
#1344=ORIENTED_EDGE('',*,*,#999,.F.);
#1345=ORIENTED_EDGE('',*,*,#1001,.F.);
#1346=ORIENTED_EDGE('',*,*,#1002,.T.);
#1347=ORIENTED_EDGE('',*,*,#1003,.T.);
#1348=ORIENTED_EDGE('',*,*,#1004,.T.);
#1349=ORIENTED_EDGE('',*,*,#1002,.F.);
#1350=ORIENTED_EDGE('',*,*,#1005,.T.);
#1351=ORIENTED_EDGE('',*,*,#1006,.T.);
#1352=ORIENTED_EDGE('',*,*,#1003,.F.);
#1353=ORIENTED_EDGE('',*,*,#1004,.F.);
#1354=ORIENTED_EDGE('',*,*,#1006,.F.);
#1355=ORIENTED_EDGE('',*,*,#1007,.T.);
#1356=ORIENTED_EDGE('',*,*,#1005,.F.);
#1357=ORIENTED_EDGE('',*,*,#1008,.T.);
#1358=ORIENTED_EDGE('',*,*,#1009,.T.);
#1359=ORIENTED_EDGE('',*,*,#1008,.F.);
#1360=ORIENTED_EDGE('',*,*,#1007,.F.);
#1361=ORIENTED_EDGE('',*,*,#1010,.F.);
#1362=ORIENTED_EDGE('',*,*,#1011,.T.);
#1363=ORIENTED_EDGE('',*,*,#1012,.T.);
#1364=ORIENTED_EDGE('',*,*,#1011,.F.);
#1365=ORIENTED_EDGE('',*,*,#1013,.F.);
#1366=ORIENTED_EDGE('',*,*,#1014,.T.);
#1367=ORIENTED_EDGE('',*,*,#1015,.T.);
#1368=ORIENTED_EDGE('',*,*,#1014,.F.);
#1369=ORIENTED_EDGE('',*,*,#1016,.F.);
#1370=ORIENTED_EDGE('',*,*,#1017,.T.);
#1371=ORIENTED_EDGE('',*,*,#1018,.T.);
#1372=ORIENTED_EDGE('',*,*,#1017,.F.);
#1373=ORIENTED_EDGE('',*,*,#1019,.F.);
#1374=ORIENTED_EDGE('',*,*,#1020,.T.);
#1375=ORIENTED_EDGE('',*,*,#1021,.T.);
#1376=ORIENTED_EDGE('',*,*,#1020,.F.);
#1377=ORIENTED_EDGE('',*,*,#1021,.F.);
#1378=ORIENTED_EDGE('',*,*,#1022,.T.);
#1379=ORIENTED_EDGE('',*,*,#1023,.T.);
#1380=ORIENTED_EDGE('',*,*,#1022,.F.);
#1381=ORIENTED_EDGE('',*,*,#1024,.F.);
#1382=ORIENTED_EDGE('',*,*,#880,.T.);
#1383=ORIENTED_EDGE('',*,*,#1025,.T.);
#1384=ORIENTED_EDGE('',*,*,#895,.F.);
#1385=ORIENTED_EDGE('',*,*,#1025,.F.);
#1386=ORIENTED_EDGE('',*,*,#879,.T.);
#1387=ORIENTED_EDGE('',*,*,#1026,.F.);
#1388=ORIENTED_EDGE('',*,*,#896,.F.);
#1389=ORIENTED_EDGE('',*,*,#1027,.T.);
#1390=ORIENTED_EDGE('',*,*,#1028,.T.);
#1391=ORIENTED_EDGE('',*,*,#1029,.T.);
#1392=ORIENTED_EDGE('',*,*,#1030,.T.);
#1393=ORIENTED_EDGE('',*,*,#1031,.T.);
#1394=ORIENTED_EDGE('',*,*,#1032,.T.);
#1395=ORIENTED_EDGE('',*,*,#1010,.T.);
#1396=ORIENTED_EDGE('',*,*,#1033,.F.);
#1397=ORIENTED_EDGE('',*,*,#1034,.F.);
#1398=ORIENTED_EDGE('',*,*,#1035,.F.);
#1399=ORIENTED_EDGE('',*,*,#1036,.F.);
#1400=ORIENTED_EDGE('',*,*,#1037,.F.);
#1401=ORIENTED_EDGE('',*,*,#1038,.F.);
#1402=ORIENTED_EDGE('',*,*,#1009,.F.);
#1403=ORIENTED_EDGE('',*,*,#1023,.F.);
#1404=ORIENTED_EDGE('',*,*,#887,.F.);
#1405=ORIENTED_EDGE('',*,*,#1018,.F.);
#1406=ORIENTED_EDGE('',*,*,#1019,.T.);
#1407=ORIENTED_EDGE('',*,*,#1016,.T.);
#1408=ORIENTED_EDGE('',*,*,#1015,.F.);
#1409=ORIENTED_EDGE('',*,*,#1012,.F.);
#1410=ORIENTED_EDGE('',*,*,#1013,.T.);
#1411=ORIENTED_EDGE('',*,*,#902,.T.);
#1412=ORIENTED_EDGE('',*,*,#899,.F.);
#1413=ORIENTED_EDGE('',*,*,#897,.T.);
#1414=ORIENTED_EDGE('',*,*,#893,.F.);
#1415=ORIENTED_EDGE('',*,*,#1026,.T.);
#1416=ORIENTED_EDGE('',*,*,#878,.F.);
#1417=ORIENTED_EDGE('',*,*,#1039,.T.);
#1418=ORIENTED_EDGE('',*,*,#888,.T.);
#1419=ORIENTED_EDGE('',*,*,#1038,.T.);
#1420=ORIENTED_EDGE('',*,*,#1040,.T.);
#1421=ORIENTED_EDGE('',*,*,#1029,.F.);
#1422=ORIENTED_EDGE('',*,*,#1041,.F.);
#1423=ORIENTED_EDGE('',*,*,#1037,.T.);
#1424=ORIENTED_EDGE('',*,*,#1042,.T.);
#1425=ORIENTED_EDGE('',*,*,#1030,.F.);
#1426=ORIENTED_EDGE('',*,*,#1040,.F.);
#1427=ORIENTED_EDGE('',*,*,#1036,.T.);
#1428=ORIENTED_EDGE('',*,*,#1043,.T.);
#1429=ORIENTED_EDGE('',*,*,#1031,.F.);
#1430=ORIENTED_EDGE('',*,*,#1042,.F.);
#1431=ORIENTED_EDGE('',*,*,#1035,.T.);
#1432=ORIENTED_EDGE('',*,*,#1044,.T.);
#1433=ORIENTED_EDGE('',*,*,#1032,.F.);
#1434=ORIENTED_EDGE('',*,*,#1043,.F.);
#1435=ORIENTED_EDGE('',*,*,#1034,.T.);
#1436=ORIENTED_EDGE('',*,*,#1045,.T.);
#1437=ORIENTED_EDGE('',*,*,#1027,.F.);
#1438=ORIENTED_EDGE('',*,*,#1044,.F.);
#1439=ORIENTED_EDGE('',*,*,#1033,.T.);
#1440=ORIENTED_EDGE('',*,*,#1041,.T.);
#1441=ORIENTED_EDGE('',*,*,#1028,.F.);
#1442=ORIENTED_EDGE('',*,*,#1045,.F.);
#1443=ORIENTED_EDGE('',*,*,#885,.T.);
#1444=ORIENTED_EDGE('',*,*,#884,.T.);
#1445=ORIENTED_EDGE('',*,*,#882,.T.);
#1446=ORIENTED_EDGE('',*,*,#873,.F.);
#1447=ORIENTED_EDGE('',*,*,#1046,.T.);
#1448=ORIENTED_EDGE('',*,*,#875,.T.);
#1449=ORIENTED_EDGE('',*,*,#881,.T.);
#1450=ORIENTED_EDGE('',*,*,#1024,.T.);
#1451=ORIENTED_EDGE('',*,*,#894,.F.);
#1452=ORIENTED_EDGE('',*,*,#891,.F.);
#1453=ORIENTED_EDGE('',*,*,#1047,.T.);
#1454=ORIENTED_EDGE('',*,*,#876,.T.);
#1455=ORIENTED_EDGE('',*,*,#1046,.F.);
#1456=ORIENTED_EDGE('',*,*,#890,.F.);
#1457=ORIENTED_EDGE('',*,*,#1039,.F.);
#1458=ORIENTED_EDGE('',*,*,#877,.T.);
#1459=ORIENTED_EDGE('',*,*,#1047,.F.);
#1460=ORIENTED_EDGE('',*,*,#889,.F.);
#1461=ORIENTED_EDGE('',*,*,#1048,.T.);
#1462=ORIENTED_EDGE('',*,*,#1049,.T.);
#1463=ORIENTED_EDGE('',*,*,#1050,.F.);
#1464=ORIENTED_EDGE('',*,*,#1049,.F.);
#1465=ORIENTED_EDGE('',*,*,#1051,.T.);
#1466=ORIENTED_EDGE('',*,*,#1052,.T.);
#1467=ORIENTED_EDGE('',*,*,#1053,.F.);
#1468=ORIENTED_EDGE('',*,*,#1052,.F.);
#1469=ORIENTED_EDGE('',*,*,#1054,.T.);
#1470=ORIENTED_EDGE('',*,*,#1055,.T.);
#1471=ORIENTED_EDGE('',*,*,#1056,.F.);
#1472=ORIENTED_EDGE('',*,*,#1055,.F.);
#1473=ORIENTED_EDGE('',*,*,#1056,.T.);
#1474=ORIENTED_EDGE('',*,*,#1048,.F.);
#1475=ORIENTED_EDGE('',*,*,#1054,.F.);
#1476=ORIENTED_EDGE('',*,*,#1053,.T.);
#1477=ORIENTED_EDGE('',*,*,#1050,.T.);
#1478=ORIENTED_EDGE('',*,*,#1051,.F.);
#1479=ORIENTED_EDGE('',*,*,#1057,.F.);
#1480=ORIENTED_EDGE('',*,*,#1058,.T.);
#1481=ORIENTED_EDGE('',*,*,#1059,.T.);
#1482=ORIENTED_EDGE('',*,*,#1060,.F.);
#1483=ORIENTED_EDGE('',*,*,#1061,.T.);
#1484=ORIENTED_EDGE('',*,*,#1062,.T.);
#1485=ORIENTED_EDGE('',*,*,#1063,.F.);
#1486=ORIENTED_EDGE('',*,*,#1062,.F.);
#1487=ORIENTED_EDGE('',*,*,#1064,.F.);
#1488=ORIENTED_EDGE('',*,*,#1065,.T.);
#1489=ORIENTED_EDGE('',*,*,#1066,.T.);
#1490=ORIENTED_EDGE('',*,*,#1067,.F.);
#1491=ORIENTED_EDGE('',*,*,#1064,.T.);
#1492=ORIENTED_EDGE('',*,*,#1068,.T.);
#1493=ORIENTED_EDGE('',*,*,#1069,.T.);
#1494=ORIENTED_EDGE('',*,*,#1070,.T.);
#1495=ORIENTED_EDGE('',*,*,#1071,.T.);
#1496=ORIENTED_EDGE('',*,*,#1072,.T.);
#1497=ORIENTED_EDGE('',*,*,#1061,.F.);
#1498=ORIENTED_EDGE('',*,*,#1073,.F.);
#1499=ORIENTED_EDGE('',*,*,#1074,.F.);
#1500=ORIENTED_EDGE('',*,*,#1059,.F.);
#1501=ORIENTED_EDGE('',*,*,#1075,.F.);
#1502=ORIENTED_EDGE('',*,*,#1066,.F.);
#1503=ORIENTED_EDGE('',*,*,#1076,.F.);
#1504=ORIENTED_EDGE('',*,*,#1077,.F.);
#1505=ORIENTED_EDGE('',*,*,#1078,.F.);
#1506=ORIENTED_EDGE('',*,*,#1079,.F.);
#1507=ORIENTED_EDGE('',*,*,#1080,.F.);
#1508=ORIENTED_EDGE('',*,*,#1063,.T.);
#1509=ORIENTED_EDGE('',*,*,#1081,.T.);
#1510=ORIENTED_EDGE('',*,*,#1082,.T.);
#1511=ORIENTED_EDGE('',*,*,#1083,.T.);
#1512=ORIENTED_EDGE('',*,*,#1057,.T.);
#1513=ORIENTED_EDGE('',*,*,#1080,.T.);
#1514=ORIENTED_EDGE('',*,*,#1084,.F.);
#1515=ORIENTED_EDGE('',*,*,#1068,.F.);
#1516=ORIENTED_EDGE('',*,*,#1067,.T.);
#1517=ORIENTED_EDGE('',*,*,#1079,.T.);
#1518=ORIENTED_EDGE('',*,*,#1085,.F.);
#1519=ORIENTED_EDGE('',*,*,#1069,.F.);
#1520=ORIENTED_EDGE('',*,*,#1084,.T.);
#1521=ORIENTED_EDGE('',*,*,#1078,.T.);
#1522=ORIENTED_EDGE('',*,*,#1086,.F.);
#1523=ORIENTED_EDGE('',*,*,#1070,.F.);
#1524=ORIENTED_EDGE('',*,*,#1085,.T.);
#1525=ORIENTED_EDGE('',*,*,#1077,.T.);
#1526=ORIENTED_EDGE('',*,*,#1087,.F.);
#1527=ORIENTED_EDGE('',*,*,#1071,.F.);
#1528=ORIENTED_EDGE('',*,*,#1086,.T.);
#1529=ORIENTED_EDGE('',*,*,#1076,.T.);
#1530=ORIENTED_EDGE('',*,*,#1065,.F.);
#1531=ORIENTED_EDGE('',*,*,#1072,.F.);
#1532=ORIENTED_EDGE('',*,*,#1087,.T.);
#1533=ORIENTED_EDGE('',*,*,#1073,.T.);
#1534=ORIENTED_EDGE('',*,*,#1088,.F.);
#1535=ORIENTED_EDGE('',*,*,#1082,.F.);
#1536=ORIENTED_EDGE('',*,*,#1089,.T.);
#1537=ORIENTED_EDGE('',*,*,#1074,.T.);
#1538=ORIENTED_EDGE('',*,*,#1089,.F.);
#1539=ORIENTED_EDGE('',*,*,#1081,.F.);
#1540=ORIENTED_EDGE('',*,*,#1060,.T.);
#1541=ORIENTED_EDGE('',*,*,#1075,.T.);
#1542=ORIENTED_EDGE('',*,*,#1058,.F.);
#1543=ORIENTED_EDGE('',*,*,#1083,.F.);
#1544=ORIENTED_EDGE('',*,*,#1088,.T.);
#1545=ORIENTED_EDGE('',*,*,#1090,.T.);
#1546=ORIENTED_EDGE('',*,*,#1091,.T.);
#1547=ORIENTED_EDGE('',*,*,#1092,.F.);
#1548=ORIENTED_EDGE('',*,*,#1091,.F.);
#1549=ORIENTED_EDGE('',*,*,#1093,.T.);
#1550=ORIENTED_EDGE('',*,*,#1094,.T.);
#1551=ORIENTED_EDGE('',*,*,#1095,.T.);
#1552=ORIENTED_EDGE('',*,*,#1096,.T.);
#1553=ORIENTED_EDGE('',*,*,#1097,.T.);
#1554=ORIENTED_EDGE('',*,*,#1098,.T.);
#1555=ORIENTED_EDGE('',*,*,#1090,.F.);
#1556=ORIENTED_EDGE('',*,*,#1099,.F.);
#1557=ORIENTED_EDGE('',*,*,#1100,.F.);
#1558=ORIENTED_EDGE('',*,*,#1101,.F.);
#1559=ORIENTED_EDGE('',*,*,#1102,.F.);
#1560=ORIENTED_EDGE('',*,*,#1103,.F.);
#1561=ORIENTED_EDGE('',*,*,#1104,.F.);
#1562=ORIENTED_EDGE('',*,*,#1092,.T.);
#1563=ORIENTED_EDGE('',*,*,#1099,.T.);
#1564=ORIENTED_EDGE('',*,*,#1105,.F.);
#1565=ORIENTED_EDGE('',*,*,#1093,.F.);
#1566=ORIENTED_EDGE('',*,*,#1106,.T.);
#1567=ORIENTED_EDGE('',*,*,#1104,.T.);
#1568=ORIENTED_EDGE('',*,*,#1107,.F.);
#1569=ORIENTED_EDGE('',*,*,#1094,.F.);
#1570=ORIENTED_EDGE('',*,*,#1105,.T.);
#1571=ORIENTED_EDGE('',*,*,#1103,.T.);
#1572=ORIENTED_EDGE('',*,*,#1108,.F.);
#1573=ORIENTED_EDGE('',*,*,#1095,.F.);
#1574=ORIENTED_EDGE('',*,*,#1107,.T.);
#1575=ORIENTED_EDGE('',*,*,#1102,.T.);
#1576=ORIENTED_EDGE('',*,*,#1109,.F.);
#1577=ORIENTED_EDGE('',*,*,#1096,.F.);
#1578=ORIENTED_EDGE('',*,*,#1108,.T.);
#1579=ORIENTED_EDGE('',*,*,#1101,.T.);
#1580=ORIENTED_EDGE('',*,*,#1110,.F.);
#1581=ORIENTED_EDGE('',*,*,#1097,.F.);
#1582=ORIENTED_EDGE('',*,*,#1109,.T.);
#1583=ORIENTED_EDGE('',*,*,#1100,.T.);
#1584=ORIENTED_EDGE('',*,*,#1106,.F.);
#1585=ORIENTED_EDGE('',*,*,#1098,.F.);
#1586=ORIENTED_EDGE('',*,*,#1110,.T.);
#1587=CYLINDRICAL_SURFACE('',#1774,0.730212658150435);
#1588=CYLINDRICAL_SURFACE('',#1779,1.6);
#1589=CYLINDRICAL_SURFACE('',#1782,2.75);
#1590=CYLINDRICAL_SURFACE('',#1785,1.31185234411426);
#1591=CYLINDRICAL_SURFACE('',#1790,3.25);
#1592=CYLINDRICAL_SURFACE('',#1797,3.99999999999999);
#1593=CYLINDRICAL_SURFACE('',#1805,4.);
#1594=CYLINDRICAL_SURFACE('',#1813,4.);
#1595=CYLINDRICAL_SURFACE('',#1821,4.);
#1596=CYLINDRICAL_SURFACE('',#1829,4.);
#1597=CYLINDRICAL_SURFACE('',#1837,4.);
#1598=CYLINDRICAL_SURFACE('',#1845,4.);
#1599=CYLINDRICAL_SURFACE('',#1853,4.);
#1600=CYLINDRICAL_SURFACE('',#1861,4.);
#1601=CYLINDRICAL_SURFACE('',#1869,4.);
#1602=CYLINDRICAL_SURFACE('',#1877,4.);
#1603=CYLINDRICAL_SURFACE('',#1885,4.);
#1604=CYLINDRICAL_SURFACE('',#1893,4.);
#1605=CYLINDRICAL_SURFACE('',#1901,4.);
#1606=CYLINDRICAL_SURFACE('',#1903,4.9);
#1607=CYLINDRICAL_SURFACE('',#1906,4.84134962715696);
#1608=CYLINDRICAL_SURFACE('',#1909,4.9);
#1609=CYLINDRICAL_SURFACE('',#1912,4.15);
#1610=CYLINDRICAL_SURFACE('',#1918,0.999999999999998);
#1611=CYLINDRICAL_SURFACE('',#1938,0.999999999999998);
#1612=CYLINDRICAL_SURFACE('',#1941,4.6);
#1613=CYLINDRICAL_SURFACE('',#1944,4.);
#1614=CYLINDRICAL_SURFACE('',#1947,8.5);
#1615=CYLINDRICAL_SURFACE('',#1954,0.397804146009546);
#1616=CYLINDRICAL_SURFACE('',#1957,4.);
#1617=CYLINDRICAL_SURFACE('',#1960,6.);
#1618=CYLINDRICAL_SURFACE('',#1972,1.5);
#1619=CYLINDRICAL_SURFACE('',#1974,1.5);
#1620=CYLINDRICAL_SURFACE('',#1976,0.397804146009546);
#1621=CYLINDRICAL_SURFACE('',#1980,4.);
#1622=ADVANCED_FACE('',(#139),#1587,.F.);
#1623=ADVANCED_FACE('',(#140),#1588,.F.);
#1624=ADVANCED_FACE('',(#141),#1589,.F.);
#1625=ADVANCED_FACE('',(#142),#1590,.T.);
#1626=ADVANCED_FACE('',(#143),#1591,.T.);
#1627=ADVANCED_FACE('',(#144),#112,.T.);
#1628=ADVANCED_FACE('',(#145),#1592,.T.);
#1629=ADVANCED_FACE('',(#146),#113,.T.);
#1630=ADVANCED_FACE('',(#147),#114,.T.);
#1631=ADVANCED_FACE('',(#148),#1593,.T.);
#1632=ADVANCED_FACE('',(#149),#115,.T.);
#1633=ADVANCED_FACE('',(#150),#116,.T.);
#1634=ADVANCED_FACE('',(#151),#1594,.T.);
#1635=ADVANCED_FACE('',(#152),#117,.T.);
#1636=ADVANCED_FACE('',(#153),#118,.T.);
#1637=ADVANCED_FACE('',(#154),#1595,.T.);
#1638=ADVANCED_FACE('',(#155),#119,.T.);
#1639=ADVANCED_FACE('',(#156),#120,.T.);
#1640=ADVANCED_FACE('',(#157),#1596,.T.);
#1641=ADVANCED_FACE('',(#158),#121,.T.);
#1642=ADVANCED_FACE('',(#159),#122,.T.);
#1643=ADVANCED_FACE('',(#160),#1597,.T.);
#1644=ADVANCED_FACE('',(#161),#123,.T.);
#1645=ADVANCED_FACE('',(#162),#124,.T.);
#1646=ADVANCED_FACE('',(#163),#1598,.T.);
#1647=ADVANCED_FACE('',(#164),#125,.T.);
#1648=ADVANCED_FACE('',(#165),#126,.T.);
#1649=ADVANCED_FACE('',(#166),#1599,.T.);
#1650=ADVANCED_FACE('',(#167),#127,.T.);
#1651=ADVANCED_FACE('',(#168),#128,.T.);
#1652=ADVANCED_FACE('',(#169),#1600,.T.);
#1653=ADVANCED_FACE('',(#170),#129,.T.);
#1654=ADVANCED_FACE('',(#171),#130,.T.);
#1655=ADVANCED_FACE('',(#172),#1601,.T.);
#1656=ADVANCED_FACE('',(#173),#131,.T.);
#1657=ADVANCED_FACE('',(#174),#132,.T.);
#1658=ADVANCED_FACE('',(#175),#1602,.T.);
#1659=ADVANCED_FACE('',(#176),#133,.T.);
#1660=ADVANCED_FACE('',(#177),#134,.T.);
#1661=ADVANCED_FACE('',(#178),#1603,.T.);
#1662=ADVANCED_FACE('',(#179),#135,.T.);
#1663=ADVANCED_FACE('',(#180),#136,.T.);
#1664=ADVANCED_FACE('',(#181),#1604,.T.);
#1665=ADVANCED_FACE('',(#182),#137,.T.);
#1666=ADVANCED_FACE('',(#183),#138,.T.);
#1667=ADVANCED_FACE('',(#184),#1605,.T.);
#1668=ADVANCED_FACE('',(#185),#1606,.T.);
#1669=ADVANCED_FACE('',(#186),#1607,.T.);
#1670=ADVANCED_FACE('',(#187),#1608,.T.);
#1671=ADVANCED_FACE('',(#188),#1609,.T.);
#1672=ADVANCED_FACE('',(#189),#96,.T.);
#1673=ADVANCED_FACE('',(#190),#1610,.F.);
#1674=ADVANCED_FACE('',(#191),#58,.F.);
#1675=ADVANCED_FACE('',(#192,#39),#59,.T.);
#1676=ADVANCED_FACE('',(#193,#40),#60,.F.);
#1677=ADVANCED_FACE('',(#194,#41),#61,.F.);
#1678=ADVANCED_FACE('',(#195,#42),#62,.F.);
#1679=ADVANCED_FACE('',(#196,#43),#63,.T.);
#1680=ADVANCED_FACE('',(#197,#44),#64,.T.);
#1681=ADVANCED_FACE('',(#198,#45),#65,.F.);
#1682=ADVANCED_FACE('',(#199,#46),#66,.T.);
#1683=ADVANCED_FACE('',(#200),#67,.F.);
#1684=ADVANCED_FACE('',(#201),#68,.T.);
#1685=ADVANCED_FACE('',(#202),#69,.T.);
#1686=ADVANCED_FACE('',(#203),#70,.T.);
#1687=ADVANCED_FACE('',(#204),#71,.T.);
#1688=ADVANCED_FACE('',(#205),#72,.T.);
#1689=ADVANCED_FACE('',(#206),#73,.T.);
#1690=ADVANCED_FACE('',(#207,#47),#74,.T.);
#1691=ADVANCED_FACE('',(#208,#48),#75,.T.);
#1692=ADVANCED_FACE('',(#209),#76,.F.);
#1693=ADVANCED_FACE('',(#210),#1611,.F.);
#1694=ADVANCED_FACE('',(#211),#77,.F.);
#1695=ADVANCED_FACE('',(#212),#1612,.T.);
#1696=ADVANCED_FACE('',(#213),#1613,.F.);
#1697=ADVANCED_FACE('',(#214),#1614,.T.);
#1698=ADVANCED_FACE('',(#215,#49),#78,.T.);
#1699=ADVANCED_FACE('',(#216,#50),#79,.F.);
#1700=ADVANCED_FACE('',(#217,#51),#80,.T.);
#1701=ADVANCED_FACE('',(#218),#1615,.F.);
#1702=ADVANCED_FACE('',(#219),#1616,.F.);
#1703=ADVANCED_FACE('',(#220),#1617,.T.);
#1704=ADVANCED_FACE('',(#221,#52,#53),#81,.T.);
#1705=ADVANCED_FACE('',(#222,#54,#55),#82,.F.);
#1706=ADVANCED_FACE('',(#223),#83,.F.);
#1707=ADVANCED_FACE('',(#224),#1618,.T.);
#1708=ADVANCED_FACE('',(#225),#84,.F.);
#1709=ADVANCED_FACE('',(#226),#1619,.T.);
#1710=ADVANCED_FACE('',(#227),#85,.F.);
#1711=ADVANCED_FACE('',(#228),#1620,.F.);
#1712=ADVANCED_FACE('',(#229),#86,.F.);
#1713=ADVANCED_FACE('',(#230),#87,.F.);
#1714=ADVANCED_FACE('',(#231),#1621,.F.);
#1715=ADVANCED_FACE('',(#232,#56),#88,.T.);
#1716=ADVANCED_FACE('',(#233,#57),#89,.F.);
#1717=ADVANCED_FACE('',(#234),#90,.F.);
#1718=ADVANCED_FACE('',(#235),#91,.F.);
#1719=ADVANCED_FACE('',(#236),#92,.F.);
#1720=ADVANCED_FACE('',(#237),#93,.F.);
#1721=ADVANCED_FACE('',(#238),#94,.F.);
#1722=ADVANCED_FACE('',(#239),#95,.F.);
#1723=CLOSED_SHELL('',(#1622,#1623,#1624,#1625,#1626,#1627,#1628,#1629,
#1630,#1631,#1632,#1633,#1634,#1635,#1636,#1637,#1638,#1639,#1640,#1641,
#1642,#1643,#1644,#1645,#1646,#1647,#1648,#1649,#1650,#1651,#1652,#1653,
#1654,#1655,#1656,#1657,#1658,#1659,#1660,#1661,#1662,#1663,#1664,#1665,
#1666,#1667,#1668,#1669,#1670,#1671,#1672,#1673,#1674,#1675,#1676,#1677,
#1678,#1679,#1680,#1681,#1682,#1683,#1684,#1685,#1686,#1687,#1688,#1689,
#1690,#1691,#1692,#1693,#1694));
#1724=CLOSED_SHELL('',(#1695,#1696,#1697,#1698,#1699,#1700));
#1725=CLOSED_SHELL('',(#1701,#1702,#1703,#1704,#1705,#1706,#1707,#1708,
#1709,#1710,#1711,#1712,#1713));
#1726=CLOSED_SHELL('',(#1714,#1715,#1716,#1717,#1718,#1719,#1720,#1721,
#1722));
#1727=DERIVED_UNIT_ELEMENT(#1735,1.);
#1728=DERIVED_UNIT_ELEMENT(#3105,-3.);
#1729=DERIVED_UNIT_ELEMENT(#1735,1.);
#1730=DERIVED_UNIT_ELEMENT(#3105,-3.);
#1731=DERIVED_UNIT_ELEMENT(#1735,1.);
#1732=DERIVED_UNIT_ELEMENT(#3105,-3.);
#1733=DERIVED_UNIT_ELEMENT(#1735,1.);
#1734=DERIVED_UNIT_ELEMENT(#3105,-3.);
#1735=(
MASS_UNIT()
NAMED_UNIT(*)
SI_UNIT(.KILO.,.GRAM.)
);
#1736=DERIVED_UNIT((#1727,#1728));
#1737=DERIVED_UNIT((#1729,#1730));
#1738=DERIVED_UNIT((#1731,#1732));
#1739=DERIVED_UNIT((#1733,#1734));
#1740=MEASURE_REPRESENTATION_ITEM('density measure',
POSITIVE_RATIO_MEASURE(7850.),#1736);
#1741=MEASURE_REPRESENTATION_ITEM('density measure',
POSITIVE_RATIO_MEASURE(7850.),#1737);
#1742=MEASURE_REPRESENTATION_ITEM('density measure',
POSITIVE_RATIO_MEASURE(7850.),#1738);
#1743=MEASURE_REPRESENTATION_ITEM('density measure',
POSITIVE_RATIO_MEASURE(7850.),#1739);
#1744=PROPERTY_DEFINITION_REPRESENTATION(#1764,#1752);
#1745=PROPERTY_DEFINITION_REPRESENTATION(#1765,#1753);
#1746=PROPERTY_DEFINITION_REPRESENTATION(#1766,#1754);
#1747=PROPERTY_DEFINITION_REPRESENTATION(#1767,#1755);
#1748=PROPERTY_DEFINITION_REPRESENTATION(#1768,#1756);
#1749=PROPERTY_DEFINITION_REPRESENTATION(#1769,#1757);
#1750=PROPERTY_DEFINITION_REPRESENTATION(#1770,#1758);
#1751=PROPERTY_DEFINITION_REPRESENTATION(#1771,#1759);
#1752=REPRESENTATION('material name',(#1760),#3099);
#1753=REPRESENTATION('density',(#1740),#3099);
#1754=REPRESENTATION('material name',(#1761),#3100);
#1755=REPRESENTATION('density',(#1741),#3100);
#1756=REPRESENTATION('material name',(#1762),#3101);
#1757=REPRESENTATION('density',(#1742),#3101);
#1758=REPRESENTATION('material name',(#1763),#3102);
#1759=REPRESENTATION('density',(#1743),#3102);
#1760=DESCRIPTIVE_REPRESENTATION_ITEM('Stal','Stal');
#1761=DESCRIPTIVE_REPRESENTATION_ITEM('Stal','Stal');
#1762=DESCRIPTIVE_REPRESENTATION_ITEM('Stal','Stal');
#1763=DESCRIPTIVE_REPRESENTATION_ITEM('Stal','Stal');
#1764=PROPERTY_DEFINITION('material property','material name',#3129);
#1765=PROPERTY_DEFINITION('material property','density of part',#3129);
#1766=PROPERTY_DEFINITION('material property','material name',#3130);
#1767=PROPERTY_DEFINITION('material property','density of part',#3130);
#1768=PROPERTY_DEFINITION('material property','material name',#3131);
#1769=PROPERTY_DEFINITION('material property','density of part',#3131);
#1770=PROPERTY_DEFINITION('material property','material name',#3132);
#1771=PROPERTY_DEFINITION('material property','density of part',#3132);
#1772=AXIS2_PLACEMENT_3D('',#2562,#1995,#1996);
#1773=AXIS2_PLACEMENT_3D('',#2563,#1997,#1998);
#1774=AXIS2_PLACEMENT_3D('',#2564,#1999,#2000);
#1775=AXIS2_PLACEMENT_3D('',#2566,#2001,#2002);
#1776=AXIS2_PLACEMENT_3D('',#2570,#2004,#2005);
#1777=AXIS2_PLACEMENT_3D('',#2583,#2007,#2008);
#1778=AXIS2_PLACEMENT_3D('',#2595,#2010,#2011);
#1779=AXIS2_PLACEMENT_3D('',#2596,#2012,#2013);
#1780=AXIS2_PLACEMENT_3D('',#2598,#2014,#2015);
#1781=AXIS2_PLACEMENT_3D('',#2601,#2017,#2018);
#1782=AXIS2_PLACEMENT_3D('',#2602,#2019,#2020);
#1783=AXIS2_PLACEMENT_3D('',#2604,#2021,#2022);
#1784=AXIS2_PLACEMENT_3D('',#2607,#2024,#2025);
#1785=AXIS2_PLACEMENT_3D('',#2608,#2026,#2027);
#1786=AXIS2_PLACEMENT_3D('',#2611,#2028,#2029);
#1787=AXIS2_PLACEMENT_3D('',#2624,#2031,#2032);
#1788=AXIS2_PLACEMENT_3D('',#2627,#2034,#2035);
#1789=AXIS2_PLACEMENT_3D('',#2629,#2036,#2037);
#1790=AXIS2_PLACEMENT_3D('',#2640,#2039,#2040);
#1791=AXIS2_PLACEMENT_3D('',#2642,#2041,#2042);
#1792=AXIS2_PLACEMENT_3D('',#2645,#2044,#2045);
#1793=AXIS2_PLACEMENT_3D('',#2646,#2046,#2047);
#1794=AXIS2_PLACEMENT_3D('',#2649,#2048,#2049);
#1795=AXIS2_PLACEMENT_3D('',#2652,#2051,#2052);
#1796=AXIS2_PLACEMENT_3D('',#2653,#2053,#2054);
#1797=AXIS2_PLACEMENT_3D('',#2654,#2055,#2056);
#1798=AXIS2_PLACEMENT_3D('',#2657,#2058,#2059);
#1799=AXIS2_PLACEMENT_3D('',#2658,#2060,#2061);
#1800=AXIS2_PLACEMENT_3D('',#2662,#2063,#2064);
#1801=AXIS2_PLACEMENT_3D('',#2663,#2065,#2066);
#1802=AXIS2_PLACEMENT_3D('',#2664,#2067,#2068);
#1803=AXIS2_PLACEMENT_3D('',#2667,#2069,#2070);
#1804=AXIS2_PLACEMENT_3D('',#2669,#2072,#2073);
#1805=AXIS2_PLACEMENT_3D('',#2670,#2074,#2075);
#1806=AXIS2_PLACEMENT_3D('',#2673,#2077,#2078);
#1807=AXIS2_PLACEMENT_3D('',#2674,#2079,#2080);
#1808=AXIS2_PLACEMENT_3D('',#2678,#2082,#2083);
#1809=AXIS2_PLACEMENT_3D('',#2679,#2084,#2085);
#1810=AXIS2_PLACEMENT_3D('',#2680,#2086,#2087);
#1811=AXIS2_PLACEMENT_3D('',#2683,#2088,#2089);
#1812=AXIS2_PLACEMENT_3D('',#2685,#2091,#2092);
#1813=AXIS2_PLACEMENT_3D('',#2686,#2093,#2094);
#1814=AXIS2_PLACEMENT_3D('',#2689,#2096,#2097);
#1815=AXIS2_PLACEMENT_3D('',#2690,#2098,#2099);
#1816=AXIS2_PLACEMENT_3D('',#2694,#2101,#2102);
#1817=AXIS2_PLACEMENT_3D('',#2695,#2103,#2104);
#1818=AXIS2_PLACEMENT_3D('',#2696,#2105,#2106);
#1819=AXIS2_PLACEMENT_3D('',#2699,#2107,#2108);
#1820=AXIS2_PLACEMENT_3D('',#2701,#2110,#2111);
#1821=AXIS2_PLACEMENT_3D('',#2702,#2112,#2113);
#1822=AXIS2_PLACEMENT_3D('',#2705,#2115,#2116);
#1823=AXIS2_PLACEMENT_3D('',#2706,#2117,#2118);
#1824=AXIS2_PLACEMENT_3D('',#2710,#2120,#2121);
#1825=AXIS2_PLACEMENT_3D('',#2711,#2122,#2123);
#1826=AXIS2_PLACEMENT_3D('',#2712,#2124,#2125);
#1827=AXIS2_PLACEMENT_3D('',#2715,#2126,#2127);
#1828=AXIS2_PLACEMENT_3D('',#2717,#2129,#2130);
#1829=AXIS2_PLACEMENT_3D('',#2718,#2131,#2132);
#1830=AXIS2_PLACEMENT_3D('',#2721,#2134,#2135);
#1831=AXIS2_PLACEMENT_3D('',#2722,#2136,#2137);
#1832=AXIS2_PLACEMENT_3D('',#2726,#2139,#2140);
#1833=AXIS2_PLACEMENT_3D('',#2727,#2141,#2142);
#1834=AXIS2_PLACEMENT_3D('',#2728,#2143,#2144);
#1835=AXIS2_PLACEMENT_3D('',#2731,#2145,#2146);
#1836=AXIS2_PLACEMENT_3D('',#2733,#2148,#2149);
#1837=AXIS2_PLACEMENT_3D('',#2734,#2150,#2151);
#1838=AXIS2_PLACEMENT_3D('',#2737,#2153,#2154);
#1839=AXIS2_PLACEMENT_3D('',#2738,#2155,#2156);
#1840=AXIS2_PLACEMENT_3D('',#2742,#2158,#2159);
#1841=AXIS2_PLACEMENT_3D('',#2743,#2160,#2161);
#1842=AXIS2_PLACEMENT_3D('',#2744,#2162,#2163);
#1843=AXIS2_PLACEMENT_3D('',#2747,#2164,#2165);
#1844=AXIS2_PLACEMENT_3D('',#2749,#2167,#2168);
#1845=AXIS2_PLACEMENT_3D('',#2750,#2169,#2170);
#1846=AXIS2_PLACEMENT_3D('',#2753,#2172,#2173);
#1847=AXIS2_PLACEMENT_3D('',#2754,#2174,#2175);
#1848=AXIS2_PLACEMENT_3D('',#2758,#2177,#2178);
#1849=AXIS2_PLACEMENT_3D('',#2759,#2179,#2180);
#1850=AXIS2_PLACEMENT_3D('',#2760,#2181,#2182);
#1851=AXIS2_PLACEMENT_3D('',#2763,#2183,#2184);
#1852=AXIS2_PLACEMENT_3D('',#2765,#2186,#2187);
#1853=AXIS2_PLACEMENT_3D('',#2766,#2188,#2189);
#1854=AXIS2_PLACEMENT_3D('',#2769,#2191,#2192);
#1855=AXIS2_PLACEMENT_3D('',#2770,#2193,#2194);
#1856=AXIS2_PLACEMENT_3D('',#2774,#2196,#2197);
#1857=AXIS2_PLACEMENT_3D('',#2775,#2198,#2199);
#1858=AXIS2_PLACEMENT_3D('',#2776,#2200,#2201);
#1859=AXIS2_PLACEMENT_3D('',#2779,#2202,#2203);
#1860=AXIS2_PLACEMENT_3D('',#2781,#2205,#2206);
#1861=AXIS2_PLACEMENT_3D('',#2782,#2207,#2208);
#1862=AXIS2_PLACEMENT_3D('',#2785,#2210,#2211);
#1863=AXIS2_PLACEMENT_3D('',#2786,#2212,#2213);
#1864=AXIS2_PLACEMENT_3D('',#2790,#2215,#2216);
#1865=AXIS2_PLACEMENT_3D('',#2791,#2217,#2218);
#1866=AXIS2_PLACEMENT_3D('',#2792,#2219,#2220);
#1867=AXIS2_PLACEMENT_3D('',#2795,#2221,#2222);
#1868=AXIS2_PLACEMENT_3D('',#2797,#2224,#2225);
#1869=AXIS2_PLACEMENT_3D('',#2798,#2226,#2227);
#1870=AXIS2_PLACEMENT_3D('',#2801,#2229,#2230);
#1871=AXIS2_PLACEMENT_3D('',#2802,#2231,#2232);
#1872=AXIS2_PLACEMENT_3D('',#2806,#2234,#2235);
#1873=AXIS2_PLACEMENT_3D('',#2807,#2236,#2237);
#1874=AXIS2_PLACEMENT_3D('',#2808,#2238,#2239);
#1875=AXIS2_PLACEMENT_3D('',#2811,#2240,#2241);
#1876=AXIS2_PLACEMENT_3D('',#2813,#2243,#2244);
#1877=AXIS2_PLACEMENT_3D('',#2814,#2245,#2246);
#1878=AXIS2_PLACEMENT_3D('',#2817,#2248,#2249);
#1879=AXIS2_PLACEMENT_3D('',#2818,#2250,#2251);
#1880=AXIS2_PLACEMENT_3D('',#2822,#2253,#2254);
#1881=AXIS2_PLACEMENT_3D('',#2823,#2255,#2256);
#1882=AXIS2_PLACEMENT_3D('',#2824,#2257,#2258);
#1883=AXIS2_PLACEMENT_3D('',#2827,#2259,#2260);
#1884=AXIS2_PLACEMENT_3D('',#2829,#2262,#2263);
#1885=AXIS2_PLACEMENT_3D('',#2830,#2264,#2265);
#1886=AXIS2_PLACEMENT_3D('',#2833,#2267,#2268);
#1887=AXIS2_PLACEMENT_3D('',#2834,#2269,#2270);
#1888=AXIS2_PLACEMENT_3D('',#2838,#2272,#2273);
#1889=AXIS2_PLACEMENT_3D('',#2839,#2274,#2275);
#1890=AXIS2_PLACEMENT_3D('',#2840,#2276,#2277);
#1891=AXIS2_PLACEMENT_3D('',#2843,#2278,#2279);
#1892=AXIS2_PLACEMENT_3D('',#2845,#2281,#2282);
#1893=AXIS2_PLACEMENT_3D('',#2846,#2283,#2284);
#1894=AXIS2_PLACEMENT_3D('',#2849,#2286,#2287);
#1895=AXIS2_PLACEMENT_3D('',#2850,#2288,#2289);
#1896=AXIS2_PLACEMENT_3D('',#2854,#2291,#2292);
#1897=AXIS2_PLACEMENT_3D('',#2855,#2293,#2294);
#1898=AXIS2_PLACEMENT_3D('',#2856,#2295,#2296);
#1899=AXIS2_PLACEMENT_3D('',#2859,#2297,#2298);
#1900=AXIS2_PLACEMENT_3D('',#2861,#2300,#2301);
#1901=AXIS2_PLACEMENT_3D('',#2862,#2302,#2303);
#1902=AXIS2_PLACEMENT_3D('',#2865,#2305,#2306);
#1903=AXIS2_PLACEMENT_3D('',#2866,#2307,#2308);
#1904=AXIS2_PLACEMENT_3D('',#2868,#2309,#2310);
#1905=AXIS2_PLACEMENT_3D('',#2871,#2312,#2313);
#1906=AXIS2_PLACEMENT_3D('',#2872,#2314,#2315);
#1907=AXIS2_PLACEMENT_3D('',#2874,#2316,#2317);
#1908=AXIS2_PLACEMENT_3D('',#2877,#2319,#2320);
#1909=AXIS2_PLACEMENT_3D('',#2878,#2321,#2322);
#1910=AXIS2_PLACEMENT_3D('',#2880,#2323,#2324);
#1911=AXIS2_PLACEMENT_3D('',#2883,#2326,#2327);
#1912=AXIS2_PLACEMENT_3D('',#2884,#2328,#2329);
#1913=AXIS2_PLACEMENT_3D('',#2886,#2330,#2331);
#1914=AXIS2_PLACEMENT_3D('',#2889,#2333,#2334);
#1915=AXIS2_PLACEMENT_3D('',#2890,#2335,#2336);
#1916=AXIS2_PLACEMENT_3D('',#2892,#2337,#2338);
#1917=AXIS2_PLACEMENT_3D('',#2893,#2339,#2340);
#1918=AXIS2_PLACEMENT_3D('',#2894,#2341,#2342);
#1919=AXIS2_PLACEMENT_3D('',#2897,#2345,#2346);
#1920=AXIS2_PLACEMENT_3D('',#2899,#2348,#2349);
#1921=AXIS2_PLACEMENT_3D('',#2912,#2356,#2357);
#1922=AXIS2_PLACEMENT_3D('',#2925,#2364,#2365);
#1923=AXIS2_PLACEMENT_3D('',#2926,#2366,#2367);
#1924=AXIS2_PLACEMENT_3D('',#2927,#2368,#2369);
#1925=AXIS2_PLACEMENT_3D('',#2928,#2370,#2371);
#1926=AXIS2_PLACEMENT_3D('',#2929,#2372,#2373);
#1927=AXIS2_PLACEMENT_3D('',#2930,#2374,#2375);
#1928=AXIS2_PLACEMENT_3D('',#2931,#2376,#2377);
#1929=AXIS2_PLACEMENT_3D('',#2933,#2379,#2380);
#1930=AXIS2_PLACEMENT_3D('',#2936,#2383,#2384);
#1931=AXIS2_PLACEMENT_3D('',#2938,#2386,#2387);
#1932=AXIS2_PLACEMENT_3D('',#2940,#2389,#2390);
#1933=AXIS2_PLACEMENT_3D('',#2942,#2392,#2393);
#1934=AXIS2_PLACEMENT_3D('',#2944,#2395,#2396);
#1935=AXIS2_PLACEMENT_3D('',#2945,#2397,#2398);
#1936=AXIS2_PLACEMENT_3D('',#2946,#2399,#2400);
#1937=AXIS2_PLACEMENT_3D('',#2947,#2401,#2402);
#1938=AXIS2_PLACEMENT_3D('',#2949,#2404,#2405);
#1939=AXIS2_PLACEMENT_3D('',#2951,#2407,#2408);
#1940=AXIS2_PLACEMENT_3D('',#2952,#2409,#2410);
#1941=AXIS2_PLACEMENT_3D('',#2953,#2411,#2412);
#1942=AXIS2_PLACEMENT_3D('',#2955,#2413,#2414);
#1943=AXIS2_PLACEMENT_3D('',#2958,#2416,#2417);
#1944=AXIS2_PLACEMENT_3D('',#2959,#2418,#2419);
#1945=AXIS2_PLACEMENT_3D('',#2961,#2420,#2421);
#1946=AXIS2_PLACEMENT_3D('',#2964,#2423,#2424);
#1947=AXIS2_PLACEMENT_3D('',#2965,#2425,#2426);
#1948=AXIS2_PLACEMENT_3D('',#2967,#2427,#2428);
#1949=AXIS2_PLACEMENT_3D('',#2970,#2430,#2431);
#1950=AXIS2_PLACEMENT_3D('',#2971,#2432,#2433);
#1951=AXIS2_PLACEMENT_3D('',#2972,#2434,#2435);
#1952=AXIS2_PLACEMENT_3D('',#2973,#2436,#2437);
#1953=AXIS2_PLACEMENT_3D('',#2974,#2438,#2439);
#1954=AXIS2_PLACEMENT_3D('',#2975,#2440,#2441);
#1955=AXIS2_PLACEMENT_3D('',#2978,#2442,#2443);
#1956=AXIS2_PLACEMENT_3D('',#2982,#2445,#2446);
#1957=AXIS2_PLACEMENT_3D('',#2984,#2448,#2449);
#1958=AXIS2_PLACEMENT_3D('',#2986,#2450,#2451);
#1959=AXIS2_PLACEMENT_3D('',#2989,#2453,#2454);
#1960=AXIS2_PLACEMENT_3D('',#2990,#2455,#2456);
#1961=AXIS2_PLACEMENT_3D('',#2993,#2457,#2458);
#1962=AXIS2_PLACEMENT_3D('',#2997,#2460,#2461);
#1963=AXIS2_PLACEMENT_3D('',#2999,#2463,#2464);
#1964=AXIS2_PLACEMENT_3D('',#3003,#2466,#2467);
#1965=AXIS2_PLACEMENT_3D('',#3007,#2469,#2470);
#1966=AXIS2_PLACEMENT_3D('',#3011,#2472,#2473);
#1967=AXIS2_PLACEMENT_3D('',#3014,#2476,#2477);
#1968=AXIS2_PLACEMENT_3D('',#3018,#2479,#2480);
#1969=AXIS2_PLACEMENT_3D('',#3022,#2482,#2483);
#1970=AXIS2_PLACEMENT_3D('',#3027,#2486,#2487);
#1971=AXIS2_PLACEMENT_3D('',#3029,#2489,#2490);
#1972=AXIS2_PLACEMENT_3D('',#3031,#2492,#2493);
#1973=AXIS2_PLACEMENT_3D('',#3033,#2495,#2496);
#1974=AXIS2_PLACEMENT_3D('',#3035,#2498,#2499);
#1975=AXIS2_PLACEMENT_3D('',#3037,#2501,#2502);
#1976=AXIS2_PLACEMENT_3D('',#3038,#2503,#2504);
#1977=AXIS2_PLACEMENT_3D('',#3041,#2507,#2508);
#1978=AXIS2_PLACEMENT_3D('',#3042,#2509,#2510);
#1979=AXIS2_PLACEMENT_3D('',#3043,#2511,#2512);
#1980=AXIS2_PLACEMENT_3D('',#3044,#2513,#2514);
#1981=AXIS2_PLACEMENT_3D('',#3046,#2515,#2516);
#1982=AXIS2_PLACEMENT_3D('',#3049,#2518,#2519);
#1983=AXIS2_PLACEMENT_3D('',#3050,#2520,#2521);
#1984=AXIS2_PLACEMENT_3D('',#3063,#2528,#2529);
#1985=AXIS2_PLACEMENT_3D('',#3076,#2536,#2537);
#1986=AXIS2_PLACEMENT_3D('',#3079,#2540,#2541);
#1987=AXIS2_PLACEMENT_3D('',#3081,#2543,#2544);
#1988=AXIS2_PLACEMENT_3D('',#3083,#2546,#2547);
#1989=AXIS2_PLACEMENT_3D('',#3085,#2549,#2550);
#1990=AXIS2_PLACEMENT_3D('',#3087,#2552,#2553);
#1991=AXIS2_PLACEMENT_3D('',#3088,#2554,#2555);
#1992=AXIS2_PLACEMENT_3D('',#3089,#2556,#2557);
#1993=AXIS2_PLACEMENT_3D('',#3090,#2558,#2559);
#1994=AXIS2_PLACEMENT_3D('',#3091,#2560,#2561);
#1995=DIRECTION('axis',(0.,0.,1.));
#1996=DIRECTION('refdir',(1.,0.,0.));
#1997=DIRECTION('axis',(0.,0.,1.));
#1998=DIRECTION('refdir',(1.,0.,0.));
#1999=DIRECTION('center_axis',(-1.,-1.83697019872103E-16,0.));
#2000=DIRECTION('ref_axis',(1.83697019872103E-16,-1.,0.));
#2001=DIRECTION('center_axis',(1.,1.83697019872103E-16,0.));
#2002=DIRECTION('ref_axis',(-1.83697019872103E-16,1.,0.));
#2003=DIRECTION('',(-1.,-1.83697019872103E-16,0.));
#2004=DIRECTION('center_axis',(0.820195002406851,-0.572084048044364,-1.44697004330731E-14));
#2005=DIRECTION('ref_axis',(0.572084048044364,0.820195002406851,-5.17495404777788E-13));
#2006=DIRECTION('',(1.,1.83697019872103E-16,0.));
#2007=DIRECTION('center_axis',(-1.,-1.83697019872103E-16,0.));
#2008=DIRECTION('ref_axis',(1.83697019872103E-16,-1.,0.));
#2009=DIRECTION('',(-1.,-1.83697019872103E-16,0.));
#2010=DIRECTION('center_axis',(0.820195002406851,-0.572084048044364,-1.44697004330731E-14));
#2011=DIRECTION('ref_axis',(0.572084048044364,0.820195002406851,-5.17495404777788E-13));
#2012=DIRECTION('center_axis',(1.,1.83697019872103E-16,0.));
#2013=DIRECTION('ref_axis',(-1.83697019872103E-16,1.,0.));
#2014=DIRECTION('center_axis',(1.,1.83697019872103E-16,0.));
#2015=DIRECTION('ref_axis',(-1.83697019872103E-16,1.,0.));
#2016=DIRECTION('',(1.,1.83697019872103E-16,0.));
#2017=DIRECTION('center_axis',(-1.,-1.83697019872103E-16,0.));
#2018=DIRECTION('ref_axis',(-1.83697019872103E-16,1.,0.));
#2019=DIRECTION('center_axis',(1.,1.83697019872103E-16,0.));
#2020=DIRECTION('ref_axis',(-1.83697019872103E-16,1.,0.));
#2021=DIRECTION('center_axis',(1.,1.83697019872103E-16,0.));
#2022=DIRECTION('ref_axis',(-1.83697019872103E-16,1.,0.));
#2023=DIRECTION('',(1.,1.83697019872103E-16,0.));
#2024=DIRECTION('center_axis',(1.,1.83697019872103E-16,0.));
#2025=DIRECTION('ref_axis',(-1.83697019872103E-16,1.,0.));
#2026=DIRECTION('center_axis',(-1.,-1.83697019872103E-16,0.));
#2027=DIRECTION('ref_axis',(1.83697019872103E-16,-1.,0.));
#2028=DIRECTION('center_axis',(-1.,-1.83697019872103E-16,0.));
#2029=DIRECTION('ref_axis',(1.83697019872103E-16,-1.,0.));
#2030=DIRECTION('',(1.,1.83697019872103E-16,0.));
#2031=DIRECTION('center_axis',(0.820195002406834,-0.572084048044388,1.26024758327425E-16));
#2032=DIRECTION('ref_axis',(0.572084048044388,0.820195002406834,-4.12238035321725E-14));
#2033=DIRECTION('',(1.,1.83697019872103E-16,0.));
#2034=DIRECTION('center_axis',(-1.,-1.83697019872103E-16,0.));
#2035=DIRECTION('ref_axis',(1.83697019872103E-16,-1.,0.));
#2036=DIRECTION('center_axis',(0.820195002406834,-0.572084048044388,1.26024758327425E-16));
#2037=DIRECTION('ref_axis',(0.572084048044388,0.820195002406834,-4.12238035321725E-14));
#2038=DIRECTION('',(-1.,-1.83697019872103E-16,0.));
#2039=DIRECTION('center_axis',(-1.,-1.83697019872103E-16,0.));
#2040=DIRECTION('ref_axis',(1.83697019872103E-16,-1.,0.));
#2041=DIRECTION('center_axis',(-1.,-1.83697019872103E-16,0.));
#2042=DIRECTION('ref_axis',(1.83697019872103E-16,-1.,0.));
#2043=DIRECTION('',(1.,1.83697019872103E-16,0.));
#2044=DIRECTION('center_axis',(-1.,-1.83697019872103E-16,0.));
#2045=DIRECTION('ref_axis',(1.83697019872103E-16,-1.,0.));
#2046=DIRECTION('center_axis',(1.,1.83697019872103E-16,0.));
#2047=DIRECTION('ref_axis',(-1.83697019872103E-16,1.,0.));
#2048=DIRECTION('center_axis',(-1.,-1.83697019872103E-16,0.));
#2049=DIRECTION('ref_axis',(1.83697019872103E-16,-1.,0.));
#2050=DIRECTION('',(-0.447213595499962,0.894427190999914,1.0953573965284E-16));
#2051=DIRECTION('center_axis',(-1.,-1.83697019872103E-16,0.));
#2052=DIRECTION('ref_axis',(1.83697019872103E-16,-1.,0.));
#2053=DIRECTION('center_axis',(-1.,-1.83697019872103E-16,0.));
#2054=DIRECTION('ref_axis',(1.83697019872103E-16,-1.,0.));
#2055=DIRECTION('center_axis',(-1.,-1.83697019872103E-16,0.));
#2056=DIRECTION('ref_axis',(1.83697019872103E-16,-1.,0.));
#2057=DIRECTION('',(1.,1.83697019872103E-16,0.));
#2058=DIRECTION('center_axis',(-1.,-1.83697019872103E-16,0.));
#2059=DIRECTION('ref_axis',(1.83697019872103E-16,-1.,0.));
#2060=DIRECTION('center_axis',(-1.,-1.83697019872103E-16,0.));
#2061=DIRECTION('ref_axis',(1.83697019872103E-16,-1.,0.));
#2062=DIRECTION('',(0.447213595499968,-0.894427190999911,1.0953573965284E-16));
#2063=DIRECTION('center_axis',(-1.,-1.83697019872103E-16,0.));
#2064=DIRECTION('ref_axis',(1.83697019872103E-16,-1.,0.));
#2065=DIRECTION('center_axis',(-1.,-1.83697019872103E-16,0.));
#2066=DIRECTION('ref_axis',(1.83697019872103E-16,-1.,0.));
#2067=DIRECTION('center_axis',(1.,1.83697019872103E-16,0.));
#2068=DIRECTION('ref_axis',(-1.83697019872103E-16,1.,0.));
#2069=DIRECTION('center_axis',(-1.,-1.83697019872103E-16,0.));
#2070=DIRECTION('ref_axis',(1.83697019872103E-16,-1.,0.));
#2071=DIRECTION('',(-0.44721359549995,0.89442719099992,1.09535739652841E-16));
#2072=DIRECTION('center_axis',(-1.,-1.83697019872103E-16,0.));
#2073=DIRECTION('ref_axis',(1.83697019872103E-16,-1.,0.));
#2074=DIRECTION('center_axis',(-1.,-1.83697019872103E-16,0.));
#2075=DIRECTION('ref_axis',(1.83697019872103E-16,-1.,0.));
#2076=DIRECTION('',(1.,1.83697019872103E-16,0.));
#2077=DIRECTION('center_axis',(-1.,-1.83697019872103E-16,0.));
#2078=DIRECTION('ref_axis',(1.83697019872103E-16,-1.,0.));
#2079=DIRECTION('center_axis',(-1.,-1.83697019872103E-16,0.));
#2080=DIRECTION('ref_axis',(1.83697019872103E-16,-1.,0.));
#2081=DIRECTION('',(0.447213595499961,-0.894427190999915,1.0953573965284E-16));
#2082=DIRECTION('center_axis',(-1.,-1.83697019872103E-16,0.));
#2083=DIRECTION('ref_axis',(1.83697019872103E-16,-1.,0.));
#2084=DIRECTION('center_axis',(-1.,-1.83697019872103E-16,0.));
#2085=DIRECTION('ref_axis',(1.83697019872103E-16,-1.,0.));
#2086=DIRECTION('center_axis',(1.,1.83697019872103E-16,0.));
#2087=DIRECTION('ref_axis',(-1.83697019872103E-16,1.,0.));
#2088=DIRECTION('center_axis',(-1.,-1.83697019872103E-16,0.));
#2089=DIRECTION('ref_axis',(1.83697019872103E-16,-1.,0.));
#2090=DIRECTION('',(-0.447213595499959,0.894427190999915,1.0953573965284E-16));
#2091=DIRECTION('center_axis',(-1.,-1.83697019872103E-16,0.));
#2092=DIRECTION('ref_axis',(1.83697019872103E-16,-1.,0.));
#2093=DIRECTION('center_axis',(-1.,-1.83697019872103E-16,0.));
#2094=DIRECTION('ref_axis',(1.83697019872103E-16,-1.,0.));
#2095=DIRECTION('',(1.,1.83697019872103E-16,0.));
#2096=DIRECTION('center_axis',(-1.,-1.83697019872103E-16,0.));
#2097=DIRECTION('ref_axis',(1.83697019872103E-16,-1.,0.));
#2098=DIRECTION('center_axis',(-1.,-1.83697019872103E-16,0.));
#2099=DIRECTION('ref_axis',(1.83697019872103E-16,-1.,0.));
#2100=DIRECTION('',(0.447213595499961,-0.894427190999915,1.0953573965284E-16));
#2101=DIRECTION('center_axis',(-1.,-1.83697019872103E-16,0.));
#2102=DIRECTION('ref_axis',(1.83697019872103E-16,-1.,0.));
#2103=DIRECTION('center_axis',(-1.,-1.83697019872103E-16,0.));
#2104=DIRECTION('ref_axis',(1.83697019872103E-16,-1.,0.));
#2105=DIRECTION('center_axis',(1.,1.83697019872103E-16,0.));
#2106=DIRECTION('ref_axis',(-1.83697019872103E-16,1.,0.));
#2107=DIRECTION('center_axis',(-1.,-1.83697019872103E-16,0.));
#2108=DIRECTION('ref_axis',(1.83697019872103E-16,-1.,0.));
#2109=DIRECTION('',(-0.447213595499953,0.894427190999918,1.09535739652841E-16));
#2110=DIRECTION('center_axis',(-1.,-1.83697019872103E-16,0.));
#2111=DIRECTION('ref_axis',(1.83697019872103E-16,-1.,0.));
#2112=DIRECTION('center_axis',(-1.,-1.83697019872103E-16,0.));
#2113=DIRECTION('ref_axis',(1.83697019872103E-16,-1.,0.));
#2114=DIRECTION('',(1.,1.83697019872103E-16,0.));
#2115=DIRECTION('center_axis',(-1.,-1.83697019872103E-16,0.));
#2116=DIRECTION('ref_axis',(1.83697019872103E-16,-1.,0.));
#2117=DIRECTION('center_axis',(-1.,-1.83697019872103E-16,0.));
#2118=DIRECTION('ref_axis',(1.83697019872103E-16,-1.,0.));
#2119=DIRECTION('',(0.447213595499963,-0.894427190999913,1.0953573965284E-16));
#2120=DIRECTION('center_axis',(-1.,-1.83697019872103E-16,0.));
#2121=DIRECTION('ref_axis',(1.83697019872103E-16,-1.,0.));
#2122=DIRECTION('center_axis',(-1.,-1.83697019872103E-16,0.));
#2123=DIRECTION('ref_axis',(1.83697019872103E-16,-1.,0.));
#2124=DIRECTION('center_axis',(1.,1.83697019872103E-16,0.));
#2125=DIRECTION('ref_axis',(-1.83697019872103E-16,1.,0.));
#2126=DIRECTION('center_axis',(-1.,-1.83697019872103E-16,0.));
#2127=DIRECTION('ref_axis',(1.83697019872103E-16,-1.,0.));
#2128=DIRECTION('',(-0.447213595499946,0.894427190999922,1.09535739652841E-16));
#2129=DIRECTION('center_axis',(-1.,-1.83697019872103E-16,0.));
#2130=DIRECTION('ref_axis',(1.83697019872103E-16,-1.,0.));
#2131=DIRECTION('center_axis',(-1.,-1.83697019872103E-16,0.));
#2132=DIRECTION('ref_axis',(1.83697019872103E-16,-1.,0.));
#2133=DIRECTION('',(1.,1.83697019872103E-16,0.));
#2134=DIRECTION('center_axis',(-1.,-1.83697019872103E-16,0.));
#2135=DIRECTION('ref_axis',(1.83697019872103E-16,-1.,0.));
#2136=DIRECTION('center_axis',(-1.,-1.83697019872103E-16,0.));
#2137=DIRECTION('ref_axis',(1.83697019872103E-16,-1.,0.));
#2138=DIRECTION('',(0.447213595499961,-0.894427190999915,1.0953573965284E-16));
#2139=DIRECTION('center_axis',(-1.,-1.83697019872103E-16,0.));
#2140=DIRECTION('ref_axis',(1.83697019872103E-16,-1.,0.));
#2141=DIRECTION('center_axis',(-1.,-1.83697019872103E-16,0.));
#2142=DIRECTION('ref_axis',(1.83697019872103E-16,-1.,0.));
#2143=DIRECTION('center_axis',(1.,1.83697019872103E-16,0.));
#2144=DIRECTION('ref_axis',(-1.83697019872103E-16,1.,0.));
#2145=DIRECTION('center_axis',(-1.,-1.83697019872103E-16,0.));
#2146=DIRECTION('ref_axis',(1.83697019872103E-16,-1.,0.));
#2147=DIRECTION('',(-0.447213595499958,0.894427190999916,1.09535739652841E-16));
#2148=DIRECTION('center_axis',(-1.,-1.83697019872103E-16,0.));
#2149=DIRECTION('ref_axis',(1.83697019872103E-16,-1.,0.));
#2150=DIRECTION('center_axis',(-1.,-1.83697019872103E-16,0.));
#2151=DIRECTION('ref_axis',(1.83697019872103E-16,-1.,0.));
#2152=DIRECTION('',(1.,1.83697019872103E-16,0.));
#2153=DIRECTION('center_axis',(-1.,-1.83697019872103E-16,0.));
#2154=DIRECTION('ref_axis',(1.83697019872103E-16,-1.,0.));
#2155=DIRECTION('center_axis',(-1.,-1.83697019872103E-16,0.));
#2156=DIRECTION('ref_axis',(1.83697019872103E-16,-1.,0.));
#2157=DIRECTION('',(0.447213595499963,-0.894427190999914,1.0953573965284E-16));
#2158=DIRECTION('center_axis',(-1.,-1.83697019872103E-16,0.));
#2159=DIRECTION('ref_axis',(1.83697019872103E-16,-1.,0.));
#2160=DIRECTION('center_axis',(-1.,-1.83697019872103E-16,0.));
#2161=DIRECTION('ref_axis',(1.83697019872103E-16,-1.,0.));
#2162=DIRECTION('center_axis',(1.,1.83697019872103E-16,0.));
#2163=DIRECTION('ref_axis',(-1.83697019872103E-16,1.,0.));
#2164=DIRECTION('center_axis',(-1.,-1.83697019872103E-16,0.));
#2165=DIRECTION('ref_axis',(1.83697019872103E-16,-1.,0.));
#2166=DIRECTION('',(-0.447213595499948,0.894427190999921,1.09535739652841E-16));
#2167=DIRECTION('center_axis',(-1.,-1.83697019872103E-16,0.));
#2168=DIRECTION('ref_axis',(1.83697019872103E-16,-1.,0.));
#2169=DIRECTION('center_axis',(-1.,-1.83697019872103E-16,0.));
#2170=DIRECTION('ref_axis',(1.83697019872103E-16,-1.,0.));
#2171=DIRECTION('',(1.,1.83697019872103E-16,0.));
#2172=DIRECTION('center_axis',(-1.,-1.83697019872103E-16,0.));
#2173=DIRECTION('ref_axis',(1.83697019872103E-16,-1.,0.));
#2174=DIRECTION('center_axis',(-1.,-1.83697019872103E-16,0.));
#2175=DIRECTION('ref_axis',(1.83697019872103E-16,-1.,0.));
#2176=DIRECTION('',(0.447213595499958,-0.894427190999916,1.09535739652841E-16));
#2177=DIRECTION('center_axis',(-1.,-1.83697019872103E-16,0.));
#2178=DIRECTION('ref_axis',(1.83697019872103E-16,-1.,0.));
#2179=DIRECTION('center_axis',(-1.,-1.83697019872103E-16,0.));
#2180=DIRECTION('ref_axis',(1.83697019872103E-16,-1.,0.));
#2181=DIRECTION('center_axis',(1.,1.83697019872103E-16,0.));
#2182=DIRECTION('ref_axis',(-1.83697019872103E-16,1.,0.));
#2183=DIRECTION('center_axis',(-1.,-1.83697019872103E-16,0.));
#2184=DIRECTION('ref_axis',(1.83697019872103E-16,-1.,0.));
#2185=DIRECTION('',(-0.447213595499958,0.894427190999916,1.09535739652841E-16));
#2186=DIRECTION('center_axis',(-1.,-1.83697019872103E-16,0.));
#2187=DIRECTION('ref_axis',(1.83697019872103E-16,-1.,0.));
#2188=DIRECTION('center_axis',(-1.,-1.83697019872103E-16,0.));
#2189=DIRECTION('ref_axis',(1.83697019872103E-16,-1.,0.));
#2190=DIRECTION('',(1.,1.83697019872103E-16,0.));
#2191=DIRECTION('center_axis',(-1.,-1.83697019872103E-16,0.));
#2192=DIRECTION('ref_axis',(1.83697019872103E-16,-1.,0.));
#2193=DIRECTION('center_axis',(-1.,-1.83697019872103E-16,0.));
#2194=DIRECTION('ref_axis',(1.83697019872103E-16,-1.,0.));
#2195=DIRECTION('',(0.447213595499963,-0.894427190999913,1.0953573965284E-16));
#2196=DIRECTION('center_axis',(-1.,-1.83697019872103E-16,0.));
#2197=DIRECTION('ref_axis',(1.83697019872103E-16,-1.,0.));
#2198=DIRECTION('center_axis',(-1.,-1.83697019872103E-16,0.));
#2199=DIRECTION('ref_axis',(1.83697019872103E-16,-1.,0.));
#2200=DIRECTION('center_axis',(1.,1.83697019872103E-16,0.));
#2201=DIRECTION('ref_axis',(-1.83697019872103E-16,1.,0.));
#2202=DIRECTION('center_axis',(-1.,-1.83697019872103E-16,0.));
#2203=DIRECTION('ref_axis',(1.83697019872103E-16,-1.,0.));
#2204=DIRECTION('',(-0.447213595499946,0.894427190999922,1.09535739652841E-16));
#2205=DIRECTION('center_axis',(-1.,-1.83697019872103E-16,0.));
#2206=DIRECTION('ref_axis',(1.83697019872103E-16,-1.,0.));
#2207=DIRECTION('center_axis',(-1.,-1.83697019872103E-16,0.));
#2208=DIRECTION('ref_axis',(1.83697019872103E-16,-1.,0.));
#2209=DIRECTION('',(1.,1.83697019872103E-16,0.));
#2210=DIRECTION('center_axis',(-1.,-1.83697019872103E-16,0.));
#2211=DIRECTION('ref_axis',(1.83697019872103E-16,-1.,0.));
#2212=DIRECTION('center_axis',(-1.,-1.83697019872103E-16,0.));
#2213=DIRECTION('ref_axis',(1.83697019872103E-16,-1.,0.));
#2214=DIRECTION('',(0.447213595499958,-0.894427190999916,1.09535739652841E-16));
#2215=DIRECTION('center_axis',(-1.,-1.83697019872103E-16,0.));
#2216=DIRECTION('ref_axis',(1.83697019872103E-16,-1.,0.));
#2217=DIRECTION('center_axis',(-1.,-1.83697019872103E-16,0.));
#2218=DIRECTION('ref_axis',(1.83697019872103E-16,-1.,0.));
#2219=DIRECTION('center_axis',(1.,1.83697019872103E-16,0.));
#2220=DIRECTION('ref_axis',(-1.83697019872103E-16,1.,0.));
#2221=DIRECTION('center_axis',(-1.,-1.83697019872103E-16,0.));
#2222=DIRECTION('ref_axis',(1.83697019872103E-16,-1.,0.));
#2223=DIRECTION('',(-0.447213595499963,0.894427190999913,1.0953573965284E-16));
#2224=DIRECTION('center_axis',(-1.,-1.83697019872103E-16,0.));
#2225=DIRECTION('ref_axis',(1.83697019872103E-16,-1.,0.));
#2226=DIRECTION('center_axis',(-1.,-1.83697019872103E-16,0.));
#2227=DIRECTION('ref_axis',(1.83697019872103E-16,-1.,0.));
#2228=DIRECTION('',(1.,1.83697019872103E-16,0.));
#2229=DIRECTION('center_axis',(-1.,-1.83697019872103E-16,0.));
#2230=DIRECTION('ref_axis',(1.83697019872103E-16,-1.,0.));
#2231=DIRECTION('center_axis',(-1.,-1.83697019872103E-16,0.));
#2232=DIRECTION('ref_axis',(1.83697019872103E-16,-1.,0.));
#2233=DIRECTION('',(0.447213595499963,-0.894427190999913,1.0953573965284E-16));
#2234=DIRECTION('center_axis',(-1.,-1.83697019872103E-16,0.));
#2235=DIRECTION('ref_axis',(1.83697019872103E-16,-1.,0.));
#2236=DIRECTION('center_axis',(-1.,-1.83697019872103E-16,0.));
#2237=DIRECTION('ref_axis',(1.83697019872103E-16,-1.,0.));
#2238=DIRECTION('center_axis',(1.,1.83697019872103E-16,0.));
#2239=DIRECTION('ref_axis',(-1.83697019872103E-16,1.,0.));
#2240=DIRECTION('center_axis',(-1.,-1.83697019872103E-16,0.));
#2241=DIRECTION('ref_axis',(1.83697019872103E-16,-1.,0.));
#2242=DIRECTION('',(-0.447213595499951,0.89442719099992,1.09535739652841E-16));
#2243=DIRECTION('center_axis',(-1.,-1.83697019872103E-16,0.));
#2244=DIRECTION('ref_axis',(1.83697019872103E-16,-1.,0.));
#2245=DIRECTION('center_axis',(-1.,-1.83697019872103E-16,0.));
#2246=DIRECTION('ref_axis',(1.83697019872103E-16,-1.,0.));
#2247=DIRECTION('',(1.,1.83697019872103E-16,0.));
#2248=DIRECTION('center_axis',(-1.,-1.83697019872103E-16,0.));
#2249=DIRECTION('ref_axis',(1.83697019872103E-16,-1.,0.));
#2250=DIRECTION('center_axis',(-1.,-1.83697019872103E-16,0.));
#2251=DIRECTION('ref_axis',(1.83697019872103E-16,-1.,0.));
#2252=DIRECTION('',(0.447213595499961,-0.894427190999915,1.0953573965284E-16));
#2253=DIRECTION('center_axis',(-1.,-1.83697019872103E-16,0.));
#2254=DIRECTION('ref_axis',(1.83697019872103E-16,-1.,0.));
#2255=DIRECTION('center_axis',(-1.,-1.83697019872103E-16,0.));
#2256=DIRECTION('ref_axis',(1.83697019872103E-16,-1.,0.));
#2257=DIRECTION('center_axis',(1.,1.83697019872103E-16,0.));
#2258=DIRECTION('ref_axis',(-1.83697019872103E-16,1.,0.));
#2259=DIRECTION('center_axis',(-1.,-1.83697019872103E-16,0.));
#2260=DIRECTION('ref_axis',(1.83697019872103E-16,-1.,0.));
#2261=DIRECTION('',(-0.447213595499953,0.894427190999918,1.09535739652841E-16));
#2262=DIRECTION('center_axis',(-1.,-1.83697019872103E-16,0.));
#2263=DIRECTION('ref_axis',(1.83697019872103E-16,-1.,0.));
#2264=DIRECTION('center_axis',(-1.,-1.83697019872103E-16,0.));
#2265=DIRECTION('ref_axis',(1.83697019872103E-16,-1.,0.));
#2266=DIRECTION('',(1.,1.83697019872103E-16,0.));
#2267=DIRECTION('center_axis',(-1.,-1.83697019872103E-16,0.));
#2268=DIRECTION('ref_axis',(1.83697019872103E-16,-1.,0.));
#2269=DIRECTION('center_axis',(-1.,-1.83697019872103E-16,0.));
#2270=DIRECTION('ref_axis',(1.83697019872103E-16,-1.,0.));
#2271=DIRECTION('',(0.447213595499973,-0.894427190999909,1.0953573965284E-16));
#2272=DIRECTION('center_axis',(-1.,-1.83697019872103E-16,0.));
#2273=DIRECTION('ref_axis',(1.83697019872103E-16,-1.,0.));
#2274=DIRECTION('center_axis',(-1.,-1.83697019872103E-16,0.));
#2275=DIRECTION('ref_axis',(1.83697019872103E-16,-1.,0.));
#2276=DIRECTION('center_axis',(1.,1.83697019872103E-16,0.));
#2277=DIRECTION('ref_axis',(-1.83697019872103E-16,1.,0.));
#2278=DIRECTION('center_axis',(-1.,-1.83697019872103E-16,0.));
#2279=DIRECTION('ref_axis',(1.83697019872103E-16,-1.,0.));
#2280=DIRECTION('',(-0.447213595499938,0.894427190999926,1.09535739652842E-16));
#2281=DIRECTION('center_axis',(-1.,-1.83697019872103E-16,0.));
#2282=DIRECTION('ref_axis',(1.83697019872103E-16,-1.,0.));
#2283=DIRECTION('center_axis',(-1.,-1.83697019872103E-16,0.));
#2284=DIRECTION('ref_axis',(1.83697019872103E-16,-1.,0.));
#2285=DIRECTION('',(1.,1.83697019872103E-16,0.));
#2286=DIRECTION('center_axis',(-1.,-1.83697019872103E-16,0.));
#2287=DIRECTION('ref_axis',(1.83697019872103E-16,-1.,0.));
#2288=DIRECTION('center_axis',(-1.,-1.83697019872103E-16,0.));
#2289=DIRECTION('ref_axis',(1.83697019872103E-16,-1.,0.));
#2290=DIRECTION('',(0.447213595499973,-0.894427190999909,1.0953573965284E-16));
#2291=DIRECTION('center_axis',(-1.,-1.83697019872103E-16,0.));
#2292=DIRECTION('ref_axis',(1.83697019872103E-16,-1.,0.));
#2293=DIRECTION('center_axis',(-1.,-1.83697019872103E-16,0.));
#2294=DIRECTION('ref_axis',(1.83697019872103E-16,-1.,0.));
#2295=DIRECTION('center_axis',(1.,1.83697019872103E-16,0.));
#2296=DIRECTION('ref_axis',(-1.83697019872103E-16,1.,0.));
#2297=DIRECTION('center_axis',(-1.,-1.83697019872103E-16,0.));
#2298=DIRECTION('ref_axis',(1.83697019872103E-16,-1.,0.));
#2299=DIRECTION('',(-0.44721359549996,0.894427190999915,1.0953573965284E-16));
#2300=DIRECTION('center_axis',(-1.,-1.83697019872103E-16,0.));
#2301=DIRECTION('ref_axis',(1.83697019872103E-16,-1.,0.));
#2302=DIRECTION('center_axis',(-1.,-1.83697019872103E-16,0.));
#2303=DIRECTION('ref_axis',(1.83697019872103E-16,-1.,0.));
#2304=DIRECTION('',(1.,1.83697019872103E-16,0.));
#2305=DIRECTION('center_axis',(-1.,-1.83697019872103E-16,0.));
#2306=DIRECTION('ref_axis',(1.83697019872103E-16,-1.,0.));
#2307=DIRECTION('center_axis',(-1.,-1.83697019872103E-16,0.));
#2308=DIRECTION('ref_axis',(1.83697019872103E-16,-1.,0.));
#2309=DIRECTION('center_axis',(-1.,-1.83697019872103E-16,0.));
#2310=DIRECTION('ref_axis',(1.83697019872103E-16,-1.,0.));
#2311=DIRECTION('',(1.,1.83697019872103E-16,0.));
#2312=DIRECTION('center_axis',(-1.,-1.83697019872103E-16,0.));
#2313=DIRECTION('ref_axis',(1.83697019872103E-16,-1.,0.));
#2314=DIRECTION('center_axis',(-1.,-1.83697019872103E-16,0.));
#2315=DIRECTION('ref_axis',(1.83697019872103E-16,-1.,0.));
#2316=DIRECTION('center_axis',(-1.,-1.83697019872103E-16,0.));
#2317=DIRECTION('ref_axis',(1.83697019872103E-16,-1.,0.));
#2318=DIRECTION('',(1.,1.83697019872103E-16,0.));
#2319=DIRECTION('center_axis',(-1.,-1.83697019872103E-16,0.));
#2320=DIRECTION('ref_axis',(1.83697019872103E-16,-1.,0.));
#2321=DIRECTION('center_axis',(-1.,-1.83697019872103E-16,0.));
#2322=DIRECTION('ref_axis',(1.83697019872103E-16,-1.,0.));
#2323=DIRECTION('center_axis',(-1.,-1.83697019872103E-16,0.));
#2324=DIRECTION('ref_axis',(1.83697019872103E-16,-1.,0.));
#2325=DIRECTION('',(1.,1.83697019872103E-16,0.));
#2326=DIRECTION('center_axis',(-1.,-1.83697019872103E-16,0.));
#2327=DIRECTION('ref_axis',(1.83697019872103E-16,-1.,0.));
#2328=DIRECTION('center_axis',(-1.,-1.83697019872103E-16,0.));
#2329=DIRECTION('ref_axis',(1.83697019872103E-16,-1.,0.));
#2330=DIRECTION('center_axis',(-1.,-1.83697019872103E-16,0.));
#2331=DIRECTION('ref_axis',(1.83697019872103E-16,-1.,0.));
#2332=DIRECTION('',(1.,1.83697019872103E-16,0.));
#2333=DIRECTION('center_axis',(-1.,-1.83697019872103E-16,0.));
#2334=DIRECTION('ref_axis',(1.83697019872103E-16,-1.,0.));
#2335=DIRECTION('center_axis',(-1.,-1.83697019872103E-16,0.));
#2336=DIRECTION('ref_axis',(1.87266534274123E-16,-1.,0.));
#2337=DIRECTION('center_axis',(2.24963967399279E-32,-1.22464679914735E-16,
-1.));
#2338=DIRECTION('ref_axis',(-1.67202262744752E-16,1.,-1.22464679914735E-16));
#2339=DIRECTION('center_axis',(-1.,-1.83697019872103E-16,0.));
#2340=DIRECTION('ref_axis',(1.83697019872103E-16,-1.,0.));
#2341=DIRECTION('center_axis',(0.,0.,1.));
#2342=DIRECTION('ref_axis',(1.,0.,0.));
#2343=DIRECTION('',(0.,0.,1.));
#2344=DIRECTION('',(0.,0.,1.));
#2345=DIRECTION('center_axis',(7.59145725967268E-16,-1.,0.));
#2346=DIRECTION('ref_axis',(1.,7.59145725967268E-16,0.));
#2347=DIRECTION('',(0.,0.,-1.));
#2348=DIRECTION('center_axis',(1.,1.83697019872103E-16,0.));
#2349=DIRECTION('ref_axis',(-1.83697019872103E-16,1.,0.));
#2350=DIRECTION('',(-1.49222503296022E-16,0.866025403784438,0.500000000000001));
#2351=DIRECTION('',(7.15633073720055E-31,-4.08170229641601E-15,1.));
#2352=DIRECTION('',(1.49222503296023E-16,-0.866025403784442,0.499999999999994));
#2353=DIRECTION('',(1.49222503296021E-16,-0.866025403784434,-0.500000000000008));
#2354=DIRECTION('',(-1.90246384222326E-30,1.0969574921618E-14,-1.));
#2355=DIRECTION('',(-1.49222503296023E-16,0.866025403784442,-0.499999999999994));
#2356=DIRECTION('center_axis',(1.,1.83697019872103E-16,0.));
#2357=DIRECTION('ref_axis',(-1.83697019872103E-16,1.,0.));
#2358=DIRECTION('',(7.4979654785674E-31,-4.08170229641601E-15,1.));
#2359=DIRECTION('',(-1.59086285808736E-16,0.866025403784438,0.500000000000001));
#2360=DIRECTION('',(-1.59086285808737E-16,0.866025403784442,-0.499999999999994));
#2361=DIRECTION('',(-2.01507822236499E-30,1.0969574921618E-14,-1.));
#2362=DIRECTION('',(1.59086285808735E-16,-0.866025403784434,-0.500000000000008));
#2363=DIRECTION('',(1.59086285808737E-16,-0.866025403784442,0.499999999999994));
#2364=DIRECTION('center_axis',(-1.,-1.83697019872103E-16,0.));
#2365=DIRECTION('ref_axis',(1.83697019872103E-16,-1.,0.));
#2366=DIRECTION('center_axis',(-1.,-1.83697019872103E-16,0.));
#2367=DIRECTION('ref_axis',(1.83697019872103E-16,-1.,0.));
#2368=DIRECTION('center_axis',(-1.,-1.83697019872103E-16,0.));
#2369=DIRECTION('ref_axis',(1.83697019872103E-16,-1.,0.));
#2370=DIRECTION('center_axis',(1.,1.83697019872103E-16,0.));
#2371=DIRECTION('ref_axis',(-1.83697019872103E-16,1.,0.));
#2372=DIRECTION('center_axis',(1.,1.83697019872103E-16,0.));
#2373=DIRECTION('ref_axis',(-1.83697019872103E-16,1.,0.));
#2374=DIRECTION('center_axis',(-1.,-1.83697019872103E-16,0.));
#2375=DIRECTION('ref_axis',(1.83697019872103E-16,-1.,0.));
#2376=DIRECTION('center_axis',(1.,1.83697019872103E-16,0.));
#2377=DIRECTION('ref_axis',(-1.83697019872103E-16,1.,0.));
#2378=DIRECTION('',(0.,0.,-1.));
#2379=DIRECTION('center_axis',(-9.18485099360505E-17,0.499999999999994,
0.866025403784442));
#2380=DIRECTION('ref_axis',(0.,-0.866025403784442,0.499999999999994));
#2381=DIRECTION('',(1.,1.83697019872103E-16,0.));
#2382=DIRECTION('',(1.,1.83697019872103E-16,0.));
#2383=DIRECTION('center_axis',(9.18485099360529E-17,-0.500000000000008,
0.866025403784434));
#2384=DIRECTION('ref_axis',(-6.16297582203915E-33,-0.866025403784434,-0.500000000000008));
#2385=DIRECTION('',(1.,1.83697019872103E-16,0.));
#2386=DIRECTION('center_axis',(1.83697019872103E-16,-1.,-1.0969574921618E-14));
#2387=DIRECTION('ref_axis',(0.,1.0969574921618E-14,-1.));
#2388=DIRECTION('',(1.,1.83697019872103E-16,0.));
#2389=DIRECTION('center_axis',(9.18485099360505E-17,-0.499999999999994,
-0.866025403784442));
#2390=DIRECTION('ref_axis',(0.,0.866025403784442,-0.499999999999994));
#2391=DIRECTION('',(1.,1.83697019872103E-16,0.));
#2392=DIRECTION('center_axis',(-9.18485099360518E-17,0.500000000000002,
-0.866025403784438));
#2393=DIRECTION('ref_axis',(0.,0.866025403784438,0.500000000000002));
#2394=DIRECTION('',(1.,1.83697019872103E-16,0.));
#2395=DIRECTION('center_axis',(-1.83697019872103E-16,1.,4.08170229641601E-15));
#2396=DIRECTION('ref_axis',(0.,-4.08170229641601E-15,1.));
#2397=DIRECTION('center_axis',(1.,1.83697019872103E-16,0.));
#2398=DIRECTION('ref_axis',(-1.83697019872103E-16,1.,0.));
#2399=DIRECTION('center_axis',(1.,1.83697019872103E-16,0.));
#2400=DIRECTION('ref_axis',(-1.83697019872103E-16,1.,0.));
#2401=DIRECTION('center_axis',(0.820195002406834,-0.572084048044388,0.));
#2402=DIRECTION('ref_axis',(0.572084048044388,0.820195002406834,0.));
#2403=DIRECTION('',(0.,0.,1.));
#2404=DIRECTION('center_axis',(0.,0.,1.));
#2405=DIRECTION('ref_axis',(1.,0.,0.));
#2406=DIRECTION('',(0.,0.,1.));
#2407=DIRECTION('center_axis',(7.59145725967268E-16,-1.,0.));
#2408=DIRECTION('ref_axis',(1.,7.59145725967268E-16,0.));
#2409=DIRECTION('axis',(0.,0.,1.));
#2410=DIRECTION('refdir',(1.,0.,0.));
#2411=DIRECTION('center_axis',(0.,0.,-1.));
#2412=DIRECTION('ref_axis',(-1.,0.,0.));
#2413=DIRECTION('center_axis',(0.,0.,1.));
#2414=DIRECTION('ref_axis',(1.,0.,0.));
#2415=DIRECTION('',(0.,0.,1.));
#2416=DIRECTION('center_axis',(0.,0.,1.));
#2417=DIRECTION('ref_axis',(1.,0.,0.));
#2418=DIRECTION('center_axis',(0.,0.,-1.));
#2419=DIRECTION('ref_axis',(-1.,0.,0.));
#2420=DIRECTION('center_axis',(0.,0.,1.));
#2421=DIRECTION('ref_axis',(1.,0.,0.));
#2422=DIRECTION('',(0.,0.,-1.));
#2423=DIRECTION('center_axis',(0.,0.,1.));
#2424=DIRECTION('ref_axis',(1.,0.,0.));
#2425=DIRECTION('center_axis',(0.,0.,-1.));
#2426=DIRECTION('ref_axis',(-1.,0.,0.));
#2427=DIRECTION('center_axis',(0.,0.,1.));
#2428=DIRECTION('ref_axis',(1.,0.,0.));
#2429=DIRECTION('',(0.,0.,1.));
#2430=DIRECTION('center_axis',(0.,0.,1.));
#2431=DIRECTION('ref_axis',(1.,0.,0.));
#2432=DIRECTION('center_axis',(0.,0.,1.));
#2433=DIRECTION('ref_axis',(1.,0.,0.));
#2434=DIRECTION('center_axis',(0.,0.,1.));
#2435=DIRECTION('ref_axis',(1.,0.,0.));
#2436=DIRECTION('center_axis',(0.,0.,1.));
#2437=DIRECTION('ref_axis',(1.,0.,0.));
#2438=DIRECTION('axis',(0.,0.,1.));
#2439=DIRECTION('refdir',(1.,0.,0.));
#2440=DIRECTION('center_axis',(0.,0.,1.));
#2441=DIRECTION('ref_axis',(1.,0.,0.));
#2442=DIRECTION('center_axis',(0.,0.,1.));
#2443=DIRECTION('ref_axis',(1.,0.,0.));
#2444=DIRECTION('',(0.,0.,1.));
#2445=DIRECTION('center_axis',(0.,0.,1.));
#2446=DIRECTION('ref_axis',(1.,0.,0.));
#2447=DIRECTION('',(0.,0.,1.));
#2448=DIRECTION('center_axis',(0.,0.,-1.));
#2449=DIRECTION('ref_axis',(-1.,0.,0.));
#2450=DIRECTION('center_axis',(0.,0.,1.));
#2451=DIRECTION('ref_axis',(1.,0.,0.));
#2452=DIRECTION('',(0.,0.,-1.));
#2453=DIRECTION('center_axis',(0.,0.,1.));
#2454=DIRECTION('ref_axis',(1.,0.,0.));
#2455=DIRECTION('center_axis',(0.,0.,-1.));
#2456=DIRECTION('ref_axis',(-1.,0.,0.));
#2457=DIRECTION('center_axis',(0.,0.,1.));
#2458=DIRECTION('ref_axis',(1.,0.,0.));
#2459=DIRECTION('',(0.,0.,-1.));
#2460=DIRECTION('center_axis',(0.,0.,1.));
#2461=DIRECTION('ref_axis',(1.,0.,0.));
#2462=DIRECTION('',(0.,0.,-1.));
#2463=DIRECTION('center_axis',(0.,0.,1.));
#2464=DIRECTION('ref_axis',(1.,0.,0.));
#2465=DIRECTION('',(1.,-7.64843201377054E-17,0.));
#2466=DIRECTION('center_axis',(0.,0.,1.));
#2467=DIRECTION('ref_axis',(1.,0.,0.));
#2468=DIRECTION('',(0.,1.,0.));
#2469=DIRECTION('center_axis',(0.,0.,1.));
#2470=DIRECTION('ref_axis',(-1.,0.,0.));
#2471=DIRECTION('',(-1.,7.65319180578004E-17,0.));
#2472=DIRECTION('center_axis',(0.,0.,1.));
#2473=DIRECTION('ref_axis',(1.,0.,0.));
#2474=DIRECTION('',(-1.,0.,0.));
#2475=DIRECTION('',(1.,0.,0.));
#2476=DIRECTION('center_axis',(0.,0.,1.));
#2477=DIRECTION('ref_axis',(1.,0.,0.));
#2478=DIRECTION('',(-1.,7.65319180578004E-17,0.));
#2479=DIRECTION('center_axis',(0.,0.,1.));
#2480=DIRECTION('ref_axis',(-1.,0.,0.));
#2481=DIRECTION('',(0.,1.,0.));
#2482=DIRECTION('center_axis',(0.,0.,1.));
#2483=DIRECTION('ref_axis',(1.,0.,0.));
#2484=DIRECTION('',(1.,-7.64843201377054E-17,0.));
#2485=DIRECTION('',(-1.,0.,0.));
#2486=DIRECTION('center_axis',(0.,0.,1.));
#2487=DIRECTION('ref_axis',(1.,0.,0.));
#2488=DIRECTION('',(1.,0.,0.));
#2489=DIRECTION('center_axis',(7.64843201377054E-17,1.,0.));
#2490=DIRECTION('ref_axis',(-1.,7.64843201377054E-17,0.));
#2491=DIRECTION('',(0.,0.,-1.));
#2492=DIRECTION('center_axis',(0.,0.,-1.));
#2493=DIRECTION('ref_axis',(-1.,0.,0.));
#2494=DIRECTION('',(0.,0.,-1.));
#2495=DIRECTION('center_axis',(-1.,0.,0.));
#2496=DIRECTION('ref_axis',(0.,0.,1.));
#2497=DIRECTION('',(0.,0.,-1.));
#2498=DIRECTION('center_axis',(0.,0.,-1.));
#2499=DIRECTION('ref_axis',(-1.,0.,0.));
#2500=DIRECTION('',(0.,0.,-1.));
#2501=DIRECTION('center_axis',(-7.65319180578004E-17,-1.,0.));
#2502=DIRECTION('ref_axis',(1.,-7.65319180578004E-17,0.));
#2503=DIRECTION('center_axis',(0.,0.,1.));
#2504=DIRECTION('ref_axis',(-1.,1.22464679914735E-16,0.));
#2505=DIRECTION('',(0.,0.,1.));
#2506=DIRECTION('',(0.,0.,1.));
#2507=DIRECTION('center_axis',(0.,1.,0.));
#2508=DIRECTION('ref_axis',(0.,0.,1.));
#2509=DIRECTION('center_axis',(0.,-1.,0.));
#2510=DIRECTION('ref_axis',(0.,0.,-1.));
#2511=DIRECTION('axis',(0.,0.,1.));
#2512=DIRECTION('refdir',(1.,0.,0.));
#2513=DIRECTION('center_axis',(0.,0.,-1.));
#2514=DIRECTION('ref_axis',(-1.,0.,0.));
#2515=DIRECTION('center_axis',(0.,0.,1.));
#2516=DIRECTION('ref_axis',(1.,0.,0.));
#2517=DIRECTION('',(0.,0.,-1.));
#2518=DIRECTION('center_axis',(0.,0.,1.));
#2519=DIRECTION('ref_axis',(1.,0.,0.));
#2520=DIRECTION('center_axis',(0.,0.,1.));
#2521=DIRECTION('ref_axis',(1.,0.,0.));
#2522=DIRECTION('',(0.499999999999999,0.866025403784439,0.));
#2523=DIRECTION('',(-0.5,0.866025403784439,0.));
#2524=DIRECTION('',(-1.,0.,0.));
#2525=DIRECTION('',(-0.5,-0.866025403784438,0.));
#2526=DIRECTION('',(0.500000000000001,-0.866025403784438,0.));
#2527=DIRECTION('',(1.,0.,0.));
#2528=DIRECTION('center_axis',(0.,0.,1.));
#2529=DIRECTION('ref_axis',(1.,0.,0.));
#2530=DIRECTION('',(0.499999999999999,0.866025403784439,0.));
#2531=DIRECTION('',(1.,0.,0.));
#2532=DIRECTION('',(0.500000000000001,-0.866025403784438,0.));
#2533=DIRECTION('',(-0.5,-0.866025403784438,0.));
#2534=DIRECTION('',(-1.,0.,0.));
#2535=DIRECTION('',(-0.5,0.866025403784439,0.));
#2536=DIRECTION('center_axis',(-0.866025403784439,0.499999999999999,0.));
#2537=DIRECTION('ref_axis',(-0.499999999999999,-0.866025403784439,0.));
#2538=DIRECTION('',(0.,0.,-1.));
#2539=DIRECTION('',(0.,0.,-1.));
#2540=DIRECTION('center_axis',(-0.866025403784439,-0.5,0.));
#2541=DIRECTION('ref_axis',(0.5,-0.866025403784439,0.));
#2542=DIRECTION('',(0.,0.,-1.));
#2543=DIRECTION('center_axis',(0.,-1.,0.));
#2544=DIRECTION('ref_axis',(0.,0.,-1.));
#2545=DIRECTION('',(0.,0.,-1.));
#2546=DIRECTION('center_axis',(0.866025403784439,-0.5,0.));
#2547=DIRECTION('ref_axis',(0.5,0.866025403784439,0.));
#2548=DIRECTION('',(0.,0.,-1.));
#2549=DIRECTION('center_axis',(0.866025403784438,0.500000000000001,0.));
#2550=DIRECTION('ref_axis',(-0.500000000000001,0.866025403784438,0.));
#2551=DIRECTION('',(0.,0.,-1.));
#2552=DIRECTION('center_axis',(0.,1.,0.));
#2553=DIRECTION('ref_axis',(0.,0.,1.));
#2554=DIRECTION('',(0.,0.,1.));
#2555=DIRECTION('',(1.,0.,0.));
#2556=DIRECTION('',(1.,1.83697019872102E-16,3.38963670212154E-31));
#2557=DIRECTION('',(2.00190339749213E-17,-0.108978545154729,-0.994044101987411));
#2558=DIRECTION('',(1.,1.83697019872103E-16,4.93038065763132E-32));
#2559=DIRECTION('',(-1.69777303378167E-16,0.924224592736303,0.381849318686593));
#2560=DIRECTION('',(1.,1.83697019872103E-16,4.93038065763132E-32));
#2561=DIRECTION('',(-1.69777303378167E-16,0.924224592736303,0.381849318686593));
#2562=CARTESIAN_POINT('',(0.,0.,0.));
#2563=CARTESIAN_POINT('',(0.,0.,0.));
#2564=CARTESIAN_POINT('Origin',(-14.3380053845175,-2.63384886004603E-15,
0.));
#2565=CARTESIAN_POINT('',(-14.8380053845175,0.730212658150432,-8.94252594500811E-17));
#2566=CARTESIAN_POINT('Origin',(-14.8380053845175,-2.72569736998208E-15,
0.));
#2567=CARTESIAN_POINT('',(-23.9717715145612,0.730212658150432,-8.94252594503174E-17));
#2568=CARTESIAN_POINT('',(-14.3380053845175,0.730212658150432,-8.94252594500811E-17));
#2569=CARTESIAN_POINT('',(-24.1826227424801,0.427915951955614,-0.591691189882899));
#2570=CARTESIAN_POINT('Origin',(-24.4810930931886,-3.44585471268033E-13,
1.64659952339719E-13));
#2571=CARTESIAN_POINT('',(-25.002817744887,-3.96065039468734E-16,-0.730212658150435));
#2572=CARTESIAN_POINT('Ctrl Pts',(-25.002817744887,2.22044604925031E-15,
-0.730212658150435));
#2573=CARTESIAN_POINT('Ctrl Pts',(-24.8715581951737,2.24594833975169E-15,
-0.730212658150435));
#2574=CARTESIAN_POINT('Ctrl Pts',(-24.7322590018446,0.027531816078906,-0.731754589214227));
#2575=CARTESIAN_POINT('Ctrl Pts',(-24.479894940537,0.136606796465779,-0.719417564725625));
#2576=CARTESIAN_POINT('Ctrl Pts',(-24.3669522617036,0.218234752559561,-0.703847216390337));
#2577=CARTESIAN_POINT('Ctrl Pts',(-24.2455733783377,0.344880683097333,-0.644916028077988));
#2578=CARTESIAN_POINT('Ctrl Pts',(-24.2113018746281,0.386798775307307,-0.621427471389253));
#2579=CARTESIAN_POINT('Ctrl Pts',(-24.1826227424801,0.427915951955614,-0.591691189882899));
#2580=CARTESIAN_POINT('',(-25.3380053845175,-6.50521303491303E-16,-0.730212658150435));
#2581=CARTESIAN_POINT('',(-14.3380053845175,7.70008168214865E-15,-0.730212658150435));
#2582=CARTESIAN_POINT('',(-25.3380053845175,-6.50521303491303E-16,0.730212658150435));
#2583=CARTESIAN_POINT('Origin',(-25.3380053845175,-4.65451607863916E-15,
0.));
#2584=CARTESIAN_POINT('',(-25.002817744887,6.50521303491303E-16,0.730212658150435));
#2585=CARTESIAN_POINT('',(-14.3380053845175,7.70008168214865E-15,0.730212658150435));
#2586=CARTESIAN_POINT('',(-24.1826227424801,0.427915951955615,0.591691189882897));
#2587=CARTESIAN_POINT('Ctrl Pts',(-24.1826227424801,0.427915951955617,0.591691189882897));
#2588=CARTESIAN_POINT('Ctrl Pts',(-24.2297072797082,0.360411007084125,0.640511323155649));
#2589=CARTESIAN_POINT('Ctrl Pts',(-24.2989817135676,0.283873302202949,0.675484678468791));
#2590=CARTESIAN_POINT('Ctrl Pts',(-24.4523399814141,0.158249288084256,0.716455115614903));
#2591=CARTESIAN_POINT('Ctrl Pts',(-24.5547004503317,0.0983942735366023,
0.724640779062564));
#2592=CARTESIAN_POINT('Ctrl Pts',(-24.7750378072005,0.0192766023599415,
0.731036269413223));
#2593=CARTESIAN_POINT('Ctrl Pts',(-24.8929805707029,2.22044604925031E-15,
0.730212658150435));
#2594=CARTESIAN_POINT('Ctrl Pts',(-25.002817744887,2.22044604925031E-15,
0.730212658150435));
#2595=CARTESIAN_POINT('Origin',(-24.4810930931886,-3.44585471268033E-13,
1.64659952339719E-13));
#2596=CARTESIAN_POINT('Origin',(-14.8380053845175,-2.72569736998208E-15,
0.));
#2597=CARTESIAN_POINT('',(-14.8380053845175,-1.6,-1.95943487863577E-16));
#2598=CARTESIAN_POINT('Origin',(-14.8380053845175,-2.72569736998208E-15,
0.));
#2599=CARTESIAN_POINT('',(0.861994615482513,-1.6,-1.95943487863577E-16));
#2600=CARTESIAN_POINT('',(-14.8380053845175,-1.6,-1.95943487863577E-16));
#2601=CARTESIAN_POINT('Origin',(0.861994615482514,1.58345842009937E-16,
0.));
#2602=CARTESIAN_POINT('Origin',(0.861994615482512,1.58345842009937E-16,
0.));
#2603=CARTESIAN_POINT('',(0.861994615482513,-2.75,-3.36777869765522E-16));
#2604=CARTESIAN_POINT('Origin',(0.861994615482512,1.58345842009937E-16,
0.));
#2605=CARTESIAN_POINT('',(1.16199461548251,-2.75,-3.36777869765522E-16));
#2606=CARTESIAN_POINT('',(0.861994615482513,-2.75,-3.36777869765522E-16));
#2607=CARTESIAN_POINT('Origin',(1.16199461548251,2.13454947971568E-16,0.));
#2608=CARTESIAN_POINT('Origin',(-21.3380053845175,6.62868292499966E-17,
0.));
#2609=CARTESIAN_POINT('',(-25.3380053845175,0.,-1.31185234411426));
#2610=CARTESIAN_POINT('',(-25.3380053845175,-6.50521303491303E-16,1.31185234411426));
#2611=CARTESIAN_POINT('Origin',(-25.3380053845175,-6.68501250238416E-16,
0.));
#2612=CARTESIAN_POINT('',(-25.002817744887,-3.96065039468734E-16,-1.31185234411426));
#2613=CARTESIAN_POINT('',(-21.3380053845175,2.38606160037777E-15,-1.31185234411426));
#2614=CARTESIAN_POINT('',(-24.1826227424801,0.427915951955615,-1.24009858915329));
#2615=CARTESIAN_POINT('Ctrl Pts',(-25.002817744887,2.22044604925031E-15,
-1.31185234411426));
#2616=CARTESIAN_POINT('Ctrl Pts',(-24.8884190293833,2.22362125144881E-15,
-1.31185234411426));
#2617=CARTESIAN_POINT('Ctrl Pts',(-24.7657678084011,0.0208735740521815,
-1.31238764997691));
#2618=CARTESIAN_POINT('Ctrl Pts',(-24.5373378333491,0.106574207013507,-1.30821978993732));
#2619=CARTESIAN_POINT('Ctrl Pts',(-24.4315746141547,0.171407326694066,-1.30281902643669));
#2620=CARTESIAN_POINT('Ctrl Pts',(-24.2876450541029,0.29678311881819,-1.27888739653403));
#2621=CARTESIAN_POINT('Ctrl Pts',(-24.2280785608916,0.362746095849878,-1.2625864955651));
#2622=CARTESIAN_POINT('Ctrl Pts',(-24.1826227424801,0.427915951955616,-1.24009858915329));
#2623=CARTESIAN_POINT('',(-23.5660792278818,1.31185234411426,-1.60655577417325E-16));
#2624=CARTESIAN_POINT('Origin',(-24.4810930931884,3.13638004456607E-14,
2.90861828519828E-14));
#2625=CARTESIAN_POINT('',(-21.3380053845175,1.31185234411426,-1.60655577417348E-16));
#2626=CARTESIAN_POINT('',(-21.3380053845175,1.31185234411426,-1.60655577417348E-16));
#2627=CARTESIAN_POINT('Origin',(-21.3380053845175,6.62868292499967E-17,
0.));
#2628=CARTESIAN_POINT('',(-24.1826227424801,0.427915951955615,1.24009858915329));
#2629=CARTESIAN_POINT('Origin',(-24.4810930931884,3.13638004456607E-14,
2.90861828519828E-14));
#2630=CARTESIAN_POINT('',(-25.002817744887,-3.96065039468734E-16,1.31185234411426));
#2631=CARTESIAN_POINT('Ctrl Pts',(-24.1826227424801,0.427915951955614,1.24009858915329));
#2632=CARTESIAN_POINT('Ctrl Pts',(-24.2280785608917,0.362746095849877,1.2625864955651));
#2633=CARTESIAN_POINT('Ctrl Pts',(-24.2876450541029,0.29678311881819,1.27888739653402));
#2634=CARTESIAN_POINT('Ctrl Pts',(-24.4315746141547,0.171407326694067,1.30281902643669));
#2635=CARTESIAN_POINT('Ctrl Pts',(-24.5373378333491,0.106574207013508,1.30821978993732));
#2636=CARTESIAN_POINT('Ctrl Pts',(-24.7657678084012,0.0208735740521815,
1.31238764997691));
#2637=CARTESIAN_POINT('Ctrl Pts',(-24.8884190293833,2.22044604925031E-15,
1.31185234411426));
#2638=CARTESIAN_POINT('Ctrl Pts',(-25.002817744887,2.22044604925031E-15,
1.31185234411426));
#2639=CARTESIAN_POINT('',(-21.3380053845175,2.38606160037777E-15,1.31185234411426));
#2640=CARTESIAN_POINT('Origin',(-21.3380053845175,6.62868292499966E-17,
0.));
#2641=CARTESIAN_POINT('',(-21.3380053845175,3.25,-3.9801020972289E-16));
#2642=CARTESIAN_POINT('Origin',(-21.3380053845175,6.62868292499967E-17,
0.));
#2643=CARTESIAN_POINT('',(-19.3380053845175,3.25,-3.9801020972289E-16));
#2644=CARTESIAN_POINT('',(-21.3380053845175,3.25,-3.9801020972289E-16));
#2645=CARTESIAN_POINT('Origin',(-19.3380053845175,4.33680868994202E-16,
0.));
#2646=CARTESIAN_POINT('Origin',(-19.3380053845175,4.33680868994202E-16,
0.));
#2647=CARTESIAN_POINT('',(-19.0880053845175,4.,4.89858719658941E-16));
#2648=CARTESIAN_POINT('',(-19.0880053845175,-3.99999999999999,-4.89858719658941E-16));
#2649=CARTESIAN_POINT('Origin',(-19.0880053845175,4.79605123962228E-16,
0.));
#2650=CARTESIAN_POINT('',(-19.3380053845175,-3.5,-4.28626379701573E-16));
#2651=CARTESIAN_POINT('',(-19.3380053845175,-3.5,-4.28626379701574E-16));
#2652=CARTESIAN_POINT('Origin',(-19.3380053845175,4.33680868994202E-16,
0.));
#2653=CARTESIAN_POINT('Origin',(-19.0880053845175,4.79605123962228E-16,
0.));
#2654=CARTESIAN_POINT('Origin',(-21.3380053845175,6.62868292499966E-17,
0.));
#2655=CARTESIAN_POINT('',(-18.8880053845175,3.99999999999999,-4.8985871965894E-16));
#2656=CARTESIAN_POINT('',(-21.3380053845175,3.99999999999999,-4.8985871965894E-16));
#2657=CARTESIAN_POINT('Origin',(-18.8880053845175,5.16344527936649E-16,
0.));
#2658=CARTESIAN_POINT('Origin',(-18.8880053845175,5.16344527936649E-16,
0.));
#2659=CARTESIAN_POINT('',(-18.6380053845175,3.5,-4.28626379701574E-16));
#2660=CARTESIAN_POINT('',(-18.8880053845175,3.99999999999999,-4.8985871965894E-16));
#2661=CARTESIAN_POINT('',(-18.6380053845175,-3.5,4.59242549680257E-16));
#2662=CARTESIAN_POINT('Origin',(-18.6380053845175,5.62268782904676E-16,
0.));
#2663=CARTESIAN_POINT('Origin',(-18.6380053845175,5.62268782904676E-16,
0.));
#2664=CARTESIAN_POINT('Origin',(-18.6380053845175,5.62268782904676E-16,
0.));
#2665=CARTESIAN_POINT('',(-18.3880053845175,4.,4.89858719658941E-16));
#2666=CARTESIAN_POINT('',(-18.3880053845175,-4.,-4.89858719658941E-16));
#2667=CARTESIAN_POINT('Origin',(-18.3880053845175,6.081930378727E-16,0.));
#2668=CARTESIAN_POINT('',(-18.6380053845175,-3.5,-4.28626379701574E-16));
#2669=CARTESIAN_POINT('Origin',(-18.3880053845175,6.081930378727E-16,0.));
#2670=CARTESIAN_POINT('Origin',(-21.3380053845175,6.62868292499966E-17,
0.));
#2671=CARTESIAN_POINT('',(-18.1880053845175,4.,-4.89858719658941E-16));
#2672=CARTESIAN_POINT('',(-21.3380053845175,4.,-4.89858719658941E-16));
#2673=CARTESIAN_POINT('Origin',(-18.1880053845175,6.44932441847121E-16,
0.));
#2674=CARTESIAN_POINT('Origin',(-18.1880053845175,6.44932441847121E-16,
0.));
#2675=CARTESIAN_POINT('',(-17.9380053845175,3.5,-4.28626379701574E-16));
#2676=CARTESIAN_POINT('',(-18.1880053845175,4.,-4.89858719658941E-16));
#2677=CARTESIAN_POINT('',(-17.9380053845175,-3.5,4.59242549680258E-16));
#2678=CARTESIAN_POINT('Origin',(-17.9380053845175,6.90856696815147E-16,
0.));
#2679=CARTESIAN_POINT('Origin',(-17.9380053845175,6.90856696815147E-16,
0.));
#2680=CARTESIAN_POINT('Origin',(-17.9380053845175,6.90856696815147E-16,
0.));
#2681=CARTESIAN_POINT('',(-17.6880053845175,4.,4.89858719658941E-16));
#2682=CARTESIAN_POINT('',(-17.6880053845175,-4.,-4.89858719658941E-16));
#2683=CARTESIAN_POINT('Origin',(-17.6880053845175,7.36780951783173E-16,
0.));
#2684=CARTESIAN_POINT('',(-17.9380053845175,-3.5,-4.28626379701574E-16));
#2685=CARTESIAN_POINT('Origin',(-17.6880053845175,7.36780951783173E-16,
0.));
#2686=CARTESIAN_POINT('Origin',(-21.3380053845175,6.62868292499966E-17,
0.));
#2687=CARTESIAN_POINT('',(-17.4880053845175,4.,-4.89858719658941E-16));
#2688=CARTESIAN_POINT('',(-21.3380053845175,4.,-4.89858719658941E-16));
#2689=CARTESIAN_POINT('Origin',(-17.4880053845175,7.73520355757593E-16,
0.));
#2690=CARTESIAN_POINT('Origin',(-17.4880053845175,7.73520355757593E-16,
0.));
#2691=CARTESIAN_POINT('',(-17.2380053845175,3.5,-4.28626379701573E-16));
#2692=CARTESIAN_POINT('',(-17.4880053845175,4.,-4.89858719658941E-16));
#2693=CARTESIAN_POINT('',(-17.2380053845175,-3.5,4.59242549680257E-16));
#2694=CARTESIAN_POINT('Origin',(-17.2380053845175,8.19444610725619E-16,
0.));
#2695=CARTESIAN_POINT('Origin',(-17.2380053845175,8.19444610725619E-16,
0.));
#2696=CARTESIAN_POINT('Origin',(-17.2380053845175,8.19444610725619E-16,
0.));
#2697=CARTESIAN_POINT('',(-16.9880053845175,4.,4.89858719658941E-16));
#2698=CARTESIAN_POINT('',(-16.9880053845175,-4.,-4.89858719658941E-16));
#2699=CARTESIAN_POINT('Origin',(-16.9880053845175,8.65368865693644E-16,
0.));
#2700=CARTESIAN_POINT('',(-17.2380053845175,-3.5,-4.28626379701573E-16));
#2701=CARTESIAN_POINT('Origin',(-16.9880053845175,8.65368865693644E-16,
0.));
#2702=CARTESIAN_POINT('Origin',(-21.3380053845175,6.62868292499966E-17,
0.));
#2703=CARTESIAN_POINT('',(-16.7880053845175,4.,-4.89858719658941E-16));
#2704=CARTESIAN_POINT('',(-21.3380053845175,4.,-4.89858719658941E-16));
#2705=CARTESIAN_POINT('Origin',(-16.7880053845175,9.02108269668065E-16,
0.));
#2706=CARTESIAN_POINT('Origin',(-16.7880053845175,9.02108269668065E-16,
0.));
#2707=CARTESIAN_POINT('',(-16.5380053845175,3.5,-4.28626379701573E-16));
#2708=CARTESIAN_POINT('',(-16.7880053845175,4.,-4.89858719658941E-16));
#2709=CARTESIAN_POINT('',(-16.5380053845175,-3.5,4.59242549680257E-16));
#2710=CARTESIAN_POINT('Origin',(-16.5380053845175,9.48032524636092E-16,
0.));
#2711=CARTESIAN_POINT('Origin',(-16.5380053845175,9.48032524636092E-16,
0.));
#2712=CARTESIAN_POINT('Origin',(-16.5380053845175,9.48032524636092E-16,
0.));
#2713=CARTESIAN_POINT('',(-16.2880053845175,4.,4.89858719658941E-16));
#2714=CARTESIAN_POINT('',(-16.2880053845175,-3.99999999999999,-4.89858719658941E-16));
#2715=CARTESIAN_POINT('Origin',(-16.2880053845175,9.93956779604116E-16,
0.));
#2716=CARTESIAN_POINT('',(-16.5380053845175,-3.5,-4.28626379701573E-16));
#2717=CARTESIAN_POINT('Origin',(-16.2880053845175,9.93956779604116E-16,
0.));
#2718=CARTESIAN_POINT('Origin',(-21.3380053845175,6.62868292499966E-17,
0.));
#2719=CARTESIAN_POINT('',(-16.0880053845175,4.,-4.89858719658941E-16));
#2720=CARTESIAN_POINT('',(-21.3380053845175,4.,-4.89858719658941E-16));
#2721=CARTESIAN_POINT('Origin',(-16.0880053845175,1.03069618357854E-15,
0.));
#2722=CARTESIAN_POINT('Origin',(-16.0880053845175,1.03069618357854E-15,
0.));
#2723=CARTESIAN_POINT('',(-15.8380053845175,3.5,-4.28626379701573E-16));
#2724=CARTESIAN_POINT('',(-16.0880053845175,4.,-4.89858719658941E-16));
#2725=CARTESIAN_POINT('',(-15.8380053845175,-3.5,4.59242549680257E-16));
#2726=CARTESIAN_POINT('Origin',(-15.8380053845175,1.07662043854656E-15,
0.));
#2727=CARTESIAN_POINT('Origin',(-15.8380053845175,1.07662043854656E-15,
0.));
#2728=CARTESIAN_POINT('Origin',(-15.8380053845175,1.07662043854656E-15,
0.));
#2729=CARTESIAN_POINT('',(-15.5880053845175,4.,4.89858719658941E-16));
#2730=CARTESIAN_POINT('',(-15.5880053845175,-4.,-4.89858719658941E-16));
#2731=CARTESIAN_POINT('Origin',(-15.5880053845175,1.12254469351459E-15,
0.));
#2732=CARTESIAN_POINT('',(-15.8380053845175,-3.5,-4.28626379701573E-16));
#2733=CARTESIAN_POINT('Origin',(-15.5880053845175,1.12254469351459E-15,
0.));
#2734=CARTESIAN_POINT('Origin',(-21.3380053845175,6.62868292499966E-17,
0.));
#2735=CARTESIAN_POINT('',(-15.3880053845175,4.,-4.89858719658941E-16));
#2736=CARTESIAN_POINT('',(-21.3380053845175,4.,-4.89858719658941E-16));
#2737=CARTESIAN_POINT('Origin',(-15.3880053845175,1.15928409748901E-15,
0.));
#2738=CARTESIAN_POINT('Origin',(-15.3880053845175,1.15928409748901E-15,
0.));
#2739=CARTESIAN_POINT('',(-15.1380053845175,3.5,-4.28626379701573E-16));
#2740=CARTESIAN_POINT('',(-15.3880053845175,4.,-4.89858719658941E-16));
#2741=CARTESIAN_POINT('',(-15.1380053845175,-3.5,4.59242549680257E-16));
#2742=CARTESIAN_POINT('Origin',(-15.1380053845175,1.20520835245704E-15,
0.));
#2743=CARTESIAN_POINT('Origin',(-15.1380053845175,1.20520835245704E-15,
0.));
#2744=CARTESIAN_POINT('Origin',(-15.1380053845175,1.20520835245704E-15,
0.));
#2745=CARTESIAN_POINT('',(-14.8880053845175,4.,4.89858719658941E-16));
#2746=CARTESIAN_POINT('',(-14.8880053845175,-4.,-4.89858719658941E-16));
#2747=CARTESIAN_POINT('Origin',(-14.8880053845175,1.25113260742506E-15,
0.));
#2748=CARTESIAN_POINT('',(-15.1380053845175,-3.5,-4.28626379701573E-16));
#2749=CARTESIAN_POINT('Origin',(-14.8880053845175,1.25113260742506E-15,
0.));
#2750=CARTESIAN_POINT('Origin',(-21.3380053845175,6.62868292499966E-17,
0.));
#2751=CARTESIAN_POINT('',(-14.6880053845175,4.,-4.89858719658941E-16));
#2752=CARTESIAN_POINT('',(-21.3380053845175,4.,-4.89858719658941E-16));
#2753=CARTESIAN_POINT('Origin',(-14.6880053845175,1.28787201139948E-15,
0.));
#2754=CARTESIAN_POINT('Origin',(-14.6880053845175,1.28787201139948E-15,
0.));
#2755=CARTESIAN_POINT('',(-14.4380053845175,3.5,-4.28626379701573E-16));
#2756=CARTESIAN_POINT('',(-14.6880053845175,4.,-4.89858719658941E-16));
#2757=CARTESIAN_POINT('',(-14.4380053845175,-3.5,4.59242549680257E-16));
#2758=CARTESIAN_POINT('Origin',(-14.4380053845175,1.33379626636751E-15,
0.));
#2759=CARTESIAN_POINT('Origin',(-14.4380053845175,1.33379626636751E-15,
0.));
#2760=CARTESIAN_POINT('Origin',(-14.4380053845175,1.33379626636751E-15,
0.));
#2761=CARTESIAN_POINT('',(-14.1880053845175,4.,4.89858719658941E-16));
#2762=CARTESIAN_POINT('',(-14.1880053845175,-4.,-4.89858719658941E-16));
#2763=CARTESIAN_POINT('Origin',(-14.1880053845175,1.37972052133553E-15,
0.));
#2764=CARTESIAN_POINT('',(-14.4380053845175,-3.5,-4.28626379701573E-16));
#2765=CARTESIAN_POINT('Origin',(-14.1880053845175,1.37972052133553E-15,
0.));
#2766=CARTESIAN_POINT('Origin',(-21.3380053845175,6.62868292499966E-17,
0.));
#2767=CARTESIAN_POINT('',(-13.9880053845175,4.,-4.89858719658941E-16));
#2768=CARTESIAN_POINT('',(-21.3380053845175,4.,-4.89858719658941E-16));
#2769=CARTESIAN_POINT('Origin',(-13.9880053845175,1.41645992530995E-15,
0.));
#2770=CARTESIAN_POINT('Origin',(-13.9880053845175,1.41645992530995E-15,
0.));
#2771=CARTESIAN_POINT('',(-13.7380053845175,3.5,-4.28626379701573E-16));
#2772=CARTESIAN_POINT('',(-13.9880053845175,4.,-4.89858719658941E-16));
#2773=CARTESIAN_POINT('',(-13.7380053845175,-3.5,4.59242549680257E-16));
#2774=CARTESIAN_POINT('Origin',(-13.7380053845175,1.46238418027798E-15,
0.));
#2775=CARTESIAN_POINT('Origin',(-13.7380053845175,1.46238418027798E-15,
0.));
#2776=CARTESIAN_POINT('Origin',(-13.7380053845175,1.46238418027798E-15,
0.));
#2777=CARTESIAN_POINT('',(-13.4880053845175,4.,4.89858719658941E-16));
#2778=CARTESIAN_POINT('',(-13.4880053845175,-4.,-4.89858719658941E-16));
#2779=CARTESIAN_POINT('Origin',(-13.4880053845175,1.508308435246E-15,0.));
#2780=CARTESIAN_POINT('',(-13.7380053845175,-3.5,-4.28626379701573E-16));
#2781=CARTESIAN_POINT('Origin',(-13.4880053845175,1.508308435246E-15,0.));
#2782=CARTESIAN_POINT('Origin',(-21.3380053845175,6.62868292499966E-17,
0.));
#2783=CARTESIAN_POINT('',(-13.2880053845175,4.,-4.89858719658941E-16));
#2784=CARTESIAN_POINT('',(-21.3380053845175,4.,-4.89858719658941E-16));
#2785=CARTESIAN_POINT('Origin',(-13.2880053845175,1.54504783922042E-15,
0.));
#2786=CARTESIAN_POINT('Origin',(-13.2880053845175,1.54504783922042E-15,
0.));
#2787=CARTESIAN_POINT('',(-13.0380053845175,3.5,-4.28626379701573E-16));
#2788=CARTESIAN_POINT('',(-13.2880053845175,4.,-4.89858719658941E-16));
#2789=CARTESIAN_POINT('',(-13.0380053845175,-3.5,4.59242549680257E-16));
#2790=CARTESIAN_POINT('Origin',(-13.0380053845175,1.59097209418845E-15,
0.));
#2791=CARTESIAN_POINT('Origin',(-13.0380053845175,1.59097209418845E-15,
0.));
#2792=CARTESIAN_POINT('Origin',(-13.0380053845175,1.59097209418845E-15,
0.));
#2793=CARTESIAN_POINT('',(-12.7880053845175,4.,4.89858719658941E-16));
#2794=CARTESIAN_POINT('',(-12.7880053845175,-3.99999999999999,-4.89858719658941E-16));
#2795=CARTESIAN_POINT('Origin',(-12.7880053845175,1.63689634915648E-15,
0.));
#2796=CARTESIAN_POINT('',(-13.0380053845175,-3.5,-4.28626379701573E-16));
#2797=CARTESIAN_POINT('Origin',(-12.7880053845175,1.63689634915648E-15,
0.));
#2798=CARTESIAN_POINT('Origin',(-21.3380053845175,6.62868292499966E-17,
0.));
#2799=CARTESIAN_POINT('',(-12.5880053845175,4.,-4.89858719658941E-16));
#2800=CARTESIAN_POINT('',(-21.3380053845175,4.,-4.89858719658941E-16));
#2801=CARTESIAN_POINT('Origin',(-12.5880053845175,1.6736357531309E-15,0.));
#2802=CARTESIAN_POINT('Origin',(-12.5880053845175,1.6736357531309E-15,0.));
#2803=CARTESIAN_POINT('',(-12.3380053845175,3.5,-4.28626379701573E-16));
#2804=CARTESIAN_POINT('',(-12.5880053845175,4.,-4.89858719658941E-16));
#2805=CARTESIAN_POINT('',(-12.3380053845175,-3.5,4.59242549680257E-16));
#2806=CARTESIAN_POINT('Origin',(-12.3380053845175,1.71956000809892E-15,
0.));
#2807=CARTESIAN_POINT('Origin',(-12.3380053845175,1.71956000809892E-15,
0.));
#2808=CARTESIAN_POINT('Origin',(-12.3380053845175,1.71956000809892E-15,
0.));
#2809=CARTESIAN_POINT('',(-12.0880053845175,4.,4.89858719658941E-16));
#2810=CARTESIAN_POINT('',(-12.0880053845175,-3.99999999999999,-4.89858719658941E-16));
#2811=CARTESIAN_POINT('Origin',(-12.0880053845175,1.76548426306695E-15,
0.));
#2812=CARTESIAN_POINT('',(-12.3380053845175,-3.5,-4.28626379701573E-16));
#2813=CARTESIAN_POINT('Origin',(-12.0880053845175,1.76548426306695E-15,
0.));
#2814=CARTESIAN_POINT('Origin',(-21.3380053845175,6.62868292499966E-17,
0.));
#2815=CARTESIAN_POINT('',(-11.8880053845175,4.,-4.89858719658941E-16));
#2816=CARTESIAN_POINT('',(-21.3380053845175,4.,-4.89858719658941E-16));
#2817=CARTESIAN_POINT('Origin',(-11.8880053845175,1.80222366704137E-15,
0.));
#2818=CARTESIAN_POINT('Origin',(-11.8880053845175,1.80222366704137E-15,
0.));
#2819=CARTESIAN_POINT('',(-11.6380053845175,3.5,-4.28626379701573E-16));
#2820=CARTESIAN_POINT('',(-11.8880053845175,4.,-4.89858719658941E-16));
#2821=CARTESIAN_POINT('',(-11.6380053845175,-3.5,4.59242549680257E-16));
#2822=CARTESIAN_POINT('Origin',(-11.6380053845175,1.84814792200939E-15,
0.));
#2823=CARTESIAN_POINT('Origin',(-11.6380053845175,1.84814792200939E-15,
0.));
#2824=CARTESIAN_POINT('Origin',(-11.6380053845175,1.84814792200939E-15,
0.));
#2825=CARTESIAN_POINT('',(-11.3880053845175,4.,4.89858719658941E-16));
#2826=CARTESIAN_POINT('',(-11.3880053845175,-4.,-4.89858719658941E-16));
#2827=CARTESIAN_POINT('Origin',(-11.3880053845175,1.89407217697742E-15,
0.));
#2828=CARTESIAN_POINT('',(-11.6380053845175,-3.5,-4.28626379701573E-16));
#2829=CARTESIAN_POINT('Origin',(-11.3880053845175,1.89407217697742E-15,
0.));
#2830=CARTESIAN_POINT('Origin',(-21.3380053845175,6.62868292499966E-17,
0.));
#2831=CARTESIAN_POINT('',(-11.1880053845175,4.,-4.89858719658941E-16));
#2832=CARTESIAN_POINT('',(-21.3380053845175,4.,-4.89858719658941E-16));
#2833=CARTESIAN_POINT('Origin',(-11.1880053845175,1.93081158095184E-15,
0.));
#2834=CARTESIAN_POINT('Origin',(-11.1880053845175,1.93081158095184E-15,
0.));
#2835=CARTESIAN_POINT('',(-10.9380053845175,3.5,-4.28626379701573E-16));
#2836=CARTESIAN_POINT('',(-11.1880053845175,4.,-4.89858719658941E-16));
#2837=CARTESIAN_POINT('',(-10.9380053845175,-3.5,4.59242549680257E-16));
#2838=CARTESIAN_POINT('Origin',(-10.9380053845175,1.97673583591987E-15,
0.));
#2839=CARTESIAN_POINT('Origin',(-10.9380053845175,1.97673583591987E-15,
0.));
#2840=CARTESIAN_POINT('Origin',(-10.9380053845175,1.97673583591987E-15,
0.));
#2841=CARTESIAN_POINT('',(-10.6880053845175,4.,4.89858719658941E-16));
#2842=CARTESIAN_POINT('',(-10.6880053845175,-4.,-4.89858719658941E-16));
#2843=CARTESIAN_POINT('Origin',(-10.6880053845175,2.02266009088789E-15,
0.));
#2844=CARTESIAN_POINT('',(-10.9380053845175,-3.5,-4.28626379701573E-16));
#2845=CARTESIAN_POINT('Origin',(-10.6880053845175,2.02266009088789E-15,
0.));
#2846=CARTESIAN_POINT('Origin',(-21.3380053845175,6.62868292499966E-17,
0.));
#2847=CARTESIAN_POINT('',(-10.4880053845175,4.,-4.89858719658941E-16));
#2848=CARTESIAN_POINT('',(-21.3380053845175,4.,-4.89858719658941E-16));
#2849=CARTESIAN_POINT('Origin',(-10.4880053845175,2.05939949486231E-15,
0.));
#2850=CARTESIAN_POINT('Origin',(-10.4880053845175,2.05939949486231E-15,
0.));
#2851=CARTESIAN_POINT('',(-10.2380053845175,3.5,-4.28626379701574E-16));
#2852=CARTESIAN_POINT('',(-10.4880053845175,4.,-4.89858719658941E-16));
#2853=CARTESIAN_POINT('',(-10.2380053845175,-3.5,4.59242549680257E-16));
#2854=CARTESIAN_POINT('Origin',(-10.2380053845175,2.10532374983034E-15,
0.));
#2855=CARTESIAN_POINT('Origin',(-10.2380053845175,2.10532374983034E-15,
0.));
#2856=CARTESIAN_POINT('Origin',(-10.2380053845175,2.10532374983034E-15,
0.));
#2857=CARTESIAN_POINT('',(-9.98800538451749,4.,4.89858719658941E-16));
#2858=CARTESIAN_POINT('',(-9.98800538451749,-4.,-4.89858719658941E-16));
#2859=CARTESIAN_POINT('Origin',(-9.98800538451749,2.15124800479837E-15,
0.));
#2860=CARTESIAN_POINT('',(-10.2380053845175,-3.5,-4.28626379701574E-16));
#2861=CARTESIAN_POINT('Origin',(-9.98800538451749,2.15124800479837E-15,
0.));
#2862=CARTESIAN_POINT('Origin',(-21.3380053845175,6.62868292499966E-17,
0.));
#2863=CARTESIAN_POINT('',(-8.33800538451749,4.,-4.89858719658941E-16));
#2864=CARTESIAN_POINT('',(-21.3380053845175,4.,-4.89858719658941E-16));
#2865=CARTESIAN_POINT('Origin',(-8.33800538451749,2.45434808758734E-15,
0.));
#2866=CARTESIAN_POINT('Origin',(-21.3380053845175,6.62868292499966E-17,
0.));
#2867=CARTESIAN_POINT('',(-6.33800538451749,4.9,-6.00076931582203E-16));
#2868=CARTESIAN_POINT('Origin',(-6.33800538451749,2.82174212733154E-15,
0.));
#2869=CARTESIAN_POINT('',(-6.20384829590682,4.9,-6.00076931582203E-16));
#2870=CARTESIAN_POINT('',(-21.3380053845175,4.9,-6.00076931582203E-16));
#2871=CARTESIAN_POINT('Origin',(-6.20384829590682,2.84638638470404E-15,
0.));
#2872=CARTESIAN_POINT('Origin',(-21.3380053845175,6.62868292499966E-17,
0.));
#2873=CARTESIAN_POINT('',(-6.20384829590682,4.84134962715697,-5.92894332445101E-16));
#2874=CARTESIAN_POINT('Origin',(-6.20384829590682,2.84638638470404E-15,
0.));
#2875=CARTESIAN_POINT('',(-5.50016858903094,4.84134962715697,-5.92894332445101E-16));
#2876=CARTESIAN_POINT('',(-21.3380053845175,4.84134962715696,-5.92894332445101E-16));
#2877=CARTESIAN_POINT('Origin',(-5.50016858903095,2.97565024980161E-15,
0.));
#2878=CARTESIAN_POINT('Origin',(-21.3380053845175,6.62868292499966E-17,
0.));
#2879=CARTESIAN_POINT('',(-5.50016858903095,4.9,-6.00076931582203E-16));
#2880=CARTESIAN_POINT('Origin',(-5.50016858903095,2.97565024980161E-15,
0.));
#2881=CARTESIAN_POINT('',(-5.23800538451749,4.9,-6.00076931582203E-16));
#2882=CARTESIAN_POINT('',(-21.3380053845175,4.9,-6.00076931582203E-16));
#2883=CARTESIAN_POINT('Origin',(-5.23800538451749,3.02380884919086E-15,
0.));
#2884=CARTESIAN_POINT('Origin',(-21.3380053845175,6.62868292499966E-17,
0.));
#2885=CARTESIAN_POINT('',(-5.23800538451749,4.15,-5.08228421646152E-16));
#2886=CARTESIAN_POINT('Origin',(-5.23800538451749,3.02380884919086E-15,
0.));
#2887=CARTESIAN_POINT('',(0.661994615482508,4.15,-5.08228421646152E-16));
#2888=CARTESIAN_POINT('',(-21.3380053845175,4.15,-5.08228421646152E-16));
#2889=CARTESIAN_POINT('Origin',(0.661994615482508,4.10762126643626E-15,
0.));
#2890=CARTESIAN_POINT('Origin',(0.661994615482512,3.90312782094782E-15,
0.));
#2891=CARTESIAN_POINT('',(1.16199461548251,3.65,-4.46996081688783E-16));
#2892=CARTESIAN_POINT('Origin',(0.661994615482511,3.65,-4.46996081688784E-16));
#2893=CARTESIAN_POINT('Origin',(1.16199461548251,4.19946977637231E-15,0.));
#2894=CARTESIAN_POINT('Origin',(-25.002817744887,1.,-5.5));
#2895=CARTESIAN_POINT('',(-24.1826227424801,0.427915951955615,-5.5));
#2896=CARTESIAN_POINT('',(-25.002817744887,-3.96065039468734E-16,-5.5));
#2897=CARTESIAN_POINT('Origin',(-25.3380053845175,-6.50521303491303E-16,
-5.5));
#2898=CARTESIAN_POINT('',(-25.3380053845175,0.,0.));
#2899=CARTESIAN_POINT('Origin',(-6.33800538451748,-22.3315477174422,0.));
#2900=CARTESIAN_POINT('',(-6.33800538451749,0.,-6.8));
#2901=CARTESIAN_POINT('',(-6.33800538451749,5.8889727457342,-3.39999999999998));
#2902=CARTESIAN_POINT('',(-6.33800538451749,-3.59462089101009,-8.87535533905934));
#2903=CARTESIAN_POINT('',(-6.33800538451749,5.88897274573416,3.40000000000004));
#2904=CARTESIAN_POINT('',(-6.33800538451749,5.88897274573424,-15.1014213562373));
#2905=CARTESIAN_POINT('',(-6.33800538451749,-5.160802341031E-14,6.8));
#2906=CARTESIAN_POINT('',(-6.33800538451749,9.48359363674419,1.32464466094077));
#2907=CARTESIAN_POINT('',(-6.33800538451749,-5.88897274573421,3.39999999999994));
#2908=CARTESIAN_POINT('',(-6.33800538451749,-9.48359363674438,1.32464466094053));
#2909=CARTESIAN_POINT('',(-6.33800538451749,-5.88897274573414,-3.40000000000007));
#2910=CARTESIAN_POINT('',(-6.33800538451749,-5.88897274573401,-15.1014213562374));
#2911=CARTESIAN_POINT('',(-6.33800538451749,3.59462089101007,-8.87535533905928));
#2912=CARTESIAN_POINT('Origin',(-8.33800538451749,-22.3315477174422,0.));
#2913=CARTESIAN_POINT('',(-8.33800538451749,5.8889727457342,-3.39999999999998));
#2914=CARTESIAN_POINT('',(-8.33800538451749,5.88897274573416,3.40000000000004));
#2915=CARTESIAN_POINT('',(-8.33800538451749,5.88897274573417,1.15187763180602E-13));
#2916=CARTESIAN_POINT('',(-8.33800538451749,-3.67394039744206E-16,-6.8));
#2917=CARTESIAN_POINT('',(-8.33800538451749,-13.8041744152145,-14.7698438145647));
#2918=CARTESIAN_POINT('',(-8.33800538451749,-5.88897274573414,-3.40000000000007));
#2919=CARTESIAN_POINT('',(-8.33800538451749,-19.6931471609489,4.56984381456457));
#2920=CARTESIAN_POINT('',(-8.33800538451749,-5.88897274573421,3.39999999999994));
#2921=CARTESIAN_POINT('',(-8.33800538451749,-5.88897274573418,1.80368058056473E-13));
#2922=CARTESIAN_POINT('',(-8.33800538451749,-5.19754174500542E-14,6.8));
#2923=CARTESIAN_POINT('',(-8.33800538451749,-19.6931471609486,-4.5698438145648));
#2924=CARTESIAN_POINT('',(-8.33800538451749,-13.8041744152147,14.7698438145646));
#2925=CARTESIAN_POINT('Origin',(1.16199461548252,-22.3315477174422,0.));
#2926=CARTESIAN_POINT('Origin',(-5.23800538451748,-22.3315477174422,0.));
#2927=CARTESIAN_POINT('Origin',(-5.50016858903094,-22.3315477174422,0.));
#2928=CARTESIAN_POINT('Origin',(-6.20384829590682,-22.3315477174422,0.));
#2929=CARTESIAN_POINT('Origin',(-19.3380053845175,-22.3315477174422,0.));
#2930=CARTESIAN_POINT('Origin',(-21.3380053845175,-22.3315477174422,0.));
#2931=CARTESIAN_POINT('Origin',(-25.3380053845175,-22.3315477174422,0.));
#2932=CARTESIAN_POINT('',(-25.3380053845175,0.,0.));
#2933=CARTESIAN_POINT('Origin',(-16.3380053845175,9.48359363674419,1.32464466094077));
#2934=CARTESIAN_POINT('',(-16.3380053845175,-5.3444993609031E-14,6.8));
#2935=CARTESIAN_POINT('',(-16.3380053845175,5.88897274573416,3.40000000000004));
#2936=CARTESIAN_POINT('Origin',(-16.3380053845175,-9.48359363674438,1.32464466094053));
#2937=CARTESIAN_POINT('',(-16.3380053845175,-5.88897274573421,3.39999999999994));
#2938=CARTESIAN_POINT('Origin',(-16.3380053845175,-5.88897274573401,-15.1014213562374));
#2939=CARTESIAN_POINT('',(-16.3380053845175,-5.88897274573414,-3.40000000000007));
#2940=CARTESIAN_POINT('Origin',(-16.3380053845175,3.59462089101006,-8.87535533905928));
#2941=CARTESIAN_POINT('',(-16.3380053845175,-1.83697019872103E-15,-6.8));
#2942=CARTESIAN_POINT('Origin',(-16.3380053845175,-3.5946208910101,-8.87535533905934));
#2943=CARTESIAN_POINT('',(-16.3380053845175,5.8889727457342,-3.39999999999998));
#2944=CARTESIAN_POINT('Origin',(-16.3380053845175,5.88897274573424,-15.1014213562373));
#2945=CARTESIAN_POINT('Origin',(0.861994615482512,1.58345842009937E-16,
0.));
#2946=CARTESIAN_POINT('Origin',(-14.8380053845175,-2.72569736998208E-15,
0.));
#2947=CARTESIAN_POINT('Origin',(-24.1826227424801,0.427915951955616,-5.5));
#2948=CARTESIAN_POINT('',(-24.1826227424801,0.427915951955615,-5.5));
#2949=CARTESIAN_POINT('Origin',(-25.002817744887,1.,-5.5));
#2950=CARTESIAN_POINT('',(-25.002817744887,-3.96065039468734E-16,-5.5));
#2951=CARTESIAN_POINT('Origin',(-25.3380053845175,-6.50521303491303E-16,
-5.5));
#2952=CARTESIAN_POINT('',(0.,0.,0.));
#2953=CARTESIAN_POINT('Origin',(0.,0.,2.2));
#2954=CARTESIAN_POINT('',(4.6,-5.63337527607783E-16,1.2));
#2955=CARTESIAN_POINT('Origin',(0.,0.,1.2));
#2956=CARTESIAN_POINT('',(4.6,-5.63337527607783E-16,2.2));
#2957=CARTESIAN_POINT('',(4.6,-5.63337527607783E-16,2.2));
#2958=CARTESIAN_POINT('Origin',(0.,0.,2.2));
#2959=CARTESIAN_POINT('Origin',(0.,0.,1.2));
#2960=CARTESIAN_POINT('',(4.,-4.89858719658941E-16,2.2));
#2961=CARTESIAN_POINT('Origin',(0.,0.,2.2));
#2962=CARTESIAN_POINT('',(4.,-4.89858719658941E-16,0.));
#2963=CARTESIAN_POINT('',(4.,-4.89858719658941E-16,1.2));
#2964=CARTESIAN_POINT('Origin',(0.,0.,0.));
#2965=CARTESIAN_POINT('Origin',(0.,0.,1.2));
#2966=CARTESIAN_POINT('',(8.5,-1.04094977927525E-15,1.38777878078145E-16));
#2967=CARTESIAN_POINT('Origin',(0.,0.,0.));
#2968=CARTESIAN_POINT('',(8.5,-1.04094977927525E-15,1.2));
#2969=CARTESIAN_POINT('',(8.5,-1.04094977927525E-15,1.2));
#2970=CARTESIAN_POINT('Origin',(0.,0.,1.2));
#2971=CARTESIAN_POINT('Origin',(0.,0.,1.2));
#2972=CARTESIAN_POINT('Origin',(0.,0.,0.));
#2973=CARTESIAN_POINT('Origin',(0.,0.,2.2));
#2974=CARTESIAN_POINT('',(0.,0.,0.));
#2975=CARTESIAN_POINT('Origin',(14.3321667212656,0.,0.));
#2976=CARTESIAN_POINT('',(14.3321667212656,-0.397804146009546,0.));
#2977=CARTESIAN_POINT('',(14.3321667212656,0.397804146009546,0.));
#2978=CARTESIAN_POINT('Origin',(14.3321667212656,0.,0.));
#2979=CARTESIAN_POINT('',(14.3321667212656,-0.397804146009546,0.5));
#2980=CARTESIAN_POINT('',(14.3321667212656,-0.397804146009546,0.));
#2981=CARTESIAN_POINT('',(14.3321667212656,0.397804146009546,0.5));
#2982=CARTESIAN_POINT('Origin',(14.3321667212656,0.,0.5));
#2983=CARTESIAN_POINT('',(14.3321667212656,0.397804146009546,0.));
#2984=CARTESIAN_POINT('Origin',(0.,0.,0.5));
#2985=CARTESIAN_POINT('',(4.,-4.89858719658941E-16,0.5));
#2986=CARTESIAN_POINT('Origin',(0.,0.,0.5));
#2987=CARTESIAN_POINT('',(4.,-4.89858719658941E-16,0.));
#2988=CARTESIAN_POINT('',(4.,-4.89858719658941E-16,0.5));
#2989=CARTESIAN_POINT('Origin',(0.,0.,0.));
#2990=CARTESIAN_POINT('Origin',(0.,0.,0.5));
#2991=CARTESIAN_POINT('',(5.74175784856362,1.74132616372065,0.5));
#2992=CARTESIAN_POINT('',(5.73646810656056,-1.75867383627935,0.5));
#2993=CARTESIAN_POINT('Origin',(0.,0.,0.5));
#2994=CARTESIAN_POINT('',(5.74175784856362,1.74132616372065,0.));
#2995=CARTESIAN_POINT('',(5.74175784856362,1.74132616372065,0.5));
#2996=CARTESIAN_POINT('',(5.73646810656056,-1.75867383627935,0.));
#2997=CARTESIAN_POINT('Origin',(0.,0.,0.));
#2998=CARTESIAN_POINT('',(5.73646810656056,-1.75867383627935,0.5));
#2999=CARTESIAN_POINT('Origin',(0.,0.,0.5));
#3000=CARTESIAN_POINT('',(14.2417578485636,-1.75867383627935,0.5));
#3001=CARTESIAN_POINT('',(5.73646810656056,-1.75867383627935,0.5));
#3002=CARTESIAN_POINT('',(15.7417578485636,-0.258673836279338,0.5));
#3003=CARTESIAN_POINT('Origin',(14.2417578485636,-0.258673836279347,0.5));
#3004=CARTESIAN_POINT('',(15.7417578485636,0.24132616372064,0.5));
#3005=CARTESIAN_POINT('',(15.7417578485636,0.24132616372064,0.5));
#3006=CARTESIAN_POINT('',(14.2417578485636,1.74132616372065,0.5));
#3007=CARTESIAN_POINT('Origin',(14.2417578485636,0.241326163720653,0.5));
#3008=CARTESIAN_POINT('',(5.74175784856362,1.74132616372065,0.5));
#3009=CARTESIAN_POINT('',(13.0849969662086,0.397804146009546,0.5));
#3010=CARTESIAN_POINT('',(13.0849969662086,-0.397804146009546,0.5));
#3011=CARTESIAN_POINT('Origin',(13.0849969662086,0.,0.5));
#3012=CARTESIAN_POINT('',(13.0849969662086,0.397804146009546,0.5));
#3013=CARTESIAN_POINT('',(13.0849969662086,-0.397804146009546,0.5));
#3014=CARTESIAN_POINT('Origin',(0.,0.,0.));
#3015=CARTESIAN_POINT('',(14.2417578485636,1.74132616372065,0.));
#3016=CARTESIAN_POINT('',(5.74175784856362,1.74132616372065,0.));
#3017=CARTESIAN_POINT('',(15.7417578485636,0.24132616372064,0.));
#3018=CARTESIAN_POINT('Origin',(14.2417578485636,0.241326163720653,0.));
#3019=CARTESIAN_POINT('',(15.7417578485636,-0.258673836279338,0.));
#3020=CARTESIAN_POINT('',(15.7417578485636,0.24132616372064,0.));
#3021=CARTESIAN_POINT('',(14.2417578485636,-1.75867383627935,0.));
#3022=CARTESIAN_POINT('Origin',(14.2417578485636,-0.258673836279347,0.));
#3023=CARTESIAN_POINT('',(5.73646810656056,-1.75867383627935,0.));
#3024=CARTESIAN_POINT('',(13.0849969662086,0.397804146009546,0.));
#3025=CARTESIAN_POINT('',(13.0849969662086,0.397804146009546,0.));
#3026=CARTESIAN_POINT('',(13.0849969662086,-0.397804146009546,0.));
#3027=CARTESIAN_POINT('Origin',(13.0849969662086,0.,0.));
#3028=CARTESIAN_POINT('',(13.0849969662086,-0.397804146009546,0.));
#3029=CARTESIAN_POINT('Origin',(5.73646810656056,-1.75867383627935,0.5));
#3030=CARTESIAN_POINT('',(14.2417578485636,-1.75867383627935,0.5));
#3031=CARTESIAN_POINT('Origin',(14.2417578485636,-0.258673836279347,0.5));
#3032=CARTESIAN_POINT('',(15.7417578485636,-0.258673836279338,0.5));
#3033=CARTESIAN_POINT('Origin',(15.7417578485636,0.24132616372064,0.5));
#3034=CARTESIAN_POINT('',(15.7417578485636,0.24132616372064,0.5));
#3035=CARTESIAN_POINT('Origin',(14.2417578485636,0.241326163720653,0.5));
#3036=CARTESIAN_POINT('',(14.2417578485636,1.74132616372065,0.5));
#3037=CARTESIAN_POINT('Origin',(5.74175784856362,1.74132616372065,0.5));
#3038=CARTESIAN_POINT('Origin',(13.0849969662086,0.,0.));
#3039=CARTESIAN_POINT('',(13.0849969662086,-0.397804146009546,0.));
#3040=CARTESIAN_POINT('',(13.0849969662086,0.397804146009546,0.));
#3041=CARTESIAN_POINT('Origin',(13.0849969662086,0.397804146009546,0.));
#3042=CARTESIAN_POINT('Origin',(13.0849969662086,-0.397804146009546,0.));
#3043=CARTESIAN_POINT('',(0.,0.,0.));
#3044=CARTESIAN_POINT('Origin',(0.,0.,2.));
#3045=CARTESIAN_POINT('',(4.,-4.89858719658941E-16,2.));
#3046=CARTESIAN_POINT('Origin',(0.,0.,2.));
#3047=CARTESIAN_POINT('',(4.,-4.89858719658941E-16,0.));
#3048=CARTESIAN_POINT('',(4.,-4.89858719658941E-16,2.));
#3049=CARTESIAN_POINT('Origin',(0.,0.,0.));
#3050=CARTESIAN_POINT('Origin',(6.92820323027549,-1.4677707231657E-14,2.));
#3051=CARTESIAN_POINT('',(3.46410161513775,-6.,2.));
#3052=CARTESIAN_POINT('',(6.92820323027549,-1.44753802892193E-14,2.));
#3053=CARTESIAN_POINT('',(3.46410161513775,-6.,2.));
#3054=CARTESIAN_POINT('',(3.46410161513773,6.,2.));
#3055=CARTESIAN_POINT('',(6.92820323027549,-1.44753802892193E-14,2.));
#3056=CARTESIAN_POINT('',(-3.46410161513776,6.,2.));
#3057=CARTESIAN_POINT('',(3.46410161513773,6.,2.));
#3058=CARTESIAN_POINT('',(-6.92820323027552,2.7276897102522E-15,2.));
#3059=CARTESIAN_POINT('',(-3.46410161513776,6.,2.));
#3060=CARTESIAN_POINT('',(-3.46410161513775,-6.,2.));
#3061=CARTESIAN_POINT('',(-6.92820323027552,2.7276897102522E-15,2.));
#3062=CARTESIAN_POINT('',(-3.46410161513775,-6.,2.));
#3063=CARTESIAN_POINT('Origin',(6.92820323027549,-1.4677707231657E-14,0.));
#3064=CARTESIAN_POINT('',(3.46410161513775,-6.,0.));
#3065=CARTESIAN_POINT('',(6.92820323027549,-1.44753802892193E-14,0.));
#3066=CARTESIAN_POINT('',(3.46410161513775,-6.,0.));
#3067=CARTESIAN_POINT('',(-3.46410161513775,-6.,0.));
#3068=CARTESIAN_POINT('',(-3.46410161513775,-6.,0.));
#3069=CARTESIAN_POINT('',(-6.92820323027552,2.7276897102522E-15,0.));
#3070=CARTESIAN_POINT('',(-6.92820323027552,2.7276897102522E-15,0.));
#3071=CARTESIAN_POINT('',(-3.46410161513776,6.,0.));
#3072=CARTESIAN_POINT('',(-3.46410161513776,6.,0.));
#3073=CARTESIAN_POINT('',(3.46410161513773,6.,0.));
#3074=CARTESIAN_POINT('',(3.46410161513773,6.,0.));
#3075=CARTESIAN_POINT('',(6.92820323027549,-1.44753802892193E-14,0.));
#3076=CARTESIAN_POINT('Origin',(3.46410161513775,-6.,2.));
#3077=CARTESIAN_POINT('',(6.92820323027549,-1.44753802892193E-14,2.));
#3078=CARTESIAN_POINT('',(3.46410161513775,-6.,2.));
#3079=CARTESIAN_POINT('Origin',(6.92820323027549,-1.44753802892193E-14,
2.));
#3080=CARTESIAN_POINT('',(3.46410161513773,6.,2.));
#3081=CARTESIAN_POINT('Origin',(3.46410161513773,6.,2.));
#3082=CARTESIAN_POINT('',(-3.46410161513776,6.,2.));
#3083=CARTESIAN_POINT('Origin',(-3.46410161513776,6.,2.));
#3084=CARTESIAN_POINT('',(-6.92820323027552,2.7276897102522E-15,2.));
#3085=CARTESIAN_POINT('Origin',(-6.92820323027552,2.7276897102522E-15,2.));
#3086=CARTESIAN_POINT('',(-3.46410161513775,-6.,2.));
#3087=CARTESIAN_POINT('Origin',(-3.46410161513775,-6.,2.));
#3088=CARTESIAN_POINT('',(9.04059947183111,1.13698209696623,-0.219747020935302));
#3089=CARTESIAN_POINT('',(-2.69740591268637,1.13698209696623,-0.219747020935302));
#3090=CARTESIAN_POINT('',(-3.19740591268637,1.13698209696623,-0.219747020935302));
#3091=CARTESIAN_POINT('',(-5.19740591268637,1.13698209696623,-0.219747020935302));
#3092=UNCERTAINTY_MEASURE_WITH_UNIT(LENGTH_MEASURE(0.01),#3104,
'DISTANCE_ACCURACY_VALUE',
'Maximum model space distance between geometric entities at asserted c
onnectivities');
#3093=UNCERTAINTY_MEASURE_WITH_UNIT(LENGTH_MEASURE(0.01),#3104,
'DISTANCE_ACCURACY_VALUE',
'Maximum model space distance between geometric entities at asserted c
onnectivities');
#3094=UNCERTAINTY_MEASURE_WITH_UNIT(LENGTH_MEASURE(0.01),#3104,
'DISTANCE_ACCURACY_VALUE',
'Maximum model space distance between geometric entities at asserted c
onnectivities');
#3095=UNCERTAINTY_MEASURE_WITH_UNIT(LENGTH_MEASURE(0.01),#3104,
'DISTANCE_ACCURACY_VALUE',
'Maximum model space distance between geometric entities at asserted c
onnectivities');
#3096=UNCERTAINTY_MEASURE_WITH_UNIT(LENGTH_MEASURE(0.01),#3104,
'DISTANCE_ACCURACY_VALUE',
'Maximum model space distance between geometric entities at asserted c
onnectivities');
#3097=UNCERTAINTY_MEASURE_WITH_UNIT(LENGTH_MEASURE(0.01),#3104,
'DISTANCE_ACCURACY_VALUE',
'Maximum model space distance between geometric entities at asserted c
onnectivities');
#3098=(
GEOMETRIC_REPRESENTATION_CONTEXT(3)
GLOBAL_UNCERTAINTY_ASSIGNED_CONTEXT((#3092))
GLOBAL_UNIT_ASSIGNED_CONTEXT((#3104,#3106,#3107))
REPRESENTATION_CONTEXT('','3D')
);
#3099=(
GEOMETRIC_REPRESENTATION_CONTEXT(3)
GLOBAL_UNCERTAINTY_ASSIGNED_CONTEXT((#3093))
GLOBAL_UNIT_ASSIGNED_CONTEXT((#3104,#3106,#3107))
REPRESENTATION_CONTEXT('','3D')
);
#3100=(
GEOMETRIC_REPRESENTATION_CONTEXT(3)
GLOBAL_UNCERTAINTY_ASSIGNED_CONTEXT((#3094))
GLOBAL_UNIT_ASSIGNED_CONTEXT((#3104,#3106,#3107))
REPRESENTATION_CONTEXT('','3D')
);
#3101=(
GEOMETRIC_REPRESENTATION_CONTEXT(3)
GLOBAL_UNCERTAINTY_ASSIGNED_CONTEXT((#3095))
GLOBAL_UNIT_ASSIGNED_CONTEXT((#3104,#3106,#3107))
REPRESENTATION_CONTEXT('','3D')
);
#3102=(
GEOMETRIC_REPRESENTATION_CONTEXT(3)
GLOBAL_UNCERTAINTY_ASSIGNED_CONTEXT((#3096))
GLOBAL_UNIT_ASSIGNED_CONTEXT((#3104,#3106,#3107))
REPRESENTATION_CONTEXT('','3D')
);
#3103=(
GEOMETRIC_REPRESENTATION_CONTEXT(3)
GLOBAL_UNCERTAINTY_ASSIGNED_CONTEXT((#3097))
GLOBAL_UNIT_ASSIGNED_CONTEXT((#3104,#3106,#3107))
REPRESENTATION_CONTEXT('','3D')
);
#3104=(
LENGTH_UNIT()
NAMED_UNIT(*)
SI_UNIT(.MILLI.,.METRE.)
);
#3105=(
LENGTH_UNIT()
NAMED_UNIT(*)
SI_UNIT($,.METRE.)
);
#3106=(
NAMED_UNIT(*)
PLANE_ANGLE_UNIT()
SI_UNIT($,.RADIAN.)
);
#3107=(
NAMED_UNIT(*)
SI_UNIT($,.STERADIAN.)
SOLID_ANGLE_UNIT()
);
#3108=SHAPE_DEFINITION_REPRESENTATION(#3113,#3122);
#3109=SHAPE_DEFINITION_REPRESENTATION(#3114,#3123);
#3110=SHAPE_DEFINITION_REPRESENTATION(#3115,#3124);
#3111=SHAPE_DEFINITION_REPRESENTATION(#3116,#3125);
#3112=SHAPE_DEFINITION_REPRESENTATION(#3117,#3126);
#3113=PRODUCT_DEFINITION_SHAPE('',$,#3128);
#3114=PRODUCT_DEFINITION_SHAPE('',$,#3129);
#3115=PRODUCT_DEFINITION_SHAPE('',$,#3130);
#3116=PRODUCT_DEFINITION_SHAPE('',$,#3131);
#3117=PRODUCT_DEFINITION_SHAPE('',$,#3132);
#3118=PRODUCT_DEFINITION_SHAPE($,$,#23);
#3119=PRODUCT_DEFINITION_SHAPE($,$,#24);
#3120=PRODUCT_DEFINITION_SHAPE($,$,#25);
#3121=PRODUCT_DEFINITION_SHAPE($,$,#26);
#3122=SHAPE_REPRESENTATION('',(#1772,#1991,#1992,#1993,#1994),#3098);
#3123=SHAPE_REPRESENTATION('',(#1773),#3099);
#3124=SHAPE_REPRESENTATION('',(#1940),#3100);
#3125=SHAPE_REPRESENTATION('',(#1953),#3101);
#3126=SHAPE_REPRESENTATION('',(#1979),#3102);
#3127=PRODUCT_DEFINITION_CONTEXT('part definition',#3144,'design');
#3128=PRODUCT_DEFINITION('RCA_chassis','RCA_chassis_White v3',#3133,#3127);
#3129=PRODUCT_DEFINITION('RCA R','RCA R',#3134,#3127);
#3130=PRODUCT_DEFINITION('RCA izolator L','RCA izolator L',#3135,#3127);
#3131=PRODUCT_DEFINITION('RCA usica','RCA usica',#3136,#3127);
#3132=PRODUCT_DEFINITION('RCA matica','RCA matica',#3137,#3127);
#3133=PRODUCT_DEFINITION_FORMATION('',$,#3146);
#3134=PRODUCT_DEFINITION_FORMATION('',$,#3147);
#3135=PRODUCT_DEFINITION_FORMATION('',$,#3148);
#3136=PRODUCT_DEFINITION_FORMATION('',$,#3149);
#3137=PRODUCT_DEFINITION_FORMATION('',$,#3150);
#3138=PRODUCT_RELATED_PRODUCT_CATEGORY('RCA_chassis_White v3',
'RCA_chassis_White v3',(#3146));
#3139=PRODUCT_RELATED_PRODUCT_CATEGORY('RCA R','RCA R',(#3147));
#3140=PRODUCT_RELATED_PRODUCT_CATEGORY('RCA izolator L',
'RCA izolator L',(#3148));
#3141=PRODUCT_RELATED_PRODUCT_CATEGORY('RCA usica','RCA usica',(#3149));
#3142=PRODUCT_RELATED_PRODUCT_CATEGORY('RCA matica','RCA matica',(#3150));
#3143=APPLICATION_PROTOCOL_DEFINITION('international standard',
'automotive_design',2009,#3144);
#3144=APPLICATION_CONTEXT(
'Core Data for Automotive Mechanical Design Process');
#3145=PRODUCT_CONTEXT('part definition',#3144,'mechanical');
#3146=PRODUCT('RCA_chassis','RCA_chassis_White v3','STEP AP214',(#3145));
#3147=PRODUCT('RCA R','RCA R',$,(#3145));
#3148=PRODUCT('RCA izolator L','RCA izolator L',$,(#3145));
#3149=PRODUCT('RCA usica','RCA usica',$,(#3145));
#3150=PRODUCT('RCA matica','RCA matica',$,(#3145));
#3151=PRESENTATION_STYLE_ASSIGNMENT((#3156));
#3152=PRESENTATION_STYLE_ASSIGNMENT((#3157));
#3153=PRESENTATION_STYLE_ASSIGNMENT((#3158));
#3154=PRESENTATION_STYLE_ASSIGNMENT((#3159));
#3155=PRESENTATION_STYLE_ASSIGNMENT((#3160));
#3156=SURFACE_STYLE_USAGE(.BOTH.,#3161);
#3157=SURFACE_STYLE_USAGE(.BOTH.,#3162);
#3158=SURFACE_STYLE_USAGE(.BOTH.,#3163);
#3159=SURFACE_STYLE_USAGE(.BOTH.,#3164);
#3160=SURFACE_STYLE_USAGE(.BOTH.,#3165);
#3161=SURFACE_SIDE_STYLE('',(#3166));
#3162=SURFACE_SIDE_STYLE('',(#3167));
#3163=SURFACE_SIDE_STYLE('',(#3168));
#3164=SURFACE_SIDE_STYLE('',(#3169));
#3165=SURFACE_SIDE_STYLE('',(#3170));
#3166=SURFACE_STYLE_FILL_AREA(#3171);
#3167=SURFACE_STYLE_FILL_AREA(#3172);
#3168=SURFACE_STYLE_FILL_AREA(#3173);
#3169=SURFACE_STYLE_FILL_AREA(#3174);
#3170=SURFACE_STYLE_FILL_AREA(#3175);
#3171=FILL_AREA_STYLE('Stal \X2\2014\X0\ satynowa',(#3176));
#3172=FILL_AREA_STYLE('Opaque(247,224,153)',(#3177));
#3173=FILL_AREA_STYLE('Opaque(255,255,255)',(#3178));
#3174=FILL_AREA_STYLE('Opaque(255,232,158)',(#3179));
#3175=FILL_AREA_STYLE('Opaque(165,132,0)',(#3180));
#3176=FILL_AREA_STYLE_COLOUR('Stal \X2\2014\X0\ satynowa',#3181);
#3177=FILL_AREA_STYLE_COLOUR('Opaque(247,224,153)',#3182);
#3178=FILL_AREA_STYLE_COLOUR('Opaque(255,255,255)',#3183);
#3179=FILL_AREA_STYLE_COLOUR('Opaque(255,232,158)',#3184);
#3180=FILL_AREA_STYLE_COLOUR('Opaque(165,132,0)',#3185);
#3181=COLOUR_RGB('Stal \X2\2014\X0\ satynowa',0.627450980392157,0.627450980392157,
0.627450980392157);
#3182=COLOUR_RGB('Opaque(247,224,153)',0.968627450980392,0.87843137254902,
0.6);
#3183=COLOUR_RGB('Opaque(255,255,255)',1.,1.,1.);
#3184=COLOUR_RGB('Opaque(255,232,158)',1.,0.909803921568627,0.619607843137255);
#3185=COLOUR_RGB('Opaque(165,132,0)',0.647058823529412,0.517647058823529,
0.);
ENDSEC;
END-ISO-10303-21;
